token,sample_group,chain,tx_hash,timestamp,date,from_address,from_entity_id,from_entity_name,from_entity_type,from_entity_label,to_address,to_entity_id,to_entity_name,to_entity_type,to_entity_label,token_symbol,token_address,unit_value,historical_usd,transfer_direction_type,source_channel,source_confidence,limitations
LAB,P0,bsc,0x1d04fc0171e4c965121eda41cb9a8de7e4251a5a6771f4242532ac76d0e0255f,2026-05-05T04:51:27Z,2026-05-05,0x62cceF0b4545166f721cAa9fEe13c1d3767E27dc,,,,DexRouter,0xFa00A9Ed787f3793DB668BFf3e6E6E7Db0F92a1B,,,,,LAB,0x7ec43Cf65F1663F820427C62A5780b8f2E25593A,0.03486418254,0.05717725936559999,BETWEEN_UNKNOWN_WALLETS,ARKHAM_CHANNEL,UNKNOWN,ENTITY_MISSING
LAB,P0,bsc,0xc21f76803b596ebb396f4adb4ff1b5b9fe81b32e024d489ee3c7e3d484310f21,2026-05-05T04:51:27Z,2026-05-05,0x6aba0315493b7e6989041C91181337b662fB1b90,binance-wallet,Binance Wallet,misc,Proxy (EIP-1967 Transparent),0xb300000b72DEAEb607a12d5f54773D1C19c7028d,binance-wallet,Binance Wallet,misc,DEX Router,LAB,0x7ec43Cf65F1663F820427C62A5780b8f2E25593A,11.33374339,18.587339159600003,TO_ARKHAM_LABELED_CEX_PROXY,ARKHAM_CHANNEL,HIGH,
LAB,P0,bsc,0x1d04fc0171e4c965121eda41cb9a8de7e4251a5a6771f4242532ac76d0e0255f,2026-05-05T04:51:27Z,2026-05-05,0x0dfff8366895067B751b39C9afEB83cb72B37166,,,,,0x7A7AD9aa93cd0A2D0255326E5Fb145CEc14997FF,okx-dex,Dex Router (OKX),dex,UniversalUniswapV3Adaptor,LAB,0x7ec43Cf65F1663F820427C62A5780b8f2E25593A,17.2577703573,28.302743385971993,TO_ARKHAM_LABELED_CEX_PROXY,ARKHAM_CHANNEL,HIGH,
LAB,P0,bsc,0x1d04fc0171e4c965121eda41cb9a8de7e4251a5a6771f4242532ac76d0e0255f,2026-05-05T04:51:27Z,2026-05-05,0x0dfff8366895067B751b39C9afEB83cb72B37166,,,,,0x62cceF0b4545166f721cAa9fEe13c1d3767E27dc,,,,DexRouter,LAB,0x7ec43Cf65F1663F820427C62A5780b8f2E25593A,0.1743209127,0.285886296828,BETWEEN_UNKNOWN_WALLETS,ARKHAM_CHANNEL,UNKNOWN,ENTITY_MISSING
LAB,P0,bsc,0xc21f76803b596ebb396f4adb4ff1b5b9fe81b32e024d489ee3c7e3d484310f21,2026-05-05T04:51:27Z,2026-05-05,0xb300000b72DEAEb607a12d5f54773D1C19c7028d,binance-wallet,Binance Wallet,misc,DEX Router,0xf45ecC0b00283c607F2F6e93425E4B9F8e7488d8,liquidmesh,LiquidMesh,dex-aggregator,,LAB,0x7ec43Cf65F1663F820427C62A5780b8f2E25593A,11.33374339,18.587339159600003,FROM_ARKHAM_LABELED_CEX_PROXY,ARKHAM_CHANNEL,HIGH,
LAB,P0,bsc,0xc21f76803b596ebb396f4adb4ff1b5b9fe81b32e024d489ee3c7e3d484310f21,2026-05-05T04:51:27Z,2026-05-05,0xf45ecC0b00283c607F2F6e93425E4B9F8e7488d8,liquidmesh,LiquidMesh,dex-aggregator,,0x085F29091ee8a818eDE960a89BD578fe4AC8E824,uniswap,Uniswap,dex,V3 Pool,LAB,0x7ec43Cf65F1663F820427C62A5780b8f2E25593A,11.33374339,18.587339159600003,TO_ARKHAM_LABELED_DEX_PROXY,ARKHAM_CHANNEL,HIGH,
LAB,P0,bsc,0xc21f76803b596ebb396f4adb4ff1b5b9fe81b32e024d489ee3c7e3d484310f21,2026-05-05T04:51:27Z,2026-05-05,0x73D8bD54F7Cf5FAb43fE4Ef40A62D390644946Db,binance-wallet,Binance Wallet,misc,Proxy (EIP-1967 Transparent),0x6aba0315493b7e6989041C91181337b662fB1b90,binance-wallet,Binance Wallet,misc,Proxy (EIP-1967 Transparent),LAB,0x7ec43Cf65F1663F820427C62A5780b8f2E25593A,11.33374339,18.587339159600003,TO_ARKHAM_LABELED_CEX_PROXY,ARKHAM_CHANNEL,HIGH,
LAB,P0,bsc,0x1d04fc0171e4c965121eda41cb9a8de7e4251a5a6771f4242532ac76d0e0255f,2026-05-05T04:51:27Z,2026-05-05,0x62cceF0b4545166f721cAa9fEe13c1d3767E27dc,,,,DexRouter,0xDCbbA3E5179B356420175fe0b7CDa6C26BB6c676,,,,,LAB,0x7ec43Cf65F1663F820427C62A5780b8f2E25593A,0.13945673016,0.2287090374624,BETWEEN_UNKNOWN_WALLETS,ARKHAM_CHANNEL,UNKNOWN,ENTITY_MISSING
LAB,P0,bsc,0x1f3d12db9e78f0d040c9dd343d9c958baef479f6dadf591ec93702c108d64d0f,2026-05-05T04:51:22Z,2026-05-05,0x7817DBF38E9d1c95671625F0052c147864692fe0,,,,,0xc7E3CA54c37F9Fc884b588F395E6B60666308F28,uniswap,Uniswap,dex,V3 Pool,LAB,0x7ec43Cf65F1663F820427C62A5780b8f2E25593A,40.66027162141415,66.6828454591192,TO_ARKHAM_LABELED_DEX_PROXY,ARKHAM_CHANNEL,HIGH,
LAB,P0,bsc,0x525abcd6f66c8b55a658f90ee8400bf37e40222d0f594c0a0449b05b8449bacc,2026-05-05T04:51:22Z,2026-05-05,0x7817DBF38E9d1c95671625F0052c147864692fe0,,,,,0x28e2Ea090877bF75740558f6BFB36A5ffeE9e9dF,uniswap,Uniswap,dex,PoolManager,LAB,0x7ec43Cf65F1663F820427C62A5780b8f2E25593A,6.045035514583648,9.913858243917183,TO_ARKHAM_LABELED_DEX_PROXY,ARKHAM_CHANNEL,HIGH,
LAB,P0,bsc,0x3463d6f1bdcc811bdc5cde6014b728d4fe9bef0cdba43d0e568ccb26cfa964c4,2026-05-05T04:51:22Z,2026-05-05,0x7817DBF38E9d1c95671625F0052c147864692fe0,,,,,0x085F29091ee8a818eDE960a89BD578fe4AC8E824,uniswap,Uniswap,dex,V3 Pool,LAB,0x7ec43Cf65F1663F820427C62A5780b8f2E25593A,44.863409418931475,73.57599144704761,TO_ARKHAM_LABELED_DEX_PROXY,ARKHAM_CHANNEL,HIGH,
LAB,P0,bsc,0x8d9a1c28e9f88c28cb338b1e60f74f2437b6981947ba23d0e8aaaed597c2b2b7,2026-05-05T04:51:21Z,2026-05-05,0x7817DBF38E9d1c95671625F0052c147864692fe0,,,,,0x085F29091ee8a818eDE960a89BD578fe4AC8E824,uniswap,Uniswap,dex,V3 Pool,LAB,0x7ec43Cf65F1663F820427C62A5780b8f2E25593A,44.863409418931475,73.57599144704761,TO_ARKHAM_LABELED_DEX_PROXY,ARKHAM_CHANNEL,HIGH,
LAB,P0,bsc,0x32630be4db373c37bb6c728d0836c9fa8565f27b5e47cbf492781e32f0269bfa,2026-05-05T04:51:18Z,2026-05-05,0x7817DBF38E9d1c95671625F0052c147864692fe0,,,,,0x085F29091ee8a818eDE960a89BD578fe4AC8E824,uniswap,Uniswap,dex,V3 Pool,LAB,0x7ec43Cf65F1663F820427C62A5780b8f2E25593A,44.863409418931475,73.57599144704761,TO_ARKHAM_LABELED_DEX_PROXY,ARKHAM_CHANNEL,HIGH,
LAB,P0,bsc,0x9a28638d39821ae80fe81d86e02df387e4ab11ed6632e78b1d7ed441a12ae94d,2026-05-05T04:51:18Z,2026-05-05,0x7817DBF38E9d1c95671625F0052c147864692fe0,,,,,0x28e2Ea090877bF75740558f6BFB36A5ffeE9e9dF,uniswap,Uniswap,dex,PoolManager,LAB,0x7ec43Cf65F1663F820427C62A5780b8f2E25593A,6.045035514583648,9.913858243917183,TO_ARKHAM_LABELED_DEX_PROXY,ARKHAM_CHANNEL,HIGH,
LAB,P0,bsc,0x6da88a88daa535ad0c4fc0e018a3cf027061eaa1a8293096119d0a88c22a214b,2026-05-05T04:51:18Z,2026-05-05,0x7817DBF38E9d1c95671625F0052c147864692fe0,,,,,0x28e2Ea090877bF75740558f6BFB36A5ffeE9e9dF,uniswap,Uniswap,dex,PoolManager,LAB,0x7ec43Cf65F1663F820427C62A5780b8f2E25593A,4.167356494552654,6.834464651066352,TO_ARKHAM_LABELED_DEX_PROXY,ARKHAM_CHANNEL,HIGH,
LAB,P0,bsc,0xb6124fe98ec9db8ce01d1f716d43aa1bbe36b0b882da43484676db708698f604,2026-05-05T04:51:18Z,2026-05-05,0x7817DBF38E9d1c95671625F0052c147864692fe0,,,,,0x7d7106e0BD3EE6D85e88dABF8721175731cd37F2,pancakeswap,PancakeSwap,dex,V3 Pool,LAB,0x7ec43Cf65F1663F820427C62A5780b8f2E25593A,6.1498723901479035,10.085790719842562,TO_ARKHAM_LABELED_DEX_PROXY,ARKHAM_CHANNEL,HIGH,
LAB,P0,bsc,0x151bab6f8181e5a0a475e836c3f9ce55a613a749455ffd97813a3de12d895928,2026-05-05T04:51:18Z,2026-05-05,0x7817DBF38E9d1c95671625F0052c147864692fe0,,,,,0x085F29091ee8a818eDE960a89BD578fe4AC8E824,uniswap,Uniswap,dex,V3 Pool,LAB,0x7ec43Cf65F1663F820427C62A5780b8f2E25593A,44.863409418931475,73.57599144704761,TO_ARKHAM_LABELED_DEX_PROXY,ARKHAM_CHANNEL,HIGH,
LAB,P0,bsc,0xd82b7ec80803ab00a961bce83faf8596bff3487c7fcc695f3a6ba9992179fafa,2026-05-05T04:51:18Z,2026-05-05,0x7817DBF38E9d1c95671625F0052c147864692fe0,,,,,0x28e2Ea090877bF75740558f6BFB36A5ffeE9e9dF,uniswap,Uniswap,dex,PoolManager,LAB,0x7ec43Cf65F1663F820427C62A5780b8f2E25593A,6.045035514583648,9.913858243917183,TO_ARKHAM_LABELED_DEX_PROXY,ARKHAM_CHANNEL,HIGH,
LAB,P0,bsc,0x3bfad4cf1b32983d787e03063be70b109b70ed7dfe07d6698fec71fe4c659d12,2026-05-05T04:51:18Z,2026-05-05,0x60B97709d633dD4e0F0F44F6102fD50341c0AFa6,,,,Gnosis Safe Proxy,0x33D66Fc0423EB4f69878f38fa2121A4A34a3907E,,,,,LAB,0x7ec43Cf65F1663F820427C62A5780b8f2E25593A,29,47.56,BETWEEN_UNKNOWN_WALLETS,ARKHAM_CHANNEL,UNKNOWN,ENTITY_MISSING
LAB,P0,bsc,0xaf9e40cd4cd8b6205dac1f322b4dbc0c86fe154e3419d34abf9907e2111b7689,2026-05-05T04:51:18Z,2026-05-05,0x7817DBF38E9d1c95671625F0052c147864692fe0,,,,,0xc7E3CA54c37F9Fc884b588F395E6B60666308F28,uniswap,Uniswap,dex,V3 Pool,LAB,0x7ec43Cf65F1663F820427C62A5780b8f2E25593A,40.66027162141415,66.6828454591192,TO_ARKHAM_LABELED_DEX_PROXY,ARKHAM_CHANNEL,HIGH,
LAB,P0,bsc,0x3bfad4cf1b32983d787e03063be70b109b70ed7dfe07d6698fec71fe4c659d12,2026-05-05T04:51:18Z,2026-05-05,0x33D66Fc0423EB4f69878f38fa2121A4A34a3907E,,,,,0xc7E3CA54c37F9Fc884b588F395E6B60666308F28,uniswap,Uniswap,dex,V3 Pool,LAB,0x7ec43Cf65F1663F820427C62A5780b8f2E25593A,29,47.56,TO_ARKHAM_LABELED_DEX_PROXY,ARKHAM_CHANNEL,HIGH,
LAB,P0,bsc,0x02425a5f0205e6e7fa88a01a2a783bafc43afe96685f182b615a6030272b726c,2026-05-05T04:51:17Z,2026-05-05,0x60B97709d633dD4e0F0F44F6102fD50341c0AFa6,,,,Gnosis Safe Proxy,0x33D66Fc0423EB4f69878f38fa2121A4A34a3907E,,,,,LAB,0x7ec43Cf65F1663F820427C62A5780b8f2E25593A,31,50.84,BETWEEN_UNKNOWN_WALLETS,ARKHAM_CHANNEL,UNKNOWN,ENTITY_MISSING
LAB,P0,bsc,0xa1fc035deea496664adb7dff9cfe472e68735e7bdf53aec0d2b18e867ed2a08e,2026-05-05T04:51:17Z,2026-05-05,0x7817DBF38E9d1c95671625F0052c147864692fe0,,,,,0x085F29091ee8a818eDE960a89BD578fe4AC8E824,uniswap,Uniswap,dex,V3 Pool,LAB,0x7ec43Cf65F1663F820427C62A5780b8f2E25593A,44.863409418931475,73.57599144704761,TO_ARKHAM_LABELED_DEX_PROXY,ARKHAM_CHANNEL,HIGH,
LAB,P0,bsc,0x4b2f970fe550af032b971d76efd9060435621b803dc014eba7673ac3894cc09f,2026-05-05T04:51:17Z,2026-05-05,0x7817DBF38E9d1c95671625F0052c147864692fe0,,,,,0xc7E3CA54c37F9Fc884b588F395E6B60666308F28,uniswap,Uniswap,dex,V3 Pool,LAB,0x7ec43Cf65F1663F820427C62A5780b8f2E25593A,40.66027162141415,66.6828454591192,TO_ARKHAM_LABELED_DEX_PROXY,ARKHAM_CHANNEL,HIGH,
LAB,P0,bsc,0x02425a5f0205e6e7fa88a01a2a783bafc43afe96685f182b615a6030272b726c,2026-05-05T04:51:17Z,2026-05-05,0x33D66Fc0423EB4f69878f38fa2121A4A34a3907E,,,,,0xc7E3CA54c37F9Fc884b588F395E6B60666308F28,uniswap,Uniswap,dex,V3 Pool,LAB,0x7ec43Cf65F1663F820427C62A5780b8f2E25593A,31,50.84,TO_ARKHAM_LABELED_DEX_PROXY,ARKHAM_CHANNEL,HIGH,
LAB,P0,bsc,0x6065dbb35984c19a1ec55b18e8e8543db5bfdc7229e96334f088435db0aa65d3,2026-05-05T04:51:17Z,2026-05-05,0x7817DBF38E9d1c95671625F0052c147864692fe0,,,,,0x085F29091ee8a818eDE960a89BD578fe4AC8E824,uniswap,Uniswap,dex,V3 Pool,LAB,0x7ec43Cf65F1663F820427C62A5780b8f2E25593A,44.863409418931475,73.57599144704761,TO_ARKHAM_LABELED_DEX_PROXY,ARKHAM_CHANNEL,HIGH,
LAB,P0,bsc,0x8b56e3e7df9d03e0e949f1bd246259039d671d188ae1dcf560b4afaf41cdc8f6,2026-05-05T04:51:17Z,2026-05-05,0x7817DBF38E9d1c95671625F0052c147864692fe0,,,,,0x7d7106e0BD3EE6D85e88dABF8721175731cd37F2,pancakeswap,PancakeSwap,dex,V3 Pool,LAB,0x7ec43Cf65F1663F820427C62A5780b8f2E25593A,6.1498723901479035,10.085790719842562,TO_ARKHAM_LABELED_DEX_PROXY,ARKHAM_CHANNEL,HIGH,
LAB,P0,bsc,0xa281f3a2a306b30670068b74e38b8d0401d1296ef37f25f38907a3910378e78b,2026-05-05T04:51:17Z,2026-05-05,0x7817DBF38E9d1c95671625F0052c147864692fe0,,,,,0x28e2Ea090877bF75740558f6BFB36A5ffeE9e9dF,uniswap,Uniswap,dex,PoolManager,LAB,0x7ec43Cf65F1663F820427C62A5780b8f2E25593A,6.045035514583648,9.913858243917183,TO_ARKHAM_LABELED_DEX_PROXY,ARKHAM_CHANNEL,HIGH,
LAB,P0,bsc,0x3bca7811f4a139ff9a409f623e8e5f4c0ea6851f8952f76565544d6de008492b,2026-05-05T04:51:16Z,2026-05-05,0x7817DBF38E9d1c95671625F0052c147864692fe0,,,,,0x7d7106e0BD3EE6D85e88dABF8721175731cd37F2,pancakeswap,PancakeSwap,dex,V3 Pool,LAB,0x7ec43Cf65F1663F820427C62A5780b8f2E25593A,6.1498723901479035,10.085790719842562,TO_ARKHAM_LABELED_DEX_PROXY,ARKHAM_CHANNEL,HIGH,
LAB,P0,bsc,0xb9a0af51fc9b85603818c73db210d28ec547898e8cf9a476aa65247550bd7f65,2026-05-05T04:51:16Z,2026-05-05,0x28e2Ea090877bF75740558f6BFB36A5ffeE9e9dF,uniswap,Uniswap,dex,PoolManager,0x0dfff8366895067B751b39C9afEB83cb72B37166,,,,,LAB,0x7ec43Cf65F1663F820427C62A5780b8f2E25593A,17.633233090556654,28.91850226851291,FROM_ARKHAM_LABELED_DEX_PROXY,ARKHAM_CHANNEL,HIGH,
LAB,P0,bsc,0x540e6b3960293e0469eae0560764927d8819f294094747df926811b430a2498a,2026-05-05T04:51:15Z,2026-05-05,0x7817DBF38E9d1c95671625F0052c147864692fe0,,,,,0x28e2Ea090877bF75740558f6BFB36A5ffeE9e9dF,uniswap,Uniswap,dex,PoolManager,LAB,0x7ec43Cf65F1663F820427C62A5780b8f2E25593A,6.045035514583648,9.913858243917183,TO_ARKHAM_LABELED_DEX_PROXY,ARKHAM_CHANNEL,HIGH,
LAB,P0,bsc,0xe7a39e91555273988d7b7b994440c58475c38e165a27f293e766acbd452aa9b9,2026-05-05T04:51:15Z,2026-05-05,0x7817DBF38E9d1c95671625F0052c147864692fe0,,,,,0xc7E3CA54c37F9Fc884b588F395E6B60666308F28,uniswap,Uniswap,dex,V3 Pool,LAB,0x7ec43Cf65F1663F820427C62A5780b8f2E25593A,33.44859418571585,54.855694464573986,TO_ARKHAM_LABELED_DEX_PROXY,ARKHAM_CHANNEL,HIGH,
LAB,P0,bsc,0xa8dac10ff2f002564fb88a4b6bb1cac482435ccb28f086d24669514163359d7d,2026-05-05T04:51:15Z,2026-05-05,0x7817DBF38E9d1c95671625F0052c147864692fe0,,,,,0x085F29091ee8a818eDE960a89BD578fe4AC8E824,uniswap,Uniswap,dex,V3 Pool,LAB,0x7ec43Cf65F1663F820427C62A5780b8f2E25593A,44.863409418931475,73.57599144704761,TO_ARKHAM_LABELED_DEX_PROXY,ARKHAM_CHANNEL,HIGH,
LAB,P0,bsc,0x14566ee4ccf8dcc4fd06157132bb30e73c43998bf4cd70977daa3d0e8cade785,2026-05-05T04:51:15Z,2026-05-05,0x33D66Fc0423EB4f69878f38fa2121A4A34a3907E,,,,,0xc7E3CA54c37F9Fc884b588F395E6B60666308F28,uniswap,Uniswap,dex,V3 Pool,LAB,0x7ec43Cf65F1663F820427C62A5780b8f2E25593A,40,65.6,TO_ARKHAM_LABELED_DEX_PROXY,ARKHAM_CHANNEL,HIGH,
LAB,P0,bsc,0x14566ee4ccf8dcc4fd06157132bb30e73c43998bf4cd70977daa3d0e8cade785,2026-05-05T04:51:15Z,2026-05-05,0x60B97709d633dD4e0F0F44F6102fD50341c0AFa6,,,,Gnosis Safe Proxy,0x33D66Fc0423EB4f69878f38fa2121A4A34a3907E,,,,,LAB,0x7ec43Cf65F1663F820427C62A5780b8f2E25593A,40,65.6,BETWEEN_UNKNOWN_WALLETS,ARKHAM_CHANNEL,UNKNOWN,ENTITY_MISSING
LAB,P0,bsc,0xb8dc3d4f9251c420b366892e516a13df09c1e8c976991a25cac7b5e743e25764,2026-05-05T04:51:13Z,2026-05-05,0x7817DBF38E9d1c95671625F0052c147864692fe0,,,,,0x085F29091ee8a818eDE960a89BD578fe4AC8E824,uniswap,Uniswap,dex,V3 Pool,LAB,0x7ec43Cf65F1663F820427C62A5780b8f2E25593A,44.863409418931475,73.57599144704761,TO_ARKHAM_LABELED_DEX_PROXY,ARKHAM_CHANNEL,HIGH,
LAB,P0,bsc,0xbeece9105ba812bc01308669bd8aa021137f49f99fc33327116df27d9800ef58,2026-05-05T04:51:13Z,2026-05-05,0x085F29091ee8a818eDE960a89BD578fe4AC8E824,uniswap,Uniswap,dex,V3 Pool,0x938445B6aD33ee2013bCCdFFF11dCb13ACcd2F85,,,,Proxy (EIP-1967 Transparent),LAB,0x7ec43Cf65F1663F820427C62A5780b8f2E25593A,18.779441154682477,30.798283493679264,FROM_ARKHAM_LABELED_DEX_PROXY,ARKHAM_CHANNEL,HIGH,
LAB,P0,bsc,0x993de389385fb46ea64cd30c248cc91194b18280353860604fa3fd24bab33fff,2026-05-05T04:51:13Z,2026-05-05,0x7817DBF38E9d1c95671625F0052c147864692fe0,,,,,0x7d7106e0BD3EE6D85e88dABF8721175731cd37F2,pancakeswap,PancakeSwap,dex,V3 Pool,LAB,0x7ec43Cf65F1663F820427C62A5780b8f2E25593A,6.1498723901479035,10.085790719842562,TO_ARKHAM_LABELED_DEX_PROXY,ARKHAM_CHANNEL,HIGH,
LAB,P0,bsc,0x3134fa7bc0d71011c2c1643c9b5f524333d185815fe0b2366dd6dbe0f2b96ee7,2026-05-05T04:51:05Z,2026-05-05,0x085F29091ee8a818eDE960a89BD578fe4AC8E824,uniswap,Uniswap,dex,V3 Pool,0xb4acbC082b5e7dEd571c98EE4257778a9D784B36,,,,V3Utils,LAB,0x7ec43Cf65F1663F820427C62A5780b8f2E25593A,37.03713562704478,60.74090242835344,FROM_ARKHAM_LABELED_DEX_PROXY,ARKHAM_CHANNEL,HIGH,
LAB,P0,bsc,0x3134fa7bc0d71011c2c1643c9b5f524333d185815fe0b2366dd6dbe0f2b96ee7,2026-05-05T04:51:05Z,2026-05-05,0xb4acbC082b5e7dEd571c98EE4257778a9D784B36,,,,V3Utils,0xc7E3CA54c37F9Fc884b588F395E6B60666308F28,uniswap,Uniswap,dex,V3 Pool,LAB,0x7ec43Cf65F1663F820427C62A5780b8f2E25593A,37.03713562704478,60.74090242835344,TO_ARKHAM_LABELED_DEX_PROXY,ARKHAM_CHANNEL,HIGH,
LAB,P0,bsc,0xf957748d17658ad686d886bf9b059e7325d139e2dd8265f9d2bd489bf721e77a,2026-05-05T04:50:55Z,2026-05-05,0x4707d772de624E7363BE99edd9026Cc531E2b469,krystal-wallet,Krystal,misc,Okx,0xb4acbC082b5e7dEd571c98EE4257778a9D784B36,,,,V3Utils,LAB,0x7ec43Cf65F1663F820427C62A5780b8f2E25593A,0.02457641066318014,0.04030531348761542,BETWEEN_LABELED_ENTITIES,ARKHAM_CHANNEL,HIGH,
LAB,P0,bsc,0x15fa4824fac1a60d324561ab27c2095225f7decdf1666a41b7649ea8d396be6c,2026-05-05T04:50:55Z,2026-05-05,0x7817DBF38E9d1c95671625F0052c147864692fe0,,,,,0xc7E3CA54c37F9Fc884b588F395E6B60666308F28,uniswap,Uniswap,dex,V3 Pool,LAB,0x7ec43Cf65F1663F820427C62A5780b8f2E25593A,40.66027162141415,66.6828454591192,TO_ARKHAM_LABELED_DEX_PROXY,ARKHAM_CHANNEL,HIGH,
LAB,P0,bsc,0xf957748d17658ad686d886bf9b059e7325d139e2dd8265f9d2bd489bf721e77a,2026-05-05T04:50:55Z,2026-05-05,0xc7E3CA54c37F9Fc884b588F395E6B60666308F28,uniswap,Uniswap,dex,V3 Pool,0xb4acbC082b5e7dEd571c98EE4257778a9D784B36,,,,V3Utils,LAB,0x7ec43Cf65F1663F820427C62A5780b8f2E25593A,0.06466440995756563,0.10604963233040762,FROM_ARKHAM_LABELED_DEX_PROXY,ARKHAM_CHANNEL,HIGH,
LAB,P0,bsc,0x746a8a6278d638b9ebf9ab09db5af32ce08670ec529274195c3a22cb5c7ff1a3,2026-05-05T04:50:55Z,2026-05-05,0x7817DBF38E9d1c95671625F0052c147864692fe0,,,,,0x7d7106e0BD3EE6D85e88dABF8721175731cd37F2,pancakeswap,PancakeSwap,dex,V3 Pool,LAB,0x7ec43Cf65F1663F820427C62A5780b8f2E25593A,6.1498723901479035,10.085790719842562,TO_ARKHAM_LABELED_DEX_PROXY,ARKHAM_CHANNEL,HIGH,
LAB,P0,bsc,0xf957748d17658ad686d886bf9b059e7325d139e2dd8265f9d2bd489bf721e77a,2026-05-05T04:50:55Z,2026-05-05,0xb4acbC082b5e7dEd571c98EE4257778a9D784B36,,,,V3Utils,0xc7E3CA54c37F9Fc884b588F395E6B60666308F28,uniswap,Uniswap,dex,V3 Pool,LAB,0x7ec43Cf65F1663F820427C62A5780b8f2E25593A,0.0827743796249892,0.13574998258498228,TO_ARKHAM_LABELED_DEX_PROXY,ARKHAM_CHANNEL,HIGH,
LAB,P0,bsc,0xf957748d17658ad686d886bf9b059e7325d139e2dd8265f9d2bd489bf721e77a,2026-05-05T04:50:55Z,2026-05-05,0x238a358808379702088667322f80aC48bAd5e6c4,pancakeswap,PancakeSwap,dex,Vault,0x4707d772de624E7363BE99edd9026Cc531E2b469,krystal-wallet,Krystal,misc,Okx,LAB,0x7ec43Cf65F1663F820427C62A5780b8f2E25593A,0.02457641066318014,0.04030531348761542,FROM_ARKHAM_LABELED_DEX_PROXY,ARKHAM_CHANNEL,HIGH,
LAB,P0,bsc,0x9e0c17fc5a9a5e6bf72de19fcac3b806ff27f8ac06312b23dd382bf777f9cb68,2026-05-05T04:50:55Z,2026-05-05,0x7817DBF38E9d1c95671625F0052c147864692fe0,,,,,0x28e2Ea090877bF75740558f6BFB36A5ffeE9e9dF,uniswap,Uniswap,dex,PoolManager,LAB,0x7ec43Cf65F1663F820427C62A5780b8f2E25593A,6.045035514583648,9.913858243917183,TO_ARKHAM_LABELED_DEX_PROXY,ARKHAM_CHANNEL,HIGH,
LAB,P0,bsc,0xf957748d17658ad686d886bf9b059e7325d139e2dd8265f9d2bd489bf721e77a,2026-05-05T04:50:55Z,2026-05-05,0xb4acbC082b5e7dEd571c98EE4257778a9D784B36,,,,V3Utils,0x8C4f68B691BDc29deCe2c4e569a6Cff3f042676f,,,,,LAB,0x7ec43Cf65F1663F820427C62A5780b8f2E25593A,0.006466440995756562,0.010604963233040762,BETWEEN_UNKNOWN_WALLETS,ARKHAM_CHANNEL,UNKNOWN,ENTITY_MISSING
LAB,P0,bsc,0xbbdf8f4cd3fef21f49196cce085d0d167303fb63b85e79c29091e7412037f020,2026-05-05T04:50:54Z,2026-05-05,0xBD97306A087ED0c46b783cFBFDcDc6C12C7a2866,,,,,0x085F29091ee8a818eDE960a89BD578fe4AC8E824,uniswap,Uniswap,dex,V3 Pool,LAB,0x7ec43Cf65F1663F820427C62A5780b8f2E25593A,44.94241252436562,73.7055565399596,TO_ARKHAM_LABELED_DEX_PROXY,ARKHAM_CHANNEL,HIGH,
LAB,P0,bsc,0xcd73ba445e1a901780a2a0809b2338c23a4ac79095635b55bd5503f049e79661,2026-05-05T04:50:54Z,2026-05-05,0x7817DBF38E9d1c95671625F0052c147864692fe0,,,,,0x085F29091ee8a818eDE960a89BD578fe4AC8E824,uniswap,Uniswap,dex,V3 Pool,LAB,0x7ec43Cf65F1663F820427C62A5780b8f2E25593A,44.39120235311394,72.80157185910686,TO_ARKHAM_LABELED_DEX_PROXY,ARKHAM_CHANNEL,HIGH,
LAB,P0,bsc,0x54f7debc2a69c40b557cf5f6807581d6591d26cc0ad379de171d59b60fc18e5b,2026-05-05T04:50:53Z,2026-05-05,0x7817DBF38E9d1c95671625F0052c147864692fe0,,,,,0x085F29091ee8a818eDE960a89BD578fe4AC8E824,uniswap,Uniswap,dex,V3 Pool,LAB,0x7ec43Cf65F1663F820427C62A5780b8f2E25593A,44.863409418931475,73.57599144704761,TO_ARKHAM_LABELED_DEX_PROXY,ARKHAM_CHANNEL,HIGH,
LAB,P0,bsc,0xc41f5b39a2c707fede468ba5d58a291488f361bc19fcbcca9268811fba3300d6,2026-05-05T04:50:53Z,2026-05-05,0x7817DBF38E9d1c95671625F0052c147864692fe0,,,,,0x085F29091ee8a818eDE960a89BD578fe4AC8E824,uniswap,Uniswap,dex,V3 Pool,LAB,0x7ec43Cf65F1663F820427C62A5780b8f2E25593A,44.863409418931475,73.57599144704761,TO_ARKHAM_LABELED_DEX_PROXY,ARKHAM_CHANNEL,HIGH,
LAB,P0,bsc,0x7950ca22d8cc9afa096410af0f8298f4126d55f88860cc73f28a7bffb8d9b966,2026-05-05T04:50:53Z,2026-05-05,0x7817DBF38E9d1c95671625F0052c147864692fe0,,,,,0x7d7106e0BD3EE6D85e88dABF8721175731cd37F2,pancakeswap,PancakeSwap,dex,V3 Pool,LAB,0x7ec43Cf65F1663F820427C62A5780b8f2E25593A,6.1498723901479035,10.085790719842562,TO_ARKHAM_LABELED_DEX_PROXY,ARKHAM_CHANNEL,HIGH,
LAB,P0,bsc,0x129eca8e948e0793bb040c9fc1e86f46c910f95fb0e5837b7ddf4a616a198d94,2026-05-05T04:50:53Z,2026-05-05,0x7817DBF38E9d1c95671625F0052c147864692fe0,,,,,0x28e2Ea090877bF75740558f6BFB36A5ffeE9e9dF,uniswap,Uniswap,dex,PoolManager,LAB,0x7ec43Cf65F1663F820427C62A5780b8f2E25593A,4.168829100100799,6.8368797241653105,TO_ARKHAM_LABELED_DEX_PROXY,ARKHAM_CHANNEL,HIGH,
LAB,P0,bsc,0x3efa2000b156c5cc51d5567a675dbadf0b2f45419a5c198b069128320deb5fd7,2026-05-05T04:50:52Z,2026-05-05,0x7817DBF38E9d1c95671625F0052c147864692fe0,,,,,0x7d7106e0BD3EE6D85e88dABF8721175731cd37F2,pancakeswap,PancakeSwap,dex,V3 Pool,LAB,0x7ec43Cf65F1663F820427C62A5780b8f2E25593A,6.1498723901479035,10.085790719842562,TO_ARKHAM_LABELED_DEX_PROXY,ARKHAM_CHANNEL,HIGH,
LAB,P0,bsc,0x29ce9ac641182bd9cdc7d9795eafebf4ca832a2efed77e381a43ca956e9c5995,2026-05-05T04:50:49Z,2026-05-05,0x7817DBF38E9d1c95671625F0052c147864692fe0,,,,,0x7d7106e0BD3EE6D85e88dABF8721175731cd37F2,pancakeswap,PancakeSwap,dex,V3 Pool,LAB,0x7ec43Cf65F1663F820427C62A5780b8f2E25593A,6.1498723901479035,10.085790719842562,TO_ARKHAM_LABELED_DEX_PROXY,ARKHAM_CHANNEL,HIGH,
LAB,P0,bsc,0x4f99297746ad583fd62d27e63d0d5c22084445b0997678ad692c407bc81f9479,2026-05-05T04:50:49Z,2026-05-05,0x7817DBF38E9d1c95671625F0052c147864692fe0,,,,,0x7d7106e0BD3EE6D85e88dABF8721175731cd37F2,pancakeswap,PancakeSwap,dex,V3 Pool,LAB,0x7ec43Cf65F1663F820427C62A5780b8f2E25593A,6.1498723901479035,10.085790719842562,TO_ARKHAM_LABELED_DEX_PROXY,ARKHAM_CHANNEL,HIGH,
LAB,P0,bsc,0xaede5e02556beb927e5c64956252cb3162fdd62959aeae2efbccc6571b1ebd98,2026-05-05T04:50:49Z,2026-05-05,0x7817DBF38E9d1c95671625F0052c147864692fe0,,,,,0x085F29091ee8a818eDE960a89BD578fe4AC8E824,uniswap,Uniswap,dex,V3 Pool,LAB,0x7ec43Cf65F1663F820427C62A5780b8f2E25593A,44.863409418931475,73.57599144704761,TO_ARKHAM_LABELED_DEX_PROXY,ARKHAM_CHANNEL,HIGH,
LAB,P0,bsc,0x277121b5a90d3977889c884b76456534000d2aecec1c02a59c3b298ab100d28d,2026-05-05T04:50:49Z,2026-05-05,0x031942f26A094BE40414f442a2f1295e3A5c1680,,,,Proxy (EIP-1967 Transparent),0x085F29091ee8a818eDE960a89BD578fe4AC8E824,uniswap,Uniswap,dex,V3 Pool,LAB,0x7ec43Cf65F1663F820427C62A5780b8f2E25593A,34.279207483745225,56.21790027334217,TO_ARKHAM_LABELED_DEX_PROXY,ARKHAM_CHANNEL,HIGH,
LAB,P0,bsc,0x8de8ab5d64254408890e01cf78b41c1874c08733b63d197658c3769f0f1f7892,2026-05-05T04:50:49Z,2026-05-05,0x7817DBF38E9d1c95671625F0052c147864692fe0,,,,,0x085F29091ee8a818eDE960a89BD578fe4AC8E824,uniswap,Uniswap,dex,V3 Pool,LAB,0x7ec43Cf65F1663F820427C62A5780b8f2E25593A,10.97882119611103,18.00526676162209,TO_ARKHAM_LABELED_DEX_PROXY,ARKHAM_CHANNEL,HIGH,
LAB,P0,bsc,0x144ce6c0a06e31e714af13d5ab58cde7187807f8a56dc970106cd7ac8e34354d,2026-05-05T04:50:48Z,2026-05-05,0x7817DBF38E9d1c95671625F0052c147864692fe0,,,,,0x085F29091ee8a818eDE960a89BD578fe4AC8E824,uniswap,Uniswap,dex,V3 Pool,LAB,0x7ec43Cf65F1663F820427C62A5780b8f2E25593A,44.863409418931475,73.57599144704761,TO_ARKHAM_LABELED_DEX_PROXY,ARKHAM_CHANNEL,HIGH,
LAB,P0,bsc,0x68829e1fc7368cbf5221361358841abe12dbfceb356ce5f116fdd8a4ddb88549,2026-05-05T04:50:47Z,2026-05-05,0x7817DBF38E9d1c95671625F0052c147864692fe0,,,,,0x7d7106e0BD3EE6D85e88dABF8721175731cd37F2,pancakeswap,PancakeSwap,dex,V3 Pool,LAB,0x7ec43Cf65F1663F820427C62A5780b8f2E25593A,6.1498723901479035,10.085790719842562,TO_ARKHAM_LABELED_DEX_PROXY,ARKHAM_CHANNEL,HIGH,
LAB,P0,bsc,0x56e9df34f2b48b0896337f38b2486ee2b09b4c20f74c741cf835d5cee7538c84,2026-05-05T04:50:47Z,2026-05-05,0x7817DBF38E9d1c95671625F0052c147864692fe0,,,,,0x085F29091ee8a818eDE960a89BD578fe4AC8E824,uniswap,Uniswap,dex,V3 Pool,LAB,0x7ec43Cf65F1663F820427C62A5780b8f2E25593A,44.863409418931475,73.57599144704761,TO_ARKHAM_LABELED_DEX_PROXY,ARKHAM_CHANNEL,HIGH,
LAB,P0,bsc,0xbfe1839ff9f703ecf0edd89294900469456c58352cef738786bc5e930674c2d6,2026-05-05T04:50:46Z,2026-05-05,0x7817DBF38E9d1c95671625F0052c147864692fe0,,,,,0x085F29091ee8a818eDE960a89BD578fe4AC8E824,uniswap,Uniswap,dex,V3 Pool,LAB,0x7ec43Cf65F1663F820427C62A5780b8f2E25593A,44.863409418931475,73.57599144704761,TO_ARKHAM_LABELED_DEX_PROXY,ARKHAM_CHANNEL,HIGH,
LAB,P0,bsc,0x2ad624f4d2a9a96fdbf16629dc445902e8a630303129eaf5ed67d0c39b3701a2,2026-05-05T04:50:46Z,2026-05-05,0x7817DBF38E9d1c95671625F0052c147864692fe0,,,,,0x7d7106e0BD3EE6D85e88dABF8721175731cd37F2,pancakeswap,PancakeSwap,dex,V3 Pool,LAB,0x7ec43Cf65F1663F820427C62A5780b8f2E25593A,6.1498723901479035,10.085790719842562,TO_ARKHAM_LABELED_DEX_PROXY,ARKHAM_CHANNEL,HIGH,
LAB,P0,bsc,0x9eb089a56bc8df68273b9622ae03c2cbc32e9cc8795414c5ea2c434ed657ff50,2026-05-05T04:50:46Z,2026-05-05,0x7817DBF38E9d1c95671625F0052c147864692fe0,,,,,0x7d7106e0BD3EE6D85e88dABF8721175731cd37F2,pancakeswap,PancakeSwap,dex,V3 Pool,LAB,0x7ec43Cf65F1663F820427C62A5780b8f2E25593A,6.1498723901479035,10.085790719842562,TO_ARKHAM_LABELED_DEX_PROXY,ARKHAM_CHANNEL,HIGH,
LAB,P0,bsc,0x3320c4dd147c0bedb60ec7e52ae9344e4a58ba472d70a8a517517dc721c4a970,2026-05-05T04:50:25Z,2026-05-05,0xb300000b72DEAEb607a12d5f54773D1C19c7028d,binance-wallet,Binance Wallet,misc,DEX Router,0xf45ecC0b00283c607F2F6e93425E4B9F8e7488d8,liquidmesh,LiquidMesh,dex-aggregator,,LAB,0x7ec43Cf65F1663F820427C62A5780b8f2E25593A,18.03975012731742,29.58519020880056,FROM_ARKHAM_LABELED_CEX_PROXY,ARKHAM_CHANNEL,HIGH,
LAB,P0,bsc,0x3320c4dd147c0bedb60ec7e52ae9344e4a58ba472d70a8a517517dc721c4a970,2026-05-05T04:50:25Z,2026-05-05,0xf45ecC0b00283c607F2F6e93425E4B9F8e7488d8,liquidmesh,LiquidMesh,dex-aggregator,,0x085F29091ee8a818eDE960a89BD578fe4AC8E824,uniswap,Uniswap,dex,V3 Pool,LAB,0x7ec43Cf65F1663F820427C62A5780b8f2E25593A,18.03975012731742,29.58519020880056,TO_ARKHAM_LABELED_DEX_PROXY,ARKHAM_CHANNEL,HIGH,
LAB,P0,bsc,0x3320c4dd147c0bedb60ec7e52ae9344e4a58ba472d70a8a517517dc721c4a970,2026-05-05T04:50:25Z,2026-05-05,0x39621bb459AfeC823F3162e4fc715E7437D6CCC2,,,,,0xb300000b72DEAEb607a12d5f54773D1C19c7028d,binance-wallet,Binance Wallet,misc,DEX Router,LAB,0x7ec43Cf65F1663F820427C62A5780b8f2E25593A,18.03975012731742,29.58519020880056,TO_ARKHAM_LABELED_CEX_PROXY,ARKHAM_CHANNEL,HIGH,
LAB,P0,bsc,0x326c1fc013f51cfb64b8189525063296b0993d2d42ed9476de615a752b38c409,2026-05-05T04:50:10Z,2026-05-05,0x085F29091ee8a818eDE960a89BD578fe4AC8E824,uniswap,Uniswap,dex,V3 Pool,0xBD97306A087ED0c46b783cFBFDcDc6C12C7a2866,,,,,LAB,0x7ec43Cf65F1663F820427C62A5780b8f2E25593A,33.18849527981895,54.429132258903074,FROM_ARKHAM_LABELED_DEX_PROXY,ARKHAM_CHANNEL,HIGH,
LAB,P0,bsc,0xfba726faa3778e9cab0307d8f0ef1196afcf984786bddd46f5f6c5cb208f1c2b,2026-05-05T04:50:09Z,2026-05-05,0x085F29091ee8a818eDE960a89BD578fe4AC8E824,uniswap,Uniswap,dex,V3 Pool,0x7817DBF38E9d1c95671625F0052c147864692fe0,,,,,LAB,0x7ec43Cf65F1663F820427C62A5780b8f2E25593A,44.93381756257741,73.69146080262695,FROM_ARKHAM_LABELED_DEX_PROXY,ARKHAM_CHANNEL,HIGH,
LAB,P0,bsc,0xafdca519c37503fc209ed6a5d622dd502f5e50ebab392bbaa5fa6cf65786bc92,2026-05-05T04:50:09Z,2026-05-05,0x7d7106e0BD3EE6D85e88dABF8721175731cd37F2,pancakeswap,PancakeSwap,dex,V3 Pool,0x7817DBF38E9d1c95671625F0052c147864692fe0,,,,,LAB,0x7ec43Cf65F1663F820427C62A5780b8f2E25593A,6.191514176819569,10.154083249984094,FROM_ARKHAM_LABELED_DEX_PROXY,ARKHAM_CHANNEL,HIGH,
LAB,P0,bsc,0x568e1056571c35967e2dad70bb7edbf79f47ece314f211c6bb424bca9dc96e47,2026-05-05T04:50:09Z,2026-05-05,0x0501f595D17dd90Ff11A9873692eE3F8d478f4e5,liquidmesh,LiquidMesh,dex-aggregator,,0x7d7106e0BD3EE6D85e88dABF8721175731cd37F2,pancakeswap,PancakeSwap,dex,V3 Pool,LAB,0x7ec43Cf65F1663F820427C62A5780b8f2E25593A,61.5895670276234,101.00688992530237,TO_ARKHAM_LABELED_DEX_PROXY,ARKHAM_CHANNEL,HIGH,
LAB,P0,bsc,0x568e1056571c35967e2dad70bb7edbf79f47ece314f211c6bb424bca9dc96e47,2026-05-05T04:50:09Z,2026-05-05,0x7e9f18d1B33e2D9E5A1abc3bD62b91c5C64aFB7E,,,,,0xb300000b72DEAEb607a12d5f54773D1C19c7028d,binance-wallet,Binance Wallet,misc,DEX Router,LAB,0x7ec43Cf65F1663F820427C62A5780b8f2E25593A,615.895670276234,1010.0688992530237,TO_ARKHAM_LABELED_CEX_PROXY,ARKHAM_CHANNEL,HIGH,
LAB,P0,bsc,0x568e1056571c35967e2dad70bb7edbf79f47ece314f211c6bb424bca9dc96e47,2026-05-05T04:50:09Z,2026-05-05,0xf45ecC0b00283c607F2F6e93425E4B9F8e7488d8,liquidmesh,LiquidMesh,dex-aggregator,,0x085F29091ee8a818eDE960a89BD578fe4AC8E824,uniswap,Uniswap,dex,V3 Pool,LAB,0x7ec43Cf65F1663F820427C62A5780b8f2E25593A,554.3061032486106,909.0620093277213,TO_ARKHAM_LABELED_DEX_PROXY,ARKHAM_CHANNEL,HIGH,
LAB,P0,bsc,0x58f7e9a57ee70f8a3521fdb3c9982effe02e09a8f6dbb4046223956a00365c06,2026-05-05T04:50:09Z,2026-05-05,0x085F29091ee8a818eDE960a89BD578fe4AC8E824,uniswap,Uniswap,dex,V3 Pool,0x9999b0CdD35d7F3B281BA02EfC0d228486940515,,,,,LAB,0x7ec43Cf65F1663F820427C62A5780b8f2E25593A,5.104071127296447,8.370676648766173,FROM_ARKHAM_LABELED_DEX_PROXY,ARKHAM_CHANNEL,HIGH,
LAB,P0,bsc,0xf73e01ee93a22154c2a62809a94c682a6237c3f7bc7320fe541686150ae7a870,2026-05-05T04:50:09Z,2026-05-05,0x7d7106e0BD3EE6D85e88dABF8721175731cd37F2,pancakeswap,PancakeSwap,dex,V3 Pool,0x7817DBF38E9d1c95671625F0052c147864692fe0,,,,,LAB,0x7ec43Cf65F1663F820427C62A5780b8f2E25593A,6.177938939828771,10.131819861319185,FROM_ARKHAM_LABELED_DEX_PROXY,ARKHAM_CHANNEL,HIGH,
LAB,P0,bsc,0x568e1056571c35967e2dad70bb7edbf79f47ece314f211c6bb424bca9dc96e47,2026-05-05T04:50:09Z,2026-05-05,0xb300000b72DEAEb607a12d5f54773D1C19c7028d,binance-wallet,Binance Wallet,misc,DEX Router,0x0501f595D17dd90Ff11A9873692eE3F8d478f4e5,liquidmesh,LiquidMesh,dex-aggregator,,LAB,0x7ec43Cf65F1663F820427C62A5780b8f2E25593A,61.5895670276234,101.00688992530237,FROM_ARKHAM_LABELED_CEX_PROXY,ARKHAM_CHANNEL,HIGH,
LAB,P0,bsc,0x568e1056571c35967e2dad70bb7edbf79f47ece314f211c6bb424bca9dc96e47,2026-05-05T04:50:09Z,2026-05-05,0xb300000b72DEAEb607a12d5f54773D1C19c7028d,binance-wallet,Binance Wallet,misc,DEX Router,0xf45ecC0b00283c607F2F6e93425E4B9F8e7488d8,liquidmesh,LiquidMesh,dex-aggregator,,LAB,0x7ec43Cf65F1663F820427C62A5780b8f2E25593A,554.3061032486106,909.0620093277213,FROM_ARKHAM_LABELED_CEX_PROXY,ARKHAM_CHANNEL,HIGH,
LAB,P0,bsc,0xf6199e69bf93c7028ee3cf3359ad7d12f489ab90bd5fa0b1a1dd71945b1db51b,2026-05-05T04:50:09Z,2026-05-05,0x7d7106e0BD3EE6D85e88dABF8721175731cd37F2,pancakeswap,PancakeSwap,dex,V3 Pool,0x7817DBF38E9d1c95671625F0052c147864692fe0,,,,,LAB,0x7ec43Cf65F1663F820427C62A5780b8f2E25593A,6.1561654139071065,10.096111278807655,FROM_ARKHAM_LABELED_DEX_PROXY,ARKHAM_CHANNEL,HIGH,
LAB,P0,bsc,0x58f7e9a57ee70f8a3521fdb3c9982effe02e09a8f6dbb4046223956a00365c06,2026-05-05T04:50:09Z,2026-05-05,0x9999b0CdD35d7F3B281BA02EfC0d228486940515,,,,,0x28e2Ea090877bF75740558f6BFB36A5ffeE9e9dF,uniswap,Uniswap,dex,PoolManager,LAB,0x7ec43Cf65F1663F820427C62A5780b8f2E25593A,5.104071127296447,8.370676648766173,TO_ARKHAM_LABELED_DEX_PROXY,ARKHAM_CHANNEL,HIGH,
LAB,P0,bsc,0x1f415184b9673895586a8bcda566ef143e49f11e548781018fa1f4b0382023dd,2026-05-05T04:50:09Z,2026-05-05,0x7d7106e0BD3EE6D85e88dABF8721175731cd37F2,pancakeswap,PancakeSwap,dex,V3 Pool,0xBD97306A087ED0c46b783cFBFDcDc6C12C7a2866,,,,,LAB,0x7ec43Cf65F1663F820427C62A5780b8f2E25593A,12.124773229806658,19.884628096882917,FROM_ARKHAM_LABELED_DEX_PROXY,ARKHAM_CHANNEL,HIGH,
LAB,P0,bsc,0xe7eae4d6f0f53e8e177c14069b1631cde7cbe5d74e5a31f1f0224ee69e8470e8,2026-05-05T04:50:09Z,2026-05-05,0x085F29091ee8a818eDE960a89BD578fe4AC8E824,uniswap,Uniswap,dex,V3 Pool,0x9999b0CdD35d7F3B281BA02EfC0d228486940515,,,,,LAB,0x7ec43Cf65F1663F820427C62A5780b8f2E25593A,1.2634535016194333,2.0720637426558706,FROM_ARKHAM_LABELED_DEX_PROXY,ARKHAM_CHANNEL,HIGH,
LAB,P0,bsc,0x5a50100a7b262b8aea19682d44985a7041d751d17509abb276ed6d7dca636ea1,2026-05-05T04:50:09Z,2026-05-05,0x085F29091ee8a818eDE960a89BD578fe4AC8E824,uniswap,Uniswap,dex,V3 Pool,0x7817DBF38E9d1c95671625F0052c147864692fe0,,,,,LAB,0x7ec43Cf65F1663F820427C62A5780b8f2E25593A,44.96512201646319,73.74280010699962,FROM_ARKHAM_LABELED_DEX_PROXY,ARKHAM_CHANNEL,HIGH,
LAB,P0,bsc,0xe0fc0c582fc7c511e14a25be73ec4bb329856f2220d9df6777f255a6ab95a20a,2026-05-05T04:50:09Z,2026-05-05,0x085F29091ee8a818eDE960a89BD578fe4AC8E824,uniswap,Uniswap,dex,V3 Pool,0x47BDf280e1b247583E11a06F7d7b17b49Af5D560,,,,,LAB,0x7ec43Cf65F1663F820427C62A5780b8f2E25593A,306.5649941004387,502.7665903247194,FROM_ARKHAM_LABELED_DEX_PROXY,ARKHAM_CHANNEL,HIGH,
LAB,P0,bsc,0xe7eae4d6f0f53e8e177c14069b1631cde7cbe5d74e5a31f1f0224ee69e8470e8,2026-05-05T04:50:09Z,2026-05-05,0x9999b0CdD35d7F3B281BA02EfC0d228486940515,,,,,0x238a358808379702088667322f80aC48bAd5e6c4,pancakeswap,PancakeSwap,dex,Vault,LAB,0x7ec43Cf65F1663F820427C62A5780b8f2E25593A,1.2634535016194333,2.0720637426558706,TO_ARKHAM_LABELED_DEX_PROXY,ARKHAM_CHANNEL,HIGH,
LAB,P0,bsc,0xdc948ddc5f41276dc9e2d8e8e6ef0dabdbea6027b0bd4adaaec1a0114535cad7,2026-05-05T04:50:09Z,2026-05-05,0x7d7106e0BD3EE6D85e88dABF8721175731cd37F2,pancakeswap,PancakeSwap,dex,V3 Pool,0x7817DBF38E9d1c95671625F0052c147864692fe0,,,,,LAB,0x7ec43Cf65F1663F820427C62A5780b8f2E25593A,6.161974142369138,10.105637593485385,FROM_ARKHAM_LABELED_DEX_PROXY,ARKHAM_CHANNEL,HIGH,
LAB,P0,bsc,0x36936fb5658eaaa2cbd9da3f527fc9f59ca646be10bcaaa8a8de12ce3dfc1b38,2026-05-05T04:50:09Z,2026-05-05,0x085F29091ee8a818eDE960a89BD578fe4AC8E824,uniswap,Uniswap,dex,V3 Pool,0xBD97306A087ED0c46b783cFBFDcDc6C12C7a2866,,,,,LAB,0x7ec43Cf65F1663F820427C62A5780b8f2E25593A,12.09994516350691,19.843910068151327,FROM_ARKHAM_LABELED_DEX_PROXY,ARKHAM_CHANNEL,HIGH,
LAB,P0,bsc,0x7c1e73bf69cab9fd367b2cb0be7a80917e36d4cf500fa45817d64654325f0b05,2026-05-05T04:50:09Z,2026-05-05,0x7d7106e0BD3EE6D85e88dABF8721175731cd37F2,pancakeswap,PancakeSwap,dex,V3 Pool,0x7817DBF38E9d1c95671625F0052c147864692fe0,,,,,LAB,0x7ec43Cf65F1663F820427C62A5780b8f2E25593A,6.167037929084535,10.113942203698636,FROM_ARKHAM_LABELED_DEX_PROXY,ARKHAM_CHANNEL,HIGH,
LAB,P0,bsc,0x728669b2bd2489a50f6b0ad2123a4bda87f9a8155cda825c9ee1501324420d73,2026-05-05T04:50:09Z,2026-05-05,0x085F29091ee8a818eDE960a89BD578fe4AC8E824,uniswap,Uniswap,dex,V3 Pool,0xBD97306A087ED0c46b783cFBFDcDc6C12C7a2866,,,,,LAB,0x7ec43Cf65F1663F820427C62A5780b8f2E25593A,45.3291988512331,74.33988611602229,FROM_ARKHAM_LABELED_DEX_PROXY,ARKHAM_CHANNEL,HIGH,
LAB,P0,bsc,0x5715f025edec7ece0c7abcb4b571756541fedc3677dc569fed7542f2da0ad6ab,2026-05-05T04:50:09Z,2026-05-05,0x7d7106e0BD3EE6D85e88dABF8721175731cd37F2,pancakeswap,PancakeSwap,dex,V3 Pool,0x7817DBF38E9d1c95671625F0052c147864692fe0,,,,,LAB,0x7ec43Cf65F1663F820427C62A5780b8f2E25593A,6.172484824727757,10.12287511255352,FROM_ARKHAM_LABELED_DEX_PROXY,ARKHAM_CHANNEL,HIGH,
LAB,P0,bsc,0x6ca579dfbdf7e625b37ebf0c53b084435f57821976dfaa31b804857ea1421fb4,2026-05-05T04:50:09Z,2026-05-05,0x085F29091ee8a818eDE960a89BD578fe4AC8E824,uniswap,Uniswap,dex,V3 Pool,0x7817DBF38E9d1c95671625F0052c147864692fe0,,,,,LAB,0x7ec43Cf65F1663F820427C62A5780b8f2E25593A,33.3608035908125,54.7117178889325,FROM_ARKHAM_LABELED_DEX_PROXY,ARKHAM_CHANNEL,HIGH,
LAB,P0,bsc,0xfc614aa1079f5767b9dc48a94bb3894a74ca2932b69a1a24cc73d029dd06f151,2026-05-05T04:50:09Z,2026-05-05,0x7d7106e0BD3EE6D85e88dABF8721175731cd37F2,pancakeswap,PancakeSwap,dex,V3 Pool,0x7817DBF38E9d1c95671625F0052c147864692fe0,,,,,LAB,0x7ec43Cf65F1663F820427C62A5780b8f2E25593A,6.183400287151697,10.140776470928781,FROM_ARKHAM_LABELED_DEX_PROXY,ARKHAM_CHANNEL,HIGH,
LAB,P0,bsc,0xe0fc0c582fc7c511e14a25be73ec4bb329856f2220d9df6777f255a6ab95a20a,2026-05-05T04:50:09Z,2026-05-05,0x47BDf280e1b247583E11a06F7d7b17b49Af5D560,,,,,0xd8B1bF348F5848c35B9eD8175DfA843F06A98C53,,,,,LAB,0x7ec43Cf65F1663F820427C62A5780b8f2E25593A,306.5649941004387,502.7665903247194,BETWEEN_UNKNOWN_WALLETS,ARKHAM_CHANNEL,UNKNOWN,ENTITY_MISSING
LAB,P0,bsc,0xc4dbd2cf88a655485351816a4f0803a88131241ae7743677ef0254a79af333a3,2026-05-05T04:49:56Z,2026-05-05,0xb300000b72DEAEb607a12d5f54773D1C19c7028d,binance-wallet,Binance Wallet,misc,DEX Router,0xf45ecC0b00283c607F2F6e93425E4B9F8e7488d8,liquidmesh,LiquidMesh,dex-aggregator,,LAB,0x7ec43Cf65F1663F820427C62A5780b8f2E25593A,73.18784562,120.02806681679998,FROM_ARKHAM_LABELED_CEX_PROXY,ARKHAM_CHANNEL,HIGH,
LAB,P0,bsc,0xc4dbd2cf88a655485351816a4f0803a88131241ae7743677ef0254a79af333a3,2026-05-05T04:49:56Z,2026-05-05,0x6aba0315493b7e6989041C91181337b662fB1b90,binance-wallet,Binance Wallet,misc,Proxy (EIP-1967 Transparent),0xb300000b72DEAEb607a12d5f54773D1C19c7028d,binance-wallet,Binance Wallet,misc,DEX Router,LAB,0x7ec43Cf65F1663F820427C62A5780b8f2E25593A,73.18784562,120.02806681679998,TO_ARKHAM_LABELED_CEX_PROXY,ARKHAM_CHANNEL,HIGH,
LAB,P0,bsc,0xc4dbd2cf88a655485351816a4f0803a88131241ae7743677ef0254a79af333a3,2026-05-05T04:49:56Z,2026-05-05,0x73D8bD54F7Cf5FAb43fE4Ef40A62D390644946Db,binance-wallet,Binance Wallet,misc,Proxy (EIP-1967 Transparent),0x6aba0315493b7e6989041C91181337b662fB1b90,binance-wallet,Binance Wallet,misc,Proxy (EIP-1967 Transparent),LAB,0x7ec43Cf65F1663F820427C62A5780b8f2E25593A,73.18784562,120.02806681679998,TO_ARKHAM_LABELED_CEX_PROXY,ARKHAM_CHANNEL,HIGH,
LAB,P0,bsc,0xc4dbd2cf88a655485351816a4f0803a88131241ae7743677ef0254a79af333a3,2026-05-05T04:49:56Z,2026-05-05,0xf45ecC0b00283c607F2F6e93425E4B9F8e7488d8,liquidmesh,LiquidMesh,dex-aggregator,,0x085F29091ee8a818eDE960a89BD578fe4AC8E824,uniswap,Uniswap,dex,V3 Pool,LAB,0x7ec43Cf65F1663F820427C62A5780b8f2E25593A,73.18784562,120.02806681679998,TO_ARKHAM_LABELED_DEX_PROXY,ARKHAM_CHANNEL,HIGH,
LAB,P0,bsc,0xeccab85cc6b4918b7708ec23a46156a51f93c227427123f16c9901dad3952b18,2026-05-05T04:49:48Z,2026-05-05,0xc7E3CA54c37F9Fc884b588F395E6B60666308F28,uniswap,Uniswap,dex,V3 Pool,0x39621bb459AfeC823F3162e4fc715E7437D6CCC2,,,,,LAB,0x7ec43Cf65F1663F820427C62A5780b8f2E25593A,3.6292127517136654,5.951908912810411,FROM_ARKHAM_LABELED_DEX_PROXY,ARKHAM_CHANNEL,HIGH,
LAB,P0,bsc,0xc552fe94318d905bd416a8a53fb4e145a80f1e63c1dfc50117b1e4ed6fdf7619,2026-05-05T04:49:47Z,2026-05-05,0x7817DBF38E9d1c95671625F0052c147864692fe0,,,,,0x085F29091ee8a818eDE960a89BD578fe4AC8E824,uniswap,Uniswap,dex,V3 Pool,LAB,0x7ec43Cf65F1663F820427C62A5780b8f2E25593A,44.863409418931475,73.57599144704761,TO_ARKHAM_LABELED_DEX_PROXY,ARKHAM_CHANNEL,HIGH,
BSB,P0,ethereum,0xf584c557e562e5194da78754d02697c88909d6a282e56c7773862c130cf6ce7b,2026-05-05T04:50:11Z,2026-05-05,0xEd90ce38Ef2F58214DA8E246f6DEe96d69974C92,,,,,0x870986668872431686f02429f93ACf8d3ae13bef,,,,,BSB,0xDB6Ba5D510F114F9b2eA08BEa7d30e32eEe33411,125,80.46325,BETWEEN_UNKNOWN_WALLETS,ARKHAM_CHANNEL,UNKNOWN,ENTITY_MISSING
BSB,P0,ethereum,0x970dc55cbfcc42c08d0664e44a39cc7a5325c17bc0b0dce93b04fcabf8b44e90,2026-05-05T04:49:35Z,2026-05-05,0x497bb0136d98A468a503363c7Ead3AAc6Dc7A33c,,,,,0x1AB4973a48dc892Cd9971ECE8e01DcC7688f8F23,bitget,Bitget,cex,Hot Wallet,BSB,0xDB6Ba5D510F114F9b2eA08BEa7d30e32eEe33411,125,80.46325,TO_ARKHAM_LABELED_CEX_PROXY,ARKHAM_CHANNEL,HIGH,
BSB,P0,ethereum,0xbaabe4dd98b7c379a90da92a571445ff76157daf9fcf4409a8fe2736f169a746,2026-05-05T04:48:35Z,2026-05-05,0xD2697480f4157fe27FF15A74C95e5Cc17eA5a923,,,,Bitget Deposit,0x1AB4973a48dc892Cd9971ECE8e01DcC7688f8F23,bitget,Bitget,cex,Hot Wallet,BSB,0xDB6Ba5D510F114F9b2eA08BEa7d30e32eEe33411,125,80.46325,TO_ARKHAM_LABELED_CEX_PROXY,ARKHAM_CHANNEL,HIGH,
BSB,P0,ethereum,0xfae65c8b306eb2bcfc30698dce5a2e31e5cadff89c7ad1115595b08a12f98d67,2026-05-05T04:46:35Z,2026-05-05,0x7f899Cb4F2a91D79d365110D37B3505825E9DD11,,,,,0xE81A137840d959a4FFFFaCf970C136c1eb9148A1,,,,,BSB,0xDB6Ba5D510F114F9b2eA08BEa7d30e32eEe33411,125,77.235625,BETWEEN_UNKNOWN_WALLETS,ARKHAM_CHANNEL,UNKNOWN,ENTITY_MISSING
BSB,P0,ethereum,0x107543883510ab3010a7869febe45518ff4116add5e7b4189360a7e03ff16301,2026-05-05T04:44:35Z,2026-05-05,0x1AB4973a48dc892Cd9971ECE8e01DcC7688f8F23,bitget,Bitget,cex,Hot Wallet,0xf1Ec3a9CfcF64d6749F86C12690d0B541a2D0593,,,,Bybit Deposit,BSB,0xDB6Ba5D510F114F9b2eA08BEa7d30e32eEe33411,13522.353577999998,8355.25944054253,FROM_ARKHAM_LABELED_CEX_PROXY,ARKHAM_CHANNEL,HIGH,
BSB,P0,ethereum,0xef300a77ae42c23533108f18a6297db6fbf37eb1f25e4a063759a49db7879715,2026-05-05T04:44:23Z,2026-05-05,0x7f54F05635d15Cde17A49502fEdB9D1803A3Be8A,0x,0x,dex,MainnetSettler,0x000000000004444c5dc75cB358380D2e3dE08A90,uniswap,Uniswap,dex,PoolManager,BSB,0xDB6Ba5D510F114F9b2eA08BEa7d30e32eEe33411,107.59591020157885,66.48189897490255,TO_ARKHAM_LABELED_DEX_PROXY,ARKHAM_CHANNEL,HIGH,
BSB,P0,ethereum,0xef300a77ae42c23533108f18a6297db6fbf37eb1f25e4a063759a49db7879715,2026-05-05T04:44:23Z,2026-05-05,0x7f54F05635d15Cde17A49502fEdB9D1803A3Be8A,0x,0x,dex,MainnetSettler,0xEDC6531B10297788CBb0fcFAEE904a3803D3E2e4,,,,,BSB,0xDB6Ba5D510F114F9b2eA08BEa7d30e32eEe33411,0.8677089532385391,0.5361443465717948,FROM_ARKHAM_LABELED_DEX_PROXY,ARKHAM_CHANNEL,HIGH,
BSB,P0,ethereum,0xef300a77ae42c23533108f18a6297db6fbf37eb1f25e4a063759a49db7879715,2026-05-05T04:44:23Z,2026-05-05,0x8ecfe4195be0648652D9e1E6736fb688401f2537,,,,,0x7f54F05635d15Cde17A49502fEdB9D1803A3Be8A,0x,0x,dex,MainnetSettler,BSB,0xDB6Ba5D510F114F9b2eA08BEa7d30e32eEe33411,108.4636191548174,67.01804332147435,TO_ARKHAM_LABELED_DEX_PROXY,ARKHAM_CHANNEL,HIGH,
BSB,P0,ethereum,0xa235c39bdca5761c35115d4bf19b2362298f623e0a16c73f874e4b9ae66acbc7,2026-05-05T04:44:11Z,2026-05-05,0x000000000004444c5dc75cB358380D2e3dE08A90,uniswap,Uniswap,dex,PoolManager,0x3d126d6B1581f7566a34bD4e912920bBA41367D5,,,,Proxy (EIP-1967 Transparent),BSB,0xDB6Ba5D510F114F9b2eA08BEa7d30e32eEe33411,452.39246581854167,279.5265187422896,FROM_ARKHAM_LABELED_DEX_PROXY,ARKHAM_CHANNEL,HIGH,
BSB,P0,ethereum,0xa235c39bdca5761c35115d4bf19b2362298f623e0a16c73f874e4b9ae66acbc7,2026-05-05T04:44:11Z,2026-05-05,0x3d126d6B1581f7566a34bD4e912920bBA41367D5,,,,Proxy (EIP-1967 Transparent),0x3ee18B2214AFF97000D974cf647E7C347E8fa585,wormhole,Wormhole,bridge,Token Bridge,BSB,0xDB6Ba5D510F114F9b2eA08BEa7d30e32eEe33411,452.39246581,279.5265187370118,BETWEEN_LABELED_ENTITIES,ARKHAM_CHANNEL,HIGH,
BSB,P0,ethereum,0x246c7d308b7eb21d8e168b47923c565a5f0477ddbb65057ebd008d71b93dcb21,2026-05-05T04:43:59Z,2026-05-05,0x099eC33d7b1Db22591FFBE5d921dF5CA5bE51bbE,,,,,0x497bb0136d98A468a503363c7Ead3AAc6Dc7A33c,,,,,BSB,0xDB6Ba5D510F114F9b2eA08BEa7d30e32eEe33411,125,77.235625,BETWEEN_UNKNOWN_WALLETS,ARKHAM_CHANNEL,UNKNOWN,ENTITY_MISSING
BSB,P0,ethereum,0x87f51ef4c7ac9c6ca710f3a56751f20f997f411287ae0485abada2b62a3ee881,2026-05-05T04:43:35Z,2026-05-05,0x39c9F5A668176982914aDa4aBD493e71Ee1C58ec,,,,,0x1AB4973a48dc892Cd9971ECE8e01DcC7688f8F23,bitget,Bitget,cex,Hot Wallet,BSB,0xDB6Ba5D510F114F9b2eA08BEa7d30e32eEe33411,125,77.235625,TO_ARKHAM_LABELED_CEX_PROXY,ARKHAM_CHANNEL,HIGH,
BSB,P0,ethereum,0x1984ea82131b92a7e31b8733a7e6dc578c3bdbb0746c17502df96d257efc7b54,2026-05-05T04:41:59Z,2026-05-05,0x0f958a74a00008BeD3Fb2054455D8560139059fe,,,,,0xD2697480f4157fe27FF15A74C95e5Cc17eA5a923,,,,Bitget Deposit,BSB,0xDB6Ba5D510F114F9b2eA08BEa7d30e32eEe33411,125,77.235625,BETWEEN_UNKNOWN_WALLETS,ARKHAM_CHANNEL,UNKNOWN,ENTITY_MISSING
BSB,P0,ethereum,0x07abcbcca650b7b91bfe2ecd1d258ca18b3cb6dab76480a19cdeb5efa33dfb72,2026-05-05T04:41:59Z,2026-05-05,0xb92fe925DC43a0ECdE6c8b1a2709c170Ec4fFf4f,relay-link,Relay.link,bridge,RelayRouterV3,0x8ecfe4195be0648652D9e1E6736fb688401f2537,,,,,BSB,0xDB6Ba5D510F114F9b2eA08BEa7d30e32eEe33411,108.4636191548174,67.01804332147435,BETWEEN_LABELED_ENTITIES,ARKHAM_CHANNEL,HIGH,
BSB,P0,ethereum,0x07abcbcca650b7b91bfe2ecd1d258ca18b3cb6dab76480a19cdeb5efa33dfb72,2026-05-05T04:41:59Z,2026-05-05,0x000000000004444c5dc75cB358380D2e3dE08A90,uniswap,Uniswap,dex,PoolManager,0x7f54F05635d15Cde17A49502fEdB9D1803A3Be8A,0x,0x,dex,MainnetSettler,BSB,0xDB6Ba5D510F114F9b2eA08BEa7d30e32eEe33411,20.88869208186865,12.906809507005413,TO_ARKHAM_LABELED_DEX_PROXY,ARKHAM_CHANNEL,HIGH,
BSB,P0,ethereum,0x07abcbcca650b7b91bfe2ecd1d258ca18b3cb6dab76480a19cdeb5efa33dfb72,2026-05-05T04:41:59Z,2026-05-05,0x7f54F05635d15Cde17A49502fEdB9D1803A3Be8A,0x,0x,dex,MainnetSettler,0xb92fe925DC43a0ECdE6c8b1a2709c170Ec4fFf4f,relay-link,Relay.link,bridge,RelayRouterV3,BSB,0xDB6Ba5D510F114F9b2eA08BEa7d30e32eEe33411,108.4636191548174,67.01804332147435,FROM_ARKHAM_LABELED_DEX_PROXY,ARKHAM_CHANNEL,HIGH,
BSB,P0,ethereum,0x07abcbcca650b7b91bfe2ecd1d258ca18b3cb6dab76480a19cdeb5efa33dfb72,2026-05-05T04:41:59Z,2026-05-05,0x000000000004444c5dc75cB358380D2e3dE08A90,uniswap,Uniswap,dex,PoolManager,0x7f54F05635d15Cde17A49502fEdB9D1803A3Be8A,0x,0x,dex,MainnetSettler,BSB,0xDB6Ba5D510F114F9b2eA08BEa7d30e32eEe33411,87.57492707294873,54.111233814468925,TO_ARKHAM_LABELED_DEX_PROXY,ARKHAM_CHANNEL,HIGH,
BSB,P0,ethereum,0x7e2390b4c4864677133b8e4ff67d906eb7a4ba87e681344fbf382e44be4358c1,2026-05-05T04:40:47Z,2026-05-05,0xd3b15F3F1fd1C8bed3C13Cf2B9494bEA4fEe8Ec5,,,,,0x8BB1A68b21B03f0b55b9B793F1C451A893Dde771,,,,,BSB,0xDB6Ba5D510F114F9b2eA08BEa7d30e32eEe33411,125,77.133375,BETWEEN_UNKNOWN_WALLETS,ARKHAM_CHANNEL,UNKNOWN,ENTITY_MISSING
BSB,P0,ethereum,0xe66182a4e260c11785b415c97acf6189ee030f4900f3dc3a3954867a3079d3b5,2026-05-05T04:39:47Z,2026-05-05,0xF747d25E75D79F858a931234EEe635919E3cE999,,,,Bitget Deposit,0x1AB4973a48dc892Cd9971ECE8e01DcC7688f8F23,bitget,Bitget,cex,Hot Wallet,BSB,0xDB6Ba5D510F114F9b2eA08BEa7d30e32eEe33411,625.829126338058,386.17850150204646,TO_ARKHAM_LABELED_CEX_PROXY,ARKHAM_CHANNEL,HIGH,
BSB,P0,ethereum,0x735a21017e0d0955b7495f1e669f8af11297651ab6e6869d9fc46a1fe404fb20,2026-05-05T04:39:11Z,2026-05-05,0xD79e6C205F09cE04DC740777372405FFfDef2f93,oscarptt202,@OscarPTT202,individual,p00ls.arb,0x3Ed4e7237eB5c8B63fF431252FBC96b49706310E,,,,,BSB,0xDB6Ba5D510F114F9b2eA08BEa7d30e32eEe33411,13.743413510899156,8.48060694493001,BETWEEN_LABELED_ENTITIES,ARKHAM_CHANNEL,HIGH,
BSB,P0,ethereum,0x7f61d62ba1df569096e667a61908c9d3fdb9c928ceff2ebbd088c013ec8aa8ff,2026-05-05T04:38:59Z,2026-05-05,0x000000000004444c5dc75cB358380D2e3dE08A90,uniswap,Uniswap,dex,PoolManager,0x7f54F05635d15Cde17A49502fEdB9D1803A3Be8A,0x,0x,dex,MainnetSettler,BSB,0xDB6Ba5D510F114F9b2eA08BEa7d30e32eEe33411,1.298705688434596,0.8013884230452709,TO_ARKHAM_LABELED_DEX_PROXY,ARKHAM_CHANNEL,HIGH,
BSB,P0,ethereum,0x7f61d62ba1df569096e667a61908c9d3fdb9c928ceff2ebbd088c013ec8aa8ff,2026-05-05T04:38:59Z,2026-05-05,0x7f54F05635d15Cde17A49502fEdB9D1803A3Be8A,0x,0x,dex,MainnetSettler,0xb92fe925DC43a0ECdE6c8b1a2709c170Ec4fFf4f,relay-link,Relay.link,bridge,RelayRouterV3,BSB,0xDB6Ba5D510F114F9b2eA08BEa7d30e32eEe33411,1.298705688434596,0.8013884230452709,FROM_ARKHAM_LABELED_DEX_PROXY,ARKHAM_CHANNEL,HIGH,
BSB,P0,ethereum,0x7f61d62ba1df569096e667a61908c9d3fdb9c928ceff2ebbd088c013ec8aa8ff,2026-05-05T04:38:59Z,2026-05-05,0xb92fe925DC43a0ECdE6c8b1a2709c170Ec4fFf4f,relay-link,Relay.link,bridge,RelayRouterV3,0x2500997f992F1857E6088e9659DBC5d6E52Fa2F7,,,,,BSB,0xDB6Ba5D510F114F9b2eA08BEa7d30e32eEe33411,1.298705688434596,0.8013884230452709,BETWEEN_LABELED_ENTITIES,ARKHAM_CHANNEL,HIGH,
BSB,P0,ethereum,0xd1ab6134ed72967c1e09dc2592c4079cd0ea34a598fdc97849b2d6f804d72c87,2026-05-05T04:38:35Z,2026-05-05,0x000000000004444c5dc75cB358380D2e3dE08A90,uniswap,Uniswap,dex,PoolManager,0xE1334452Dbc5d7194D1A0764b9cfEAeA3385deb4,,,,Bybit Deposit,BSB,0xDB6Ba5D510F114F9b2eA08BEa7d30e32eEe33411,12.659255349059755,7.811608720478257,FROM_ARKHAM_LABELED_DEX_PROXY,ARKHAM_CHANNEL,HIGH,
BSB,P0,ethereum,0xd1ab6134ed72967c1e09dc2592c4079cd0ea34a598fdc97849b2d6f804d72c87,2026-05-05T04:38:35Z,2026-05-05,0x000000000004444c5dc75cB358380D2e3dE08A90,uniswap,Uniswap,dex,PoolManager,0xE1334452Dbc5d7194D1A0764b9cfEAeA3385deb4,,,,Bybit Deposit,BSB,0xDB6Ba5D510F114F9b2eA08BEa7d30e32eEe33411,30.200424881573177,18.635685580397716,FROM_ARKHAM_LABELED_DEX_PROXY,ARKHAM_CHANNEL,HIGH,
BSB,P0,ethereum,0x133fceed8910aca0982e8a22d5da27b61e1a7353456684213225be2dfff83b2d,2026-05-05T04:38:23Z,2026-05-05,0x000000000004444c5dc75cB358380D2e3dE08A90,uniswap,Uniswap,dex,PoolManager,0x8C80A47ed0Ca3e41dF78db2C29E8C89F2F04DEe2,,,,Bybit Deposit,BSB,0xDB6Ba5D510F114F9b2eA08BEa7d30e32eEe33411,209.39679738169679,129.2118535699315,FROM_ARKHAM_LABELED_DEX_PROXY,ARKHAM_CHANNEL,HIGH,
BSB,P0,ethereum,0x3a523080afc51d26bcc2fb3b1dd06491b7c203cff522c349e393ffb13282362a,2026-05-05T04:38:23Z,2026-05-05,0xFc4b6F3A264261f1203c21Ab7657E1908adFdbb7,,,,,0x7f54F05635d15Cde17A49502fEdB9D1803A3Be8A,0x,0x,dex,MainnetSettler,BSB,0xDB6Ba5D510F114F9b2eA08BEa7d30e32eEe33411,9,5.553603,TO_ARKHAM_LABELED_DEX_PROXY,ARKHAM_CHANNEL,HIGH,
BSB,P0,ethereum,0x3a523080afc51d26bcc2fb3b1dd06491b7c203cff522c349e393ffb13282362a,2026-05-05T04:38:23Z,2026-05-05,0x7f54F05635d15Cde17A49502fEdB9D1803A3Be8A,0x,0x,dex,MainnetSettler,0xcD6b980029E6E6e0733ac8eC3E02be9410D09799,,,,,BSB,0xDB6Ba5D510F114F9b2eA08BEa7d30e32eEe33411,0.0225,0.0138840075,FROM_ARKHAM_LABELED_DEX_PROXY,ARKHAM_CHANNEL,HIGH,
BSB,P0,ethereum,0x3a523080afc51d26bcc2fb3b1dd06491b7c203cff522c349e393ffb13282362a,2026-05-05T04:38:23Z,2026-05-05,0x7f54F05635d15Cde17A49502fEdB9D1803A3Be8A,0x,0x,dex,MainnetSettler,0x000000000004444c5dc75cB358380D2e3dE08A90,uniswap,Uniswap,dex,PoolManager,BSB,0xDB6Ba5D510F114F9b2eA08BEa7d30e32eEe33411,8.9775,5.539718992500001,TO_ARKHAM_LABELED_DEX_PROXY,ARKHAM_CHANNEL,HIGH,
BSB,P0,ethereum,0xcf81f641ba3fb68a33838bc4904507ed396fb7b72173b9cf04e6123dca434673,2026-05-05T04:37:23Z,2026-05-05,0x0677E9fE1FaEec091dAFBce2eBA82E317726bbBb,,,,,0x39c9F5A668176982914aDa4aBD493e71Ee1C58ec,,,,,BSB,0xDB6Ba5D510F114F9b2eA08BEa7d30e32eEe33411,125,77.133375,BETWEEN_UNKNOWN_WALLETS,ARKHAM_CHANNEL,UNKNOWN,ENTITY_MISSING
BSB,P0,ethereum,0x6de876707962a53f8b5f418ebc25deffb78560a319b51548f3c4b4821c3d3883,2026-05-05T04:36:35Z,2026-05-05,0x2D97a36B86F7e15EeeBe9768A8a09DF3A59380B5,,,,Bitget Deposit,0x1AB4973a48dc892Cd9971ECE8e01DcC7688f8F23,bitget,Bitget,cex,Hot Wallet,BSB,0xDB6Ba5D510F114F9b2eA08BEa7d30e32eEe33411,27.508567378745,16.974629146700043,TO_ARKHAM_LABELED_CEX_PROXY,ARKHAM_CHANNEL,HIGH,
BSB,P0,ethereum,0xdd2f82677b1d9d7dea1dad8d66555f861c49dda79ef3d838bbda24ce28d478e8,2026-05-05T04:35:11Z,2026-05-05,0x000000000004444c5dc75cB358380D2e3dE08A90,uniswap,Uniswap,dex,PoolManager,0x28b1Dc1a5E3699A428BC51d234DFab7C9CB2a183,,,,DexRouter,BSB,0xDB6Ba5D510F114F9b2eA08BEa7d30e32eEe33411,468.5536480231652,289.12899392471047,FROM_ARKHAM_LABELED_DEX_PROXY,ARKHAM_CHANNEL,HIGH,
BSB,P0,ethereum,0xdd2f82677b1d9d7dea1dad8d66555f861c49dda79ef3d838bbda24ce28d478e8,2026-05-05T04:35:11Z,2026-05-05,0x28b1Dc1a5E3699A428BC51d234DFab7C9CB2a183,,,,DexRouter,0xF747d25E75D79F858a931234EEe635919E3cE999,,,,Bitget Deposit,BSB,0xDB6Ba5D510F114F9b2eA08BEa7d30e32eEe33411,625.8291263380581,386.1785015020465,BETWEEN_UNKNOWN_WALLETS,ARKHAM_CHANNEL,UNKNOWN,ENTITY_MISSING
BSB,P0,ethereum,0xdd2f82677b1d9d7dea1dad8d66555f861c49dda79ef3d838bbda24ce28d478e8,2026-05-05T04:35:11Z,2026-05-05,0x000000000004444c5dc75cB358380D2e3dE08A90,uniswap,Uniswap,dex,PoolManager,0x28b1Dc1a5E3699A428BC51d234DFab7C9CB2a183,,,,DexRouter,BSB,0xDB6Ba5D510F114F9b2eA08BEa7d30e32eEe33411,87.53153686779139,54.01282286039743,FROM_ARKHAM_LABELED_DEX_PROXY,ARKHAM_CHANNEL,HIGH,
BSB,P0,ethereum,0xdd2f82677b1d9d7dea1dad8d66555f861c49dda79ef3d838bbda24ce28d478e8,2026-05-05T04:35:11Z,2026-05-05,0x000000000004444c5dc75cB358380D2e3dE08A90,uniswap,Uniswap,dex,PoolManager,0x28b1Dc1a5E3699A428BC51d234DFab7C9CB2a183,,,,DexRouter,BSB,0xDB6Ba5D510F114F9b2eA08BEa7d30e32eEe33411,69.74394144710148,43.03668471693857,FROM_ARKHAM_LABELED_DEX_PROXY,ARKHAM_CHANNEL,HIGH,
BSB,P0,ethereum,0x4f71af7b74c6c35049141124e7fa3993a94201d4afb84dcbcd8a2a8aadc9c350,2026-05-05T04:33:35Z,2026-05-05,0x02591B4fB2cDBac1A95F488c4FD74612335d37dB,,,,Bitget Deposit,0x1AB4973a48dc892Cd9971ECE8e01DcC7688f8F23,bitget,Bitget,cex,Hot Wallet,BSB,0xDB6Ba5D510F114F9b2eA08BEa7d30e32eEe33411,2896.240056999999,1743.6929112770772,TO_ARKHAM_LABELED_CEX_PROXY,ARKHAM_CHANNEL,HIGH,
BSB,P0,ethereum,0xdee9f1b0d383bfc38cbfee18f1a8ef6bf3583801158468466bf60af96e43bcdc,2026-05-05T04:32:23Z,2026-05-05,0x9126B8a53829E5F5eA3cE9c0B72540C26054d489,,,,,0xCD1763046C68c16743E2D0afBc625cebC46EC901,,,,Bybit Deposit,BSB,0xDB6Ba5D510F114F9b2eA08BEa7d30e32eEe33411,125,75.25675,BETWEEN_UNKNOWN_WALLETS,ARKHAM_CHANNEL,UNKNOWN,ENTITY_MISSING
BSB,P0,ethereum,0x35b6ffd480225bf9a34f805f0ecd34c287c19e2068600269e63330a9e703022a,2026-05-05T04:31:47Z,2026-05-05,0x4200952370767c80c1BDC7F8Fb991D9FFcf3921E,,,,,0x2D97a36B86F7e15EeeBe9768A8a09DF3A59380B5,,,,Bitget Deposit,BSB,0xDB6Ba5D510F114F9b2eA08BEa7d30e32eEe33411,27.50856737874524,16.561643024643086,BETWEEN_UNKNOWN_WALLETS,ARKHAM_CHANNEL,UNKNOWN,ENTITY_MISSING
BSB,P0,ethereum,0x384a894f8525e01431537bbcb0d330f74612475335521a02a3de8e496de756b4,2026-05-05T04:30:35Z,2026-05-05,0x7f54F05635d15Cde17A49502fEdB9D1803A3Be8A,0x,0x,dex,MainnetSettler,0x000000000004444c5dc75cB358380D2e3dE08A90,uniswap,Uniswap,dex,PoolManager,BSB,0xDB6Ba5D510F114F9b2eA08BEa7d30e32eEe33411,0.26103997916640065,0.15716016361704815,TO_ARKHAM_LABELED_DEX_PROXY,ARKHAM_CHANNEL,HIGH,
BSB,P0,ethereum,0x384a894f8525e01431537bbcb0d330f74612475335521a02a3de8e496de756b4,2026-05-05T04:30:35Z,2026-05-05,0x4ACb6C4321253548a7d4Bb9C84032Cc4eE04bFD7,,,,,0x7f54F05635d15Cde17A49502fEdB9D1803A3Be8A,0x,0x,dex,MainnetSettler,BSB,0xDB6Ba5D510F114F9b2eA08BEa7d30e32eEe33411,0.26103997916640065,0.15716016361704815,TO_ARKHAM_LABELED_DEX_PROXY,ARKHAM_CHANNEL,HIGH,
BSB,P0,ethereum,0x861dc7c8f060037d47e15d09ece5d899b77b9c8c66f204216bdf4e571f726337,2026-05-05T04:29:59Z,2026-05-05,0xcf168377F5647e7336E3feeC9b121f4C9A2056ff,,,,,0xd7Af522e95C45ae6B9E03d8BB39d363139f44eB7,,,,,BSB,0xDB6Ba5D510F114F9b2eA08BEa7d30e32eEe33411,1,0.602054,BETWEEN_UNKNOWN_WALLETS,ARKHAM_CHANNEL,UNKNOWN,ENTITY_MISSING
BSB,P0,ethereum,0x00b6b9b462e4cd9fa3b623b60ffeb88ef582d240fd5328bbafd55050e9a313c6,2026-05-05T04:28:47Z,2026-05-05,0xcaCCd906389c10A78a6D582c2c39F354C9bAF3f9,,,,,0x02591B4fB2cDBac1A95F488c4FD74612335d37dB,,,,Bitget Deposit,BSB,0xDB6Ba5D510F114F9b2eA08BEa7d30e32eEe33411,2896.240057,1743.6929112770779,BETWEEN_UNKNOWN_WALLETS,ARKHAM_CHANNEL,UNKNOWN,ENTITY_MISSING
BSB,P0,ethereum,0xdaaf77b66d799fd82fa2d54a123e7b61c08f0582126330e4ccb4c61b928628b8,2026-05-05T04:28:35Z,2026-05-05,0x468b08f3cb200412F44cAc7Ec0ae5A2109264435,,,,BSBOFTAdapter,0xcaCCd906389c10A78a6D582c2c39F354C9bAF3f9,,,,,BSB,0xDB6Ba5D510F114F9b2eA08BEa7d30e32eEe33411,2896.2400559999996,1743.692910675024,BETWEEN_UNKNOWN_WALLETS,ARKHAM_CHANNEL,UNKNOWN,ENTITY_MISSING
BSB,P0,ethereum,0x2fa8cf472b2455b1ac975e808b39296523d0e12b55110ab57bd1fd18968a29dc,2026-05-05T04:25:35Z,2026-05-05,0x4997FD000C1C5A385206Fb8377c6f96141fDe3bC,,,,,0x1AB4973a48dc892Cd9971ECE8e01DcC7688f8F23,bitget,Bitget,cex,Hot Wallet,BSB,0xDB6Ba5D510F114F9b2eA08BEa7d30e32eEe33411,125,75.50474999999999,TO_ARKHAM_LABELED_CEX_PROXY,ARKHAM_CHANNEL,HIGH,
BSB,P0,ethereum,0xd62ab87b9bc353e55832a8b4a6bfa59ddbb6a71ddcd1a768a243dce1c1299972,2026-05-05T04:19:47Z,2026-05-05,0x547Add2Ffe0a7915044E3cC420a5C6455D079467,,,,,0xB68D8d2eFC964A5856100005c76851bD53602072,,,,,BSB,0xDB6Ba5D510F114F9b2eA08BEa7d30e32eEe33411,125,75.391125,BETWEEN_UNKNOWN_WALLETS,ARKHAM_CHANNEL,UNKNOWN,ENTITY_MISSING
BSB,P0,ethereum,0x4fc47ce497bfb4dd5fa91fcebab05593426636299603a8549f6ba2bc318bd714,2026-05-05T04:18:47Z,2026-05-05,0x41160dd0552249418E620adf0AF7696851c9C3A3,,,,,0x4997FD000C1C5A385206Fb8377c6f96141fDe3bC,,,,,BSB,0xDB6Ba5D510F114F9b2eA08BEa7d30e32eEe33411,125,75.391125,BETWEEN_UNKNOWN_WALLETS,ARKHAM_CHANNEL,UNKNOWN,ENTITY_MISSING
BSB,P0,ethereum,0x7a71c5079e080cd4ed984c631de8fef597de7c9ef9ca099b8bc7c1e99d3464e5,2026-05-05T04:16:23Z,2026-05-05,0x8E1068373F3EA504961BA65105A3dfAa4CEcAf0a,,,,,0x1Ab5222021180A674f5FB9F08526474E80043833,,,,,BSB,0xDB6Ba5D510F114F9b2eA08BEa7d30e32eEe33411,12.710263547203702,7.665928542961423,BETWEEN_UNKNOWN_WALLETS,ARKHAM_CHANNEL,UNKNOWN,ENTITY_MISSING
BSB,P0,ethereum,0xb3a0137eba614adc7405540e9776e9e28149383e2092ed4fa2b86e1e93f149e6,2026-05-05T04:15:59Z,2026-05-05,0xa5548Fb2D306bd8e02Ec663c611C1F3FDf2Be80E,,,,,0x203c4d3136796DAd2f56c26F90A76e25D2ab6863,,,,,BSB,0xDB6Ba5D510F114F9b2eA08BEa7d30e32eEe33411,125,75.391125,BETWEEN_UNKNOWN_WALLETS,ARKHAM_CHANNEL,UNKNOWN,ENTITY_MISSING
BSB,P0,ethereum,0xb1a67757818852f2cd2d56225e597f2bf947bc616229c8feaff3384e83888316,2026-05-05T04:15:47Z,2026-05-05,0x1036176f4D7a6EeEeCF63D56c6Ef9570c7DcEF9a,,,,,0x1AB4973a48dc892Cd9971ECE8e01DcC7688f8F23,bitget,Bitget,cex,Hot Wallet,BSB,0xDB6Ba5D510F114F9b2eA08BEa7d30e32eEe33411,125,75.391125,TO_ARKHAM_LABELED_CEX_PROXY,ARKHAM_CHANNEL,HIGH,
BSB,P0,ethereum,0x88849f182423c05aaca9711487ffee280f6aa42630c7073b607eae35a61dcf9a,2026-05-05T04:15:23Z,2026-05-05,0x02591B4fB2cDBac1A95F488c4FD74612335d37dB,,,,Bitget Deposit,0x1AB4973a48dc892Cd9971ECE8e01DcC7688f8F23,bitget,Bitget,cex,Hot Wallet,BSB,0xDB6Ba5D510F114F9b2eA08BEa7d30e32eEe33411,2856.184686,1722.6478134824943,TO_ARKHAM_LABELED_CEX_PROXY,ARKHAM_CHANNEL,HIGH,
BSB,P0,ethereum,0x170410b45cb1d059ef4374548d02524108cf24adc677ce03fd919bfa472dd978,2026-05-05T04:10:11Z,2026-05-05,0x7B9d43ef9d740bc6b6E593e1FC7c4B910A75fd00,,,,,0x7f54F05635d15Cde17A49502fEdB9D1803A3Be8A,0x,0x,dex,MainnetSettler,BSB,0xDB6Ba5D510F114F9b2eA08BEa7d30e32eEe33411,8.61612293,5.238921537988411,TO_ARKHAM_LABELED_DEX_PROXY,ARKHAM_CHANNEL,HIGH,
BSB,P0,ethereum,0x170410b45cb1d059ef4374548d02524108cf24adc677ce03fd919bfa472dd978,2026-05-05T04:10:11Z,2026-05-05,0x7f54F05635d15Cde17A49502fEdB9D1803A3Be8A,0x,0x,dex,MainnetSettler,0xEDC6531B10297788CBb0fcFAEE904a3803D3E2e4,,,,,BSB,0xDB6Ba5D510F114F9b2eA08BEa7d30e32eEe33411,0.06892898344,0.04191137230390728,FROM_ARKHAM_LABELED_DEX_PROXY,ARKHAM_CHANNEL,HIGH,
BSB,P0,ethereum,0x170410b45cb1d059ef4374548d02524108cf24adc677ce03fd919bfa472dd978,2026-05-05T04:10:11Z,2026-05-05,0x7f54F05635d15Cde17A49502fEdB9D1803A3Be8A,0x,0x,dex,MainnetSettler,0x000000000004444c5dc75cB358380D2e3dE08A90,uniswap,Uniswap,dex,PoolManager,BSB,0xDB6Ba5D510F114F9b2eA08BEa7d30e32eEe33411,8.54719394656,5.197010165684503,TO_ARKHAM_LABELED_DEX_PROXY,ARKHAM_CHANNEL,HIGH,
BSB,P0,ethereum,0x9723631e52291404931db756dedbcf0a25d99e509055ae7f982511c9b50fefc1,2026-05-05T04:09:11Z,2026-05-05,0x725f1436E9924a689Aed9d21fDEF64A5B34e2DbE,,,,,0x1036176f4D7a6EeEeCF63D56c6Ef9570c7DcEF9a,,,,,BSB,0xDB6Ba5D510F114F9b2eA08BEa7d30e32eEe33411,125,76.00462500000002,BETWEEN_UNKNOWN_WALLETS,ARKHAM_CHANNEL,UNKNOWN,ENTITY_MISSING
BSB,P0,ethereum,0xd770abf04cc7a96f38304fb9d828039b16eb4e7258d5f890fee548aa971c9471,2026-05-05T04:07:35Z,2026-05-05,0x7f54F05635d15Cde17A49502fEdB9D1803A3Be8A,0x,0x,dex,MainnetSettler,0xEDC6531B10297788CBb0fcFAEE904a3803D3E2e4,,,,,BSB,0xDB6Ba5D510F114F9b2eA08BEa7d30e32eEe33411,0.13750250032,0.08360660778707184,FROM_ARKHAM_LABELED_DEX_PROXY,ARKHAM_CHANNEL,HIGH,
BSB,P0,ethereum,0xd770abf04cc7a96f38304fb9d828039b16eb4e7258d5f890fee548aa971c9471,2026-05-05T04:07:35Z,2026-05-05,0x7B9d43ef9d740bc6b6E593e1FC7c4B910A75fd00,,,,,0x7f54F05635d15Cde17A49502fEdB9D1803A3Be8A,0x,0x,dex,MainnetSettler,BSB,0xDB6Ba5D510F114F9b2eA08BEa7d30e32eEe33411,17.18781254,10.450825973383981,TO_ARKHAM_LABELED_DEX_PROXY,ARKHAM_CHANNEL,HIGH,
BSB,P0,ethereum,0xd770abf04cc7a96f38304fb9d828039b16eb4e7258d5f890fee548aa971c9471,2026-05-05T04:07:35Z,2026-05-05,0x7f54F05635d15Cde17A49502fEdB9D1803A3Be8A,0x,0x,dex,MainnetSettler,0x000000000004444c5dc75cB358380D2e3dE08A90,uniswap,Uniswap,dex,PoolManager,BSB,0xDB6Ba5D510F114F9b2eA08BEa7d30e32eEe33411,17.05031003968,10.36721936559691,TO_ARKHAM_LABELED_DEX_PROXY,ARKHAM_CHANNEL,HIGH,
BSB,P0,ethereum,0x6d3fefa86cf18a5d0f80412675ee7c2916163d7af9db23d86b99b7771ce3f79f,2026-05-05T04:04:59Z,2026-05-05,0x7B9d43ef9d740bc6b6E593e1FC7c4B910A75fd00,,,,,0x7f54F05635d15Cde17A49502fEdB9D1803A3Be8A,0x,0x,dex,MainnetSettler,BSB,0xDB6Ba5D510F114F9b2eA08BEa7d30e32eEe33411,34.28929793,20.849161845463414,TO_ARKHAM_LABELED_DEX_PROXY,ARKHAM_CHANNEL,HIGH,
BSB,P0,ethereum,0x6d3fefa86cf18a5d0f80412675ee7c2916163d7af9db23d86b99b7771ce3f79f,2026-05-05T04:04:59Z,2026-05-05,0x7f54F05635d15Cde17A49502fEdB9D1803A3Be8A,0x,0x,dex,MainnetSettler,0x000000000004444c5dc75cB358380D2e3dE08A90,uniswap,Uniswap,dex,PoolManager,BSB,0xDB6Ba5D510F114F9b2eA08BEa7d30e32eEe33411,34.01498354656,20.682368550699703,TO_ARKHAM_LABELED_DEX_PROXY,ARKHAM_CHANNEL,HIGH,
BSB,P0,ethereum,0x6d3fefa86cf18a5d0f80412675ee7c2916163d7af9db23d86b99b7771ce3f79f,2026-05-05T04:04:59Z,2026-05-05,0x7f54F05635d15Cde17A49502fEdB9D1803A3Be8A,0x,0x,dex,MainnetSettler,0xEDC6531B10297788CBb0fcFAEE904a3803D3E2e4,,,,,BSB,0xDB6Ba5D510F114F9b2eA08BEa7d30e32eEe33411,0.27431438344,0.1667932947637073,FROM_ARKHAM_LABELED_DEX_PROXY,ARKHAM_CHANNEL,HIGH,
BSB,P0,ethereum,0x6a9e337be244cffd54dff68f68fc689e1e7771f1cd75a1178b0067e62e970acf,2026-05-05T04:01:47Z,2026-05-05,0xD1EAB390D4c36f026e0732caee030F7f47aa7DCF,,,,,0x9DEd78695F160af5BFcc4DedAdf5f237eBc4A45E,,,,,BSB,0xDB6Ba5D510F114F9b2eA08BEa7d30e32eEe33411,125,75.133875,BETWEEN_UNKNOWN_WALLETS,ARKHAM_CHANNEL,UNKNOWN,ENTITY_MISSING
BSB,P0,ethereum,0xf96b5f7b12f2cdd5c12bf981910e5c754bb404c9bcba3d4ad367760949b4448f,2026-05-05T04:01:47Z,2026-05-05,0x7f54F05635d15Cde17A49502fEdB9D1803A3Be8A,0x,0x,dex,MainnetSettler,0x000000000004444c5dc75cB358380D2e3dE08A90,uniswap,Uniswap,dex,PoolManager,BSB,0xDB6Ba5D510F114F9b2eA08BEa7d30e32eEe33411,16.10334349664,9.679252778868902,TO_ARKHAM_LABELED_DEX_PROXY,ARKHAM_CHANNEL,HIGH,
BSB,P0,ethereum,0xf96b5f7b12f2cdd5c12bf981910e5c754bb404c9bcba3d4ad367760949b4448f,2026-05-05T04:01:47Z,2026-05-05,0x7f54F05635d15Cde17A49502fEdB9D1803A3Be8A,0x,0x,dex,MainnetSettler,0xEDC6531B10297788CBb0fcFAEE904a3803D3E2e4,,,,,BSB,0xDB6Ba5D510F114F9b2eA08BEa7d30e32eEe33411,0.12986567336,0.07805849015216856,FROM_ARKHAM_LABELED_DEX_PROXY,ARKHAM_CHANNEL,HIGH,
BSB,P0,ethereum,0xf96b5f7b12f2cdd5c12bf981910e5c754bb404c9bcba3d4ad367760949b4448f,2026-05-05T04:01:47Z,2026-05-05,0x7B9d43ef9d740bc6b6E593e1FC7c4B910A75fd00,,,,,0x7f54F05635d15Cde17A49502fEdB9D1803A3Be8A,0x,0x,dex,MainnetSettler,BSB,0xDB6Ba5D510F114F9b2eA08BEa7d30e32eEe33411,16.23320917,9.75731126902107,TO_ARKHAM_LABELED_DEX_PROXY,ARKHAM_CHANNEL,HIGH,
BSB,P0,ethereum,0xe884ac2d32585487de5752fe825659b933371e67a61cc83c0805114fb9c6391f,2026-05-05T03:49:35Z,2026-05-05,0xdaeB9B7a08Bba95aBA063290E242E89eA7ebbA0E,,,,,0x1AB4973a48dc892Cd9971ECE8e01DcC7688f8F23,bitget,Bitget,cex,Hot Wallet,BSB,0xDB6Ba5D510F114F9b2eA08BEa7d30e32eEe33411,125,75.91587499999999,TO_ARKHAM_LABELED_CEX_PROXY,ARKHAM_CHANNEL,HIGH,
BSB,P0,ethereum,0x1e09bc5f6f5088948b043fb676f9f01ebcafdb647f2ec95e4f016016a64a634a,2026-05-05T03:46:35Z,2026-05-05,0x1c54d4bE4341656839FBEd22bF7909ECE7556259,,,,,0x1AB4973a48dc892Cd9971ECE8e01DcC7688f8F23,bitget,Bitget,cex,Hot Wallet,BSB,0xDB6Ba5D510F114F9b2eA08BEa7d30e32eEe33411,125,75.14312500000001,TO_ARKHAM_LABELED_CEX_PROXY,ARKHAM_CHANNEL,HIGH,
BSB,P0,ethereum,0x615870c0adb9ad58d956d9a6e87b7c64cb4d5a24b65597f9e91a2e42d0913c96,2026-05-05T03:42:59Z,2026-05-05,0xF586B05551672535fc9AE74c0EEeB406C6e0F65B,,,,,0xdaeB9B7a08Bba95aBA063290E242E89eA7ebbA0E,,,,,BSB,0xDB6Ba5D510F114F9b2eA08BEa7d30e32eEe33411,125,75.14312500000001,BETWEEN_UNKNOWN_WALLETS,ARKHAM_CHANNEL,UNKNOWN,ENTITY_MISSING
BSB,P0,ethereum,0x9d4e4e804dbf6c6d65efe76900cec715854cb98f98618a91a9bacabb4b7dd7f4,2026-05-05T03:42:59Z,2026-05-05,0xaE7b875786C2B279Ac09ABe504C0ED73657f2474,,,,,0x053C191e2c17302D4Fc3BfbDf509DBe47b2a5d0a,,,,,BSB,0xDB6Ba5D510F114F9b2eA08BEa7d30e32eEe33411,18.455042283016674,11.094156393224061,BETWEEN_UNKNOWN_WALLETS,ARKHAM_CHANNEL,UNKNOWN,ENTITY_MISSING
BSB,P0,ethereum,0x556a592c88b19618e89f950cb2c80fac20a399efb2d08fc4660c445f6841f5d3,2026-05-05T03:40:47Z,2026-05-05,0x705B41B0A73b33b7D386ECfEc1Fcf43aee6bd586,,,,,0x1AB4973a48dc892Cd9971ECE8e01DcC7688f8F23,bitget,Bitget,cex,Hot Wallet,BSB,0xDB6Ba5D510F114F9b2eA08BEa7d30e32eEe33411,125,75.14312500000001,TO_ARKHAM_LABELED_CEX_PROXY,ARKHAM_CHANNEL,HIGH,
BSB,P0,ethereum,0xeb381a45b13d0963eb383470c2bdc4d5206b0e1da8dd0c5e1fd4f3a744fcab97,2026-05-05T03:39:59Z,2026-05-05,0x8Fa69C824631c04adD7bADdC63fAB7377e504246,,,,,0x1c54d4bE4341656839FBEd22bF7909ECE7556259,,,,,BSB,0xDB6Ba5D510F114F9b2eA08BEa7d30e32eEe33411,125,75.4265,BETWEEN_UNKNOWN_WALLETS,ARKHAM_CHANNEL,UNKNOWN,ENTITY_MISSING
BSB,P0,ethereum,0x7aba6077e54f2f5d00fbc66e0102dfa7398104c2e975ea65fe3bd9628cff0362,2026-05-05T03:37:59Z,2026-05-05,0x3afd7A8D7F624F9B977427b1EEE1ecf1781C859B,,,,,0xB5E9eDdBf173Af1d6dc3E8568ac0d0A51907B39b,,,,,BSB,0xDB6Ba5D510F114F9b2eA08BEa7d30e32eEe33411,125,75.4265,BETWEEN_UNKNOWN_WALLETS,ARKHAM_CHANNEL,UNKNOWN,ENTITY_MISSING
BSB,P0,ethereum,0x489163fb65d2161a7d6eb8338d41da0c51d295dac77e0585b8d2d1d6e36cb798,2026-05-05T03:35:47Z,2026-05-05,0xCa98717Fe21e880c3600aD6DE35CaE80bE49d22A,,,,,0x705B41B0A73b33b7D386ECfEc1Fcf43aee6bd586,,,,,BSB,0xDB6Ba5D510F114F9b2eA08BEa7d30e32eEe33411,125,75.4265,BETWEEN_UNKNOWN_WALLETS,ARKHAM_CHANNEL,UNKNOWN,ENTITY_MISSING
BSB,P0,ethereum,0x9ed61dec7c993bf9f10fba642441c5cca89dc21eddaaf8a4ff45aa940e7f1ab2,2026-05-05T03:35:35Z,2026-05-05,0xcaCCd906389c10A78a6D582c2c39F354C9bAF3f9,,,,,0x468b08f3cb200412F44cAc7Ec0ae5A2109264435,,,,BSBOFTAdapter,BSB,0xDB6Ba5D510F114F9b2eA08BEa7d30e32eEe33411,3497.056658,2110.165952117096,BETWEEN_UNKNOWN_WALLETS,ARKHAM_CHANNEL,UNKNOWN,ENTITY_MISSING
BSB,P0,ethereum,0xae53cb8bd0c94128da60a50baf915a34479fdc059d52d5b4704729a9f6403c15,2026-05-05T03:35:11Z,2026-05-05,0x1A6AfB85864029E761AF3252098FAbe6538fb7ad,,,,,0x1Fa9730d1468eC5AABCd92B89db7a9ceFc000982,,,,Bybit Deposit,BSB,0xDB6Ba5D510F114F9b2eA08BEa7d30e32eEe33411,125,75.4265,BETWEEN_UNKNOWN_WALLETS,ARKHAM_CHANNEL,UNKNOWN,ENTITY_MISSING
BSB,P0,ethereum,0x388fcccb02a62d24052c3c4135b8d71ed094dadf8884b93f86ada60def5500bf,2026-05-05T03:35:11Z,2026-05-05,0x1AB4973a48dc892Cd9971ECE8e01DcC7688f8F23,bitget,Bitget,cex,Hot Wallet,0xcaCCd906389c10A78a6D582c2c39F354C9bAF3f9,,,,,BSB,0xDB6Ba5D510F114F9b2eA08BEa7d30e32eEe33411,3497.056659,2110.165952720508,FROM_ARKHAM_LABELED_CEX_PROXY,ARKHAM_CHANNEL,HIGH,
BSB,P0,ethereum,0x2b360aa3055269a3bebc15618746062d3d11200579f24f72ecf270e312205225,2026-05-05T03:34:35Z,2026-05-05,0x8842414BaD9F26f18D69D9A1b7a70Dc90b0c9F67,,,,,0x1AB4973a48dc892Cd9971ECE8e01DcC7688f8F23,bitget,Bitget,cex,Hot Wallet,BSB,0xDB6Ba5D510F114F9b2eA08BEa7d30e32eEe33411,125,75.4265,TO_ARKHAM_LABELED_CEX_PROXY,ARKHAM_CHANNEL,HIGH,
BSB,P0,ethereum,0xa858bae7efa6bd0b5af4cb0b10c8da7e82b99df18b9c7882904a3b0c2ec03930,2026-05-05T03:33:47Z,2026-05-05,0xb83d776ef4EB9d334218F4067BBa6F087C530B4a,,,,Bitget Deposit,0x1AB4973a48dc892Cd9971ECE8e01DcC7688f8F23,bitget,Bitget,cex,Hot Wallet,BSB,0xDB6Ba5D510F114F9b2eA08BEa7d30e32eEe33411,125,75.4265,TO_ARKHAM_LABELED_CEX_PROXY,ARKHAM_CHANNEL,HIGH,
BSB,P0,ethereum,0x599f492d80b99b58147af2528ddce0b9111e81154f4771aeb5fcacb1142b2600,2026-05-05T03:32:11Z,2026-05-05,0x6ce5Eef7318804e28E1daA963da0E85732BdBef9,,,,,0xBFE1079F5DAC9E55473D73eaeD505b2690A23Ecd,,,,Bybit Deposit,BSB,0xDB6Ba5D510F114F9b2eA08BEa7d30e32eEe33411,125,75.4265,BETWEEN_UNKNOWN_WALLETS,ARKHAM_CHANNEL,UNKNOWN,ENTITY_MISSING
BSB,P0,ethereum,0x23a92d8d356367aafe16edfa82f6ec05ebdf318a4ca52e1e63e7f4aa6088dfb4,2026-05-05T03:28:23Z,2026-05-05,0x41440dc538868DBEBDed5fA752BF25177221a8b6,,,,,0x8842414BaD9F26f18D69D9A1b7a70Dc90b0c9F67,,,,,BSB,0xDB6Ba5D510F114F9b2eA08BEa7d30e32eEe33411,125,76.501,BETWEEN_UNKNOWN_WALLETS,ARKHAM_CHANNEL,UNKNOWN,ENTITY_MISSING
BSB,P0,ethereum,0x6b97b470c98d76e1072e34cd317940ddbaa7591d6a7dbb20fdc8fc9a62b8cfb2,2026-05-05T03:27:59Z,2026-05-05,0x1B87c88Fc69EB5A1042125F607a182171bbE9A8d,,,,,0xb83d776ef4EB9d334218F4067BBa6F087C530B4a,,,,Bitget Deposit,BSB,0xDB6Ba5D510F114F9b2eA08BEa7d30e32eEe33411,125,76.501,BETWEEN_UNKNOWN_WALLETS,ARKHAM_CHANNEL,UNKNOWN,ENTITY_MISSING
BSB,P0,ethereum,0xbfb45ca4be7499ed5f1e99c2f36bb3d8c40a447e05ec8b8b72686f98add0170e,2026-05-05T03:10:11Z,2026-05-05,0xcaCCd906389c10A78a6D582c2c39F354C9bAF3f9,,,,,0x02591B4fB2cDBac1A95F488c4FD74612335d37dB,,,,Bitget Deposit,BSB,0xDB6Ba5D510F114F9b2eA08BEa7d30e32eEe33411,2856.184686,1750.8697743648602,BETWEEN_UNKNOWN_WALLETS,ARKHAM_CHANNEL,UNKNOWN,ENTITY_MISSING
BSB,P0,ethereum,0x5853653bd849995b9d54b921d6e047d140087f56826b3b10168da6a1b3d1cc01,2026-05-05T03:09:59Z,2026-05-05,0x468b08f3cb200412F44cAc7Ec0ae5A2109264435,,,,BSBOFTAdapter,0xcaCCd906389c10A78a6D582c2c39F354C9bAF3f9,,,,,BSB,0xDB6Ba5D510F114F9b2eA08BEa7d30e32eEe33411,2856.184686,1750.8697743648602,BETWEEN_UNKNOWN_WALLETS,ARKHAM_CHANNEL,UNKNOWN,ENTITY_MISSING
BSB,P0,ethereum,0x28fec144c5ce46c332537a90604051d7dc023125ced66c9ba2c877a7b5dca4e4,2026-05-05T03:08:47Z,2026-05-05,0x000000000004444c5dc75cB358380D2e3dE08A90,uniswap,Uniswap,dex,PoolManager,0x82A365858b4A82eED80e5473C6F698f93B48617F,,,,MEXC Deposit,BSB,0xDB6Ba5D510F114F9b2eA08BEa7d30e32eEe33411,137.63333181154138,84.37060873379299,FROM_ARKHAM_LABELED_DEX_PROXY,ARKHAM_CHANNEL,HIGH,
BSB,P0,ethereum,0x3baf10a46fa5a2cc6924764acc61910a7ff32cd910bd80b1c7effb982d281ceb,2026-05-05T02:50:35Z,2026-05-05,0x000000000004444c5dc75cB358380D2e3dE08A90,uniswap,Uniswap,dex,PoolManager,0x82A365858b4A82eED80e5473C6F698f93B48617F,,,,MEXC Deposit,BSB,0xDB6Ba5D510F114F9b2eA08BEa7d30e32eEe33411,184.5673720473357,111.87551256649255,FROM_ARKHAM_LABELED_DEX_PROXY,ARKHAM_CHANNEL,HIGH,
BSB,P0,ethereum,0x6e7c43580dc73256ef5f8c29d8432de666e2532b4c4df8b38d4d22cdd6b3176c,2026-05-05T02:35:35Z,2026-05-05,0x3611B82c7B13e72b26eb0E9BE0613bEE7A45aC7c,magpie-protocol,Fly (Prev. Magpie Protocol),crosschain-interoperability,MagpieRouterCore,0x000000000004444c5dc75cB358380D2e3dE08A90,uniswap,Uniswap,dex,PoolManager,BSB,0xDB6Ba5D510F114F9b2eA08BEa7d30e32eEe33411,40.130285553375,24.104777711346888,TO_ARKHAM_LABELED_DEX_PROXY,ARKHAM_CHANNEL,HIGH,
BSB,P0,ethereum,0x6e7c43580dc73256ef5f8c29d8432de666e2532b4c4df8b38d4d22cdd6b3176c,2026-05-05T02:35:35Z,2026-05-05,0x1231DEB6f5749EF6cE6943a275A1D3E7486F4EaE,li-fi,LiFi,dex-aggregator,LiFi Diamond,0xC06ebbefD94032B85424D51906e2A335EFAe264B,,,,,BSB,0xDB6Ba5D510F114F9b2eA08BEa7d30e32eEe33411,0.0485691807,0.029173709786804097,BETWEEN_LABELED_ENTITIES,ARKHAM_CHANNEL,HIGH,
BSB,P0,ethereum,0x6e7c43580dc73256ef5f8c29d8432de666e2532b4c4df8b38d4d22cdd6b3176c,2026-05-05T02:35:35Z,2026-05-05,0x7B9d43ef9d740bc6b6E593e1FC7c4B910A75fd00,,,,,0x1231DEB6f5749EF6cE6943a275A1D3E7486F4EaE,li-fi,LiFi,dex-aggregator,LiFi Diamond,BSB,0xDB6Ba5D510F114F9b2eA08BEa7d30e32eEe33411,40.474317250000006,24.31142482233675,BETWEEN_LABELED_ENTITIES,ARKHAM_CHANNEL,HIGH,
BSB,P0,ethereum,0x6e7c43580dc73256ef5f8c29d8432de666e2532b4c4df8b38d4d22cdd6b3176c,2026-05-05T02:35:35Z,2026-05-05,0x1231DEB6f5749EF6cE6943a275A1D3E7486F4EaE,li-fi,LiFi,dex-aggregator,LiFi Diamond,0xFAD4c8F1e71E4c56B87733BD916FF7CfF46c6C29,,,,,BSB,0xDB6Ba5D510F114F9b2eA08BEa7d30e32eEe33411,0.295462515925,0.17747340120305827,BETWEEN_LABELED_ENTITIES,ARKHAM_CHANNEL,HIGH,
BSB,P0,ethereum,0x6e7c43580dc73256ef5f8c29d8432de666e2532b4c4df8b38d4d22cdd6b3176c,2026-05-05T02:35:35Z,2026-05-05,0x1231DEB6f5749EF6cE6943a275A1D3E7486F4EaE,li-fi,LiFi,dex-aggregator,LiFi Diamond,0xA6E941eaB67569ca4522f70d343714fF51d571c4,magpie-protocol,Fly (Prev. Magpie Protocol),crosschain-interoperability,MagpieRouterV3_1,BSB,0xDB6Ba5D510F114F9b2eA08BEa7d30e32eEe33411,40.130285553375,24.104777711346888,BETWEEN_LABELED_ENTITIES,ARKHAM_CHANNEL,HIGH,
BSB,P0,ethereum,0x6e7c43580dc73256ef5f8c29d8432de666e2532b4c4df8b38d4d22cdd6b3176c,2026-05-05T02:35:35Z,2026-05-05,0xA6E941eaB67569ca4522f70d343714fF51d571c4,magpie-protocol,Fly (Prev. Magpie Protocol),crosschain-interoperability,MagpieRouterV3_1,0x3611B82c7B13e72b26eb0E9BE0613bEE7A45aC7c,magpie-protocol,Fly (Prev. Magpie Protocol),crosschain-interoperability,MagpieRouterCore,BSB,0xDB6Ba5D510F114F9b2eA08BEa7d30e32eEe33411,40.130285553375,24.104777711346888,BETWEEN_LABELED_ENTITIES,ARKHAM_CHANNEL,HIGH,
BSB,P0,ethereum,0x355fa87799285294670c1312187e0ae52d965751bb92b2ca9b3a4f7926f003fc,2026-05-05T02:34:35Z,2026-05-05,0x7B9d43ef9d740bc6b6E593e1FC7c4B910A75fd00,,,,,0x7f54F05635d15Cde17A49502fEdB9D1803A3Be8A,0x,0x,dex,MainnetSettler,BSB,0xDB6Ba5D510F114F9b2eA08BEa7d30e32eEe33411,44.90520078,26.972892616117136,TO_ARKHAM_LABELED_DEX_PROXY,ARKHAM_CHANNEL,HIGH,
BSB,P0,ethereum,0x355fa87799285294670c1312187e0ae52d965751bb92b2ca9b3a4f7926f003fc,2026-05-05T02:34:35Z,2026-05-05,0x7f54F05635d15Cde17A49502fEdB9D1803A3Be8A,0x,0x,dex,MainnetSettler,0x000000000004444c5dc75cB358380D2e3dE08A90,uniswap,Uniswap,dex,PoolManager,BSB,0xDB6Ba5D510F114F9b2eA08BEa7d30e32eEe33411,44.54595917376,26.757109475188198,TO_ARKHAM_LABELED_DEX_PROXY,ARKHAM_CHANNEL,HIGH,
BSB,P0,ethereum,0x355fa87799285294670c1312187e0ae52d965751bb92b2ca9b3a4f7926f003fc,2026-05-05T02:34:35Z,2026-05-05,0x7f54F05635d15Cde17A49502fEdB9D1803A3Be8A,0x,0x,dex,MainnetSettler,0xEDC6531B10297788CBb0fcFAEE904a3803D3E2e4,,,,,BSB,0xDB6Ba5D510F114F9b2eA08BEa7d30e32eEe33411,0.35924160624,0.21578314092893708,FROM_ARKHAM_LABELED_DEX_PROXY,ARKHAM_CHANNEL,HIGH,
BSB,P0,ethereum,0x91cfd7f4079bc9e6602807c01fbd31ce83ab2485b745f5bd74c3e269b8c6b17f,2026-05-05T02:30:23Z,2026-05-05,0x74de5d4FCbf63E00296fd95d33236B9794016631,metamask,MetaMask,dex-aggregator,Spender,0x000000000004444c5dc75cB358380D2e3dE08A90,uniswap,Uniswap,dex,PoolManager,BSB,0xDB6Ba5D510F114F9b2eA08BEa7d30e32eEe33411,10.263597533099041,6.183140116254989,TO_ARKHAM_LABELED_DEX_PROXY,ARKHAM_CHANNEL,HIGH,
BSB,P0,ethereum,0x91cfd7f4079bc9e6602807c01fbd31ce83ab2485b745f5bd74c3e269b8c6b17f,2026-05-05T02:30:23Z,2026-05-05,0xc496758Ac329dede64C93281Df59Da9f0511B9a9,,,,,0x74de5d4FCbf63E00296fd95d33236B9794016631,metamask,MetaMask,dex-aggregator,Spender,BSB,0xDB6Ba5D510F114F9b2eA08BEa7d30e32eEe33411,10.263597533099041,6.183140116254989,BETWEEN_LABELED_ENTITIES,ARKHAM_CHANNEL,HIGH,
BSB,P0,ethereum,0xe99ed91cc4aeb522bfce5ca37c1f4b7d15681c32192ae907e375b99eeb31b1c6,2026-05-05T02:28:35Z,2026-05-05,0xc496758Ac329dede64C93281Df59Da9f0511B9a9,,,,,0x74de5d4FCbf63E00296fd95d33236B9794016631,metamask,MetaMask,dex-aggregator,Spender,BSB,0xDB6Ba5D510F114F9b2eA08BEa7d30e32eEe33411,6,3.614604,BETWEEN_LABELED_ENTITIES,ARKHAM_CHANNEL,HIGH,
BSB,P0,ethereum,0xe99ed91cc4aeb522bfce5ca37c1f4b7d15681c32192ae907e375b99eeb31b1c6,2026-05-05T02:28:35Z,2026-05-05,0x74de5d4FCbf63E00296fd95d33236B9794016631,metamask,MetaMask,dex-aggregator,Spender,0x000000000004444c5dc75cB358380D2e3dE08A90,uniswap,Uniswap,dex,PoolManager,BSB,0xDB6Ba5D510F114F9b2eA08BEa7d30e32eEe33411,6,3.614604,TO_ARKHAM_LABELED_DEX_PROXY,ARKHAM_CHANNEL,HIGH,
BSB,P0,ethereum,0x211717043d709c61cc0316a95b19216877175daa5ed08bd1c0c6265f4ed26fd2,2026-05-05T02:26:23Z,2026-05-05,0x74de5d4FCbf63E00296fd95d33236B9794016631,metamask,MetaMask,dex-aggregator,Spender,0x000000000004444c5dc75cB358380D2e3dE08A90,uniswap,Uniswap,dex,PoolManager,BSB,0xDB6Ba5D510F114F9b2eA08BEa7d30e32eEe33411,10,6.02434,TO_ARKHAM_LABELED_DEX_PROXY,ARKHAM_CHANNEL,HIGH,
BSB,P0,ethereum,0x211717043d709c61cc0316a95b19216877175daa5ed08bd1c0c6265f4ed26fd2,2026-05-05T02:26:23Z,2026-05-05,0xc496758Ac329dede64C93281Df59Da9f0511B9a9,,,,,0x74de5d4FCbf63E00296fd95d33236B9794016631,metamask,MetaMask,dex-aggregator,Spender,BSB,0xDB6Ba5D510F114F9b2eA08BEa7d30e32eEe33411,10,6.02434,BETWEEN_LABELED_ENTITIES,ARKHAM_CHANNEL,HIGH,
BSB,P0,ethereum,0x2a8268e64f999018de3b797f87e061cdf79347e09cc6dfd22971d88a29d7f17a,2026-05-05T02:21:47Z,2026-05-05,0x000000000004444c5dc75cB358380D2e3dE08A90,uniswap,Uniswap,dex,PoolManager,0x82A365858b4A82eED80e5473C6F698f93B48617F,,,,MEXC Deposit,BSB,0xDB6Ba5D510F114F9b2eA08BEa7d30e32eEe33411,173.46696553271116,104.11799511811283,FROM_ARKHAM_LABELED_DEX_PROXY,ARKHAM_CHANNEL,HIGH,
UB,P0,bsc,0x5d4222e6135da893587ab201b33e4104be289790f261711acccf3356a7cca723,2026-05-05T04:51:32Z,2026-05-05,0xE94753d6e067d25e0dbE90ED782b7Ea21475FC48,,,,,0x916F992Df86795F24de6C268CFB9031fBB1155da,pancakeswap,PancakeSwap,dex,V3 Pool,UB,0x40b8129B786D766267A7a118cF8C07E31CDB6Fde,1392.1372151624566,174.08119020720454,TO_ARKHAM_LABELED_DEX_PROXY,ARKHAM_CHANNEL,HIGH,
UB,P0,bsc,0xbe2f2d1cd5fbd36cdb714bfbb94a1245a23b0592c0668ce6ae210d0a9987a086,2026-05-05T04:51:31Z,2026-05-05,0x916F992Df86795F24de6C268CFB9031fBB1155da,pancakeswap,PancakeSwap,dex,V3 Pool,0x286da9568057420df90c5489E51cBB82B29F0301,,,,Proxy (EIP-1967 Transparent),UB,0x40b8129B786D766267A7a118cF8C07E31CDB6Fde,7040.478018458941,880.3836142962167,FROM_ARKHAM_LABELED_DEX_PROXY,ARKHAM_CHANNEL,HIGH,
UB,P0,bsc,0x6321d4a7e4865d278a5b98add8d87f7fbeb3d90d4343036d2c1370bc329b73da,2026-05-05T04:51:31Z,2026-05-05,0xDbB5FcdD9D0398e52AcA3B3B52DA8fc7ad245D49,uniswap,Uniswap,dex,V3 Pool,0x7817DBF38E9d1c95671625F0052c147864692fe0,,,,,UB,0x40b8129B786D766267A7a118cF8C07E31CDB6Fde,372.8386982289067,46.62198785873187,FROM_ARKHAM_LABELED_DEX_PROXY,ARKHAM_CHANNEL,HIGH,
UB,P0,bsc,0xe3ad130577c8c0c1c0fec157a85d844f4785ccd83f4d69b222e60af0d5513e39,2026-05-05T04:51:31Z,2026-05-05,0x916F992Df86795F24de6C268CFB9031fBB1155da,pancakeswap,PancakeSwap,dex,V3 Pool,0xE4f2bC32d1018e165A657B098Fd8C51f2Cccf8e8,,,,,UB,0x40b8129B786D766267A7a118cF8C07E31CDB6Fde,1569,196.19717399999996,FROM_ARKHAM_LABELED_DEX_PROXY,ARKHAM_CHANNEL,HIGH,
UB,P0,bsc,0xf22b32b42161a0d6e85460dd92d40eaa1ed2a96d924d8e379fe8783e996b99e5,2026-05-05T04:51:19Z,2026-05-05,0x916F992Df86795F24de6C268CFB9031fBB1155da,pancakeswap,PancakeSwap,dex,V3 Pool,0x286da9568057420df90c5489E51cBB82B29F0301,,,,Proxy (EIP-1967 Transparent),UB,0x40b8129B786D766267A7a118cF8C07E31CDB6Fde,5689.353082230171,711.4308455205539,FROM_ARKHAM_LABELED_DEX_PROXY,ARKHAM_CHANNEL,HIGH,
UB,P0,bsc,0x7c1d80ca50ccec81ba5f358a1cfab2f86fea0794544bf80764f2486ae3fae350,2026-05-05T04:51:19Z,2026-05-05,0x286da9568057420df90c5489E51cBB82B29F0301,,,,Proxy (EIP-1967 Transparent),0x916F992Df86795F24de6C268CFB9031fBB1155da,pancakeswap,PancakeSwap,dex,V3 Pool,UB,0x40b8129B786D766267A7a118cF8C07E31CDB6Fde,2205.207259424668,275.752346962017,TO_ARKHAM_LABELED_DEX_PROXY,ARKHAM_CHANNEL,HIGH,
UB,P0,bsc,0x012ea0c7618323287d6594c9bb00542e94c9979fd5a2804dc1bd41c64f472d2e,2026-05-05T04:51:17Z,2026-05-05,0xE94753d6e067d25e0dbE90ED782b7Ea21475FC48,,,,,0x916F992Df86795F24de6C268CFB9031fBB1155da,pancakeswap,PancakeSwap,dex,V3 Pool,UB,0x40b8129B786D766267A7a118cF8C07E31CDB6Fde,2272.4886265851233,284.1656127999633,TO_ARKHAM_LABELED_DEX_PROXY,ARKHAM_CHANNEL,HIGH,
UB,P0,bsc,0x59316baf94dbafe991fad1d4c736e1e8bb02de6dc319c18a2e7bb940d6fba732,2026-05-05T04:51:16Z,2026-05-05,0x72a815c51e0BE4DFac8E089079FE8f36a9151c04,,,,,0x916F992Df86795F24de6C268CFB9031fBB1155da,pancakeswap,PancakeSwap,dex,V3 Pool,UB,0x40b8129B786D766267A7a118cF8C07E31CDB6Fde,23.57391685095905,2.9478240065450256,TO_ARKHAM_LABELED_DEX_PROXY,ARKHAM_CHANNEL,HIGH,
UB,P0,bsc,0x59316baf94dbafe991fad1d4c736e1e8bb02de6dc319c18a2e7bb940d6fba732,2026-05-05T04:51:16Z,2026-05-05,0xDbB5FcdD9D0398e52AcA3B3B52DA8fc7ad245D49,uniswap,Uniswap,dex,V3 Pool,0x72a815c51e0BE4DFac8E089079FE8f36a9151c04,,,,,UB,0x40b8129B786D766267A7a118cF8C07E31CDB6Fde,23.57391685095905,2.9478240065450256,FROM_ARKHAM_LABELED_DEX_PROXY,ARKHAM_CHANNEL,HIGH,
UB,P0,bsc,0x21881d30b128f5a00b3f7e71803854cb19f6abdaa515b72e06f8c18b372cce4b,2026-05-05T04:51:08Z,2026-05-05,0x916F992Df86795F24de6C268CFB9031fBB1155da,pancakeswap,PancakeSwap,dex,V3 Pool,0x1E1eBf170bb49659297B09d9F80ABFDc235A85e2,,,,,UB,0x40b8129B786D766267A7a118cF8C07E31CDB6Fde,809.8407767717564,101.26734977220103,FROM_ARKHAM_LABELED_DEX_PROXY,ARKHAM_CHANNEL,HIGH,
UB,P0,bsc,0x785022ff83b4d451cc04107fd6608d2b3a4916efe830fa37e88cd5cf2a374291,2026-05-05T04:51:08Z,2026-05-05,0x916F992Df86795F24de6C268CFB9031fBB1155da,pancakeswap,PancakeSwap,dex,V3 Pool,0xFAA0a5c1A1AEc3ee75a9963aBC187fdC5455e5Af,,,,,UB,0x40b8129B786D766267A7a118cF8C07E31CDB6Fde,1106.0011171977271,138.30101570110696,FROM_ARKHAM_LABELED_DEX_PROXY,ARKHAM_CHANNEL,HIGH,
UB,P0,bsc,0x2fce91d255f37d7221fd8e5b5ec1c8e156893706b1c5a9755da3b29235a300e2,2026-05-05T04:51:07Z,2026-05-05,0x9bBab50219E5ab3fb66C5561d64b6DDd518Ae24F,,,,,0x916F992Df86795F24de6C268CFB9031fBB1155da,pancakeswap,PancakeSwap,dex,V3 Pool,UB,0x40b8129B786D766267A7a118cF8C07E31CDB6Fde,2420.9484922378615,302.72992516037556,TO_ARKHAM_LABELED_DEX_PROXY,ARKHAM_CHANNEL,HIGH,
UB,P0,bsc,0x29020b8b3e94fd997710a8990a5900240e95a5b573eb217fddb006ad9e4cd954,2026-05-05T04:51:06Z,2026-05-05,0x278d858f05b94576C1E6f73285886876ff6eF8D2,,,,,0x916F992Df86795F24de6C268CFB9031fBB1155da,pancakeswap,PancakeSwap,dex,V3 Pool,UB,0x40b8129B786D766267A7a118cF8C07E31CDB6Fde,156.169727831186,19.528399786378486,TO_ARKHAM_LABELED_DEX_PROXY,ARKHAM_CHANNEL,HIGH,
UB,P0,bsc,0xfbd54a6c7de9aa72edc7f79f41a8f516724695b50f4b6bbd0ae03af869746ea8,2026-05-05T04:51:04Z,2026-05-05,0xAf7076fF9F05f2653e73AeA69cf68E6ffC4Ec800,,,,MEV Bot,0x916F992Df86795F24de6C268CFB9031fBB1155da,pancakeswap,PancakeSwap,dex,V3 Pool,UB,0x40b8129B786D766267A7a118cF8C07E31CDB6Fde,209.1898512940888,26.15835414492063,TO_ARKHAM_LABELED_DEX_PROXY,ARKHAM_CHANNEL,HIGH,
UB,P0,bsc,0xfbd54a6c7de9aa72edc7f79f41a8f516724695b50f4b6bbd0ae03af869746ea8,2026-05-05T04:51:04Z,2026-05-05,0xDbB5FcdD9D0398e52AcA3B3B52DA8fc7ad245D49,uniswap,Uniswap,dex,V3 Pool,0xAf7076fF9F05f2653e73AeA69cf68E6ffC4Ec800,,,,MEV Bot,UB,0x40b8129B786D766267A7a118cF8C07E31CDB6Fde,209.1898512940888,26.15835414492063,FROM_ARKHAM_LABELED_DEX_PROXY,ARKHAM_CHANNEL,HIGH,
UB,P0,bsc,0x522138254db003890c4e6d941008c758fd82164a4d807922286390488566c9d2,2026-05-05T04:51:03Z,2026-05-05,0x916F992Df86795F24de6C268CFB9031fBB1155da,pancakeswap,PancakeSwap,dex,V3 Pool,0xE4f2bC32d1018e165A657B098Fd8C51f2Cccf8e8,,,,,UB,0x40b8129B786D766267A7a118cF8C07E31CDB6Fde,1571,196.44726599999998,FROM_ARKHAM_LABELED_DEX_PROXY,ARKHAM_CHANNEL,HIGH,
UB,P0,bsc,0xe220c559628e8bbdb77204f36c27f8fb0f80e20b1b6a35f1b2e39b5d34389a36,2026-05-05T04:51:00Z,2026-05-05,0xDbB5FcdD9D0398e52AcA3B3B52DA8fc7ad245D49,uniswap,Uniswap,dex,V3 Pool,0x9999b0CdD35d7F3B281BA02EfC0d228486940515,,,,,UB,0x40b8129B786D766267A7a118cF8C07E31CDB6Fde,462.57977528953603,57.843750580855314,FROM_ARKHAM_LABELED_DEX_PROXY,ARKHAM_CHANNEL,HIGH,
UB,P0,bsc,0x91bd411fa8e2deeb03f2ee672f9fcedaeff2725b83816a8b218bdad2cf8e9654,2026-05-05T04:51:00Z,2026-05-05,0x33D66Fc0423EB4f69878f38fa2121A4A34a3907E,,,,,0x60B97709d633dD4e0F0F44F6102fD50341c0AFa6,,,,Gnosis Safe Proxy,UB,0x40b8129B786D766267A7a118cF8C07E31CDB6Fde,1588,198.573048,BETWEEN_UNKNOWN_WALLETS,ARKHAM_CHANNEL,UNKNOWN,ENTITY_MISSING
UB,P0,bsc,0x91bd411fa8e2deeb03f2ee672f9fcedaeff2725b83816a8b218bdad2cf8e9654,2026-05-05T04:51:00Z,2026-05-05,0x916F992Df86795F24de6C268CFB9031fBB1155da,pancakeswap,PancakeSwap,dex,V3 Pool,0x33D66Fc0423EB4f69878f38fa2121A4A34a3907E,,,,,UB,0x40b8129B786D766267A7a118cF8C07E31CDB6Fde,1588,198.573048,FROM_ARKHAM_LABELED_DEX_PROXY,ARKHAM_CHANNEL,HIGH,
UB,P0,bsc,0x501c5fb74cc532cc54f5deff514aad69e0822404189ac3642de18570c025d74f,2026-05-05T04:51:00Z,2026-05-05,0x916F992Df86795F24de6C268CFB9031fBB1155da,pancakeswap,PancakeSwap,dex,V3 Pool,0x9e229B12CC9081d6A510B29CCBD6311743e277ED,,,,,UB,0x40b8129B786D766267A7a118cF8C07E31CDB6Fde,3961.35363076906,495.3514261131479,FROM_ARKHAM_LABELED_DEX_PROXY,ARKHAM_CHANNEL,HIGH,
UB,P0,bsc,0x86be4915775a60cfda306ee2a9208ecf97296efd09ac0acb18e0a707c49c32f5,2026-05-05T04:51:00Z,2026-05-05,0xDbB5FcdD9D0398e52AcA3B3B52DA8fc7ad245D49,uniswap,Uniswap,dex,V3 Pool,0x7817DBF38E9d1c95671625F0052c147864692fe0,,,,,UB,0x40b8129B786D766267A7a118cF8C07E31CDB6Fde,475.39265425864716,59.445949844426785,FROM_ARKHAM_LABELED_DEX_PROXY,ARKHAM_CHANNEL,HIGH,
UB,P0,bsc,0xe220c559628e8bbdb77204f36c27f8fb0f80e20b1b6a35f1b2e39b5d34389a36,2026-05-05T04:51:00Z,2026-05-05,0x9999b0CdD35d7F3B281BA02EfC0d228486940515,,,,,0x916F992Df86795F24de6C268CFB9031fBB1155da,pancakeswap,PancakeSwap,dex,V3 Pool,UB,0x40b8129B786D766267A7a118cF8C07E31CDB6Fde,462.57977528953603,57.843750580855314,TO_ARKHAM_LABELED_DEX_PROXY,ARKHAM_CHANNEL,HIGH,
UB,P0,bsc,0x975fc4d5486acc0fdf30dd585e0dce63942ea6703c26168f930ad82309e9965e,2026-05-05T04:51:00Z,2026-05-05,0x916F992Df86795F24de6C268CFB9031fBB1155da,pancakeswap,PancakeSwap,dex,V3 Pool,0x7817DBF38E9d1c95671625F0052c147864692fe0,,,,,UB,0x40b8129B786D766267A7a118cF8C07E31CDB6Fde,2064.457061081531,258.1520976600011,FROM_ARKHAM_LABELED_DEX_PROXY,ARKHAM_CHANNEL,HIGH,
UB,P0,bsc,0x5e9faaac00330d687b4feb7cb818a78e16ab6af359d9095399bc13c100fbb2eb,2026-05-05T04:50:57Z,2026-05-05,0x916F992Df86795F24de6C268CFB9031fBB1155da,pancakeswap,PancakeSwap,dex,V3 Pool,0xFAA0a5c1A1AEc3ee75a9963aBC187fdC5455e5Af,,,,,UB,0x40b8129B786D766267A7a118cF8C07E31CDB6Fde,726.9629758944372,90.90381228369579,FROM_ARKHAM_LABELED_DEX_PROXY,ARKHAM_CHANNEL,HIGH,
UB,P0,bsc,0x0cb3f51475d8306c31a2279df1045b1ac2674e81ec6ab991041698249fc3eb4a,2026-05-05T04:50:57Z,2026-05-05,0x916F992Df86795F24de6C268CFB9031fBB1155da,pancakeswap,PancakeSwap,dex,V3 Pool,0x278d858f05b94576C1E6f73285886876ff6eF8D2,,,,,UB,0x40b8129B786D766267A7a118cF8C07E31CDB6Fde,290.1487600385289,36.28194184777788,FROM_ARKHAM_LABELED_DEX_PROXY,ARKHAM_CHANNEL,HIGH,
UB,P0,bsc,0x17efb19f6dbfa7856fc8821203697fc6c778d70c3b2566387e6fa4a12f883dd8,2026-05-05T04:50:57Z,2026-05-05,0x916F992Df86795F24de6C268CFB9031fBB1155da,pancakeswap,PancakeSwap,dex,V3 Pool,0x278d858f05b94576C1E6f73285886876ff6eF8D2,,,,,UB,0x40b8129B786D766267A7a118cF8C07E31CDB6Fde,151.93515889442153,18.998883879111837,FROM_ARKHAM_LABELED_DEX_PROXY,ARKHAM_CHANNEL,HIGH,
UB,P0,bsc,0xdba73ca2eba28cc4ba7cfb7b07a0476cab1b5baa636543d9dff09c5a3e4bfab3,2026-05-05T04:50:53Z,2026-05-05,0x916F992Df86795F24de6C268CFB9031fBB1155da,pancakeswap,PancakeSwap,dex,V3 Pool,0x286da9568057420df90c5489E51cBB82B29F0301,,,,Proxy (EIP-1967 Transparent),UB,0x40b8129B786D766267A7a118cF8C07E31CDB6Fde,2240.325952093015,280.14379900542315,FROM_ARKHAM_LABELED_DEX_PROXY,ARKHAM_CHANNEL,HIGH,
UB,P0,bsc,0xeefc1fc638db66c758a6586b117a185a307c7200f0961e3228f1a51182e47786,2026-05-05T04:50:52Z,2026-05-05,0x1E1eBf170bb49659297B09d9F80ABFDc235A85e2,,,,,0x916F992Df86795F24de6C268CFB9031fBB1155da,pancakeswap,PancakeSwap,dex,V3 Pool,UB,0x40b8129B786D766267A7a118cF8C07E31CDB6Fde,499,62.39795399999999,TO_ARKHAM_LABELED_DEX_PROXY,ARKHAM_CHANNEL,HIGH,
UB,P0,bsc,0xa77ac25fbb8b55a9238e06f31ade758a05ca99b2c3181fb9fc432110c2b02a85,2026-05-05T04:50:52Z,2026-05-05,0xFAA0a5c1A1AEc3ee75a9963aBC187fdC5455e5Af,,,,,0x916F992Df86795F24de6C268CFB9031fBB1155da,pancakeswap,PancakeSwap,dex,V3 Pool,UB,0x40b8129B786D766267A7a118cF8C07E31CDB6Fde,1040,130.04783999999998,TO_ARKHAM_LABELED_DEX_PROXY,ARKHAM_CHANNEL,HIGH,
UB,P0,bsc,0xb10aeb9a0628c562acc198a674b9674821c6b8a2fdc36ab742bdae7098bef324,2026-05-05T04:50:51Z,2026-05-05,0xDbB5FcdD9D0398e52AcA3B3B52DA8fc7ad245D49,uniswap,Uniswap,dex,V3 Pool,0x7817DBF38E9d1c95671625F0052c147864692fe0,,,,,UB,0x40b8129B786D766267A7a118cF8C07E31CDB6Fde,148.7786323682043,18.604172863114478,FROM_ARKHAM_LABELED_DEX_PROXY,ARKHAM_CHANNEL,HIGH,
UB,P0,bsc,0xe84cf5e8f8bee076d51cf4051288fe1e9692f30c4fee8e6aaa179c931f8b5766,2026-05-05T04:50:51Z,2026-05-05,0x9999b0CdD35d7F3B281BA02EfC0d228486940515,,,,,0x916F992Df86795F24de6C268CFB9031fBB1155da,pancakeswap,PancakeSwap,dex,V3 Pool,UB,0x40b8129B786D766267A7a118cF8C07E31CDB6Fde,702.789682849344,87.88103868157906,TO_ARKHAM_LABELED_DEX_PROXY,ARKHAM_CHANNEL,HIGH,
UB,P0,bsc,0xd9677d4c935c114288a69550e53846520b8a492b91060b2162f2427bef5ad147,2026-05-05T04:50:51Z,2026-05-05,0x916F992Df86795F24de6C268CFB9031fBB1155da,pancakeswap,PancakeSwap,dex,V3 Pool,0x9bBab50219E5ab3fb66C5561d64b6DDd518Ae24F,,,,,UB,0x40b8129B786D766267A7a118cF8C07E31CDB6Fde,5336.880455767233,667.3555534718694,FROM_ARKHAM_LABELED_DEX_PROXY,ARKHAM_CHANNEL,HIGH,
UB,P0,bsc,0xe84cf5e8f8bee076d51cf4051288fe1e9692f30c4fee8e6aaa179c931f8b5766,2026-05-05T04:50:51Z,2026-05-05,0xDbB5FcdD9D0398e52AcA3B3B52DA8fc7ad245D49,uniswap,Uniswap,dex,V3 Pool,0x9999b0CdD35d7F3B281BA02EfC0d228486940515,,,,,UB,0x40b8129B786D766267A7a118cF8C07E31CDB6Fde,702.789682849344,87.88103868157906,FROM_ARKHAM_LABELED_DEX_PROXY,ARKHAM_CHANNEL,HIGH,
UB,P0,bsc,0x6910c7a76e473a7857b6b6dbc067c81023a656ffc9b3285fb76921136de2db55,2026-05-05T04:50:50Z,2026-05-05,0x916F992Df86795F24de6C268CFB9031fBB1155da,pancakeswap,PancakeSwap,dex,V3 Pool,0x9bBab50219E5ab3fb66C5561d64b6DDd518Ae24F,,,,,UB,0x40b8129B786D766267A7a118cF8C07E31CDB6Fde,2160.1240316733692,270.1148696646281,FROM_ARKHAM_LABELED_DEX_PROXY,ARKHAM_CHANNEL,HIGH,
UB,P0,bsc,0x9d35d64e8366b8c71a9863f0c3355e02de2cc7c109c181376ed931dca28284bb,2026-05-05T04:50:50Z,2026-05-05,0x916F992Df86795F24de6C268CFB9031fBB1155da,pancakeswap,PancakeSwap,dex,V3 Pool,0xFAA0a5c1A1AEc3ee75a9963aBC187fdC5455e5Af,,,,,UB,0x40b8129B786D766267A7a118cF8C07E31CDB6Fde,561.9608645571186,70.27095826940945,FROM_ARKHAM_LABELED_DEX_PROXY,ARKHAM_CHANNEL,HIGH,
UB,P0,bsc,0xd7481df149ef7102064d3f33fe4367820293096e7fc08bf88a362c14c8ef9afc,2026-05-05T04:50:50Z,2026-05-05,0x916F992Df86795F24de6C268CFB9031fBB1155da,pancakeswap,PancakeSwap,dex,V3 Pool,0x1E1eBf170bb49659297B09d9F80ABFDc235A85e2,,,,,UB,0x40b8129B786D766267A7a118cF8C07E31CDB6Fde,1024.0000185982753,128.04710632563993,FROM_ARKHAM_LABELED_DEX_PROXY,ARKHAM_CHANNEL,HIGH,
UB,P0,bsc,0xdf8c131dbb70b3fba7059c066931fe297176fc19ad39616b6de3356655c84199,2026-05-05T04:50:50Z,2026-05-05,0x916F992Df86795F24de6C268CFB9031fBB1155da,pancakeswap,PancakeSwap,dex,V3 Pool,0x1E1eBf170bb49659297B09d9F80ABFDc235A85e2,,,,,UB,0x40b8129B786D766267A7a118cF8C07E31CDB6Fde,394.9999999999995,49.393169999999934,FROM_ARKHAM_LABELED_DEX_PROXY,ARKHAM_CHANNEL,HIGH,
UB,P0,bsc,0x0d3b5673451a0c0a24f932fb7dfa46dc30d10ef2df7be3221947436772d38dfd,2026-05-05T04:50:49Z,2026-05-05,0x916F992Df86795F24de6C268CFB9031fBB1155da,pancakeswap,PancakeSwap,dex,V3 Pool,0xFAA0a5c1A1AEc3ee75a9963aBC187fdC5455e5Af,,,,,UB,0x40b8129B786D766267A7a118cF8C07E31CDB6Fde,1107.0010982258195,138.42605932874582,FROM_ARKHAM_LABELED_DEX_PROXY,ARKHAM_CHANNEL,HIGH,
UB,P0,bsc,0x6f12e383797d27a1efb098c78fd071ec9d06c6fb1cb06e514a8bb8f9f3178892,2026-05-05T04:50:43Z,2026-05-05,0x916F992Df86795F24de6C268CFB9031fBB1155da,pancakeswap,PancakeSwap,dex,V3 Pool,0xE94753d6e067d25e0dbE90ED782b7Ea21475FC48,,,,,UB,0x40b8129B786D766267A7a118cF8C07E31CDB6Fde,1879.574306089234,235.0332486792343,FROM_ARKHAM_LABELED_DEX_PROXY,ARKHAM_CHANNEL,HIGH,
UB,P0,bsc,0xcc428d8694a0f98bf5681384a0dd25854f8bad412830ebf6e10906dc11621fd5,2026-05-05T04:50:38Z,2026-05-05,0x9bBab50219E5ab3fb66C5561d64b6DDd518Ae24F,,,,,0x916F992Df86795F24de6C268CFB9031fBB1155da,pancakeswap,PancakeSwap,dex,V3 Pool,UB,0x40b8129B786D766267A7a118cF8C07E31CDB6Fde,3030.2889628576895,378.9255136495026,TO_ARKHAM_LABELED_DEX_PROXY,ARKHAM_CHANNEL,HIGH,
UB,P0,bsc,0x2a7661f629ced6c31d68db63c8bcf6698f412d6f7e4ca94758fe6b2e84c233ff,2026-05-05T04:50:37Z,2026-05-05,0x9bBab50219E5ab3fb66C5561d64b6DDd518Ae24F,,,,,0x916F992Df86795F24de6C268CFB9031fBB1155da,pancakeswap,PancakeSwap,dex,V3 Pool,UB,0x40b8129B786D766267A7a118cF8C07E31CDB6Fde,3021.2543497051424,377.7957714132292,TO_ARKHAM_LABELED_DEX_PROXY,ARKHAM_CHANNEL,HIGH,
UB,P0,bsc,0x95687819e7b1601950e918d3cac3ca768f61492a2096331c560db03eb4256bd9,2026-05-05T04:50:37Z,2026-05-05,0x916F992Df86795F24de6C268CFB9031fBB1155da,pancakeswap,PancakeSwap,dex,V3 Pool,0x097fd934cE9124fE6Aec6DD325108b34986770D1,,,,,UB,0x40b8129B786D766267A7a118cF8C07E31CDB6Fde,3020.9522242701723,377.75799183608797,FROM_ARKHAM_LABELED_DEX_PROXY,ARKHAM_CHANNEL,HIGH,
UB,P0,bsc,0x264a24b16e5d0c6ba2e91c526d63fe999471f23a708cea77ca1e47d59d8fea56,2026-05-05T04:50:37Z,2026-05-05,0x916F992Df86795F24de6C268CFB9031fBB1155da,pancakeswap,PancakeSwap,dex,V3 Pool,0x097fd934cE9124fE6Aec6DD325108b34986770D1,,,,,UB,0x40b8129B786D766267A7a118cF8C07E31CDB6Fde,3029.9859339614036,378.88762109813763,FROM_ARKHAM_LABELED_DEX_PROXY,ARKHAM_CHANNEL,HIGH,
UB,P0,bsc,0x0087d2d050b99c42ec0a931cc2af38c1712e934d00cb5dc26e99089fd9fdafcf,2026-05-05T04:50:36Z,2026-05-05,0x916F992Df86795F24de6C268CFB9031fBB1155da,pancakeswap,PancakeSwap,dex,V3 Pool,0x097fd934cE9124fE6Aec6DD325108b34986770D1,,,,,UB,0x40b8129B786D766267A7a118cF8C07E31CDB6Fde,3180.1665882166058,397.66711119013365,FROM_ARKHAM_LABELED_DEX_PROXY,ARKHAM_CHANNEL,HIGH,
UB,P0,bsc,0x1177c7459d305432f419e727d1db0373d3c52dfc8856eed9ac2e2fdb84d67dce,2026-05-05T04:50:36Z,2026-05-05,0x9bBab50219E5ab3fb66C5561d64b6DDd518Ae24F,,,,,0x916F992Df86795F24de6C268CFB9031fBB1155da,pancakeswap,PancakeSwap,dex,V3 Pool,UB,0x40b8129B786D766267A7a118cF8C07E31CDB6Fde,2491.970331622985,311.6109220881278,TO_ARKHAM_LABELED_DEX_PROXY,ARKHAM_CHANNEL,HIGH,
UB,P0,bsc,0x722a5fbbc646f69cbf43e24f0ff79e4e37011062a594140c31e66564bbcdc2a4,2026-05-05T04:50:31Z,2026-05-05,0x278d858f05b94576C1E6f73285886876ff6eF8D2,,,,,0x916F992Df86795F24de6C268CFB9031fBB1155da,pancakeswap,PancakeSwap,dex,V3 Pool,UB,0x40b8129B786D766267A7a118cF8C07E31CDB6Fde,674.277704235004,84.3157298037703,TO_ARKHAM_LABELED_DEX_PROXY,ARKHAM_CHANNEL,HIGH,
UB,P0,bsc,0xe2bdab1f080803f7d1f6e9b17f28522e3d7c7e7dd325e90b2cd97bee12ba5ab9,2026-05-05T04:50:30Z,2026-05-05,0x916F992Df86795F24de6C268CFB9031fBB1155da,pancakeswap,PancakeSwap,dex,V3 Pool,0x097fd934cE9124fE6Aec6DD325108b34986770D1,,,,,UB,0x40b8129B786D766267A7a118cF8C07E31CDB6Fde,2280.4054456281006,285.1555793540114,FROM_ARKHAM_LABELED_DEX_PROXY,ARKHAM_CHANNEL,HIGH,
UB,P0,bsc,0x26cf6b045f369f0564694842dfd645c0bd202a2a748a507337d15ba6b5f67100,2026-05-05T04:50:26Z,2026-05-05,0x1E1eBf170bb49659297B09d9F80ABFDc235A85e2,,,,,0x916F992Df86795F24de6C268CFB9031fBB1155da,pancakeswap,PancakeSwap,dex,V3 Pool,UB,0x40b8129B786D766267A7a118cF8C07E31CDB6Fde,429,53.644734,TO_ARKHAM_LABELED_DEX_PROXY,ARKHAM_CHANNEL,HIGH,
UB,P0,bsc,0xa5dcd33e1802db7ca9838d70ae0a1540e1cfb5cbd19423b5b35e203c205e55aa,2026-05-05T04:50:26Z,2026-05-05,0x60B97709d633dD4e0F0F44F6102fD50341c0AFa6,,,,Gnosis Safe Proxy,0x33D66Fc0423EB4f69878f38fa2121A4A34a3907E,,,,,UB,0x40b8129B786D766267A7a118cF8C07E31CDB6Fde,1119,139.92647399999998,BETWEEN_UNKNOWN_WALLETS,ARKHAM_CHANNEL,UNKNOWN,ENTITY_MISSING
UB,P0,bsc,0x75367d16ee3c64026cadad17b26baa4233f5f53dc2e452a90481184aab83ace5,2026-05-05T04:50:26Z,2026-05-05,0x097fd934cE9124fE6Aec6DD325108b34986770D1,,,,,0x916F992Df86795F24de6C268CFB9031fBB1155da,pancakeswap,PancakeSwap,dex,V3 Pool,UB,0x40b8129B786D766267A7a118cF8C07E31CDB6Fde,1611.7549594312827,201.54351065704415,TO_ARKHAM_LABELED_DEX_PROXY,ARKHAM_CHANNEL,HIGH,
UB,P0,bsc,0xa5dcd33e1802db7ca9838d70ae0a1540e1cfb5cbd19423b5b35e203c205e55aa,2026-05-05T04:50:26Z,2026-05-05,0x33D66Fc0423EB4f69878f38fa2121A4A34a3907E,,,,,0x916F992Df86795F24de6C268CFB9031fBB1155da,pancakeswap,PancakeSwap,dex,V3 Pool,UB,0x40b8129B786D766267A7a118cF8C07E31CDB6Fde,1119,139.92647399999998,TO_ARKHAM_LABELED_DEX_PROXY,ARKHAM_CHANNEL,HIGH,
UB,P0,bsc,0xa85d96b671f8e13de93d46497d46cb15e33fa1ad2aa9ebf0a1298d4da2224d22,2026-05-05T04:50:25Z,2026-05-05,0x17769823381EAd7A85659a071723Fb9e660a4216,,,,,0x916F992Df86795F24de6C268CFB9031fBB1155da,pancakeswap,PancakeSwap,dex,V3 Pool,UB,0x40b8129B786D766267A7a118cF8C07E31CDB6Fde,935.4993260758439,116.98044872847997,TO_ARKHAM_LABELED_DEX_PROXY,ARKHAM_CHANNEL,HIGH,
UB,P0,bsc,0x3cbc692875d1d4c883b9a3e76ff6e62d4c0490d97a48c33e4500106568c0b8f8,2026-05-05T04:50:25Z,2026-05-05,0xFAA0a5c1A1AEc3ee75a9963aBC187fdC5455e5Af,,,,,0x916F992Df86795F24de6C268CFB9031fBB1155da,pancakeswap,PancakeSwap,dex,V3 Pool,UB,0x40b8129B786D766267A7a118cF8C07E31CDB6Fde,2005,250.71722999999997,TO_ARKHAM_LABELED_DEX_PROXY,ARKHAM_CHANNEL,HIGH,
UB,P0,bsc,0x9f6e360ca77f3201b1c87e006428e1432e9243065533b7ea4c0c3acba38dd3ab,2026-05-05T04:50:23Z,2026-05-05,0x916F992Df86795F24de6C268CFB9031fBB1155da,pancakeswap,PancakeSwap,dex,V3 Pool,0x097fd934cE9124fE6Aec6DD325108b34986770D1,,,,,UB,0x40b8129B786D766267A7a118cF8C07E31CDB6Fde,2854.570880780491,356.9526703580772,FROM_ARKHAM_LABELED_DEX_PROXY,ARKHAM_CHANNEL,HIGH,
UB,P0,bsc,0x8d0b2022b69631195edbf78e043fd907b7c00113845b720e06afc4188934a98d,2026-05-05T04:50:22Z,2026-05-05,0x916F992Df86795F24de6C268CFB9031fBB1155da,pancakeswap,PancakeSwap,dex,V3 Pool,0x097fd934cE9124fE6Aec6DD325108b34986770D1,,,,,UB,0x40b8129B786D766267A7a118cF8C07E31CDB6Fde,3436.0817473003317,429.6682781729172,FROM_ARKHAM_LABELED_DEX_PROXY,ARKHAM_CHANNEL,HIGH,
UB,P0,bsc,0xc0cf66638fd751389155877a7a56856c1cd1fb393b3b6c5094c5b90d5c68f0c4,2026-05-05T04:50:22Z,2026-05-05,0x17769823381EAd7A85659a071723Fb9e660a4216,,,,,0x916F992Df86795F24de6C268CFB9031fBB1155da,pancakeswap,PancakeSwap,dex,V3 Pool,UB,0x40b8129B786D766267A7a118cF8C07E31CDB6Fde,3657.1213579808714,457.308397330076,TO_ARKHAM_LABELED_DEX_PROXY,ARKHAM_CHANNEL,HIGH,
UB,P0,bsc,0x84d1988f8479b8066fa0fe3c71279ab08090a5b9649440e81c86748b5c9bd7d4,2026-05-05T04:50:21Z,2026-05-05,0x17769823381EAd7A85659a071723Fb9e660a4216,,,,,0x916F992Df86795F24de6C268CFB9031fBB1155da,pancakeswap,PancakeSwap,dex,V3 Pool,UB,0x40b8129B786D766267A7a118cF8C07E31CDB6Fde,1802.532648047442,225.39949750774042,TO_ARKHAM_LABELED_DEX_PROXY,ARKHAM_CHANNEL,HIGH,
UB,P0,bsc,0xb1c2af06359fed298b847547ef87bcafadbc77907e3fa50cf83babb369a30e08,2026-05-05T04:50:20Z,2026-05-05,0x17769823381EAd7A85659a071723Fb9e660a4216,,,,,0x916F992Df86795F24de6C268CFB9031fBB1155da,pancakeswap,PancakeSwap,dex,V3 Pool,UB,0x40b8129B786D766267A7a118cF8C07E31CDB6Fde,2355.9111398775,294.5972643971218,TO_ARKHAM_LABELED_DEX_PROXY,ARKHAM_CHANNEL,HIGH,
UB,P0,bsc,0xa9be01e591a703e83704148def297691be28403aaf13aa6a7996815210fda779,2026-05-05T04:50:19Z,2026-05-05,0xDbB5FcdD9D0398e52AcA3B3B52DA8fc7ad245D49,uniswap,Uniswap,dex,V3 Pool,0x31D6EA082acc3D4e377528a721AC5c4B891726FB,,,,,UB,0x40b8129B786D766267A7a118cF8C07E31CDB6Fde,421.8054013186329,52.74507821328977,FROM_ARKHAM_LABELED_DEX_PROXY,ARKHAM_CHANNEL,HIGH,
UB,P0,bsc,0xa9be01e591a703e83704148def297691be28403aaf13aa6a7996815210fda779,2026-05-05T04:50:19Z,2026-05-05,0x31D6EA082acc3D4e377528a721AC5c4B891726FB,,,,,0x916F992Df86795F24de6C268CFB9031fBB1155da,pancakeswap,PancakeSwap,dex,V3 Pool,UB,0x40b8129B786D766267A7a118cF8C07E31CDB6Fde,421.8054013186329,52.74507821328977,TO_ARKHAM_LABELED_DEX_PROXY,ARKHAM_CHANNEL,HIGH,
UB,P0,bsc,0xac7832f722c8132a47c65eb4f724bbae4b22d31e4e46f24267220ec4bfd33d3e,2026-05-05T04:50:19Z,2026-05-05,0x31D6EA082acc3D4e377528a721AC5c4B891726FB,,,,,0x916F992Df86795F24de6C268CFB9031fBB1155da,pancakeswap,PancakeSwap,dex,V3 Pool,UB,0x40b8129B786D766267A7a118cF8C07E31CDB6Fde,639.8434065699029,80.00985861794007,TO_ARKHAM_LABELED_DEX_PROXY,ARKHAM_CHANNEL,HIGH,
UB,P0,bsc,0xbef23ce6081c04eb6fefb9972b968bfbf2c7435bbca7d99f3dd599c931e0dcd2,2026-05-05T04:50:19Z,2026-05-05,0x916F992Df86795F24de6C268CFB9031fBB1155da,pancakeswap,PancakeSwap,dex,V3 Pool,0x286da9568057420df90c5489E51cBB82B29F0301,,,,Proxy (EIP-1967 Transparent),UB,0x40b8129B786D766267A7a118cF8C07E31CDB6Fde,3028.552791395811,378.7084123528805,FROM_ARKHAM_LABELED_DEX_PROXY,ARKHAM_CHANNEL,HIGH,
UB,P0,bsc,0xac7832f722c8132a47c65eb4f724bbae4b22d31e4e46f24267220ec4bfd33d3e,2026-05-05T04:50:19Z,2026-05-05,0xDbB5FcdD9D0398e52AcA3B3B52DA8fc7ad245D49,uniswap,Uniswap,dex,V3 Pool,0x31D6EA082acc3D4e377528a721AC5c4B891726FB,,,,,UB,0x40b8129B786D766267A7a118cF8C07E31CDB6Fde,639.8434065699029,80.00985861794007,FROM_ARKHAM_LABELED_DEX_PROXY,ARKHAM_CHANNEL,HIGH,
UB,P0,bsc,0x0956109b9889ad6815be175335beb5f59c3edb93d5697f6bdb163648a6a2791d,2026-05-05T04:50:19Z,2026-05-05,0xDbB5FcdD9D0398e52AcA3B3B52DA8fc7ad245D49,uniswap,Uniswap,dex,V3 Pool,0x7817DBF38E9d1c95671625F0052c147864692fe0,,,,,UB,0x40b8129B786D766267A7a118cF8C07E31CDB6Fde,230.5940053461842,28.83485799251895,FROM_ARKHAM_LABELED_DEX_PROXY,ARKHAM_CHANNEL,HIGH,
UB,P0,bsc,0xbc0d5ee3df0dc2e7ff9aca6245d3ecd6423e7a7cd7cf691caf064ec54b7d11bf,2026-05-05T04:50:19Z,2026-05-05,0x916F992Df86795F24de6C268CFB9031fBB1155da,pancakeswap,PancakeSwap,dex,V3 Pool,0x097fd934cE9124fE6Aec6DD325108b34986770D1,,,,,UB,0x40b8129B786D766267A7a118cF8C07E31CDB6Fde,3547.656719229151,443.6202821127284,FROM_ARKHAM_LABELED_DEX_PROXY,ARKHAM_CHANNEL,HIGH,
UB,P0,bsc,0x21d1c72b08add91480c88b9fa287a2c93cb4035e4dd5e4eb616504d5a049022b,2026-05-05T04:50:19Z,2026-05-05,0x916F992Df86795F24de6C268CFB9031fBB1155da,pancakeswap,PancakeSwap,dex,V3 Pool,0x17769823381EAd7A85659a071723Fb9e660a4216,,,,,UB,0x40b8129B786D766267A7a118cF8C07E31CDB6Fde,5950.741600387897,744.116434162105,FROM_ARKHAM_LABELED_DEX_PROXY,ARKHAM_CHANNEL,HIGH,
UB,P0,bsc,0x21ca061435a9bad99517f898d013120fa33c7e17a316f7b8f538ce97044d039a,2026-05-05T04:50:19Z,2026-05-05,0xDbB5FcdD9D0398e52AcA3B3B52DA8fc7ad245D49,uniswap,Uniswap,dex,V3 Pool,0x7817DBF38E9d1c95671625F0052c147864692fe0,,,,,UB,0x40b8129B786D766267A7a118cF8C07E31CDB6Fde,160.93944351274493,20.1248336534947,FROM_ARKHAM_LABELED_DEX_PROXY,ARKHAM_CHANNEL,HIGH,
UB,P0,bsc,0x9e8b9c2ddbea1d495f86292608ccca5ae2a84f4e330a529f6d0e5d9feffb4f91,2026-05-05T04:50:18Z,2026-05-05,0xDbB5FcdD9D0398e52AcA3B3B52DA8fc7ad245D49,uniswap,Uniswap,dex,V3 Pool,0x9999b0CdD35d7F3B281BA02EfC0d228486940515,,,,,UB,0x40b8129B786D766267A7a118cF8C07E31CDB6Fde,351.95451200745566,44.010503908484296,FROM_ARKHAM_LABELED_DEX_PROXY,ARKHAM_CHANNEL,HIGH,
UB,P0,bsc,0xe82fe08644dee3ec34ced3cd76924b5072e2a1658696864b62ddf2a811659422,2026-05-05T04:50:18Z,2026-05-05,0x916F992Df86795F24de6C268CFB9031fBB1155da,pancakeswap,PancakeSwap,dex,V3 Pool,0x097fd934cE9124fE6Aec6DD325108b34986770D1,,,,,UB,0x40b8129B786D766267A7a118cF8C07E31CDB6Fde,2738.7165395059915,342.46554839906617,FROM_ARKHAM_LABELED_DEX_PROXY,ARKHAM_CHANNEL,HIGH,
UB,P0,bsc,0x9e8b9c2ddbea1d495f86292608ccca5ae2a84f4e330a529f6d0e5d9feffb4f91,2026-05-05T04:50:18Z,2026-05-05,0x9999b0CdD35d7F3B281BA02EfC0d228486940515,,,,,0x916F992Df86795F24de6C268CFB9031fBB1155da,pancakeswap,PancakeSwap,dex,V3 Pool,UB,0x40b8129B786D766267A7a118cF8C07E31CDB6Fde,351.95451200745566,44.010503908484296,TO_ARKHAM_LABELED_DEX_PROXY,ARKHAM_CHANNEL,HIGH,
UB,P0,bsc,0x53da3c5d139c5ccb046b34ba6e7ae31c31ac6e60397164ba348c4f24de7d3371,2026-05-05T04:50:14Z,2026-05-05,0x916F992Df86795F24de6C268CFB9031fBB1155da,pancakeswap,PancakeSwap,dex,V3 Pool,0x097fd934cE9124fE6Aec6DD325108b34986770D1,,,,,UB,0x40b8129B786D766267A7a118cF8C07E31CDB6Fde,2425.8151866115104,303.33848582502293,FROM_ARKHAM_LABELED_DEX_PROXY,ARKHAM_CHANNEL,HIGH,
UB,P0,bsc,0xfc30d78787c1a8f713d3ccca8290453fb9764cd6c8a90f3ccd0a880cc9d331b4,2026-05-05T04:50:04Z,2026-05-05,0x31D6EA082acc3D4e377528a721AC5c4B891726FB,,,,,0x916F992Df86795F24de6C268CFB9031fBB1155da,pancakeswap,PancakeSwap,dex,V3 Pool,UB,0x40b8129B786D766267A7a118cF8C07E31CDB6Fde,232.00407771166226,29.011181901532517,TO_ARKHAM_LABELED_DEX_PROXY,ARKHAM_CHANNEL,HIGH,
UB,P0,bsc,0xfc30d78787c1a8f713d3ccca8290453fb9764cd6c8a90f3ccd0a880cc9d331b4,2026-05-05T04:50:04Z,2026-05-05,0xDbB5FcdD9D0398e52AcA3B3B52DA8fc7ad245D49,uniswap,Uniswap,dex,V3 Pool,0x31D6EA082acc3D4e377528a721AC5c4B891726FB,,,,,UB,0x40b8129B786D766267A7a118cF8C07E31CDB6Fde,232.00407771166226,29.011181901532517,FROM_ARKHAM_LABELED_DEX_PROXY,ARKHAM_CHANNEL,HIGH,
UB,P0,bsc,0x2fc4c87e32d57dc31d52bd56e8fd26fe0af0584b31ed87c1352cfb7d5d6d2ec4,2026-05-05T04:50:04Z,2026-05-05,0x916F992Df86795F24de6C268CFB9031fBB1155da,pancakeswap,PancakeSwap,dex,V3 Pool,0x9bBab50219E5ab3fb66C5561d64b6DDd518Ae24F,,,,,UB,0x40b8129B786D766267A7a118cF8C07E31CDB6Fde,2239.8678286191544,280.0865124975108,FROM_ARKHAM_LABELED_DEX_PROXY,ARKHAM_CHANNEL,HIGH,
UB,P0,bsc,0x73726cb2cd971fb803d610fd0d501a43c3cda18697a43190ad7715779bc3a4ed,2026-05-05T04:50:02Z,2026-05-05,0x916F992Df86795F24de6C268CFB9031fBB1155da,pancakeswap,PancakeSwap,dex,V3 Pool,0x286da9568057420df90c5489E51cBB82B29F0301,,,,Proxy (EIP-1967 Transparent),UB,0x40b8129B786D766267A7a118cF8C07E31CDB6Fde,2662.8182625580175,332.9747724598298,FROM_ARKHAM_LABELED_DEX_PROXY,ARKHAM_CHANNEL,HIGH,
UB,P0,bsc,0x24c0cf8f429c11a765d7c2f6890ec5b265d95c63c57a9365ae15d3f8a3afe089,2026-05-05T04:50:01Z,2026-05-05,0x916F992Df86795F24de6C268CFB9031fBB1155da,pancakeswap,PancakeSwap,dex,V3 Pool,0xc5a1350019faBAfe58CB2c3576672B6f7e1Fd562,,,,,UB,0x40b8129B786D766267A7a118cF8C07E31CDB6Fde,3891.2538153949044,486.5857245998711,FROM_ARKHAM_LABELED_DEX_PROXY,ARKHAM_CHANNEL,HIGH,
UB,P0,bsc,0x8973586e4405242fef2628a99e3b46ce27539aae0377782c4b7cf33722b0c423,2026-05-05T04:50:00Z,2026-05-05,0x286da9568057420df90c5489E51cBB82B29F0301,,,,Proxy (EIP-1967 Transparent),0x916F992Df86795F24de6C268CFB9031fBB1155da,pancakeswap,PancakeSwap,dex,V3 Pool,UB,0x40b8129B786D766267A7a118cF8C07E31CDB6Fde,1852.8986369165498,231.69756295186687,TO_ARKHAM_LABELED_DEX_PROXY,ARKHAM_CHANNEL,HIGH,
UB,P0,bsc,0xb61a9cd88fddeff38e7aa171d39d6ee7bad4ea48314e3726dccede829e583fd4,2026-05-05T04:50:00Z,2026-05-05,0x916F992Df86795F24de6C268CFB9031fBB1155da,pancakeswap,PancakeSwap,dex,V3 Pool,0xc5a1350019faBAfe58CB2c3576672B6f7e1Fd562,,,,,UB,0x40b8129B786D766267A7a118cF8C07E31CDB6Fde,5092.616008611387,636.8112614128195,FROM_ARKHAM_LABELED_DEX_PROXY,ARKHAM_CHANNEL,HIGH,
UB,P0,bsc,0x9cb87755617c7b8afd341149867d423f539bd3101b76758b8c37ce5ff45d0e90,2026-05-05T04:49:59Z,2026-05-05,0x916F992Df86795F24de6C268CFB9031fBB1155da,pancakeswap,PancakeSwap,dex,V3 Pool,0x15cB53F9b7f972F279B8A9fccCa27F80b114522d,,,,,UB,0x40b8129B786D766267A7a118cF8C07E31CDB6Fde,79.1942928219219,9.902929540210048,FROM_ARKHAM_LABELED_DEX_PROXY,ARKHAM_CHANNEL,HIGH,
UB,P0,bsc,0x3327a8c0e671548bcb0eba0a86f2e9e07acea2e2ba7b0c45f3d6f33b8088d40a,2026-05-05T04:49:59Z,2026-05-05,0x916F992Df86795F24de6C268CFB9031fBB1155da,pancakeswap,PancakeSwap,dex,V3 Pool,0xc5a1350019faBAfe58CB2c3576672B6f7e1Fd562,,,,,UB,0x40b8129B786D766267A7a118cF8C07E31CDB6Fde,4545.140854605054,568.3516833049437,FROM_ARKHAM_LABELED_DEX_PROXY,ARKHAM_CHANNEL,HIGH,
UB,P0,bsc,0xa84b325187b166808453aa94c77a911f4fc0d71a828f7a7ece3028767d8ae12c,2026-05-05T04:49:57Z,2026-05-05,0x916F992Df86795F24de6C268CFB9031fBB1155da,pancakeswap,PancakeSwap,dex,V3 Pool,0xc5a1350019faBAfe58CB2c3576672B6f7e1Fd562,,,,,UB,0x40b8129B786D766267A7a118cF8C07E31CDB6Fde,4162.124137452199,520.4569748918476,FROM_ARKHAM_LABELED_DEX_PROXY,ARKHAM_CHANNEL,HIGH,
UB,P0,bsc,0x81beea2542088b0503aa10754925a162f665a742388030f414b6f6ddee80202b,2026-05-05T04:49:53Z,2026-05-05,0x916F992Df86795F24de6C268CFB9031fBB1155da,pancakeswap,PancakeSwap,dex,V3 Pool,0x097fd934cE9124fE6Aec6DD325108b34986770D1,,,,,UB,0x40b8129B786D766267A7a118cF8C07E31CDB6Fde,2903.6069144040184,363.0844302185649,FROM_ARKHAM_LABELED_DEX_PROXY,ARKHAM_CHANNEL,HIGH,
UB,P0,bsc,0x9f5ba8d1868b9bcf73c1c45122d0491a864cc75646bc864ba77d0c1ea4289f39,2026-05-05T04:49:52Z,2026-05-05,0x916F992Df86795F24de6C268CFB9031fBB1155da,pancakeswap,PancakeSwap,dex,V3 Pool,0xc5a1350019faBAfe58CB2c3576672B6f7e1Fd562,,,,,UB,0x40b8129B786D766267A7a118cF8C07E31CDB6Fde,3019.489490810144,377.57508286784525,FROM_ARKHAM_LABELED_DEX_PROXY,ARKHAM_CHANNEL,HIGH,
UB,P0,bsc,0xf89d13443394ed4e0f73cf5b8ec5c0c3f19a56d9e2aeb9bbec570d78a7b55487,2026-05-05T04:49:52Z,2026-05-05,0x916F992Df86795F24de6C268CFB9031fBB1155da,pancakeswap,PancakeSwap,dex,V3 Pool,0xc5a1350019faBAfe58CB2c3576672B6f7e1Fd562,,,,,UB,0x40b8129B786D766267A7a118cF8C07E31CDB6Fde,3604.7384304410525,450.7581217729318,FROM_ARKHAM_LABELED_DEX_PROXY,ARKHAM_CHANNEL,HIGH,
UB,P0,bsc,0x84b0399f24804ea15e22803c25b6d362cf393cacc0ebe02ec4918fe1ad79c048,2026-05-05T04:49:51Z,2026-05-05,0x916F992Df86795F24de6C268CFB9031fBB1155da,pancakeswap,PancakeSwap,dex,V3 Pool,0xc5a1350019faBAfe58CB2c3576672B6f7e1Fd562,,,,,UB,0x40b8129B786D766267A7a118cF8C07E31CDB6Fde,2893.892552076932,361.869688067012,FROM_ARKHAM_LABELED_DEX_PROXY,ARKHAM_CHANNEL,HIGH,
UB,P0,bsc,0xa5cbf4177e6f67a8948ced7fa5e2d6dc1e6a09e7e093cd83d69995827af141aa,2026-05-05T04:49:45Z,2026-05-05,0x916F992Df86795F24de6C268CFB9031fBB1155da,pancakeswap,PancakeSwap,dex,V3 Pool,0x286da9568057420df90c5489E51cBB82B29F0301,,,,Proxy (EIP-1967 Transparent),UB,0x40b8129B786D766267A7a118cF8C07E31CDB6Fde,1702.8488477855608,212.93443702019323,FROM_ARKHAM_LABELED_DEX_PROXY,ARKHAM_CHANNEL,HIGH,
UB,P0,bsc,0x5e279f168ad2f1edcfa9f8ccfd4e88a40a75c36429cc31f424437fa98977cb35,2026-05-05T04:49:43Z,2026-05-05,0x916F992Df86795F24de6C268CFB9031fBB1155da,pancakeswap,PancakeSwap,dex,V3 Pool,0x1E1eBf170bb49659297B09d9F80ABFDc235A85e2,,,,,UB,0x40b8129B786D766267A7a118cF8C07E31CDB6Fde,535.9999999999976,67.0246559999997,FROM_ARKHAM_LABELED_DEX_PROXY,ARKHAM_CHANNEL,HIGH,
UB,P0,bsc,0xa31c2a81cc2e477f98c86af7c7b6e0a6fd1ec7a74b826e66d1fa519ade56949b,2026-05-05T04:49:42Z,2026-05-05,0x916F992Df86795F24de6C268CFB9031fBB1155da,pancakeswap,PancakeSwap,dex,V3 Pool,0x2671702729a934538589DC818F212A7F53d03dB3,,,,,UB,0x40b8129B786D766267A7a118cF8C07E31CDB6Fde,4529.509703808783,566.397070422473,FROM_ARKHAM_LABELED_DEX_PROXY,ARKHAM_CHANNEL,HIGH,
UB,P0,bsc,0xa76806f9f582a928d5f0241dd87a6de3a2bb9287d8489eb03ef8598cdb87a973,2026-05-05T04:49:41Z,2026-05-05,0x916F992Df86795F24de6C268CFB9031fBB1155da,pancakeswap,PancakeSwap,dex,V3 Pool,0x9bBab50219E5ab3fb66C5561d64b6DDd518Ae24F,,,,,UB,0x40b8129B786D766267A7a118cF8C07E31CDB6Fde,2251.1901676984953,281.502325710026,FROM_ARKHAM_LABELED_DEX_PROXY,ARKHAM_CHANNEL,HIGH,
UB,P0,bsc,0xfcae6271af41e94a888946925cd583564f8755df017e067971656a48fdecedca,2026-05-05T04:49:40Z,2026-05-05,0x916F992Df86795F24de6C268CFB9031fBB1155da,pancakeswap,PancakeSwap,dex,V3 Pool,0xE94753d6e067d25e0dbE90ED782b7Ea21475FC48,,,,,UB,0x40b8129B786D766267A7a118cF8C07E31CDB6Fde,2723.5271754690243,340.56617918369955,FROM_ARKHAM_LABELED_DEX_PROXY,ARKHAM_CHANNEL,HIGH,
UB,P0,bsc,0x573af157c973eda77e0fbc9df670536fdcc2428546b9941a3f2ef6800b0049a9,2026-05-05T04:49:28Z,2026-05-05,0x916F992Df86795F24de6C268CFB9031fBB1155da,pancakeswap,PancakeSwap,dex,V3 Pool,0x9bBab50219E5ab3fb66C5561d64b6DDd518Ae24F,,,,,UB,0x40b8129B786D766267A7a118cF8C07E31CDB6Fde,2894.397028097516,361.9327707754819,FROM_ARKHAM_LABELED_DEX_PROXY,ARKHAM_CHANNEL,HIGH,
UB,P0,bsc,0x62b1572ebbe9a806b188fac0cf86a6fc1ffae5edf2ac0d5ef5f79e1e1eb6da0d,2026-05-05T04:49:27Z,2026-05-05,0xc5a1350019faBAfe58CB2c3576672B6f7e1Fd562,,,,,0x916F992Df86795F24de6C268CFB9031fBB1155da,pancakeswap,PancakeSwap,dex,V3 Pool,UB,0x40b8129B786D766267A7a118cF8C07E31CDB6Fde,2894.686496747191,361.96896767224916,TO_ARKHAM_LABELED_DEX_PROXY,ARKHAM_CHANNEL,HIGH,
UB,P0,bsc,0xa48bd751b977874fefb1ab4d00ec1ac6df8f7a8eb54d11671fbb00d618e2e03c,2026-05-05T04:49:27Z,2026-05-05,0x916F992Df86795F24de6C268CFB9031fBB1155da,pancakeswap,PancakeSwap,dex,V3 Pool,0x9bBab50219E5ab3fb66C5561d64b6DDd518Ae24F,,,,,UB,0x40b8129B786D766267A7a118cF8C07E31CDB6Fde,3127.7909040712443,391.11774139049277,FROM_ARKHAM_LABELED_DEX_PROXY,ARKHAM_CHANNEL,HIGH,
UB,P0,bsc,0x1f02372780d20ff65cfc74c88addaec91552c7d2dd017153f66d8896d19c7265,2026-05-05T04:49:25Z,2026-05-05,0x916F992Df86795F24de6C268CFB9031fBB1155da,pancakeswap,PancakeSwap,dex,V3 Pool,0x9bBab50219E5ab3fb66C5561d64b6DDd518Ae24F,,,,,UB,0x40b8129B786D766267A7a118cF8C07E31CDB6Fde,2864.9640606538214,358.25229592851775,FROM_ARKHAM_LABELED_DEX_PROXY,ARKHAM_CHANNEL,HIGH,
UB,P0,bsc,0x1aa9a94768f55b6ea471242e489187fb3c7b8edc4e7b6c0a9599a33101924be7,2026-05-05T04:49:25Z,2026-05-05,0xc5a1350019faBAfe58CB2c3576672B6f7e1Fd562,,,,,0x916F992Df86795F24de6C268CFB9031fBB1155da,pancakeswap,PancakeSwap,dex,V3 Pool,UB,0x40b8129B786D766267A7a118cF8C07E31CDB6Fde,3128.103714442688,391.15685707620037,TO_ARKHAM_LABELED_DEX_PROXY,ARKHAM_CHANNEL,HIGH,
UB,P0,bsc,0x9250454742cbbd6af7d7ef51cfa13a90cef6d068df96fe71754cc2d29c0ee311,2026-05-05T04:49:24Z,2026-05-05,0x097fd934cE9124fE6Aec6DD325108b34986770D1,,,,,0x916F992Df86795F24de6C268CFB9031fBB1155da,pancakeswap,PancakeSwap,dex,V3 Pool,UB,0x40b8129B786D766267A7a118cF8C07E31CDB6Fde,1792.9729370692419,224.20409388876038,TO_ARKHAM_LABELED_DEX_PROXY,ARKHAM_CHANNEL,HIGH,
UB,P0,bsc,0x2a71d9bc9f947f0e0425ee2bed62466ab380c2491650e820aa380be56569f6ac,2026-05-05T04:49:24Z,2026-05-05,0x097fd934cE9124fE6Aec6DD325108b34986770D1,,,,,0x916F992Df86795F24de6C268CFB9031fBB1155da,pancakeswap,PancakeSwap,dex,V3 Pool,UB,0x40b8129B786D766267A7a118cF8C07E31CDB6Fde,2219.313194466417,277.51623771524754,TO_ARKHAM_LABELED_DEX_PROXY,ARKHAM_CHANNEL,HIGH,
UB,P0,bsc,0x4a7c6f727f353a32b8ec7ced8d5dcec816b54426a403cfa22d80a873a785bc70,2026-05-05T04:49:24Z,2026-05-05,0xc5a1350019faBAfe58CB2c3576672B6f7e1Fd562,,,,,0x916F992Df86795F24de6C268CFB9031fBB1155da,pancakeswap,PancakeSwap,dex,V3 Pool,UB,0x40b8129B786D766267A7a118cF8C07E31CDB6Fde,1849.2837295226586,231.24553324189034,TO_ARKHAM_LABELED_DEX_PROXY,ARKHAM_CHANNEL,HIGH,
UB,P0,bsc,0xd73f1f2656ca47223fe91cb8522fe976ac8eefc37b0d16b33ead6b94e958bf37,2026-05-05T04:49:23Z,2026-05-05,0x916F992Df86795F24de6C268CFB9031fBB1155da,pancakeswap,PancakeSwap,dex,V3 Pool,0x1E1eBf170bb49659297B09d9F80ABFDc235A85e2,,,,,UB,0x40b8129B786D766267A7a118cF8C07E31CDB6Fde,496.99999999999994,62.14786199999998,FROM_ARKHAM_LABELED_DEX_PROXY,ARKHAM_CHANNEL,HIGH,
UB,P0,bsc,0xf2a05d696286b870d14793c3d690a2e5f4082fc558461190ebc39d9255daf5fc,2026-05-05T04:49:23Z,2026-05-05,0x916F992Df86795F24de6C268CFB9031fBB1155da,pancakeswap,PancakeSwap,dex,V3 Pool,0x6778c3cD69892c372CA482c09F627fb271b635C5,,,,,UB,0x40b8129B786D766267A7a118cF8C07E31CDB6Fde,1593,199.198278,FROM_ARKHAM_LABELED_DEX_PROXY,ARKHAM_CHANNEL,HIGH,
PEPE,CONTROL,ethereum,0x2f306b5562250094cc24ef67d1373bcf2fd90bc1d081cb07be6eb30959125f6b,2026-05-05T04:49:47Z,2026-05-05,0xC4d50263C1E89B65b63C830ff93FadC957064Fa4,,,,"3c1e89b65b63c830ff93fadc" on Polymarket,0x7f54F05635d15Cde17A49502fEdB9D1803A3Be8A,0x,0x,dex,MainnetSettler,PEPE,0x6982508145454Ce325dDbE47a25d4ec3d2311933,30183708.129729737,121.64034376281084,TO_ARKHAM_LABELED_DEX_PROXY,ARKHAM_CHANNEL,HIGH,
PEPE,CONTROL,ethereum,0x2f306b5562250094cc24ef67d1373bcf2fd90bc1d081cb07be6eb30959125f6b,2026-05-05T04:49:47Z,2026-05-05,0x7f54F05635d15Cde17A49502fEdB9D1803A3Be8A,0x,0x,dex,MainnetSettler,0x954d9d1e88Ab48169D35A8706896Ca3161A612DC,,,,,PEPE,0x6982508145454Ce325dDbE47a25d4ec3d2311933,30183708.129729737,121.64034376281084,FROM_ARKHAM_LABELED_DEX_PROXY,ARKHAM_CHANNEL,HIGH,
PEPE,CONTROL,ethereum,0x1fb8e9ed8b33c6ff63f8c6ab3ab0bcdbdbdb35a492a0c576378230938875dd8e,2026-05-05T04:49:11Z,2026-05-05,0x5b786FAD5dBF96dabb7d5317e1adAC16B30a2F4e,,,,,0x2F4F1358e661c84beBdA18A7bEf217A61f12F090,,,,,PEPE,0x6982508145454Ce325dDbE47a25d4ec3d2311933,524270.54843732115,2.1128103102024043,BETWEEN_UNKNOWN_WALLETS,ARKHAM_CHANNEL,UNKNOWN,ENTITY_MISSING
PEPE,CONTROL,ethereum,0x09121e5630a3b8d8ca276fbf8cddce9ab715a42e7d1c9300b6cb1d74ee8454f2,2026-05-05T04:47:11Z,2026-05-05,0x7279ff96055BBea8dA7D3dc1a560040D8AE63CB5,,,,,0x1bddDE79B67BfD05aefe6180a00B4cD37584d6b1,,,,,PEPE,0x6982508145454Ce325dDbE47a25d4ec3d2311933,40268456.37583893,162.6845637583893,BETWEEN_UNKNOWN_WALLETS,ARKHAM_CHANNEL,UNKNOWN,ENTITY_MISSING
PEPE,CONTROL,ethereum,0xea52e0cdf6f1f70eef06eea936a9add9e720b23574f679923410e5035d2b79e4,2026-05-05T04:46:47Z,2026-05-05,0x5556fC724a690c4aEdb87f26420C5d2f2bd867b5,,,,,0xAA61b0e4bDa7CdbA26A94dfB6572913d25bB73Ed,,,,,PEPE,0x6982508145454Ce325dDbE47a25d4ec3d2311933,3433381.84496111,13.870862653642885,BETWEEN_UNKNOWN_WALLETS,ARKHAM_CHANNEL,UNKNOWN,ENTITY_MISSING
PEPE,CONTROL,ethereum,0xd20088c11f9556001c0ae576cbf9412f430412559e8795bb968eea31a7828359,2026-05-05T04:46:23Z,2026-05-05,0x9642b23Ed1E01Df1092B92641051881a322F5D4E,mexc,MEXC,cex,Hot Wallet,0x5ADE887A6344Acd3B9d8Ca5DB2C63f3588fFeF83,,,,Bitget Deposit,PEPE,0x6982508145454Ce325dDbE47a25d4ec3d2311933,7834792.900140479,31.65256331656754,FROM_ARKHAM_LABELED_CEX_PROXY,ARKHAM_CHANNEL,HIGH,
PEPE,CONTROL,ethereum,0x85e1eebee498e96929e8eb5f98504d005e5b40829d3d79affbeb962c2237bae7,2026-05-05T04:45:47Z,2026-05-05,0x700E0841CE0892969d2f9Cf523C6298B3eF056a6,kraken,Kraken,cex,Hot Wallet,0x334ab15A9Fb189E1949Fc32E430b6610aF3dCa5a,,,,Binance Deposit,PEPE,0x6982508145454Ce325dDbE47a25d4ec3d2311933,1661573.59,6.7127573036,FROM_ARKHAM_LABELED_CEX_PROXY,ARKHAM_CHANNEL,HIGH,
PEPE,CONTROL,ethereum,0x72d39dc8dba802cdb0cbee29938b55cebfe69a8e301878fa3eef5799d18fd4d0,2026-05-05T04:44:35Z,2026-05-05,0x7f54F05635d15Cde17A49502fEdB9D1803A3Be8A,0x,0x,dex,MainnetSettler,0x000000000004444c5dc75cB358380D2e3dE08A90,uniswap,Uniswap,dex,PoolManager,PEPE,0x6982508145454Ce325dDbE47a25d4ec3d2311933,2757084.3428681,11.138620745187126,TO_ARKHAM_LABELED_DEX_PROXY,ARKHAM_CHANNEL,HIGH,
PEPE,CONTROL,ethereum,0x72d39dc8dba802cdb0cbee29938b55cebfe69a8e301878fa3eef5799d18fd4d0,2026-05-05T04:44:35Z,2026-05-05,0xC414aA05075b690302dE31d19Db94431bA192581,,,,0xjyc.eth,0x7f54F05635d15Cde17A49502fEdB9D1803A3Be8A,0x,0x,dex,MainnetSettler,PEPE,0x6982508145454Ce325dDbE47a25d4ec3d2311933,2757084.3428681,11.138620745187126,TO_ARKHAM_LABELED_DEX_PROXY,ARKHAM_CHANNEL,HIGH,
PEPE,CONTROL,ethereum,0x90b886612d2a48b0c7a8d7e187050ba5f8491142943f3726b863fa0b2eeb92b9,2026-05-05T04:43:59Z,2026-05-05,0x1e86f4234246b91b7c1C0741b4CDf8E09333b714,,,,Wintermute Deposit,0xf8191D98ae98d2f7aBDFB63A9b0b812b93C873AA,wintermute,Wintermute,fund,Hot Wallet,PEPE,0x6982508145454Ce325dDbE47a25d4ec3d2311933,10728758063.619999,43344.182577024796,TO_MARKET_MAKER_PROXY,ARKHAM_CHANNEL,HIGH,
PEPE,CONTROL,ethereum,0x21154423f6317d20e69604945f7c0f79720fe351a8dfa382e5a7f03c8d6efc2d,2026-05-05T04:42:47Z,2026-05-05,0xC10eE9031F2a0B84766A86B55a8D90F357910fb4,,,,,0xde7259893Af7cdbC9fD806c6ba61D22D581d5667,sushiswap,SushiSwap,dex,Fees,PEPE,0x6982508145454Ce325dDbE47a25d4ec3d2311933,11592.14634187183,0.0468322712211622,TO_ARKHAM_LABELED_DEX_PROXY,ARKHAM_CHANNEL,HIGH,
PEPE,CONTROL,ethereum,0x21154423f6317d20e69604945f7c0f79720fe351a8dfa382e5a7f03c8d6efc2d,2026-05-05T04:42:47Z,2026-05-05,0xC10eE9031F2a0B84766A86B55a8D90F357910fb4,,,,,0x1231DEB6f5749EF6cE6943a275A1D3E7486F4EaE,li-fi,LiFi,dex-aggregator,LiFi Diamond,PEPE,0x6982508145454Ce325dDbE47a25d4ec3d2311933,11757084.34286811,47.498620745187175,BETWEEN_LABELED_ENTITIES,ARKHAM_CHANNEL,HIGH,
PEPE,CONTROL,ethereum,0x16c204de3f2c66281228879890a6d811b57bdb4dc8334ff2237880e50df9ae7a,2026-05-05T04:42:47Z,2026-05-05,0xef2aF10a15709A6B40E920eeFB32768a2D90e0eD,,,,Binance Deposit,0x28C6c06298d514Db089934071355E5743bf21d60,binance,Binance,cex,Hot Wallet,PEPE,0x6982508145454Ce325dDbE47a25d4ec3d2311933,50000000,202.00000000000003,TO_ARKHAM_LABELED_CEX_PROXY,ARKHAM_CHANNEL,HIGH,
PEPE,CONTROL,ethereum,0x21154423f6317d20e69604945f7c0f79720fe351a8dfa382e5a7f03c8d6efc2d,2026-05-05T04:42:47Z,2026-05-05,0xA43fe16908251ee70EF74718545e4FE6C5cCEc9f,uniswap,Uniswap,dex,V2 Pool,0xC10eE9031F2a0B84766A86B55a8D90F357910fb4,,,,,PEPE,0x6982508145454Ce325dDbE47a25d4ec3d2311933,11768676.489209983,47.54545301640833,FROM_ARKHAM_LABELED_DEX_PROXY,ARKHAM_CHANNEL,HIGH,
PEPE,CONTROL,ethereum,0x21154423f6317d20e69604945f7c0f79720fe351a8dfa382e5a7f03c8d6efc2d,2026-05-05T04:42:47Z,2026-05-05,0x1231DEB6f5749EF6cE6943a275A1D3E7486F4EaE,li-fi,LiFi,dex-aggregator,LiFi Diamond,0xC414aA05075b690302dE31d19Db94431bA192581,,,,0xjyc.eth,PEPE,0x6982508145454Ce325dDbE47a25d4ec3d2311933,11757084.34286811,47.498620745187175,BETWEEN_LABELED_ENTITIES,ARKHAM_CHANNEL,HIGH,
PEPE,CONTROL,ethereum,0x0fe75598579ba55ca7678b5496e822ef9bd19080d4b0dffb2a795d4d71bd17d3,2026-05-05T04:40:35Z,2026-05-05,0x74de5d4FCbf63E00296fd95d33236B9794016631,metamask,MetaMask,dex-aggregator,Spender,0x11950d141EcB863F01007AdD7D1A342041227b58,uniswap,Uniswap,dex,V3 Pool,PEPE,0x6982508145454Ce325dDbE47a25d4ec3d2311933,11130613.55,44.96767874200001,TO_ARKHAM_LABELED_DEX_PROXY,ARKHAM_CHANNEL,HIGH,
PEPE,CONTROL,ethereum,0x0fe75598579ba55ca7678b5496e822ef9bd19080d4b0dffb2a795d4d71bd17d3,2026-05-05T04:40:35Z,2026-05-05,0xC414aA05075b690302dE31d19Db94431bA192581,,,,0xjyc.eth,0x74de5d4FCbf63E00296fd95d33236B9794016631,metamask,MetaMask,dex-aggregator,Spender,PEPE,0x6982508145454Ce325dDbE47a25d4ec3d2311933,11130613.55,44.96767874200001,BETWEEN_LABELED_ENTITIES,ARKHAM_CHANNEL,HIGH,
PEPE,CONTROL,ethereum,0xc350c0a13b4b6af674570cff04fd491465ffc352376241b17e8468308a15da00,2026-05-05T04:39:59Z,2026-05-05,0xA3222357a0eCCF60C73606170be6c99ADeCb59b3,hitbtc,HitBTC,cex,Hot Wallet,0xac53eB8A1891083C06222459ad2e0D27273c4B77,,,,,PEPE,0x6982508145454Ce325dDbE47a25d4ec3d2311933,5711295437.777883,23073.63356862265,FROM_ARKHAM_LABELED_CEX_PROXY,ARKHAM_CHANNEL,HIGH,
PEPE,CONTROL,ethereum,0x71f8343384e8f4e9e2ef410272cef8c77b6b041662cfbaaf33ea76f4fa869424,2026-05-05T04:37:35Z,2026-05-05,0xEFEF30bD1ccA520619306C95091aB18473fEBC5c,bybit,Bybit,cex,Hot Wallet,0xaeA86ac3A1639D8e3734861d3FfbE75A27124F5b,,,,HitBTC Deposit,PEPE,0x6982508145454Ce325dDbE47a25d4ec3d2311933,644190000,2602.5276,FROM_ARKHAM_LABELED_CEX_PROXY,ARKHAM_CHANNEL,HIGH,
PEPE,CONTROL,ethereum,0xf0d79d0f280d5d5f7461463994a8f1c52d4b43199d196612884f467d823ff3cf,2026-05-05T04:35:47Z,2026-05-05,0x9bf81CC31d0f1FA7Ade83058509a4DB154a182a2,,,,HitBTC Deposit,0xA3222357a0eCCF60C73606170be6c99ADeCb59b3,hitbtc,HitBTC,cex,Hot Wallet,PEPE,0x6982508145454Ce325dDbE47a25d4ec3d2311933,73176019.1294234,295.63111728287055,TO_ARKHAM_LABELED_CEX_PROXY,ARKHAM_CHANNEL,HIGH,
PEPE,CONTROL,ethereum,0xf2fb31e88301ee40e1e151fb5461c4a915cd63bed49f9158a79d80a26654a3cb,2026-05-05T04:35:47Z,2026-05-05,0xaeA86ac3A1639D8e3734861d3FfbE75A27124F5b,,,,HitBTC Deposit,0xA3222357a0eCCF60C73606170be6c99ADeCb59b3,hitbtc,HitBTC,cex,Hot Wallet,PEPE,0x6982508145454Ce325dDbE47a25d4ec3d2311933,5065518733.19,20464.6956820876,TO_ARKHAM_LABELED_CEX_PROXY,ARKHAM_CHANNEL,HIGH,
PEPE,CONTROL,ethereum,0x5b87e7859b0972ceac77b67d218aaa93180b73cee5244dba759d8fa7f964e688,2026-05-05T04:35:47Z,2026-05-05,0x3ffaD3B35C3c1369851BaFB727ebc369186Dd824,,,,,0xA3222357a0eCCF60C73606170be6c99ADeCb59b3,hitbtc,HitBTC,cex,Hot Wallet,PEPE,0x6982508145454Ce325dDbE47a25d4ec3d2311933,7609035.444999999,30.740503197800003,TO_ARKHAM_LABELED_CEX_PROXY,ARKHAM_CHANNEL,HIGH,
PEPE,CONTROL,ethereum,0x0062a7d66869061faf2f32f1d49b5d5817b0fb1b891de03c300b6cd0236943f6,2026-05-05T04:35:47Z,2026-05-05,0x187fE1a8B76c60b85c00A2819152ff00Ff642386,,,,HitBTC Deposit,0xA3222357a0eCCF60C73606170be6c99ADeCb59b3,hitbtc,HitBTC,cex,Hot Wallet,PEPE,0x6982508145454Ce325dDbE47a25d4ec3d2311933,1456208968.8847084,5883.084234294222,TO_ARKHAM_LABELED_CEX_PROXY,ARKHAM_CHANNEL,HIGH,
PEPE,CONTROL,ethereum,0x69b0b7bc398cc0b5a613d6f0ffdcdda3716d34cc6037d20cc6e6670d6c5d77db,2026-05-05T04:35:35Z,2026-05-05,0x700E0841CE0892969d2f9Cf523C6298B3eF056a6,kraken,Kraken,cex,Hot Wallet,0x80A543c478123eb326211D58541Dc7ce8D89F8D2,,,,,PEPE,0x6982508145454Ce325dDbE47a25d4ec3d2311933,384462.95,1.5532303180000002,FROM_ARKHAM_LABELED_CEX_PROXY,ARKHAM_CHANNEL,HIGH,
PEPE,CONTROL,ethereum,0x84f6015e0449acc0b6d6f9a4ba0da32df6da7405fee180507882bf4f02ec5a4a,2026-05-05T04:35:11Z,2026-05-05,0xB3343BAdD41292F50024Af9708EE3eE82648e1Ef,,,,,0xF4cC92FCc8f41cb52df0c40B89B9c6188B1ae4F5,,,,OKX Deposit,PEPE,0x6982508145454Ce325dDbE47a25d4ec3d2311933,7.5,0.000030300000000000005,BETWEEN_UNKNOWN_WALLETS,ARKHAM_CHANNEL,UNKNOWN,ENTITY_MISSING
PEPE,CONTROL,ethereum,0x5bc02573d999544a47f130ee04cf6024be9782855bbdac18cdac8ec2a2d8dbf6,2026-05-05T04:34:47Z,2026-05-05,0xF4cC92FCc8f41cb52df0c40B89B9c6188B1ae4F5,,,,OKX Deposit,0x91D40E4818F4D4C57b4578d9ECa6AFc92aC8DEbE,okx,OKX,cex,Hot Wallet,PEPE,0x6982508145454Ce325dDbE47a25d4ec3d2311933,3999000007.5,16155.9600303,TO_ARKHAM_LABELED_CEX_PROXY,ARKHAM_CHANNEL,HIGH,
PEPE,CONTROL,ethereum,0xa6cb9747dff160aceb043041e981630772de83a2027a9930d6ed6396a41ad6f4,2026-05-05T04:34:35Z,2026-05-05,0xb334A61a6209F14b5fA5f1684a4eD7621f66e1eF,btcturk,BtcTurk,cex,Hot Wallet,0xF4cC92FCc8f41cb52df0c40B89B9c6188B1ae4F5,,,,OKX Deposit,PEPE,0x6982508145454Ce325dDbE47a25d4ec3d2311933,3999000000,16155.960000000001,FROM_ARKHAM_LABELED_CEX_PROXY,ARKHAM_CHANNEL,HIGH,
PEPE,CONTROL,ethereum,0xcd007d281074a159141ca1fa167e6170b67e5a04e97363f85e11bbcf298b174f,2026-05-05T04:34:23Z,2026-05-05,0xa0bA601C986493416713B5423D30b2A390e55d73,,,,,0x1e86f4234246b91b7c1C0741b4CDf8E09333b714,,,,Wintermute Deposit,PEPE,0x6982508145454Ce325dDbE47a25d4ec3d2311933,10728758063.619999,43344.182577024796,BETWEEN_UNKNOWN_WALLETS,ARKHAM_CHANNEL,UNKNOWN,ENTITY_MISSING
PEPE,CONTROL,ethereum,0x5c9452e980061f9d5eac47f2b2a377a9e2de15a6f19d2e7a428f7eec637acea4,2026-05-05T04:33:59Z,2026-05-05,0x446b3adCbEBfEc21Fc2C295A60Df9BD8EA270821,,,,,0xe243d09e74445123c4D6a408Aa9322ed327a7685,,,,,PEPE,0x6982508145454Ce325dDbE47a25d4ec3d2311933,13379333.18223557,54.05250605623171,BETWEEN_UNKNOWN_WALLETS,ARKHAM_CHANNEL,UNKNOWN,ENTITY_MISSING
PEPE,CONTROL,ethereum,0x3b1ce8d4609ecff9ce71c50c85d115efaa0f6f0b8818f7f13f3a95f1ca2a2dde,2026-05-05T04:32:35Z,2026-05-05,0xFE9529b753b412941127Fea1981E5cE0A85C101E,,,,Binance Deposit,0x28C6c06298d514Db089934071355E5743bf21d60,binance,Binance,cex,Hot Wallet,PEPE,0x6982508145454Ce325dDbE47a25d4ec3d2311933,981949253.9999999,3957.25549362,TO_ARKHAM_LABELED_CEX_PROXY,ARKHAM_CHANNEL,HIGH,
PEPE,CONTROL,ethereum,0xfeef9f79019850aac08b6ca0279102e5e7955ca349f8edaafe8565d197a42387,2026-05-05T04:32:23Z,2026-05-05,0xb334A61a6209F14b5fA5f1684a4eD7621f66e1eF,btcturk,BtcTurk,cex,Hot Wallet,0xef2aF10a15709A6B40E920eeFB32768a2D90e0eD,,,,Binance Deposit,PEPE,0x6982508145454Ce325dDbE47a25d4ec3d2311933,25000000,100.75000000000001,FROM_ARKHAM_LABELED_CEX_PROXY,ARKHAM_CHANNEL,HIGH,
PEPE,CONTROL,ethereum,0x8df09431a5da77223815d1e5082890daefc91c307c38a5e7d9a56cbc46b1d76f,2026-05-05T04:31:23Z,2026-05-05,0x58edF78281334335EfFa23101bBe3371b6a36A51,kucoin,KuCoin,cex,Hot Wallet,0xaeA86ac3A1639D8e3734861d3FfbE75A27124F5b,,,,HitBTC Deposit,PEPE,0x6982508145454Ce325dDbE47a25d4ec3d2311933,1452442846.0000002,5853.3446693800015,FROM_ARKHAM_LABELED_CEX_PROXY,ARKHAM_CHANNEL,HIGH,
PEPE,CONTROL,ethereum,0xd8577ac41de444295504b956d9d5228f683d7103f68a58e2e669edd4aa1b0331,2026-05-05T04:30:47Z,2026-05-05,0x0D0707963952f2fBA59dD06f2b425ace40b492Fe,gate-io,Gate,cex,Hot Wallet,0xaeA86ac3A1639D8e3734861d3FfbE75A27124F5b,,,,HitBTC Deposit,PEPE,0x6982508145454Ce325dDbE47a25d4ec3d2311933,1287860487.29,5190.0777637787,FROM_ARKHAM_LABELED_CEX_PROXY,ARKHAM_CHANNEL,HIGH,
PEPE,CONTROL,ethereum,0xb4a51cae24d4e5b456c78b86f571a6d4c6f3b7106ef4309eacae18fdf136abf3,2026-05-05T04:30:35Z,2026-05-05,0x016606Acc6B0cFE537acc221e3bf1bb44B4049Ee,,,,,0x901C48c5311A8aAc3B290F6dF16B41e20ba6a0f1,,,,,PEPE,0x6982508145454Ce325dDbE47a25d4ec3d2311933,4573279.464872,18.43031624343416,BETWEEN_UNKNOWN_WALLETS,ARKHAM_CHANNEL,UNKNOWN,ENTITY_MISSING
PEPE,CONTROL,ethereum,0xebaa729b64c4ce1253e08abde90fc76c6903b2ac99e672e50dc10850140b2f9b,2026-05-05T04:29:59Z,2026-05-05,0x794e9a0902245385c56cc306C054d942a4CEd703,,,,,0x342C594fB83Fb68214009E8C06D9eF1dD433AbCd,,,,Nobitex.ir Deposit,PEPE,0x6982508145454Ce325dDbE47a25d4ec3d2311933,76000000,306.28,BETWEEN_UNKNOWN_WALLETS,ARKHAM_CHANNEL,UNKNOWN,ENTITY_MISSING
PEPE,CONTROL,ethereum,0x932ea002aabe669adb4c25b6f8ab5429bd83a1821077bad644db5c41b86a8444,2026-05-05T04:29:23Z,2026-05-05,0x91D40E4818F4D4C57b4578d9ECa6AFc92aC8DEbE,okx,OKX,cex,Hot Wallet,0xaeA86ac3A1639D8e3734861d3FfbE75A27124F5b,,,,HitBTC Deposit,PEPE,0x6982508145454Ce325dDbE47a25d4ec3d2311933,2325215399.9,9370.618061597,FROM_ARKHAM_LABELED_CEX_PROXY,ARKHAM_CHANNEL,HIGH,
PEPE,CONTROL,ethereum,0x2e3cea610df39426dba56a8c9ddaab550100b8feb023085a2824bf744c160e11,2026-05-05T04:27:23Z,2026-05-05,0x8D4463EeF4300c01E8C7f2bAa414e438fEC76cEA,,,,,0xBfd28db477dEE3496C34b9bBB32e852A5261454a,,,,,PEPE,0x6982508145454Ce325dDbE47a25d4ec3d2311933,4435,0.01787305,BETWEEN_UNKNOWN_WALLETS,ARKHAM_CHANNEL,UNKNOWN,ENTITY_MISSING
PEPE,CONTROL,ethereum,0xd54f344f565332e06e9ebe0fff270ad07b673c7da9ab5c27cec98cd6f51afd46,2026-05-05T04:27:11Z,2026-05-05,0xA43fe16908251ee70EF74718545e4FE6C5cCEc9f,uniswap,Uniswap,dex,V2 Pool,0xecB858e2eEb1860b6c2e4395b2E9372909032908,,,,,PEPE,0x6982508145454Ce325dDbE47a25d4ec3d2311933,588435.8996514572,2.3713966755953733,FROM_ARKHAM_LABELED_DEX_PROXY,ARKHAM_CHANNEL,HIGH,
PEPE,CONTROL,ethereum,0x5ede6cabbad72969e52491855127d580b83fa0101aa6a753accc85458fc3df1c,2026-05-05T04:26:47Z,2026-05-05,0xA43fe16908251ee70EF74718545e4FE6C5cCEc9f,uniswap,Uniswap,dex,V2 Pool,0xBdb3ba9ffe392549E1f8658DD2630c141fDF47B6,,,,,PEPE,0x6982508145454Ce325dDbE47a25d4ec3d2311933,394050672.5156312,1588.0242102379939,FROM_ARKHAM_LABELED_DEX_PROXY,ARKHAM_CHANNEL,HIGH,
PEPE,CONTROL,ethereum,0x24632ed21b8dc7a8607a8ca2a39b2edba16d053bfa6da95e0c277fd913d43426,2026-05-05T04:22:47Z,2026-05-05,0x4278c399b8E059100612e5bb1adB479876Ba47C3,,,,Binance Deposit,0x28C6c06298d514Db089934071355E5743bf21d60,binance,Binance,cex,Hot Wallet,PEPE,0x6982508145454Ce325dDbE47a25d4ec3d2311933,636441129.9195137,2564.8577535756403,TO_ARKHAM_LABELED_CEX_PROXY,ARKHAM_CHANNEL,HIGH,
PEPE,CONTROL,ethereum,0x348e756ce3e9ec4321a61308465741974bec3a44b94f22e84a05c37f4773c87d,2026-05-05T04:22:35Z,2026-05-05,0xF99A017C174F909aacc62975293Ff05064663e51,,,,,0x5bdf85216ec1e38D6458C870992A69e38e03F7Ef,bitget,Bitget,cex,Hot Wallet,PEPE,0x6982508145454Ce325dDbE47a25d4ec3d2311933,212396582.23000002,855.9582263869,TO_ARKHAM_LABELED_CEX_PROXY,ARKHAM_CHANNEL,HIGH,
PEPE,CONTROL,ethereum,0xbc13f9bf53f0b630d01a2118aed3a21fe333c004bef4d792ec7ee83ce238814a,2026-05-05T04:22:23Z,2026-05-05,0x4c81D4EB0a9F88f6a36BC2Fb3F9620fEf812283E,,,,,0xbC217Ba21B9B492839E456fCA39df1EAFf5802ae,,,,,PEPE,0x6982508145454Ce325dDbE47a25d4ec3d2311933,0.09925558312655088,4.0000000000000003e-7,BETWEEN_UNKNOWN_WALLETS,ARKHAM_CHANNEL,UNKNOWN,ENTITY_MISSING
PEPE,CONTROL,ethereum,0xbc13f9bf53f0b630d01a2118aed3a21fe333c004bef4d792ec7ee83ce238814a,2026-05-05T04:22:23Z,2026-05-05,0x09D4Ba0Aa5E07026261D6d648551b94834d1C62e,,,,,0x4c81D4EB0a9F88f6a36BC2Fb3F9620fEf812283E,,,,,PEPE,0x6982508145454Ce325dDbE47a25d4ec3d2311933,0.09925558312655088,4.0000000000000003e-7,BETWEEN_UNKNOWN_WALLETS,ARKHAM_CHANNEL,UNKNOWN,ENTITY_MISSING
PEPE,CONTROL,ethereum,0x3745f6cfbaac3b62f60e63da22e795b72f0ce781c106a9f48cc2b73ba4baf416,2026-05-05T04:21:23Z,2026-05-05,0x35B7Ef9f13017E7B4F28A277f5e67Bec774bf7B1,upbit,Upbit,cex,Hot Wallet,0xFE9529b753b412941127Fea1981E5cE0A85C101E,,,,Binance Deposit,PEPE,0x6982508145454Ce325dDbE47a25d4ec3d2311933,981949253.9999999,3967.0749861599998,FROM_ARKHAM_LABELED_CEX_PROXY,ARKHAM_CHANNEL,HIGH,
PEPE,CONTROL,ethereum,0x43011945486d207532671e32ae706e69a75ec2a67d89844c4a160313f6743753,2026-05-05T04:21:11Z,2026-05-05,0x4CAae39a3df30F816393A5eF67C3aC390f12283E,,,,,0xA9D1e08C7793af67e9d92fe308d5697FB81d3E43,coinbase,Coinbase,cex,Hot Wallet,PEPE,0x6982508145454Ce325dDbE47a25d4ec3d2311933,992555831.2655088,4009.9255583126555,TO_ARKHAM_LABELED_CEX_PROXY,ARKHAM_CHANNEL,HIGH,
PEPE,CONTROL,ethereum,0xa70bfd8b28a4acffa353e419da4282390d3efc1690d55b58121a10be52cfb5dc,2026-05-05T04:20:35Z,2026-05-05,0xA43fe16908251ee70EF74718545e4FE6C5cCEc9f,uniswap,Uniswap,dex,V2 Pool,0x000000000004444c5dc75cB358380D2e3dE08A90,uniswap,Uniswap,dex,PoolManager,PEPE,0x6982508145454Ce325dDbE47a25d4ec3d2311933,4213491.169764284,17.02250432584771,TO_ARKHAM_LABELED_DEX_PROXY,ARKHAM_CHANNEL,HIGH,
PEPE,CONTROL,ethereum,0x502feeb01078ca5718d485ae31a7ffe9dc4efc8b0f55837fa91e43eb1baa91b9,2026-05-05T04:18:35Z,2026-05-05,0xd54C3CC8731732Dc0F8C44DF0f9Ce2d08cf8eDbb,,,,Bitget Deposit,0x5bdf85216ec1e38D6458C870992A69e38e03F7Ef,bitget,Bitget,cex,Hot Wallet,PEPE,0x6982508145454Ce325dDbE47a25d4ec3d2311933,400000000.04999995,1616.0000002020001,TO_ARKHAM_LABELED_CEX_PROXY,ARKHAM_CHANNEL,HIGH,
PEPE,CONTROL,ethereum,0x673084d6f8933d03a2136f3f550c2d51ffe09873d87df0c7e9919d1b929ee042,2026-05-05T04:16:23Z,2026-05-05,0x6747BcaF9bD5a5F0758Cbe08903490E45DdfACB5,okx-dex,Dex Router (OKX),dex,UniversalUniswapV3Adaptor,0x694736a70D63241884e891fd0416B1Ada7ff2bDB,,,,AlgebraPool,PEPE,0x6982508145454Ce325dDbE47a25d4ec3d2311933,121690.5236189513,0.4916297154205633,FROM_ARKHAM_LABELED_CEX_PROXY,ARKHAM_CHANNEL,HIGH,
PEPE,CONTROL,ethereum,0x673084d6f8933d03a2136f3f550c2d51ffe09873d87df0c7e9919d1b929ee042,2026-05-05T04:16:23Z,2026-05-05,0x694736a70D63241884e891fd0416B1Ada7ff2bDB,,,,AlgebraPool,0xc25B245cB4d2b8bBDdB233B4E83c69098Ad3ACfA,,,,AlgebraCommunityVault,PEPE,0x6982508145454Ce325dDbE47a25d4ec3d2311933,365.0715708568539,0.0014748891462616897,BETWEEN_UNKNOWN_WALLETS,ARKHAM_CHANNEL,UNKNOWN,ENTITY_MISSING
PEPE,CONTROL,ethereum,0x673084d6f8933d03a2136f3f550c2d51ffe09873d87df0c7e9919d1b929ee042,2026-05-05T04:16:23Z,2026-05-05,0x9e503122dfEEbb70e04360B22853cfC65E21f8C4,,,,,0x6747BcaF9bD5a5F0758Cbe08903490E45DdfACB5,okx-dex,Dex Router (OKX),dex,UniversalUniswapV3Adaptor,PEPE,0x6982508145454Ce325dDbE47a25d4ec3d2311933,121690.5236189513,0.4916297154205633,TO_ARKHAM_LABELED_CEX_PROXY,ARKHAM_CHANNEL,HIGH,
PEPE,CONTROL,ethereum,0xb213d72b7e328b2893cea93beb46a8592a01d6b6f2d0a6118563e81df828f1e5,2026-05-05T04:15:59Z,2026-05-05,0x28C6c06298d514Db089934071355E5743bf21d60,binance,Binance,cex,Hot Wallet,0xF99A017C174F909aacc62975293Ff05064663e51,,,,,PEPE,0x6982508145454Ce325dDbE47a25d4ec3d2311933,212396582.23000002,858.0821922092001,FROM_ARKHAM_LABELED_CEX_PROXY,ARKHAM_CHANNEL,HIGH,
PEPE,CONTROL,ethereum,0xa1a87f60a8bea4b7479bd424fc8fbdd9c2a7170292c9a87ac6f8651066ffc9f1,2026-05-05T04:14:11Z,2026-05-05,0xB2C9D546b7390Ce0aC9D1b6A1f5Cacd4bfAe6905,,,,,0xd54C3CC8731732Dc0F8C44DF0f9Ce2d08cf8eDbb,,,,Bitget Deposit,PEPE,0x6982508145454Ce325dDbE47a25d4ec3d2311933,400000000.04999995,1616.0000002020001,BETWEEN_UNKNOWN_WALLETS,ARKHAM_CHANNEL,UNKNOWN,ENTITY_MISSING
PEPE,CONTROL,ethereum,0xa58870aec1f88fb6030f66286c325ae256480a9740038eec020cbec63af969cb,2026-05-05T04:13:59Z,2026-05-05,0xbC217Ba21B9B492839E456fCA39df1EAFf5802ae,,,,,0x4CAae39a3df30F816393A5eF67C3aC390f12283E,,,,,PEPE,0x6982508145454Ce325dDbE47a25d4ec3d2311933,992555831.2655088,4009.9255583126555,BETWEEN_UNKNOWN_WALLETS,ARKHAM_CHANNEL,UNKNOWN,ENTITY_MISSING
PEPE,CONTROL,ethereum,0x2c3e1f8abcf3c9f3993d56d743b5c9bd92134bd927065d69b5b3e5674612b685,2026-05-05T04:13:47Z,2026-05-05,0x46340b20830761efd32832A74d7169B29FEB9758,crypto-com,Crypto.com,cex,Hot Wallet,0x64d1Af09D317eCe4ADb6E7A3931AcE0cEF64011A,,,,,PEPE,0x6982508145454Ce325dDbE47a25d4ec3d2311933,1887454.0000000002,7.625314160000001,FROM_ARKHAM_LABELED_CEX_PROXY,ARKHAM_CHANNEL,HIGH,
PEPE,CONTROL,ethereum,0x2a635ac52a99d232f85475d4f5b58a387fe9dbb31a3b98228a9e959251e14fa7,2026-05-05T04:13:11Z,2026-05-05,0x4ACb6C4321253548a7d4Bb9C84032Cc4eE04bFD7,,,,,0x11950d141EcB863F01007AdD7D1A342041227b58,uniswap,Uniswap,dex,V3 Pool,PEPE,0x6982508145454Ce325dDbE47a25d4ec3d2311933,8979234.347936235,36.27610676566239,TO_ARKHAM_LABELED_DEX_PROXY,ARKHAM_CHANNEL,HIGH,
PEPE,CONTROL,ethereum,0x68389610447749bc953dd94638dfeaf8be533f6eec128076095b00cdc6d26f36,2026-05-05T04:12:59Z,2026-05-05,0x8e148ef37f228d82E3979880034B494476ba47c3,,,,,0x636858D62f2e81DeB7fD563621faef1A6a14D6c5,coindcx,CoinDCX,cex,Hot Wallet,PEPE,0x6982508145454Ce325dDbE47a25d4ec3d2311933,63.644106627540715,0.0002571221907752645,TO_ARKHAM_LABELED_CEX_PROXY,ARKHAM_CHANNEL,HIGH,
PEPE,CONTROL,ethereum,0x3cbac88adba1804b557af41623504b2d57b84b1de9f66f273558aed7b1453de8,2026-05-05T04:12:59Z,2026-05-05,0x71eF74972bc1EcacC6c7a85B355B77656A14d6C5,,,,,0x4278c399b8E059100612e5bb1adB479876Ba47C3,,,,Binance Deposit,PEPE,0x6982508145454Ce325dDbE47a25d4ec3d2311933,63.644106627540715,0.0002571221907752645,BETWEEN_UNKNOWN_WALLETS,ARKHAM_CHANNEL,UNKNOWN,ENTITY_MISSING
PEPE,CONTROL,ethereum,0xf8e02d00ae1e55e232e862f3bb4eb962a4f4ffb97fc2237430755817ec8a4f67,2026-05-05T04:12:47Z,2026-05-05,0x561A224D00f00cF8849701E75ee9C9D5E789E93E,,,,,0x71eF74972bc1EcacC6c7a85B355B77656A14d6C5,,,,,PEPE,0x6982508145454Ce325dDbE47a25d4ec3d2311933,63.644106627540715,0.0002571221907752645,BETWEEN_UNKNOWN_WALLETS,ARKHAM_CHANNEL,UNKNOWN,ENTITY_MISSING
PEPE,CONTROL,ethereum,0xf8e02d00ae1e55e232e862f3bb4eb962a4f4ffb97fc2237430755817ec8a4f67,2026-05-05T04:12:47Z,2026-05-05,0x561A224D00f00cF8849701E75ee9C9D5E789E93E,,,,,0x8e148ef37f228d82E3979880034B494476ba47c3,,,,,PEPE,0x6982508145454Ce325dDbE47a25d4ec3d2311933,63.644106627540715,0.0002571221907752645,BETWEEN_UNKNOWN_WALLETS,ARKHAM_CHANNEL,UNKNOWN,ENTITY_MISSING
PEPE,CONTROL,ethereum,0xfb7d68ae76c813de1e73c0c248e31dea1f0bd66d68ca340b6275b3ed17d6161f,2026-05-05T04:12:35Z,2026-05-05,0x51C72848c68a965f66FA7a88855F9f7784502a7F,wintermute,Wintermute,fund,Market Maker,0xA43fe16908251ee70EF74718545e4FE6C5cCEc9f,uniswap,Uniswap,dex,V2 Pool,PEPE,0x6982508145454Ce325dDbE47a25d4ec3d2311933,1034673001.6181356,4180.078926537268,TO_ARKHAM_LABELED_DEX_PROXY,ARKHAM_CHANNEL,HIGH,
PEPE,CONTROL,ethereum,0xc6553fd0de562a83d8891be42571bb20d9549fcbcce0a82cfd61f0dd1190d50d,2026-05-05T04:12:23Z,2026-05-05,0x21a31Ee1afC51d94C2eFcCAa2092aD1028285549,binance,Binance,cex,Hot Wallet,0xEa55CC2b3a1d282Fd712af325A16f97A262018D3,,,,,PEPE,0x6982508145454Ce325dDbE47a25d4ec3d2311933,15746199,63.61464396,FROM_ARKHAM_LABELED_CEX_PROXY,ARKHAM_CHANNEL,HIGH,
PEPE,CONTROL,ethereum,0x06f01c229eae7527f15391c0c7ad4ee0a67b5d4ca8c0835f194f3e9ef431069a,2026-05-05T04:12:23Z,2026-05-05,0xBdb3ba9ffe392549E1f8658DD2630c141fDF47B6,,,,,0x11950d141EcB863F01007AdD7D1A342041227b58,uniswap,Uniswap,dex,V3 Pool,PEPE,0x6982508145454Ce325dDbE47a25d4ec3d2311933,26048254.801166616,105.23494939671313,TO_ARKHAM_LABELED_DEX_PROXY,ARKHAM_CHANNEL,HIGH,
PEPE,CONTROL,ethereum,0x7fd00d3a00ca4d3cc1f623d5f3ef7bba8b60b70ca49f250ead0d2799172ef9c7,2026-05-05T04:12:23Z,2026-05-05,0x636858D62f2e81DeB7fD563621faef1A6a14D6c5,coindcx,CoinDCX,cex,Hot Wallet,0x4278c399b8E059100612e5bb1adB479876Ba47C3,,,,Binance Deposit,PEPE,0x6982508145454Ce325dDbE47a25d4ec3d2311933,636441066.2754072,2571.221907752645,FROM_ARKHAM_LABELED_CEX_PROXY,ARKHAM_CHANNEL,HIGH,
PEPE,CONTROL,ethereum,0xfd1abfad4b9240149d6f23c88d8d2e13185938849a1b0d2c2463341e255ed5f0,2026-05-05T04:10:11Z,2026-05-05,0x51C72848c68a965f66FA7a88855F9f7784502a7F,wintermute,Wintermute,fund,Market Maker,0xA43fe16908251ee70EF74718545e4FE6C5cCEc9f,uniswap,Uniswap,dex,V2 Pool,PEPE,0x6982508145454Ce325dDbE47a25d4ec3d2311933,633660351.0046741,2559.987818058884,TO_ARKHAM_LABELED_DEX_PROXY,ARKHAM_CHANNEL,HIGH,
PEPE,CONTROL,ethereum,0xad2e0df958586a43d171de7753f30bec27ca5650d494e77a2991a9d8062ca920,2026-05-05T04:09:47Z,2026-05-05,0x91D40E4818F4D4C57b4578d9ECa6AFc92aC8DEbE,okx,OKX,cex,Hot Wallet,0xEc011A30c55b0bfD3731Fd6e9fFF6e55B646cAA2,,,,,PEPE,0x6982508145454Ce325dDbE47a25d4ec3d2311933,3424739.9,13.835949196000001,FROM_ARKHAM_LABELED_CEX_PROXY,ARKHAM_CHANNEL,HIGH,
PEPE,CONTROL,ethereum,0x35e108b23b988c99f51d788be980b6ae6a841c86f2d7c3b2ba330647260793c8,2026-05-05T04:08:23Z,2026-05-05,0x51C72848c68a965f66FA7a88855F9f7784502a7F,wintermute,Wintermute,fund,Market Maker,0xA43fe16908251ee70EF74718545e4FE6C5cCEc9f,uniswap,Uniswap,dex,V2 Pool,PEPE,0x6982508145454Ce325dDbE47a25d4ec3d2311933,1289769037.6627932,5210.666912157685,TO_ARKHAM_LABELED_DEX_PROXY,ARKHAM_CHANNEL,HIGH,
PEPE,CONTROL,ethereum,0x29a22da52d632850838d495be3e79c2e364ce2cc7737f925554d83df0a63ac2b,2026-05-05T04:07:35Z,2026-05-05,0x51C72848c68a965f66FA7a88855F9f7784502a7F,wintermute,Wintermute,fund,Market Maker,0xA43fe16908251ee70EF74718545e4FE6C5cCEc9f,uniswap,Uniswap,dex,V2 Pool,PEPE,0x6982508145454Ce325dDbE47a25d4ec3d2311933,713356581.2314874,2881.960588175209,TO_ARKHAM_LABELED_DEX_PROXY,ARKHAM_CHANNEL,HIGH,
PEPE,CONTROL,ethereum,0x1e12f80b8839fabcc4bf62b73ca998f98ef5e2ed5b97b5265eea1741da76adde,2026-05-05T04:07:35Z,2026-05-05,0x51C72848c68a965f66FA7a88855F9f7784502a7F,wintermute,Wintermute,fund,Market Maker,0x11950d141EcB863F01007AdD7D1A342041227b58,uniswap,Uniswap,dex,V3 Pool,PEPE,0x6982508145454Ce325dDbE47a25d4ec3d2311933,30363884.27671783,122.67009247794005,TO_ARKHAM_LABELED_DEX_PROXY,ARKHAM_CHANNEL,HIGH,
PEPE,CONTROL,ethereum,0x529491db2865a992f75e4d143399c6f6bee2712288cfa181111114a7b7a083eb,2026-05-05T04:07:23Z,2026-05-05,0xDFd5293D8e347dFe59E90eFd55b2956a1343963d,binance,Binance,cex,Hot Wallet,0x5c3229833cb5368DC912142D0c0cC5349c75c2B8,,,,Robinhood Deposit,PEPE,0x6982508145454Ce325dDbE47a25d4ec3d2311933,46056862.489999995,186.0697244596,FROM_ARKHAM_LABELED_CEX_PROXY,ARKHAM_CHANNEL,HIGH,
PEPE,CONTROL,ethereum,0x27bb34eb2101c4609eb234fa7e3e894a70889e48d1b5c795829572e6c6d48d2a,2026-05-05T04:07:11Z,2026-05-05,0x5DD5122393c41af93Da58d75441f954a79768133,,,,,0xEFEF30bD1ccA520619306C95091aB18473fEBC5c,bybit,Bybit,cex,Hot Wallet,PEPE,0x6982508145454Ce325dDbE47a25d4ec3d2311933,60000000,242.40000000000003,TO_ARKHAM_LABELED_CEX_PROXY,ARKHAM_CHANNEL,HIGH,
PEPE,CONTROL,ethereum,0xedfe9f6a359c2eccf600a07ee9b3b577da0d8f6e512d50573e46c4eb68183c86,2026-05-05T04:06:59Z,2026-05-05,0xBEE3211ab312a8D065c4FeF0247448e17A8da000,,,,Market Maker,0xedE0DF61313246a214A90707014cE77C36AC252d,nightwing824,@nightwing824,individual,n1ghtw1ng.eth,PEPE,0x6982508145454Ce325dDbE47a25d4ec3d2311933,210000000,848.4000000000001,BETWEEN_LABELED_ENTITIES,ARKHAM_CHANNEL,HIGH,
PEPE,CONTROL,ethereum,0x0244bdcd02eb1432ec325c99c9e31d23a26fc1e29fe8df797c4d50577709e779,2026-05-05T04:06:47Z,2026-05-05,0x28C6c06298d514Db089934071355E5743bf21d60,binance,Binance,cex,Hot Wallet,0xe6e8A9Db546E50bdd2652Ebb3D443fcD723e171e,,,,,PEPE,0x6982508145454Ce325dDbE47a25d4ec3d2311933,204411558.03,825.8226944412002,FROM_ARKHAM_LABELED_CEX_PROXY,ARKHAM_CHANNEL,HIGH,
PEPE,CONTROL,ethereum,0x9b41a25bb63db44c51c7be8aa5f06ba8c88cc6b04e04f6a2cb41ef727e8a190c,2026-05-05T04:05:35Z,2026-05-05,0x5AaFc1f252d544f744d17a4E734afd6efC47edE4,,,,,0xA43fe16908251ee70EF74718545e4FE6C5cCEc9f,uniswap,Uniswap,dex,V2 Pool,PEPE,0x6982508145454Ce325dDbE47a25d4ec3d2311933,252421691.32429206,1019.7836329501399,TO_ARKHAM_LABELED_DEX_PROXY,ARKHAM_CHANNEL,HIGH,
PEPE,CONTROL,ethereum,0x5b5a6cd6d75f8a68289beac7aa52045d6cd6925194f6156317a615cecf9d0289,2026-05-05T04:05:11Z,2026-05-05,0x74de5d4FCbf63E00296fd95d33236B9794016631,metamask,MetaMask,dex-aggregator,Spender,0xCe79b081c0c924cb67848723ed3057234d10FC6b,,,,,PEPE,0x6982508145454Ce325dDbE47a25d4ec3d2311933,4902167.500833539,19.8047567033675,BETWEEN_LABELED_ENTITIES,ARKHAM_CHANNEL,HIGH,
PEPE,CONTROL,ethereum,0x5b5a6cd6d75f8a68289beac7aa52045d6cd6925194f6156317a615cecf9d0289,2026-05-05T04:05:11Z,2026-05-05,0xcE442c2C46131d8EC25015c8da551Ab5Cc2d6985,,,,,0x74de5d4FCbf63E00296fd95d33236B9794016631,metamask,MetaMask,dex-aggregator,Spender,PEPE,0x6982508145454Ce325dDbE47a25d4ec3d2311933,4902167.500833539,19.8047567033675,BETWEEN_LABELED_ENTITIES,ARKHAM_CHANNEL,HIGH,
PEPE,CONTROL,ethereum,0xf47aad23c2ba79e69cc9857a218795ccdcee102937eb64409bdca0c5f8020cb6,2026-05-05T04:03:59Z,2026-05-05,0x000000000004444c5dc75cB358380D2e3dE08A90,uniswap,Uniswap,dex,PoolManager,0x52d70EaaA289436EecCC560aac21Ad8490898b92,,,,,PEPE,0x6982508145454Ce325dDbE47a25d4ec3d2311933,1509393.0187180326,6.097947795620851,FROM_ARKHAM_LABELED_DEX_PROXY,ARKHAM_CHANNEL,HIGH,
PEPE,CONTROL,ethereum,0x79c5fb94897236c077e90b599f07e13240a748c10d994ea5f30bf5bc9e73b9b5,2026-05-05T04:02:23Z,2026-05-05,0x9642b23Ed1E01Df1092B92641051881a322F5D4E,mexc,MEXC,cex,Hot Wallet,0x2Bd9bca8Aa6e1D7f3FA0569C7A47Def2D3152502,,,,,PEPE,0x6982508145454Ce325dDbE47a25d4ec3d2311933,899601.2,3.634388848,FROM_ARKHAM_LABELED_CEX_PROXY,ARKHAM_CHANNEL,HIGH,
PEPE,CONTROL,ethereum,0xf69a2e883cba1b3e7b75eef2c192265afc6fb25a036145a952aee9dafcc03bbf,2026-05-05T04:01:35Z,2026-05-05,0x51C72848c68a965f66FA7a88855F9f7784502a7F,wintermute,Wintermute,fund,Market Maker,0xA43fe16908251ee70EF74718545e4FE6C5cCEc9f,uniswap,Uniswap,dex,V2 Pool,PEPE,0x6982508145454Ce325dDbE47a25d4ec3d2311933,844816094.2500353,3413.0570207701426,TO_ARKHAM_LABELED_DEX_PROXY,ARKHAM_CHANNEL,HIGH,
PEPE,CONTROL,ethereum,0x41109948d8d938500b3a50c6ca857e62ee228b0303efb013a74a0851c574df42,2026-05-05T04:01:23Z,2026-05-05,0x700E0841CE0892969d2f9Cf523C6298B3eF056a6,kraken,Kraken,cex,Hot Wallet,0x5344AB01bCAc51A4b9Ea18ba18451752366dF5D6,,,,MEXC Deposit,PEPE,0x6982508145454Ce325dDbE47a25d4ec3d2311933,5639537.5600000005,22.783731742400004,FROM_ARKHAM_LABELED_CEX_PROXY,ARKHAM_CHANNEL,HIGH,
PEPE,CONTROL,ethereum,0x7e0da5dd8f89bb0daf1d67a10b69d4e6b9ab70599efdcd97bd575d87dd8aad6c,2026-05-05T04:01:11Z,2026-05-05,0x51C72848c68a965f66FA7a88855F9f7784502a7F,wintermute,Wintermute,fund,Market Maker,0xA43fe16908251ee70EF74718545e4FE6C5cCEc9f,uniswap,Uniswap,dex,V2 Pool,PEPE,0x6982508145454Ce325dDbE47a25d4ec3d2311933,624991229.4583948,2524.964567011915,TO_ARKHAM_LABELED_DEX_PROXY,ARKHAM_CHANNEL,HIGH,
PEPE,CONTROL,ethereum,0xd43dd98ad525b91c55964c4b78e7b7684b46c4c5152a40d06dd6a1e0748b3b9e,2026-05-05T04:00:59Z,2026-05-05,0xB02C9a467D64D209Eac51B049e8dD68e080Cf80E,,,,,0xD84b4436B6aBA0fa348c5Cf35b4682448E94724a,coins-ph,Coins.ph,cex,Hot Wallet,PEPE,0x6982508145454Ce325dDbE47a25d4ec3d2311933,4186152.61,16.912056544400002,TO_ARKHAM_LABELED_CEX_PROXY,ARKHAM_CHANNEL,HIGH,
PEPE,CONTROL,ethereum,0xdabb067ea8d6aa6250feffb7a2c3e4d21c824f6cc3cc60a9a71ee178c0bfc284,2026-05-05T03:58:23Z,2026-05-05,0x58b704065B7aFF3ED351052f8560019E05925023,bitso,Bitso,cex,Hot Wallet,0xac53eB8A1891083C06222459ad2e0D27273c4B77,,,,,PEPE,0x6982508145454Ce325dDbE47a25d4ec3d2311933,9692627396.818245,39158.214683145714,FROM_ARKHAM_LABELED_CEX_PROXY,ARKHAM_CHANNEL,HIGH,
PEPE,CONTROL,ethereum,0x408f1f5118aaf6750d1c0c5a1ac84f7ca4e95933aa2e06115d2d9e57b345abac,2026-05-05T03:56:23Z,2026-05-05,0xcF9eaa9206d49775c898d6a4Cef90711f735B10E,,,,,0xFd4fC9Db7Dba46B1Bd0C5e325831f8d43DCEF8f5,,,,,PEPE,0x6982508145454Ce325dDbE47a25d4ec3d2311933,12254752.40181979,49.50919970335195,BETWEEN_UNKNOWN_WALLETS,ARKHAM_CHANNEL,UNKNOWN,ENTITY_MISSING
PEPE,CONTROL,ethereum,0x8b5e01251d44253063dea33c7a1ff0fcf0c1b25fe3bd76df8bfccfc493d9ea4a,2026-05-05T03:55:23Z,2026-05-05,0x3777C930E4dCA196E070d39B60c644C8Aae02f23,,,,,0x9424b4317913F2A553744e5548d2a7800580Bd43,,,,,PEPE,0x6982508145454Ce325dDbE47a25d4ec3d2311933,91422742.335984,369.34787903737544,BETWEEN_UNKNOWN_WALLETS,ARKHAM_CHANNEL,UNKNOWN,ENTITY_MISSING
PEPE,CONTROL,ethereum,0x4b31cfa77a739d006ed94311bff7db95880151f19279b7237bbcd610ebe6f94f,2026-05-05T03:52:59Z,2026-05-05,0x27BFfB0f09C18539f9a47a39958Bb149Fe42A155,,,,Binance Deposit,0x28C6c06298d514Db089934071355E5743bf21d60,binance,Binance,cex,Hot Wallet,PEPE,0x6982508145454Ce325dDbE47a25d4ec3d2311933,12741572698.25,51475.95370093,TO_ARKHAM_LABELED_CEX_PROXY,ARKHAM_CHANNEL,HIGH,
PEPE,CONTROL,ethereum,0x956c7a39bc353f87d403323534287230155eed070881cbbb408299c7e64696cb,2026-05-05T03:52:23Z,2026-05-05,0x46340b20830761efd32832A74d7169B29FEB9758,crypto-com,Crypto.com,cex,Hot Wallet,0x0f36309C2a2943c3c8e9bf3f56205a9A8ee48bf9,,,,,PEPE,0x6982508145454Ce325dDbE47a25d4ec3d2311933,24269916,98.05046064,FROM_ARKHAM_LABELED_CEX_PROXY,ARKHAM_CHANNEL,HIGH,
PEPE,CONTROL,ethereum,0x55d77d944c9682793856906b9ff4b9cba24b60f14c044fec932c9d6b4557b04e,2026-05-05T03:50:11Z,2026-05-05,0xB824B5f459e7Ea0F464B11837295af3314658Ec5,,,,,0xA43fe16908251ee70EF74718545e4FE6C5cCEc9f,uniswap,Uniswap,dex,V2 Pool,PEPE,0x6982508145454Ce325dDbE47a25d4ec3d2311933,955634452.2219772,3860.763186976789,TO_ARKHAM_LABELED_DEX_PROXY,ARKHAM_CHANNEL,HIGH,
PEPE,CONTROL,ethereum,0x533f5209238150b4410e9b823856ea21b7c30b3da6a7ad8d06aaf095423ed54d,2026-05-05T03:50:11Z,2026-05-05,0x91D40E4818F4D4C57b4578d9ECa6AFc92aC8DEbE,okx,OKX,cex,Hot Wallet,0x27BFfB0f09C18539f9a47a39958Bb149Fe42A155,,,,Binance Deposit,PEPE,0x6982508145454Ce325dDbE47a25d4ec3d2311933,12741572698.25,51475.95370093,FROM_ARKHAM_LABELED_CEX_PROXY,ARKHAM_CHANNEL,HIGH,
PEPE,CONTROL,ethereum,0x68c45d73f37fbe40d043c228aa6241e07988f5053d9312cb3d8102fed36538ad,2026-05-05T03:49:59Z,2026-05-05,0xA43fe16908251ee70EF74718545e4FE6C5cCEc9f,uniswap,Uniswap,dex,V2 Pool,0x9F1967CfB9f91A6d0F77e90C7F563F8E3f918082,,,,,PEPE,0x6982508145454Ce325dDbE47a25d4ec3d2311933,203476372.09612134,822.0445432683302,FROM_ARKHAM_LABELED_DEX_PROXY,ARKHAM_CHANNEL,HIGH,
PEPE,CONTROL,ethereum,0xe2bf91434e4e00152a45388f0ba45a7c1984572618a901e8cb82cc5add7d22ad,2026-05-05T03:47:35Z,2026-05-05,0x9E166c9b482699B442743a6019B1D7E599608bEf,,,,Bitso Deposit,0x58b704065B7aFF3ED351052f8560019E05925023,bitso,Bitso,cex,Hot Wallet,PEPE,0x6982508145454Ce325dDbE47a25d4ec3d2311933,1377035284.56,5563.2225496224,TO_ARKHAM_LABELED_CEX_PROXY,ARKHAM_CHANNEL,HIGH,
PEPE,CONTROL,ethereum,0xb8f56a57fed25e5f00dc58b1945c8f992108530fdf3f1dbeb71160adc7365a8d,2026-05-05T03:45:35Z,2026-05-05,0x2c50C6eeB6d3B195393470Ec0F66EA25d224527E,,,,,0xD0f2577ea6d87a20Cc4c13282b65d2328383b70e,,,,,PEPE,0x6982508145454Ce325dDbE47a25d4ec3d2311933,81832332.33125123,330.60262261825505,BETWEEN_UNKNOWN_WALLETS,ARKHAM_CHANNEL,UNKNOWN,ENTITY_MISSING
PEPE,CONTROL,ethereum,0x7ff5c3c1222fac6364964513c10bdd95474f32be676c0c8adbd9f8d72ca97577,2026-05-05T03:44:47Z,2026-05-05,0x21a31Ee1afC51d94C2eFcCAa2092aD1028285549,binance,Binance,cex,Hot Wallet,0x9E166c9b482699B442743a6019B1D7E599608bEf,,,,Bitso Deposit,PEPE,0x6982508145454Ce325dDbE47a25d4ec3d2311933,1377035284.56,5563.2225496224,FROM_ARKHAM_LABELED_CEX_PROXY,ARKHAM_CHANNEL,HIGH,
PEPE,CONTROL,ethereum,0xaa84b7aea2d37da956ab57a7752aa7b7d1ad48ebee1ea6a8b520102d119dc708,2026-05-05T03:38:47Z,2026-05-05,0xEFEF30bD1ccA520619306C95091aB18473fEBC5c,bybit,Bybit,cex,Hot Wallet,0x319E20Bec6F8f5540f562333Dfe53470C2Aae719,,,,,PEPE,0x6982508145454Ce325dDbE47a25d4ec3d2311933,21038715.17720896,84.78602216415213,FROM_ARKHAM_LABELED_CEX_PROXY,ARKHAM_CHANNEL,HIGH,
PEPE,CONTROL,ethereum,0x9c692fada0925115099ed00b70fca46c638757fb22b9a64f48c329965ae4586b,2026-05-05T03:36:35Z,2026-05-05,0x67336Cec42645F55059EfF241Cb02eA5cC52fF86,,,,,0x111111125421cA6dc452d289314280a0f8842A65,1inch,1inch,dex-aggregator,AggregationRouterV6,PEPE,0x6982508145454Ce325dDbE47a25d4ec3d2311933,19258565.202126816,77.61201776457106,TO_ARKHAM_LABELED_DEX_PROXY,ARKHAM_CHANNEL,HIGH,
PEPE,CONTROL,ethereum,0x9c692fada0925115099ed00b70fca46c638757fb22b9a64f48c329965ae4586b,2026-05-05T03:36:35Z,2026-05-05,0x9025B8ff35Ca44f7018C3a37FE0f69e63DBb0743,,,,SKWrapGeneric_V1,0xc87eB69c0366cf30489947c0D48998c5Daaa53be,,,,,PEPE,0x6982508145454Ce325dDbE47a25d4ec3d2311933,19258565.202126816,77.61201776457106,BETWEEN_UNKNOWN_WALLETS,ARKHAM_CHANNEL,UNKNOWN,ENTITY_MISSING
PEPE,CONTROL,ethereum,0x9c692fada0925115099ed00b70fca46c638757fb22b9a64f48c329965ae4586b,2026-05-05T03:36:35Z,2026-05-05,0x111111125421cA6dc452d289314280a0f8842A65,1inch,1inch,dex-aggregator,AggregationRouterV6,0x9025B8ff35Ca44f7018C3a37FE0f69e63DBb0743,,,,SKWrapGeneric_V1,PEPE,0x6982508145454Ce325dDbE47a25d4ec3d2311933,19258565.202126816,77.61201776457106,FROM_ARKHAM_LABELED_DEX_PROXY,ARKHAM_CHANNEL,HIGH,
PEPE,CONTROL,ethereum,0xbfc6c3e65b6e1234faf372a082ea44b230e1c3861f00924fbc3ff76655936df2,2026-05-05T03:33:59Z,2026-05-05,0x91D40E4818F4D4C57b4578d9ECa6AFc92aC8DEbE,okx,OKX,cex,Hot Wallet,0x2513840D25313F9635e16607F047e56b04eb5e89,,,,,PEPE,0x6982508145454Ce325dDbE47a25d4ec3d2311933,737014.4500000001,2.9701682335000004,FROM_ARKHAM_LABELED_CEX_PROXY,ARKHAM_CHANNEL,HIGH,
PEPE,CONTROL,ethereum,0x8fbeba66f1186322b1046e832a01a6dcc499a8659e9a313deabdac4bcdc9a7f2,2026-05-05T03:33:47Z,2026-05-05,0x91D40E4818F4D4C57b4578d9ECa6AFc92aC8DEbE,okx,OKX,cex,Hot Wallet,0xAf6E08926DA465fb3c59C2ad5Dad47f6dCA252AB,,,,OKX Deposit,PEPE,0x6982508145454Ce325dDbE47a25d4ec3d2311933,14104411625,56840.77884875001,FROM_ARKHAM_LABELED_CEX_PROXY,ARKHAM_CHANNEL,HIGH,
PEPE,CONTROL,ethereum,0x6ec020b78bfaf2a11ec282119c4f2d253d26111ffa7a0a13d5748f69950012c3,2026-05-05T03:33:47Z,2026-05-05,0x91D40E4818F4D4C57b4578d9ECa6AFc92aC8DEbE,okx,OKX,cex,Hot Wallet,0x0d96B0525186C56aab001FF856313c85ced6BBE3,,,,OKX Deposit,PEPE,0x6982508145454Ce325dDbE47a25d4ec3d2311933,34616601,139.50490203,FROM_ARKHAM_LABELED_CEX_PROXY,ARKHAM_CHANNEL,HIGH,
PEPE,CONTROL,ethereum,0x3ff89c937ca4c94051fe6b050cbbdf514a74527e09553ef466ffe3293d98721e,2026-05-05T03:33:23Z,2026-05-05,0x91D40E4818F4D4C57b4578d9ECa6AFc92aC8DEbE,okx,OKX,cex,Hot Wallet,0x6cbB2Add2a126e65CeF029AFca45576910A26B5f,okx,OKX,cex,,PEPE,0x6982508145454Ce325dDbE47a25d4ec3d2311933,40603122,163.63058166,TO_ARKHAM_LABELED_CEX_PROXY,ARKHAM_CHANNEL,HIGH,
FLOKI,CONTROL,ethereum,0x7520ca715484597169dba63de036c7f529bd0321b31a57ff1a8d3e7d95b7b71a,2026-05-05T04:28:47Z,2026-05-05,0x4ACb6C4321253548a7d4Bb9C84032Cc4eE04bFD7,,,,,0x4e5CbB6E2aCA942252e8cDa2bA911cED2bD99B07,uniswap,Uniswap,dex,V2 Pool,FLOKI,0xcf0C122c6b73ff809C693DB761e7BaeBe62b6a2E,277375,8.9814025,TO_ARKHAM_LABELED_DEX_PROXY,ARKHAM_CHANNEL,HIGH,
FLOKI,CONTROL,ethereum,0xc5ecd45ebf4211d7e234c5e4e4ede2663bad5ea2546dbb224120600d03bbb44f,2026-05-05T03:51:59Z,2026-05-05,0xB685760EBD368a891F27ae547391F4E2A289895b,bridgers-xyz,Bridgers,bridge,Bridgers1.1 (BRIDGERS),0xd63Bf088F7da8227D92e07C1456EC8c8b3Aa5d3e,,,,,FLOKI,0xcf0C122c6b73ff809C693DB761e7BaeBe62b6a2E,2000635.462307,65.04065887960057,BETWEEN_LABELED_ENTITIES,ARKHAM_CHANNEL,HIGH,
FLOKI,CONTROL,ethereum,0x6356aa74822582a75428bcbfebd8f0cef8464f467551c61f94111205ec5b0bc3,2026-05-05T03:40:11Z,2026-05-05,0x99670be5fe95eC1132b9F0C4eFF6778167299c26,,,,Coinbase Deposit,0xA9D1e08C7793af67e9d92fe308d5697FB81d3E43,coinbase,Coinbase,cex,Hot Wallet,FLOKI,0xcf0C122c6b73ff809C693DB761e7BaeBe62b6a2E,106468029.09197,3457.0169046162655,TO_ARKHAM_LABELED_CEX_PROXY,ARKHAM_CHANNEL,HIGH,
FLOKI,CONTROL,ethereum,0x1b743e572b1c4a1f09d0625793167b656239c2215f7793ed011a36942d6534a3,2026-05-05T03:37:23Z,2026-05-05,0xA9D1e08C7793af67e9d92fe308d5697FB81d3E43,coinbase,Coinbase,cex,Hot Wallet,0xF047D1071Ce4359A3140D864c74F230DDD11df03,coinbase,Coinbase,cex,Cold Wallet,FLOKI,0xcf0C122c6b73ff809C693DB761e7BaeBe62b6a2E,157865473.2305478,5125.891915795885,TO_ARKHAM_LABELED_CEX_PROXY,ARKHAM_CHANNEL,HIGH,
FLOKI,CONTROL,ethereum,0x94c1ffd6300791cb0c40f5013f4e54606aa22d4068aa7ce5c5b7b3e2d3329a4a,2026-05-05T03:32:11Z,2026-05-05,0x6b8b481a2bC619E82dd81Ff68875959C51119971,,,,,0xA9D1e08C7793af67e9d92fe308d5697FB81d3E43,coinbase,Coinbase,cex,Hot Wallet,FLOKI,0xcf0C122c6b73ff809C693DB761e7BaeBe62b6a2E,273663,8.88583761,TO_ARKHAM_LABELED_CEX_PROXY,ARKHAM_CHANNEL,HIGH,
FLOKI,CONTROL,ethereum,0xcce4c7f901d4d4955a68ba07ceb1a1cc4a7df92b2b1929be21b96b2c5eefa4d0,2026-05-05T03:32:11Z,2026-05-05,0xE3380Fdf4856872d3558a256A4fBE2b109B749DD,,,,,0xA9D1e08C7793af67e9d92fe308d5697FB81d3E43,coinbase,Coinbase,cex,Hot Wallet,FLOKI,0xcf0C122c6b73ff809C693DB761e7BaeBe62b6a2E,275281.564908121,8.938392412566689,TO_ARKHAM_LABELED_CEX_PROXY,ARKHAM_CHANNEL,HIGH,
FLOKI,CONTROL,ethereum,0x59a459acae66be711706ad6e9831cbb6064e524775fd8c2848ed34b201c22834,2026-05-05T03:32:11Z,2026-05-05,0x509bEe2b5BcB4D018DbBC6Fc6d74809F876143D9,,,,,0xA9D1e08C7793af67e9d92fe308d5697FB81d3E43,coinbase,Coinbase,cex,Hot Wallet,FLOKI,0xcf0C122c6b73ff809C693DB761e7BaeBe62b6a2E,274851.122308749,8.92441594136508,TO_ARKHAM_LABELED_CEX_PROXY,ARKHAM_CHANNEL,HIGH,
FLOKI,CONTROL,ethereum,0xeac74b9f674af126927d0152e708b4bf0d97cc7dbb649a52c85f6b714da912bb,2026-05-05T03:32:11Z,2026-05-05,0x712FC16dC2Bac7c58A42fA2CF57b6970B7C7f473,,,,,0xA9D1e08C7793af67e9d92fe308d5697FB81d3E43,coinbase,Coinbase,cex,Hot Wallet,FLOKI,0xcf0C122c6b73ff809C693DB761e7BaeBe62b6a2E,275322.520648584,8.939722245459523,TO_ARKHAM_LABELED_CEX_PROXY,ARKHAM_CHANNEL,HIGH,
FLOKI,CONTROL,ethereum,0x81e1501df934bb18fd3e2a69ca0791fbd01d7e835427d7feda784aae22c9888f,2026-05-05T03:32:11Z,2026-05-05,0x81c66462787f1A476324dE0B79BCEF05a0F97D7D,,,,,0xA9D1e08C7793af67e9d92fe308d5697FB81d3E43,coinbase,Coinbase,cex,Hot Wallet,FLOKI,0xcf0C122c6b73ff809C693DB761e7BaeBe62b6a2E,276800.05,8.9876976235,TO_ARKHAM_LABELED_CEX_PROXY,ARKHAM_CHANNEL,HIGH,
FLOKI,CONTROL,ethereum,0x7edfb134a5bbec4cc6df39d2562b14b1185eb9fca885e907c38c3832e5a87bcb,2026-05-05T03:32:11Z,2026-05-05,0x76745Ed5b731ac86dddAE6bb0a551d5d364ad405,,,,,0xA9D1e08C7793af67e9d92fe308d5697FB81d3E43,coinbase,Coinbase,cex,Hot Wallet,FLOKI,0xcf0C122c6b73ff809C693DB761e7BaeBe62b6a2E,276240.225427965,8.969520119646022,TO_ARKHAM_LABELED_CEX_PROXY,ARKHAM_CHANNEL,HIGH,
FLOKI,CONTROL,ethereum,0x0b5e0974c4afcc05b1c55df946f7a82f1a6db03e831f40e5634325f81f2c6c79,2026-05-05T03:32:11Z,2026-05-05,0x2246A5491b417a35A3b72fbB660ac4001B96d463,,,,,0xA9D1e08C7793af67e9d92fe308d5697FB81d3E43,coinbase,Coinbase,cex,Hot Wallet,FLOKI,0xcf0C122c6b73ff809C693DB761e7BaeBe62b6a2E,269516.129032258,8.751188709677418,TO_ARKHAM_LABELED_CEX_PROXY,ARKHAM_CHANNEL,HIGH,
FLOKI,CONTROL,ethereum,0x3a238c725421f0bd1172516ab493e70c1b8b07c85200b7a5b16187ecbc9c2396,2026-05-05T03:32:11Z,2026-05-05,0x6b1f4539ABDD26774466F0509484304537Ebe596,,,,,0xA9D1e08C7793af67e9d92fe308d5697FB81d3E43,coinbase,Coinbase,cex,Hot Wallet,FLOKI,0xcf0C122c6b73ff809C693DB761e7BaeBe62b6a2E,273179.52,8.8701390144,TO_ARKHAM_LABELED_CEX_PROXY,ARKHAM_CHANNEL,HIGH,
FLOKI,CONTROL,ethereum,0xd296886d290d6d3b3fc938007afb4fb713f495fa5e4aafe87cd67c2d9b8fee6a,2026-05-05T03:32:11Z,2026-05-05,0x696c643727A537286857C4FdA57Ae26EBa63F98C,,,,,0xA9D1e08C7793af67e9d92fe308d5697FB81d3E43,coinbase,Coinbase,cex,Hot Wallet,FLOKI,0xcf0C122c6b73ff809C693DB761e7BaeBe62b6a2E,279466.604416948,9.0742806454183,TO_ARKHAM_LABELED_CEX_PROXY,ARKHAM_CHANNEL,HIGH,
FLOKI,CONTROL,ethereum,0x628322790d09d3970ae3fbc738c79a4fdb694fc59bc7017510954f8ea554f0c7,2026-05-05T03:32:11Z,2026-05-05,0x3014BA045e488d3b941504968C64a29C289eCe23,,,,,0xA9D1e08C7793af67e9d92fe308d5697FB81d3E43,coinbase,Coinbase,cex,Hot Wallet,FLOKI,0xcf0C122c6b73ff809C693DB761e7BaeBe62b6a2E,267040.477155988,8.67080429325493,TO_ARKHAM_LABELED_CEX_PROXY,ARKHAM_CHANNEL,HIGH,
FLOKI,CONTROL,ethereum,0x89c682348e58925f120540c0a9fc92da0e799cafd725bcf0e6fbc355a2714448,2026-05-05T03:32:11Z,2026-05-05,0x57E5DB6bffB89463B2c91BD3118084722497A159,,,,,0xA9D1e08C7793af67e9d92fe308d5697FB81d3E43,coinbase,Coinbase,cex,Hot Wallet,FLOKI,0xcf0C122c6b73ff809C693DB761e7BaeBe62b6a2E,277540,9.0117238,TO_ARKHAM_LABELED_CEX_PROXY,ARKHAM_CHANNEL,HIGH,
FLOKI,CONTROL,ethereum,0xe2f9c5f7a793b924ba4c8b8575b0ae0208a0b184282bd042eb9fafbd6ed53a92,2026-05-05T03:32:11Z,2026-05-05,0x879A0B3258e957E300e32c66F0d2A29Bd3F41257,,,,,0xA9D1e08C7793af67e9d92fe308d5697FB81d3E43,coinbase,Coinbase,cex,Hot Wallet,FLOKI,0xcf0C122c6b73ff809C693DB761e7BaeBe62b6a2E,274375.30622244,8.908966193042627,TO_ARKHAM_LABELED_CEX_PROXY,ARKHAM_CHANNEL,HIGH,
FLOKI,CONTROL,ethereum,0xa7cc9050157a9116d03e0876aa82123991661b6c67d2aeec62192358d1b640f2,2026-05-05T03:32:11Z,2026-05-05,0x67773B5003c78718780537045A64ceFcDE5CF53B,,,,,0xA9D1e08C7793af67e9d92fe308d5697FB81d3E43,coinbase,Coinbase,cex,Hot Wallet,FLOKI,0xcf0C122c6b73ff809C693DB761e7BaeBe62b6a2E,268756.99888018,8.726539753639445,TO_ARKHAM_LABELED_CEX_PROXY,ARKHAM_CHANNEL,HIGH,
FLOKI,CONTROL,ethereum,0x6889888622a913ffd493690ff27f82aba550b408adfc72aed45d3d7b5a3b2bd5,2026-05-05T03:32:11Z,2026-05-05,0x6DA1bA3E6bC26993f4b0C684f0bdc2BC17baEeD7,,,,,0xA9D1e08C7793af67e9d92fe308d5697FB81d3E43,coinbase,Coinbase,cex,Hot Wallet,FLOKI,0xcf0C122c6b73ff809C693DB761e7BaeBe62b6a2E,280468.09,9.1067988823,TO_ARKHAM_LABELED_CEX_PROXY,ARKHAM_CHANNEL,HIGH,
FLOKI,CONTROL,ethereum,0x7493d945f85279302f12e02a9e180521b977654410b7ad3d3205b0c4b512d08e,2026-05-05T03:32:11Z,2026-05-05,0xc695dcc899Efc76c153a3e9D96D6F282F41a627A,,,,,0xA9D1e08C7793af67e9d92fe308d5697FB81d3E43,coinbase,Coinbase,cex,Hot Wallet,FLOKI,0xcf0C122c6b73ff809C693DB761e7BaeBe62b6a2E,279939.91,9.089648877699998,TO_ARKHAM_LABELED_CEX_PROXY,ARKHAM_CHANNEL,HIGH,
FLOKI,CONTROL,ethereum,0xe19c1e897e913bbef64020923b40a9cadb94a19dddfbdcba29ef6ab7e5312629,2026-05-05T03:32:11Z,2026-05-05,0x2DDf3C018f36866AbbA3F68fAB7641B159af0adb,,,,,0xA9D1e08C7793af67e9d92fe308d5697FB81d3E43,coinbase,Coinbase,cex,Hot Wallet,FLOKI,0xcf0C122c6b73ff809C693DB761e7BaeBe62b6a2E,275012.720086523,8.929663021209402,TO_ARKHAM_LABELED_CEX_PROXY,ARKHAM_CHANNEL,HIGH,
FLOKI,CONTROL,ethereum,0x9b22f9357f0c1c053955a99d023bcd42505ce1b704a53f5067553fee3f765017,2026-05-05T03:32:11Z,2026-05-05,0x0Cdd2d143Ea536Af0ebed38C8349D88B9DdB9681,,,,,0xA9D1e08C7793af67e9d92fe308d5697FB81d3E43,coinbase,Coinbase,cex,Hot Wallet,FLOKI,0xcf0C122c6b73ff809C693DB761e7BaeBe62b6a2E,286501.623025924,9.302707699651753,TO_ARKHAM_LABELED_CEX_PROXY,ARKHAM_CHANNEL,HIGH,
FLOKI,CONTROL,ethereum,0x773f702be570376df23cb2dd32a183fccf785ba07fdfd26e03dc30b071b7e71c,2026-05-05T03:32:11Z,2026-05-05,0x84FC33f0C5b635D8cDd5a4A98495a6374AC94b55,,,,,0xA9D1e08C7793af67e9d92fe308d5697FB81d3E43,coinbase,Coinbase,cex,Hot Wallet,FLOKI,0xcf0C122c6b73ff809C693DB761e7BaeBe62b6a2E,279605.263157895,9.07878289473685,TO_ARKHAM_LABELED_CEX_PROXY,ARKHAM_CHANNEL,HIGH,
FLOKI,CONTROL,ethereum,0x2613ccabc977e30ca983fb42726bae09af72d621e9e68ee659f50be7a32a45fc,2026-05-05T03:32:11Z,2026-05-05,0x41152A39786AB88702fD3A29463542f21C05C723,,,,,0xA9D1e08C7793af67e9d92fe308d5697FB81d3E43,coinbase,Coinbase,cex,Hot Wallet,FLOKI,0xcf0C122c6b73ff809C693DB761e7BaeBe62b6a2E,268814.541651628,8.72840816742836,TO_ARKHAM_LABELED_CEX_PROXY,ARKHAM_CHANNEL,HIGH,
FLOKI,CONTROL,ethereum,0xfb5fcaf0a5cac6ee520b9ba2a6fc22435f4fea148c511a59914eb375667f7db7,2026-05-05T03:32:11Z,2026-05-05,0x4687301d59BD80C0Deec5F5D9db2497aE9232592,,,,,0xA9D1e08C7793af67e9d92fe308d5697FB81d3E43,coinbase,Coinbase,cex,Hot Wallet,FLOKI,0xcf0C122c6b73ff809C693DB761e7BaeBe62b6a2E,268662.444828248,8.72346958357321,TO_ARKHAM_LABELED_CEX_PROXY,ARKHAM_CHANNEL,HIGH,
FLOKI,CONTROL,ethereum,0xfdeffc5d6a2586b111a76e4050103bf927e49eb7580886b3488d5249a4bd848c,2026-05-05T03:32:11Z,2026-05-05,0xbf077f0d7beAfA74E014a7863e823659B458351B,,,,,0xA9D1e08C7793af67e9d92fe308d5697FB81d3E43,coinbase,Coinbase,cex,Hot Wallet,FLOKI,0xcf0C122c6b73ff809C693DB761e7BaeBe62b6a2E,273076.287217121,8.866787045939919,TO_ARKHAM_LABELED_CEX_PROXY,ARKHAM_CHANNEL,HIGH,
FLOKI,CONTROL,ethereum,0xc8df7979bf66305db32950555fa55bd0da367accf8e1643efab7ba3afebc7ac3,2026-05-05T03:32:11Z,2026-05-05,0x39304999C7E28A2D38d49d4275ee0446A9a58838,,,,,0xA9D1e08C7793af67e9d92fe308d5697FB81d3E43,coinbase,Coinbase,cex,Hot Wallet,FLOKI,0xcf0C122c6b73ff809C693DB761e7BaeBe62b6a2E,280595.92,9.1109495224,TO_ARKHAM_LABELED_CEX_PROXY,ARKHAM_CHANNEL,HIGH,
FLOKI,CONTROL,ethereum,0x94ee1f4efb7184678e3e3eddb5d8adfa3ef04ad8e7e1dc32914edec330259f75,2026-05-05T03:32:11Z,2026-05-05,0x27b503C7afeB89dA116601F83916638631AA5f4A,,,,,0xA9D1e08C7793af67e9d92fe308d5697FB81d3E43,coinbase,Coinbase,cex,Hot Wallet,FLOKI,0xcf0C122c6b73ff809C693DB761e7BaeBe62b6a2E,273348.519362187,8.875626423690212,TO_ARKHAM_LABELED_CEX_PROXY,ARKHAM_CHANNEL,HIGH,
FLOKI,CONTROL,ethereum,0x9d5e8c16352888f6558990eadfac84f8e597fccc0963b4547e49bb8fb4181fb2,2026-05-05T03:32:11Z,2026-05-05,0x0eC8eC1d3D32784ac538790a2311A30ACeED4512,,,,,0xA9D1e08C7793af67e9d92fe308d5697FB81d3E43,coinbase,Coinbase,cex,Hot Wallet,FLOKI,0xcf0C122c6b73ff809C693DB761e7BaeBe62b6a2E,274959.092133017,8.927921721559061,TO_ARKHAM_LABELED_CEX_PROXY,ARKHAM_CHANNEL,HIGH,
FLOKI,CONTROL,ethereum,0xdae5f9122ef75e01b040befeb7fde16635cc6dd324cbc0aa91467d2103ea97fd,2026-05-05T03:32:11Z,2026-05-05,0xcBC20A06440608F76413750C60c15F34C8B05EC4,,,,,0xA9D1e08C7793af67e9d92fe308d5697FB81d3E43,coinbase,Coinbase,cex,Hot Wallet,FLOKI,0xcf0C122c6b73ff809C693DB761e7BaeBe62b6a2E,281422,9.13777234,TO_ARKHAM_LABELED_CEX_PROXY,ARKHAM_CHANNEL,HIGH,
FLOKI,CONTROL,ethereum,0xb8ea22bd8e8b5afbc4cb6544de47e0f54a5184f1d05e2f4e1fe0fdf38331e5da,2026-05-05T03:32:11Z,2026-05-05,0x4F988bd5eED082bb2fb064AebBe110500f61858B,,,,,0xA9D1e08C7793af67e9d92fe308d5697FB81d3E43,coinbase,Coinbase,cex,Hot Wallet,FLOKI,0xcf0C122c6b73ff809C693DB761e7BaeBe62b6a2E,267371.307542341,8.681546355899812,TO_ARKHAM_LABELED_CEX_PROXY,ARKHAM_CHANNEL,HIGH,
FLOKI,CONTROL,ethereum,0x138e0964a798cf22dca122561535b5719948da41a9c19820d76f13c465de5658,2026-05-05T03:32:11Z,2026-05-05,0xf17A583850555f67028df585Dfbc1E4410558F4A,,,,,0xA9D1e08C7793af67e9d92fe308d5697FB81d3E43,coinbase,Coinbase,cex,Hot Wallet,FLOKI,0xcf0C122c6b73ff809C693DB761e7BaeBe62b6a2E,275828.651773662,8.956156323090806,TO_ARKHAM_LABELED_CEX_PROXY,ARKHAM_CHANNEL,HIGH,
FLOKI,CONTROL,ethereum,0x8e0ee37e5089efd616ac8da62ad7a481ceb855345e624d807b49bfb24e00fefa,2026-05-05T03:32:11Z,2026-05-05,0xF2d8e07bBc0619c7aab916ddE81F289420e52d7e,,,,,0xA9D1e08C7793af67e9d92fe308d5697FB81d3E43,coinbase,Coinbase,cex,Hot Wallet,FLOKI,0xcf0C122c6b73ff809C693DB761e7BaeBe62b6a2E,275856.76,8.957068997199999,TO_ARKHAM_LABELED_CEX_PROXY,ARKHAM_CHANNEL,HIGH,
FLOKI,CONTROL,ethereum,0x7cef3e7be76f3005d0abc143f82720646af77d665b76c88411aca984f0ac6a6f,2026-05-05T03:32:11Z,2026-05-05,0x5d50Eac3C4E7b317Ef14139cEEa0F9Ae2c609542,,,,,0xA9D1e08C7793af67e9d92fe308d5697FB81d3E43,coinbase,Coinbase,cex,Hot Wallet,FLOKI,0xcf0C122c6b73ff809C693DB761e7BaeBe62b6a2E,267283.915521281,8.678708736975993,TO_ARKHAM_LABELED_CEX_PROXY,ARKHAM_CHANNEL,HIGH,
FLOKI,CONTROL,ethereum,0xd8266ca11c3d02fdbf1d8a6226162d9bfa1633dada4e5c81627fdc3a39f9730c,2026-05-05T03:32:11Z,2026-05-05,0x6d277DA64c03D36a4256B8f088E44a10a9dB1e05,,,,,0xA9D1e08C7793af67e9d92fe308d5697FB81d3E43,coinbase,Coinbase,cex,Hot Wallet,FLOKI,0xcf0C122c6b73ff809C693DB761e7BaeBe62b6a2E,277560.277534538,9.012382211546448,TO_ARKHAM_LABELED_CEX_PROXY,ARKHAM_CHANNEL,HIGH,
FLOKI,CONTROL,ethereum,0x940710942c2e91b76392769f8945edbda2de18e6384cb918564961be6861db2d,2026-05-05T03:32:11Z,2026-05-05,0xe46591e204F06CC37A32c71869c4d0d01dC4185a,,,,,0xA9D1e08C7793af67e9d92fe308d5697FB81d3E43,coinbase,Coinbase,cex,Hot Wallet,FLOKI,0xcf0C122c6b73ff809C693DB761e7BaeBe62b6a2E,276630,8.9821761,TO_ARKHAM_LABELED_CEX_PROXY,ARKHAM_CHANNEL,HIGH,
FLOKI,CONTROL,ethereum,0x751912e213177213e442dc441a821375f2fa89aec82f295fbc5e33e53c72a9dd,2026-05-05T03:32:11Z,2026-05-05,0xa18FA95CcAE6Fc1703Ef41e9B69756e61b95fD97,,,,,0xA9D1e08C7793af67e9d92fe308d5697FB81d3E43,coinbase,Coinbase,cex,Hot Wallet,FLOKI,0xcf0C122c6b73ff809C693DB761e7BaeBe62b6a2E,275700.475013653,8.951994423693314,TO_ARKHAM_LABELED_CEX_PROXY,ARKHAM_CHANNEL,HIGH,
FLOKI,CONTROL,ethereum,0xba39b2cb46a1b607da870f87b053e9eff01324325af0c856b6d41213971e65d2,2026-05-05T03:32:11Z,2026-05-05,0xea13CE1412eB1796434048e59EBda7efFcc00e23,,,,,0xA9D1e08C7793af67e9d92fe308d5697FB81d3E43,coinbase,Coinbase,cex,Hot Wallet,FLOKI,0xcf0C122c6b73ff809C693DB761e7BaeBe62b6a2E,277628,9.01458116,TO_ARKHAM_LABELED_CEX_PROXY,ARKHAM_CHANNEL,HIGH,
FLOKI,CONTROL,ethereum,0x1a1cf9f918b9b8d4c29ab848bbe496b470e4c3c122251b991cd99fc0d0cc6d1d,2026-05-05T03:32:11Z,2026-05-05,0x1C8fC33f9a31B8eDF5c6A77012b8E406BF4cf631,,,,,0xA9D1e08C7793af67e9d92fe308d5697FB81d3E43,coinbase,Coinbase,cex,Hot Wallet,FLOKI,0xcf0C122c6b73ff809C693DB761e7BaeBe62b6a2E,277752.806961001,9.018633642023703,TO_ARKHAM_LABELED_CEX_PROXY,ARKHAM_CHANNEL,HIGH,
FLOKI,CONTROL,ethereum,0x150443244af654ebded435d6b867e96cde70224f723d9cadc2a19a1bb4f735d4,2026-05-05T03:32:11Z,2026-05-05,0x22e3AF639163f28270bE3758cddF52d47fd0CCB5,,,,,0xA9D1e08C7793af67e9d92fe308d5697FB81d3E43,coinbase,Coinbase,cex,Hot Wallet,FLOKI,0xcf0C122c6b73ff809C693DB761e7BaeBe62b6a2E,278265.943549787,9.035295187061584,TO_ARKHAM_LABELED_CEX_PROXY,ARKHAM_CHANNEL,HIGH,
FLOKI,CONTROL,ethereum,0x1a2483dbc744738e1a12d614519f0f7d3d53eb98292c70cdfc164febe7dbb94e,2026-05-05T03:32:11Z,2026-05-05,0x5b75C4f0a88C1a0D5C3cB41B13926b834Eb9aD73,,,,,0xA9D1e08C7793af67e9d92fe308d5697FB81d3E43,coinbase,Coinbase,cex,Hot Wallet,FLOKI,0xcf0C122c6b73ff809C693DB761e7BaeBe62b6a2E,277210.300429185,9.001018454935636,TO_ARKHAM_LABELED_CEX_PROXY,ARKHAM_CHANNEL,HIGH,
FLOKI,CONTROL,ethereum,0x9cf791b828cb08859bd5aa4290536a253b356a7e47a095e79afad3e6f8019b08,2026-05-05T03:32:11Z,2026-05-05,0xA298e2F6b2D41b923Bb56FcC89fdd6b79b6AD7a7,,,,,0xA9D1e08C7793af67e9d92fe308d5697FB81d3E43,coinbase,Coinbase,cex,Hot Wallet,FLOKI,0xcf0C122c6b73ff809C693DB761e7BaeBe62b6a2E,277261.982173265,9.002696561165914,TO_ARKHAM_LABELED_CEX_PROXY,ARKHAM_CHANNEL,HIGH,
FLOKI,CONTROL,ethereum,0x8b598f25d606ac51579cd70b8143ed23c50ba7dabb4d976f68a939e89939abd4,2026-05-05T03:32:11Z,2026-05-05,0x5F01f4356B379228730CbC30B55D58234BaFfD6d,,,,,0xA9D1e08C7793af67e9d92fe308d5697FB81d3E43,coinbase,Coinbase,cex,Hot Wallet,FLOKI,0xcf0C122c6b73ff809C693DB761e7BaeBe62b6a2E,273275.043259579,8.873240654638531,TO_ARKHAM_LABELED_CEX_PROXY,ARKHAM_CHANNEL,HIGH,
FLOKI,CONTROL,ethereum,0xb07dc6dc2d783a858291d29dee77e88e62e6fe3247771a490506bb75cbeb986e,2026-05-05T03:32:11Z,2026-05-05,0x6BBF7021fb9FF111bA5b206D2abf3bd9F9ED89C7,,,,,0xA9D1e08C7793af67e9d92fe308d5697FB81d3E43,coinbase,Coinbase,cex,Hot Wallet,FLOKI,0xcf0C122c6b73ff809C693DB761e7BaeBe62b6a2E,269536.897453152,8.751863060303844,TO_ARKHAM_LABELED_CEX_PROXY,ARKHAM_CHANNEL,HIGH,
FLOKI,CONTROL,ethereum,0x5411261a5cf6e84006c003a67cdff08fe8b8c06034a43bdde391cc1d216a21e0,2026-05-05T03:32:11Z,2026-05-05,0xE0897A86490940868C002A8e5530BE3cae30E539,,,,,0xA9D1e08C7793af67e9d92fe308d5697FB81d3E43,coinbase,Coinbase,cex,Hot Wallet,FLOKI,0xcf0C122c6b73ff809C693DB761e7BaeBe62b6a2E,282797.35,9.1824299545,TO_ARKHAM_LABELED_CEX_PROXY,ARKHAM_CHANNEL,HIGH,
FLOKI,CONTROL,ethereum,0xbae3d813b32acf476475221b92d66994159a466699ad9564774d32e70f442490,2026-05-05T03:32:11Z,2026-05-05,0x5b0E2870ac84151ab89ea5b6d10Bc1F039ad665d,,,,,0xA9D1e08C7793af67e9d92fe308d5697FB81d3E43,coinbase,Coinbase,cex,Hot Wallet,FLOKI,0xcf0C122c6b73ff809C693DB761e7BaeBe62b6a2E,271960.83763938,8.83056839815067,TO_ARKHAM_LABELED_CEX_PROXY,ARKHAM_CHANNEL,HIGH,
FLOKI,CONTROL,ethereum,0xf26f1e1c425d503d52882b1807a3b4f956ef6ef0bf0c4e8d7f275d5e41669ab8,2026-05-05T03:32:11Z,2026-05-05,0x8BF9Aefd75c4f4aa04F1Eac4c44e1bae739040B1,,,,,0xA9D1e08C7793af67e9d92fe308d5697FB81d3E43,coinbase,Coinbase,cex,Hot Wallet,FLOKI,0xcf0C122c6b73ff809C693DB761e7BaeBe62b6a2E,272054.879591976,8.833621940351462,TO_ARKHAM_LABELED_CEX_PROXY,ARKHAM_CHANNEL,HIGH,
FLOKI,CONTROL,ethereum,0x2374e2d6d1d9f55923f4c0c779591eec006a6b4abb759ee92987e4874f362ca8,2026-05-05T03:32:11Z,2026-05-05,0x6dd8dd33732BeCd743E7A79DE8c27f0DeEa44207,,,,,0xA9D1e08C7793af67e9d92fe308d5697FB81d3E43,coinbase,Coinbase,cex,Hot Wallet,FLOKI,0xcf0C122c6b73ff809C693DB761e7BaeBe62b6a2E,279619.012122142,9.07922932360595,TO_ARKHAM_LABELED_CEX_PROXY,ARKHAM_CHANNEL,HIGH,
FLOKI,CONTROL,ethereum,0xfce68bf4c2dc4e14c4948dc9198bdeff7455347004b398dabdcc39c09d143ab7,2026-05-05T03:32:11Z,2026-05-05,0xF3A3E10048fde3aBe465b2D529edc84C9Ab0017f,,,,,0xA9D1e08C7793af67e9d92fe308d5697FB81d3E43,coinbase,Coinbase,cex,Hot Wallet,FLOKI,0xcf0C122c6b73ff809C693DB761e7BaeBe62b6a2E,276330,8.9724351,TO_ARKHAM_LABELED_CEX_PROXY,ARKHAM_CHANNEL,HIGH,
FLOKI,CONTROL,ethereum,0x44b55f38cad065a9e24b6da62c85466a09445132c51fce5338f36ea688142e36,2026-05-05T03:32:11Z,2026-05-05,0x4fd6b808337E95F8C1adf6F4b7E79B4ddFb58709,,,,,0xA9D1e08C7793af67e9d92fe308d5697FB81d3E43,coinbase,Coinbase,cex,Hot Wallet,FLOKI,0xcf0C122c6b73ff809C693DB761e7BaeBe62b6a2E,268893.099369429,8.73095893652536,TO_ARKHAM_LABELED_CEX_PROXY,ARKHAM_CHANNEL,HIGH,
FLOKI,CONTROL,ethereum,0xb23aa9d1cc63e97427a7b69cfddc5fb5501eb232f7d5810d90013741a583c33e,2026-05-05T03:32:11Z,2026-05-05,0xCC23Aa89b6AAe4Bf1aE100644e2e2024d79370Ba,,,,,0xA9D1e08C7793af67e9d92fe308d5697FB81d3E43,coinbase,Coinbase,cex,Hot Wallet,FLOKI,0xcf0C122c6b73ff809C693DB761e7BaeBe62b6a2E,272727.272727273,8.855454545454554,TO_ARKHAM_LABELED_CEX_PROXY,ARKHAM_CHANNEL,HIGH,
FLOKI,CONTROL,ethereum,0x048b7be8c6d93a31efd4d788b4d872fa6d54566d8217f075bb13a68970d5d272,2026-05-05T03:32:11Z,2026-05-05,0xc4254C2D6F6a70A5B99b51D6d3986F6f8dE741CA,,,,,0xA9D1e08C7793af67e9d92fe308d5697FB81d3E43,coinbase,Coinbase,cex,Hot Wallet,FLOKI,0xcf0C122c6b73ff809C693DB761e7BaeBe62b6a2E,278811.82148068,9.05301984347768,TO_ARKHAM_LABELED_CEX_PROXY,ARKHAM_CHANNEL,HIGH,
FLOKI,CONTROL,ethereum,0xe9663de9c9ea284ceba62e7e9418dfd2d85d8f33a1eda5dbebc23adf64e7f34f,2026-05-05T03:32:11Z,2026-05-05,0xfdC097Ab2Cc131D327F812bB06C356E67191CB9f,,,,,0xA9D1e08C7793af67e9d92fe308d5697FB81d3E43,coinbase,Coinbase,cex,Hot Wallet,FLOKI,0xcf0C122c6b73ff809C693DB761e7BaeBe62b6a2E,270242.020395564,8.774758402243963,TO_ARKHAM_LABELED_CEX_PROXY,ARKHAM_CHANNEL,HIGH,
FLOKI,CONTROL,ethereum,0x6bb99790d5f77570141275c1e30e59656e71019fb2cbce33d4b8d0a5c369c4e7,2026-05-05T03:32:11Z,2026-05-05,0x1B66F139Bf8d6cC32B4AcB968c597f60bce437Fe,,,,,0xA9D1e08C7793af67e9d92fe308d5697FB81d3E43,coinbase,Coinbase,cex,Hot Wallet,FLOKI,0xcf0C122c6b73ff809C693DB761e7BaeBe62b6a2E,281430,9.1380321,TO_ARKHAM_LABELED_CEX_PROXY,ARKHAM_CHANNEL,HIGH,
FLOKI,CONTROL,ethereum,0xf496f553785b996db6b96515d093e707d8fb8331f4f5d94c72ca9d03915de770,2026-05-05T03:32:11Z,2026-05-05,0x95697AEB3E4c8B1Fa3Fd12381a69e3b137251530,,,,,0xA9D1e08C7793af67e9d92fe308d5697FB81d3E43,coinbase,Coinbase,cex,Hot Wallet,FLOKI,0xcf0C122c6b73ff809C693DB761e7BaeBe62b6a2E,271327.145594765,8.809992417462018,TO_ARKHAM_LABELED_CEX_PROXY,ARKHAM_CHANNEL,HIGH,
FLOKI,CONTROL,ethereum,0xef8580900a99d0830d3af15008f35919328c5ce20ced697944c211fb15dd2d4b,2026-05-05T03:32:11Z,2026-05-05,0x99852aBF71Fa2Db50c5088181b6e7EE2E380E787,,,,,0xA9D1e08C7793af67e9d92fe308d5697FB81d3E43,coinbase,Coinbase,cex,Hot Wallet,FLOKI,0xcf0C122c6b73ff809C693DB761e7BaeBe62b6a2E,270120,8.7707964,TO_ARKHAM_LABELED_CEX_PROXY,ARKHAM_CHANNEL,HIGH,
FLOKI,CONTROL,ethereum,0x03ee065e58324fe3bcc5a71ea182b15c3c9fdd1dba584c856dfac58fef9e1d67,2026-05-05T03:32:11Z,2026-05-05,0x0aEAAc8A1f8aA814bA7D3162462123A25Ece6BaD,,,,,0xA9D1e08C7793af67e9d92fe308d5697FB81d3E43,coinbase,Coinbase,cex,Hot Wallet,FLOKI,0xcf0C122c6b73ff809C693DB761e7BaeBe62b6a2E,271111.111111111,8.802977777777775,TO_ARKHAM_LABELED_CEX_PROXY,ARKHAM_CHANNEL,HIGH,
FLOKI,CONTROL,ethereum,0x3d0c017f29d0d200c92a4e0c2275617d6f42d2a593d953b4a329e0a5b81936aa,2026-05-05T03:32:11Z,2026-05-05,0x2656AB4455191d3DcDD9E6Bf159F571eb3419596,,,,,0xA9D1e08C7793af67e9d92fe308d5697FB81d3E43,coinbase,Coinbase,cex,Hot Wallet,FLOKI,0xcf0C122c6b73ff809C693DB761e7BaeBe62b6a2E,269453,8.74913891,TO_ARKHAM_LABELED_CEX_PROXY,ARKHAM_CHANNEL,HIGH,
FLOKI,CONTROL,ethereum,0xced6a208ac6af84a812bfef828dce01bb5c87c08ae60eb7413896855a76833b3,2026-05-05T03:32:11Z,2026-05-05,0x5415ad598235A89AB0beb2ba4a15AF575103365F,,,,,0xA9D1e08C7793af67e9d92fe308d5697FB81d3E43,coinbase,Coinbase,cex,Hot Wallet,FLOKI,0xcf0C122c6b73ff809C693DB761e7BaeBe62b6a2E,280399.134088186,9.104559883843399,TO_ARKHAM_LABELED_CEX_PROXY,ARKHAM_CHANNEL,HIGH,
FLOKI,CONTROL,ethereum,0x96329879be573221a37fbe778682c0ff369c69188f603f23da9c89d723219428,2026-05-05T03:32:11Z,2026-05-05,0x1a74749f5EcCb4f8886952778b805C205C87098B,,,,,0xA9D1e08C7793af67e9d92fe308d5697FB81d3E43,coinbase,Coinbase,cex,Hot Wallet,FLOKI,0xcf0C122c6b73ff809C693DB761e7BaeBe62b6a2E,278850.58,9.054278332600001,TO_ARKHAM_LABELED_CEX_PROXY,ARKHAM_CHANNEL,HIGH,
FLOKI,CONTROL,ethereum,0x441075ac60650e2205a40987dc950875788bfe65bb449ac7c115920e60190bdb,2026-05-05T03:32:11Z,2026-05-05,0xe18bF124ad4Fb71EDC61B6826eCcc2e62ef00E77,,,,,0xA9D1e08C7793af67e9d92fe308d5697FB81d3E43,coinbase,Coinbase,cex,Hot Wallet,FLOKI,0xcf0C122c6b73ff809C693DB761e7BaeBe62b6a2E,277330,9.0049051,TO_ARKHAM_LABELED_CEX_PROXY,ARKHAM_CHANNEL,HIGH,
FLOKI,CONTROL,ethereum,0xd526f6d684fcb1c0557b8f89327f934fa7226c40b2cee28e5037da98d0c59900,2026-05-05T03:32:11Z,2026-05-05,0xEeFD36dEf9b63e9dB1B15E28f99e95F57Fd2D78D,,,,,0xA9D1e08C7793af67e9d92fe308d5697FB81d3E43,coinbase,Coinbase,cex,Hot Wallet,FLOKI,0xcf0C122c6b73ff809C693DB761e7BaeBe62b6a2E,279542.782245973,9.076754139526743,TO_ARKHAM_LABELED_CEX_PROXY,ARKHAM_CHANNEL,HIGH,
FLOKI,CONTROL,ethereum,0x9ac6e3c26eda0e31cf6fa2a83c5b1ac140488fc6af701680665b30e26e6f32c9,2026-05-05T03:32:11Z,2026-05-05,0xc62dcD38C551ce09711c59D60036553B3E6CD939,,,,,0xA9D1e08C7793af67e9d92fe308d5697FB81d3E43,coinbase,Coinbase,cex,Hot Wallet,FLOKI,0xcf0C122c6b73ff809C693DB761e7BaeBe62b6a2E,278714.346538629,9.049854832109283,TO_ARKHAM_LABELED_CEX_PROXY,ARKHAM_CHANNEL,HIGH,
FLOKI,CONTROL,ethereum,0xed51777d10ceedd4639e104d1f16dcae5441a10e2f81bbf1dc8440564596f745,2026-05-05T03:32:11Z,2026-05-05,0x2F62CF5c835C8bd6d643063271D3414c7837A748,,,,Coinbase Deposit,0xA9D1e08C7793af67e9d92fe308d5697FB81d3E43,coinbase,Coinbase,cex,Hot Wallet,FLOKI,0xcf0C122c6b73ff809C693DB761e7BaeBe62b6a2E,276986.495452675,8.993751507348357,TO_ARKHAM_LABELED_CEX_PROXY,ARKHAM_CHANNEL,HIGH,
FLOKI,CONTROL,ethereum,0x2017fbe4dfad388089f0ec2e692e49eafc097be3937f20c54f02bc143f61364b,2026-05-05T03:32:11Z,2026-05-05,0xD973c8883C5B83AC359Ba9E25A97c7E7Ddb597C7,,,,,0xA9D1e08C7793af67e9d92fe308d5697FB81d3E43,coinbase,Coinbase,cex,Hot Wallet,FLOKI,0xcf0C122c6b73ff809C693DB761e7BaeBe62b6a2E,271356.783919598,8.810954773869346,TO_ARKHAM_LABELED_CEX_PROXY,ARKHAM_CHANNEL,HIGH,
FLOKI,CONTROL,ethereum,0xe06d227346dddf5d2e05343eff0c4a5347a76cd14aa0bb89bd82d576ec18eabe,2026-05-05T03:32:11Z,2026-05-05,0xD0A02D6e08Ee1ef052EAa58E7f213731E9d30931,,,,,0xA9D1e08C7793af67e9d92fe308d5697FB81d3E43,coinbase,Coinbase,cex,Hot Wallet,FLOKI,0xcf0C122c6b73ff809C693DB761e7BaeBe62b6a2E,279253,9.06734491,TO_ARKHAM_LABELED_CEX_PROXY,ARKHAM_CHANNEL,HIGH,
FLOKI,CONTROL,ethereum,0x3693a251bfdaab8867ba1c52e8539636d9a78514ddfc965e890e247e1588ffb8,2026-05-05T03:32:11Z,2026-05-05,0x4b0A474f6efbBce0b8b47469B09112703B1A20fa,,,,,0xA9D1e08C7793af67e9d92fe308d5697FB81d3E43,coinbase,Coinbase,cex,Hot Wallet,FLOKI,0xcf0C122c6b73ff809C693DB761e7BaeBe62b6a2E,269247.366950468,8.742462004881695,TO_ARKHAM_LABELED_CEX_PROXY,ARKHAM_CHANNEL,HIGH,
FLOKI,CONTROL,ethereum,0xa8629023f7e62cf581c164b8e895278179087fe6b1ea7cdb2af4255a2c233ca0,2026-05-05T03:32:11Z,2026-05-05,0x7da89D2E9b33C248Fa6bcd63fa9d5efdE1884561,,,,,0xA9D1e08C7793af67e9d92fe308d5697FB81d3E43,coinbase,Coinbase,cex,Hot Wallet,FLOKI,0xcf0C122c6b73ff809C693DB761e7BaeBe62b6a2E,274227.607013685,8.904170399734353,TO_ARKHAM_LABELED_CEX_PROXY,ARKHAM_CHANNEL,HIGH,
FLOKI,CONTROL,ethereum,0x89e5a66b8e5a9b97db33a58da8635c8cd88caed43853924e96c47cfd463c5c7b,2026-05-05T03:31:11Z,2026-05-05,0xd03F941655A0aFaFc60f3c9F15994c5D54Ba9384,,,,,0xA9D1e08C7793af67e9d92fe308d5697FB81d3E43,coinbase,Coinbase,cex,Hot Wallet,FLOKI,0xcf0C122c6b73ff809C693DB761e7BaeBe62b6a2E,2477020,80.3049884,TO_ARKHAM_LABELED_CEX_PROXY,ARKHAM_CHANNEL,HIGH,
FLOKI,CONTROL,ethereum,0x14e0a8ef916f719ebdd828dfecc7b76c7523012fc943e9251d001d825badb4c8,2026-05-05T03:31:11Z,2026-05-05,0xc9cA84e01bAEf73473F11022A3c0CB1E446c640F,,,,Coinbase Deposit,0xA9D1e08C7793af67e9d92fe308d5697FB81d3E43,coinbase,Coinbase,cex,Hot Wallet,FLOKI,0xcf0C122c6b73ff809C693DB761e7BaeBe62b6a2E,340456.263018031,11.037592047044566,TO_ARKHAM_LABELED_CEX_PROXY,ARKHAM_CHANNEL,HIGH,
FLOKI,CONTROL,ethereum,0x2fe59a4deb6be1ae2d3010ff030258eb1b5734cf3434314d8c8f03e436cd8f9d,2026-05-05T03:31:11Z,2026-05-05,0x0FCcf169663b5305664F531C70821D396fc39E35,,,,,0xA9D1e08C7793af67e9d92fe308d5697FB81d3E43,coinbase,Coinbase,cex,Hot Wallet,FLOKI,0xcf0C122c6b73ff809C693DB761e7BaeBe62b6a2E,279876.348812988,9.07359122851707,TO_ARKHAM_LABELED_CEX_PROXY,ARKHAM_CHANNEL,HIGH,
FLOKI,CONTROL,ethereum,0xcd018ad8745606d3de983f0234e9d02e9a0c017543853c3695669cb2a7313d55,2026-05-05T03:31:11Z,2026-05-05,0x4E03c773f91eC71894576bD361ca21b5B43E1954,,,,,0xA9D1e08C7793af67e9d92fe308d5697FB81d3E43,coinbase,Coinbase,cex,Hot Wallet,FLOKI,0xcf0C122c6b73ff809C693DB761e7BaeBe62b6a2E,3007765.594311841,97.51176056758987,TO_ARKHAM_LABELED_CEX_PROXY,ARKHAM_CHANNEL,HIGH,
FLOKI,CONTROL,ethereum,0x5924ed7e62cc4ebc460a6a0d7c3397a6801316cba5d563199008447926b4ca36,2026-05-05T03:31:11Z,2026-05-05,0xa21fc0e592152999b868882379B9A7b67A400295,,,,,0xA9D1e08C7793af67e9d92fe308d5697FB81d3E43,coinbase,Coinbase,cex,Hot Wallet,FLOKI,0xcf0C122c6b73ff809C693DB761e7BaeBe62b6a2E,2494503.158497603,80.87179239849227,TO_ARKHAM_LABELED_CEX_PROXY,ARKHAM_CHANNEL,HIGH,
FLOKI,CONTROL,ethereum,0x47c2665ef3534c8798f3cfbb634707295eb64bb4bb7cf05b91db7845cd825e5a,2026-05-05T03:31:11Z,2026-05-05,0xbA32Eda57CE8bD7aCFbDe2e14eA6525AcF22F415,,,,,0xA9D1e08C7793af67e9d92fe308d5697FB81d3E43,coinbase,Coinbase,cex,Hot Wallet,FLOKI,0xcf0C122c6b73ff809C693DB761e7BaeBe62b6a2E,278672,9.03454624,TO_ARKHAM_LABELED_CEX_PROXY,ARKHAM_CHANNEL,HIGH,
FLOKI,CONTROL,ethereum,0x9b6aec839850d83b8c6ebbcf5ddb0e531ec4e65221d29a6ff965f6010fc26ce2,2026-05-05T03:31:11Z,2026-05-05,0x9bDF7D537E22534a202957A456cd78e2c38508F2,,,,,0xA9D1e08C7793af67e9d92fe308d5697FB81d3E43,coinbase,Coinbase,cex,Hot Wallet,FLOKI,0xcf0C122c6b73ff809C693DB761e7BaeBe62b6a2E,1955555,63.399093099999995,TO_ARKHAM_LABELED_CEX_PROXY,ARKHAM_CHANNEL,HIGH,
FLOKI,CONTROL,ethereum,0x90f0205d767888cf90c92684d645852d0b395b1837946c513173e9952a05b920,2026-05-05T03:31:11Z,2026-05-05,0x7E092d961327e2447F72579bb28aE93F9b899448,,,,,0xA9D1e08C7793af67e9d92fe308d5697FB81d3E43,coinbase,Coinbase,cex,Hot Wallet,FLOKI,0xcf0C122c6b73ff809C693DB761e7BaeBe62b6a2E,2829770.2,91.741149884,TO_ARKHAM_LABELED_CEX_PROXY,ARKHAM_CHANNEL,HIGH,
FLOKI,CONTROL,ethereum,0xa2e6612f3ce4fc19f079db5eeaa29e53f2064579c581cb8ab98963998de5bbe6,2026-05-05T03:31:11Z,2026-05-05,0x8674d70af2DaA5fEAe69f55B8Ae64dCdbc1C13CC,,,,,0xA9D1e08C7793af67e9d92fe308d5697FB81d3E43,coinbase,Coinbase,cex,Hot Wallet,FLOKI,0xcf0C122c6b73ff809C693DB761e7BaeBe62b6a2E,279268.377183768,9.053880788297757,TO_ARKHAM_LABELED_CEX_PROXY,ARKHAM_CHANNEL,HIGH,
FLOKI,CONTROL,ethereum,0xcf450cf2a3959aef2caac44f4bec8eb4e3e899c79cfe4092b99901606fb1c606,2026-05-05T03:31:11Z,2026-05-05,0xe18AE22Cc342af969094B69e1C6422eB51172371,,,,,0xA9D1e08C7793af67e9d92fe308d5697FB81d3E43,coinbase,Coinbase,cex,Hot Wallet,FLOKI,0xcf0C122c6b73ff809C693DB761e7BaeBe62b6a2E,3166185.0919332,102.64772068047434,TO_ARKHAM_LABELED_CEX_PROXY,ARKHAM_CHANNEL,HIGH,
FLOKI,CONTROL,ethereum,0xa58e055b6aed3e08ae3978f757531f4807940d06bcc28856a0e7d5c5614cdb85,2026-05-05T03:31:11Z,2026-05-05,0x6ea96e517e1099669918Fcb3474AC08F804291CE,,,,,0xA9D1e08C7793af67e9d92fe308d5697FB81d3E43,coinbase,Coinbase,cex,Hot Wallet,FLOKI,0xcf0C122c6b73ff809C693DB761e7BaeBe62b6a2E,281582.316975895,9.128898716358515,TO_ARKHAM_LABELED_CEX_PROXY,ARKHAM_CHANNEL,HIGH,
FLOKI,CONTROL,ethereum,0x09af1a8d6edf99903a8bc3297a78f950db41daaa823797239716885f85fad019,2026-05-05T03:31:11Z,2026-05-05,0x57fe548a56332C1A59D88ae35ba7865118E1a64B,,,,,0xA9D1e08C7793af67e9d92fe308d5697FB81d3E43,coinbase,Coinbase,cex,Hot Wallet,FLOKI,0xcf0C122c6b73ff809C693DB761e7BaeBe62b6a2E,460957.531150353,14.944243159894443,TO_ARKHAM_LABELED_CEX_PROXY,ARKHAM_CHANNEL,HIGH,
FLOKI,CONTROL,ethereum,0xd86f103abf54b206dce9457f07e0c3e61142cd3c592f3fe2bcc2872e521d6058,2026-05-05T03:31:11Z,2026-05-05,0x6E86b36CD6cFf1aD95f98B09AD4A03710dbFa4d3,,,,Coinbase Deposit,0xA9D1e08C7793af67e9d92fe308d5697FB81d3E43,coinbase,Coinbase,cex,Hot Wallet,FLOKI,0xcf0C122c6b73ff809C693DB761e7BaeBe62b6a2E,1098699.838438351,35.619848762171344,TO_ARKHAM_LABELED_CEX_PROXY,ARKHAM_CHANNEL,HIGH,
FLOKI,CONTROL,ethereum,0xff123a38585802b98dd605a25cabf8e8848bc98c3473f1c67671ba3d309f1aa1,2026-05-05T03:31:11Z,2026-05-05,0xF8F4a8f0bC7F44936206A463649c54824AB87142,,,,,0xA9D1e08C7793af67e9d92fe308d5697FB81d3E43,coinbase,Coinbase,cex,Hot Wallet,FLOKI,0xcf0C122c6b73ff809C693DB761e7BaeBe62b6a2E,3200000,103.744,TO_ARKHAM_LABELED_CEX_PROXY,ARKHAM_CHANNEL,HIGH,
FLOKI,CONTROL,ethereum,0xbb3bde680e7bc0e845ed8d9a9905b8b6d1075aa0b2c5b0a8b7f4f42c4a2d84d4,2026-05-05T03:31:11Z,2026-05-05,0x8CeB4BB1F529C905EFd8fa519465f0F879a5a2b1,,,,,0xA9D1e08C7793af67e9d92fe308d5697FB81d3E43,coinbase,Coinbase,cex,Hot Wallet,FLOKI,0xcf0C122c6b73ff809C693DB761e7BaeBe62b6a2E,1023247.44,33.1736820048,TO_ARKHAM_LABELED_CEX_PROXY,ARKHAM_CHANNEL,HIGH,
FLOKI,CONTROL,ethereum,0x3821e707b05a2421a5170396f06ba8c976a2c767ca5f996cb852dca6fc976766,2026-05-05T03:31:11Z,2026-05-05,0xDB841F8773AceBD521B91C3c389fC48c620Fd079,,,,,0xA9D1e08C7793af67e9d92fe308d5697FB81d3E43,coinbase,Coinbase,cex,Hot Wallet,FLOKI,0xcf0C122c6b73ff809C693DB761e7BaeBe62b6a2E,790889.664114848,25.640642910603372,TO_ARKHAM_LABELED_CEX_PROXY,ARKHAM_CHANNEL,HIGH,
FLOKI,CONTROL,ethereum,0x481a6197d0d52602adb77d801a833f4f39072e2cf71ed66705aaa7521d3d2bab,2026-05-05T03:31:11Z,2026-05-05,0x81e75D105ad7AFaab657E0FCE5394FaEb6456AE2,,,,,0xA9D1e08C7793af67e9d92fe308d5697FB81d3E43,coinbase,Coinbase,cex,Hot Wallet,FLOKI,0xcf0C122c6b73ff809C693DB761e7BaeBe62b6a2E,748878.749947628,24.2786490733021,TO_ARKHAM_LABELED_CEX_PROXY,ARKHAM_CHANNEL,HIGH,
FLOKI,CONTROL,ethereum,0xbca1d50616dbc462f5b3b4615dd02096112c032b4bc71398743238665c05f4a1,2026-05-05T03:31:11Z,2026-05-05,0xa4c2F8483C486f738a0a5c505Ea17c695612Fc06,,,,,0xA9D1e08C7793af67e9d92fe308d5697FB81d3E43,coinbase,Coinbase,cex,Hot Wallet,FLOKI,0xcf0C122c6b73ff809C693DB761e7BaeBe62b6a2E,1346530.175905747,43.65450830286431,TO_ARKHAM_LABELED_CEX_PROXY,ARKHAM_CHANNEL,HIGH,
FLOKI,CONTROL,ethereum,0xe7f7b24ad45b78173483e9c1ed103f31c08563f3969b17eaab24604e5bc8e8fe,2026-05-05T03:31:11Z,2026-05-05,0x0D4e4b211c3deED44f164566c09726574E3b992e,,,,,0xA9D1e08C7793af67e9d92fe308d5697FB81d3E43,coinbase,Coinbase,cex,Hot Wallet,FLOKI,0xcf0C122c6b73ff809C693DB761e7BaeBe62b6a2E,2802958.348958779,90.87190967324361,TO_ARKHAM_LABELED_CEX_PROXY,ARKHAM_CHANNEL,HIGH,
FLOKI,CONTROL,ethereum,0x86d0427e1b5b1a1fabdd0b0e74dad16540f1f3c4eb7fd9c2d22fc4e5df6b20a4,2026-05-05T03:31:11Z,2026-05-05,0x05E1B19351149e1f33a5B55E402D8f0bb0a66c6e,,,,Coinbase Deposit,0xA9D1e08C7793af67e9d92fe308d5697FB81d3E43,coinbase,Coinbase,cex,Hot Wallet,FLOKI,0xcf0C122c6b73ff809C693DB761e7BaeBe62b6a2E,1309756.445933901,42.46230397717707,TO_ARKHAM_LABELED_CEX_PROXY,ARKHAM_CHANNEL,HIGH,
FLOKI,CONTROL,ethereum,0xa49091d0c8475a250190d8e3859c241d8542e4445bd8ab48e48ae56fa853b5fc,2026-05-05T03:31:11Z,2026-05-05,0x1519946e843b507aC330c0F1E8beC6E6a3453648,,,,,0xA9D1e08C7793af67e9d92fe308d5697FB81d3E43,coinbase,Coinbase,cex,Hot Wallet,FLOKI,0xcf0C122c6b73ff809C693DB761e7BaeBe62b6a2E,2432577.06,78.8641482852,TO_ARKHAM_LABELED_CEX_PROXY,ARKHAM_CHANNEL,HIGH,
FLOKI,CONTROL,ethereum,0x42c2952a635f5f206a7457d96a956af97df24da8ba94e613d38783d9e0101a14,2026-05-05T03:31:11Z,2026-05-05,0x213222e377C58Ef97710af4c6EA0DAD7C0E7a38E,,,,,0xA9D1e08C7793af67e9d92fe308d5697FB81d3E43,coinbase,Coinbase,cex,Hot Wallet,FLOKI,0xcf0C122c6b73ff809C693DB761e7BaeBe62b6a2E,470046.443026545,15.238905682920587,TO_ARKHAM_LABELED_CEX_PROXY,ARKHAM_CHANNEL,HIGH,
FLOKI,CONTROL,ethereum,0x4e6edff0346e4bac3c9f7a1aa7c24f6441da5c7fd4e5a591b19b5e13d106d3af,2026-05-05T03:31:11Z,2026-05-05,0x5fb559B07D2BF9E28dea2EF4a3d414Ae46b1A680,,,,,0xA9D1e08C7793af67e9d92fe308d5697FB81d3E43,coinbase,Coinbase,cex,Hot Wallet,FLOKI,0xcf0C122c6b73ff809C693DB761e7BaeBe62b6a2E,1250932.78665,40.555240943193,TO_ARKHAM_LABELED_CEX_PROXY,ARKHAM_CHANNEL,HIGH,
FLOKI,CONTROL,ethereum,0x7bc2087c750524530487b52cf6047207cc8f61b104e82d4aa68e3476870309bc,2026-05-05T03:31:11Z,2026-05-05,0x409C5C853A27AcDc3ddEB43B59C46B3921449FAd,,,,,0xA9D1e08C7793af67e9d92fe308d5697FB81d3E43,coinbase,Coinbase,cex,Hot Wallet,FLOKI,0xcf0C122c6b73ff809C693DB761e7BaeBe62b6a2E,280713,9.10071546,TO_ARKHAM_LABELED_CEX_PROXY,ARKHAM_CHANNEL,HIGH,
FLOKI,CONTROL,ethereum,0xd603979bd36fdbc3ff05fd5347968550e14ab3269c301ec1c09fe37211266df5,2026-05-05T03:31:11Z,2026-05-05,0xf44a491559ed2280b426043C13E584127c0c9fDB,,,,,0xA9D1e08C7793af67e9d92fe308d5697FB81d3E43,coinbase,Coinbase,cex,Hot Wallet,FLOKI,0xcf0C122c6b73ff809C693DB761e7BaeBe62b6a2E,278530.064308099,9.029944684868568,TO_ARKHAM_LABELED_CEX_PROXY,ARKHAM_CHANNEL,HIGH,
FLOKI,CONTROL,ethereum,0xc13245fd530bb74b836002d70ff31be4aa6d286e1ec824bf5d4dce9fb9a58ff8,2026-05-05T03:31:11Z,2026-05-05,0x69Da091C5F632487c85796E7a90c5c735D45208C,,,,,0xA9D1e08C7793af67e9d92fe308d5697FB81d3E43,coinbase,Coinbase,cex,Hot Wallet,FLOKI,0xcf0C122c6b73ff809C693DB761e7BaeBe62b6a2E,304805.209983323,9.88178490765933,TO_ARKHAM_LABELED_CEX_PROXY,ARKHAM_CHANNEL,HIGH,
FLOKI,CONTROL,ethereum,0xc043947f6f6a3c2087d5b611b30c73e593048cb5073fbff51c6632219f422c2f,2026-05-05T03:31:11Z,2026-05-05,0x64C939A21436249b6187a1010891CEac52cF7c86,,,,,0xA9D1e08C7793af67e9d92fe308d5697FB81d3E43,coinbase,Coinbase,cex,Hot Wallet,FLOKI,0xcf0C122c6b73ff809C693DB761e7BaeBe62b6a2E,1655931.783514861,53.68530842155179,TO_ARKHAM_LABELED_CEX_PROXY,ARKHAM_CHANNEL,HIGH,
FLOKI,CONTROL,ethereum,0x2a3425dbbf81a5467f5f37b1af7fb9542e98757c9cf6276ea1ee7f81558b13f5,2026-05-05T03:31:11Z,2026-05-05,0xe4D3fe6D254fE04Ed7b79D545ae0822528AB3C7B,,,,Coinbase Deposit,0xA9D1e08C7793af67e9d92fe308d5697FB81d3E43,coinbase,Coinbase,cex,Hot Wallet,FLOKI,0xcf0C122c6b73ff809C693DB761e7BaeBe62b6a2E,1999999,64.83996757999999,TO_ARKHAM_LABELED_CEX_PROXY,ARKHAM_CHANNEL,HIGH,
FLOKI,CONTROL,ethereum,0xefe4ebcd37ca297c1fbc2915de95b15f5784c40fd8e51c924c8f969a457e0b15,2026-05-05T03:31:11Z,2026-05-05,0x09Ec0AD49751ccFA88049ce238814882cbA667F2,,,,,0xA9D1e08C7793af67e9d92fe308d5697FB81d3E43,coinbase,Coinbase,cex,Hot Wallet,FLOKI,0xcf0C122c6b73ff809C693DB761e7BaeBe62b6a2E,364004.044489383,11.801011122345797,TO_ARKHAM_LABELED_CEX_PROXY,ARKHAM_CHANNEL,HIGH,
FLOKI,CONTROL,ethereum,0x4942923eba99405a9c99c66839e9aeb04b5b83482ff09a98f58d380c75ab29e6,2026-05-05T03:29:11Z,2026-05-05,0x99670be5fe95eC1132b9F0C4eFF6778167299c26,,,,Coinbase Deposit,0xA9D1e08C7793af67e9d92fe308d5697FB81d3E43,coinbase,Coinbase,cex,Hot Wallet,FLOKI,0xcf0C122c6b73ff809C693DB761e7BaeBe62b6a2E,123321973.67,3998.0983863814,TO_ARKHAM_LABELED_CEX_PROXY,ARKHAM_CHANNEL,HIGH,
FLOKI,CONTROL,ethereum,0x2fc38a4ef3db5d95b4628e9c92ef7c2c1c4797872c97a28365084fe0b14f14f4,2026-05-05T03:27:11Z,2026-05-05,0x84e739b89b300f9fF92B9FC1f2F5c4Cc340f6903,,,,Coinbase Deposit,0xA9D1e08C7793af67e9d92fe308d5697FB81d3E43,coinbase,Coinbase,cex,Hot Wallet,FLOKI,0xcf0C122c6b73ff809C693DB761e7BaeBe62b6a2E,270471.995093899,8.768702080944204,TO_ARKHAM_LABELED_CEX_PROXY,ARKHAM_CHANNEL,HIGH,
FLOKI,CONTROL,ethereum,0xfe05e9286aad51c1e32e7f6ed9ac7ea58dd79238043260e61f4770ab156ab363,2026-05-05T03:26:59Z,2026-05-05,0xD95f864Aee06a08Ff8544781a1e5afD1084B8cee,,,,Coinbase Deposit,0xA9D1e08C7793af67e9d92fe308d5697FB81d3E43,coinbase,Coinbase,cex,Hot Wallet,FLOKI,0xcf0C122c6b73ff809C693DB761e7BaeBe62b6a2E,1028981.848630082,33.35959153258726,TO_ARKHAM_LABELED_CEX_PROXY,ARKHAM_CHANNEL,HIGH,
FLOKI,CONTROL,ethereum,0xee10ffd0e5b01d09b1339e1f81187ee852ec9765d8163fa13a91d674c495d790,2026-05-05T03:26:59Z,2026-05-05,0x2acc4f629E22F89aE7639c3cF4179D7a656cE917,,,,Coinbase Deposit,0xA9D1e08C7793af67e9d92fe308d5697FB81d3E43,coinbase,Coinbase,cex,Hot Wallet,FLOKI,0xcf0C122c6b73ff809C693DB761e7BaeBe62b6a2E,843998.364647397,27.36242698186861,TO_ARKHAM_LABELED_CEX_PROXY,ARKHAM_CHANNEL,HIGH,
PENDLE,P2,ethereum,0x53cee76839a6a6a80afa1e0bea0f64b07a681243f65c374e05d53d4c5be0411c,2026-05-05T04:49:59Z,2026-05-05,0xC216BfA5dA000965E820845c32e6FD88DB275743,,,,,0x57aF956d3E2cCa3B86f3D8C6772C03ddca3eAacB,uniswap,Uniswap,dex,PENDLE,PENDLE,0x808507121B80c02388fAd14726482e061B8da827,3821.873762641379,7032.247723260137,TO_ARKHAM_LABELED_DEX_PROXY,ARKHAM_CHANNEL,HIGH,
PENDLE,P2,ethereum,0x8be29e955bc8a9ba2b5916a5c3109b25d4425f1f110a28d00991bd8716cb6ff9,2026-05-05T04:49:35Z,2026-05-05,0x447760884c4CdB57BEB876FDc7F68F1832dBA6C6,roomynomad,@Roomynomad,individual,dailyreward.eth,0xa328C9B819977dD91A96a5D2b6E735Eec07Ab7C2,,,,Bybit Deposit,PENDLE,0x808507121B80c02388fAd14726482e061B8da827,588.31,1082.4904,BETWEEN_LABELED_ENTITIES,ARKHAM_CHANNEL,HIGH,
PENDLE,P2,ethereum,0xbd3e4a469e1f89d03bf5f409de64a7e5aedeb68317fed74eac3a2b771e6f0eb5,2026-05-05T04:48:23Z,2026-05-05,0x000000000004444c5dc75cB358380D2e3dE08A90,uniswap,Uniswap,dex,PoolManager,0x8F10B468b06c6FD214B65F87778827F7D113f996,kyber-network,Kyber Network,dex,,PENDLE,0x808507121B80c02388fAd14726482e061B8da827,588.3049655968566,1082.4811366982162,TO_ARKHAM_LABELED_DEX_PROXY,ARKHAM_CHANNEL,HIGH,
PENDLE,P2,ethereum,0xbd3e4a469e1f89d03bf5f409de64a7e5aedeb68317fed74eac3a2b771e6f0eb5,2026-05-05T04:48:23Z,2026-05-05,0x888888888889758F76e7103c6CbF23ABbF58F946,pendle-finance,Pendle Finance,yield,Router V4,0x447760884c4CdB57BEB876FDc7F68F1832dBA6C6,roomynomad,@Roomynomad,individual,dailyreward.eth,PENDLE,0x808507121B80c02388fAd14726482e061B8da827,588.3049655968566,1082.4811366982162,BETWEEN_LABELED_ENTITIES,ARKHAM_CHANNEL,HIGH,
PENDLE,P2,ethereum,0xbd3e4a469e1f89d03bf5f409de64a7e5aedeb68317fed74eac3a2b771e6f0eb5,2026-05-05T04:48:23Z,2026-05-05,0x8F10B468b06c6FD214B65F87778827F7D113f996,kyber-network,Kyber Network,dex,,0x888888888889758F76e7103c6CbF23ABbF58F946,pendle-finance,Pendle Finance,yield,Router V4,PENDLE,0x808507121B80c02388fAd14726482e061B8da827,588.3049655968566,1082.4811366982162,FROM_ARKHAM_LABELED_DEX_PROXY,ARKHAM_CHANNEL,HIGH,
PENDLE,P2,ethereum,0xbd036d34c1086ebbf7d3a959bbeeef68314e63644d93b85e193789abe9ed7847,2026-05-05T04:47:11Z,2026-05-05,0x57aF956d3E2cCa3B86f3D8C6772C03ddca3eAacB,uniswap,Uniswap,dex,PENDLE,0xBdb3ba9ffe392549E1f8658DD2630c141fDF47B6,,,,,PENDLE,0x808507121B80c02388fAd14726482e061B8da827,318.4925990300881,586.0263822153622,FROM_ARKHAM_LABELED_DEX_PROXY,ARKHAM_CHANNEL,HIGH,
PENDLE,P2,ethereum,0xa5aac4936e6f6c54283e676f7531695118bd993aaab4c0804c1bbc31901d554a,2026-05-05T04:46:47Z,2026-05-05,0x57aF956d3E2cCa3B86f3D8C6772C03ddca3eAacB,uniswap,Uniswap,dex,PENDLE,0xC216BfA5dA000965E820845c32e6FD88DB275743,,,,,PENDLE,0x808507121B80c02388fAd14726482e061B8da827,2299.873511027883,4231.767260291304,FROM_ARKHAM_LABELED_DEX_PROXY,ARKHAM_CHANNEL,HIGH,
PENDLE,P2,ethereum,0xc963740a84bdd5b4010e7d4179ffa091030ed3bd83ceb9574b94fc44559b81da,2026-05-05T04:45:11Z,2026-05-05,0xC216BfA5dA000965E820845c32e6FD88DB275743,,,,,0x57aF956d3E2cCa3B86f3D8C6772C03ddca3eAacB,uniswap,Uniswap,dex,PENDLE,PENDLE,0x808507121B80c02388fAd14726482e061B8da827,2299.873511027883,4231.767260291304,TO_ARKHAM_LABELED_DEX_PROXY,ARKHAM_CHANNEL,HIGH,
PENDLE,P2,ethereum,0xc1d24027cfb77316835c4cac0ad57a4a1fc0f55e4444b0d21195221bdab67452,2026-05-05T04:44:35Z,2026-05-05,0x50DC9aE51f78C593d4138263da7088A973b8184E,stake-dao,Stake DAO,yield,Stake DAO sdPENDLE Gauge (SDPENDLE-GAUGE),0x2dEF5CE83d3C0176355672806988B91450B31170,,,,,PENDLE,0x808507121B80c02388fAd14726482e061B8da827,0.18355059671904916,0.33773309796305045,BETWEEN_LABELED_ENTITIES,ARKHAM_CHANNEL,HIGH,
PENDLE,P2,ethereum,0x1a6e71231f0685a2cc2827a1252015b19b7a717518637088e8bea3fdcbc261af,2026-05-05T04:43:59Z,2026-05-05,0x7B7e5945F8D6d0B68AD14c077AE7c1980750D0AF,,,,,0x953EEFD5536989A4Eee15C7481730410458b0835,ring-protocol,Ring Protocol,dex,Few Wrapped Pendle (FWPENDLE),PENDLE,0x808507121B80c02388fAd14726482e061B8da827,92.9985878006669,171.1174015532271,TO_ARKHAM_LABELED_DEX_PROXY,ARKHAM_CHANNEL,HIGH,
PENDLE,P2,ethereum,0x71615b315458d6f847239b0b4012ea3c4baa34a0905988736e7715a789491028,2026-05-05T04:43:59Z,2026-05-05,0x57aF956d3E2cCa3B86f3D8C6772C03ddca3eAacB,uniswap,Uniswap,dex,PENDLE,0xC216BfA5dA000965E820845c32e6FD88DB275743,,,,,PENDLE,0x808507121B80c02388fAd14726482e061B8da827,2299.873511027883,4231.767260291304,FROM_ARKHAM_LABELED_DEX_PROXY,ARKHAM_CHANNEL,HIGH,
PENDLE,P2,ethereum,0x1a6e71231f0685a2cc2827a1252015b19b7a717518637088e8bea3fdcbc261af,2026-05-05T04:43:59Z,2026-05-05,0xBdb3ba9ffe392549E1f8658DD2630c141fDF47B6,,,,,0x7B7e5945F8D6d0B68AD14c077AE7c1980750D0AF,,,,,PENDLE,0x808507121B80c02388fAd14726482e061B8da827,92.9985878006669,171.1174015532271,BETWEEN_UNKNOWN_WALLETS,ARKHAM_CHANNEL,UNKNOWN,ENTITY_MISSING
PENDLE,P2,ethereum,0x155f5e27fe9aeb5e97b4394f2a6ec602ec5a5b2d2ea818aa045d0f0fb47ffe3c,2026-05-05T04:43:35Z,2026-05-05,0x57aF956d3E2cCa3B86f3D8C6772C03ddca3eAacB,uniswap,Uniswap,dex,PENDLE,0x06CFf7088619C7178F5e14f0B119458d08d2f5ef,,,,MEV Bot,PENDLE,0x808507121B80c02388fAd14726482e061B8da827,38.82359054600427,71.43540660464785,FROM_ARKHAM_LABELED_DEX_PROXY,ARKHAM_CHANNEL,HIGH,
PENDLE,P2,ethereum,0x155f5e27fe9aeb5e97b4394f2a6ec602ec5a5b2d2ea818aa045d0f0fb47ffe3c,2026-05-05T04:43:35Z,2026-05-05,0x06CFf7088619C7178F5e14f0B119458d08d2f5ef,,,,MEV Bot,0x177F07C0843776b2A6342ed6C488af64e6F2fD65,,,,AlgebraPool,PENDLE,0x808507121B80c02388fAd14726482e061B8da827,38.82359054600427,71.43540660464785,BETWEEN_UNKNOWN_WALLETS,ARKHAM_CHANNEL,UNKNOWN,ENTITY_MISSING
PENDLE,P2,ethereum,0x85e2269d80880be23d601c9c7ce6b342a18d4ae6f14bc1fc3340fed7e2e568e8,2026-05-05T04:43:23Z,2026-05-05,0x63242A4Ea82847b20E506b63B0e2e2eFF0CC6cB0,kyber-network,Kyber Network,dex,Aggregator Executor V3,0x000000000004444c5dc75cB358380D2e3dE08A90,uniswap,Uniswap,dex,PoolManager,PENDLE,0x808507121B80c02388fAd14726482e061B8da827,309.23351893441077,568.9896748393159,TO_ARKHAM_LABELED_DEX_PROXY,ARKHAM_CHANNEL,HIGH,
PENDLE,P2,ethereum,0x4af41ba0ecd012460b799cc130aaa9b38e2b8acafc80d6080badf2b3135f935d,2026-05-05T04:43:23Z,2026-05-05,0xEff6cb8b614999d130E537751Ee99724D01aA167,,,,MEV Bot,0x57aF956d3E2cCa3B86f3D8C6772C03ddca3eAacB,uniswap,Uniswap,dex,PENDLE,PENDLE,0x808507121B80c02388fAd14726482e061B8da827,698.5020244245147,1285.243724941107,TO_ARKHAM_LABELED_DEX_PROXY,ARKHAM_CHANNEL,HIGH,
PENDLE,P2,ethereum,0x85e2269d80880be23d601c9c7ce6b342a18d4ae6f14bc1fc3340fed7e2e568e8,2026-05-05T04:43:23Z,2026-05-05,0xBEE3211ab312a8D065c4FeF0247448e17A8da000,,,,Market Maker,0x63242A4Ea82847b20E506b63B0e2e2eFF0CC6cB0,kyber-network,Kyber Network,dex,Aggregator Executor V3,PENDLE,0x808507121B80c02388fAd14726482e061B8da827,309.23351893441077,568.9896748393159,TO_ARKHAM_LABELED_DEX_PROXY,ARKHAM_CHANNEL,HIGH,
PENDLE,P2,ethereum,0xdfa8c6d3e44fa273e9944c110beead4c95f68cbb0ffa7175f361933bc2df43e5,2026-05-05T04:43:23Z,2026-05-05,0xEff6cb8b614999d130E537751Ee99724D01aA167,,,,MEV Bot,0x000000000004444c5dc75cB358380D2e3dE08A90,uniswap,Uniswap,dex,PoolManager,PENDLE,0x808507121B80c02388fAd14726482e061B8da827,320.263238228794,589.284358340981,TO_ARKHAM_LABELED_DEX_PROXY,ARKHAM_CHANNEL,HIGH,
PENDLE,P2,ethereum,0xa17a311e89a7a3174dd60d094c7bb31c862c650c3754d67ef4da4709d4af8389,2026-05-05T04:43:23Z,2026-05-05,0xEff6cb8b614999d130E537751Ee99724D01aA167,,,,MEV Bot,0x000000000004444c5dc75cB358380D2e3dE08A90,uniswap,Uniswap,dex,PoolManager,PENDLE,0x808507121B80c02388fAd14726482e061B8da827,294.04532372569173,541.0433956552728,TO_ARKHAM_LABELED_DEX_PROXY,ARKHAM_CHANNEL,HIGH,
PENDLE,P2,ethereum,0xd3cdb8e4edf83bb7c586451b6769a79fbfd07419dbaaac921aa20e8ee0551208,2026-05-05T04:42:47Z,2026-05-05,0xC10eE9031F2a0B84766A86B55a8D90F357910fb4,,,,,0x000000000004444c5dc75cB358380D2e3dE08A90,uniswap,Uniswap,dex,PoolManager,PENDLE,0x808507121B80c02388fAd14726482e061B8da827,0.4855394236607413,0.8933925395357641,TO_ARKHAM_LABELED_DEX_PROXY,ARKHAM_CHANNEL,HIGH,
PENDLE,P2,ethereum,0xd3cdb8e4edf83bb7c586451b6769a79fbfd07419dbaaac921aa20e8ee0551208,2026-05-05T04:42:47Z,2026-05-05,0xc1bA166cC2C249816Db1E9D543368d80095ea33F,,,,,0x89c6340B1a1f4b25D36cd8B063D49045caF3f818,li-fi,LiFi,dex-aggregator,Permit2Proxy,PENDLE,0x808507121B80c02388fAd14726482e061B8da827,0.4855394236607413,0.8933925395357641,BETWEEN_LABELED_ENTITIES,ARKHAM_CHANNEL,HIGH,
PENDLE,P2,ethereum,0xd3cdb8e4edf83bb7c586451b6769a79fbfd07419dbaaac921aa20e8ee0551208,2026-05-05T04:42:47Z,2026-05-05,0x1231DEB6f5749EF6cE6943a275A1D3E7486F4EaE,li-fi,LiFi,dex-aggregator,LiFi Diamond,0xC10eE9031F2a0B84766A86B55a8D90F357910fb4,,,,,PENDLE,0x808507121B80c02388fAd14726482e061B8da827,0.4855394236607413,0.8933925395357641,BETWEEN_LABELED_ENTITIES,ARKHAM_CHANNEL,HIGH,
PENDLE,P2,ethereum,0xd3cdb8e4edf83bb7c586451b6769a79fbfd07419dbaaac921aa20e8ee0551208,2026-05-05T04:42:47Z,2026-05-05,0x89c6340B1a1f4b25D36cd8B063D49045caF3f818,li-fi,LiFi,dex-aggregator,Permit2Proxy,0x1231DEB6f5749EF6cE6943a275A1D3E7486F4EaE,li-fi,LiFi,dex-aggregator,LiFi Diamond,PENDLE,0x808507121B80c02388fAd14726482e061B8da827,0.4855394236607413,0.8933925395357641,BETWEEN_LABELED_ENTITIES,ARKHAM_CHANNEL,HIGH,
PENDLE,P2,ethereum,0xeb20c24f700c46df92f2b9695b279360950281ae42f333ea83d56fb2bee3ea92,2026-05-05T04:39:59Z,2026-05-05,0xC216BfA5dA000965E820845c32e6FD88DB275743,,,,,0x57aF956d3E2cCa3B86f3D8C6772C03ddca3eAacB,uniswap,Uniswap,dex,PENDLE,PENDLE,0x808507121B80c02388fAd14726482e061B8da827,2299.873511027883,4254.7659954015835,TO_ARKHAM_LABELED_DEX_PROXY,ARKHAM_CHANNEL,HIGH,
PENDLE,P2,ethereum,0x96be5ef719001cf1ceb25c0e47c291f0da870e7137676be62f3f9716f459e548,2026-05-05T04:39:47Z,2026-05-05,0x10175e8A4d1CbEc6335ecd42b95Aa539F742a0b3,,,,,0x3F05B2Ca316E82c900a6f652Bc94dd6312d9b3C5,,,,,PENDLE,0x808507121B80c02388fAd14726482e061B8da827,1.7876089861024875,3.307076624289602,BETWEEN_UNKNOWN_WALLETS,ARKHAM_CHANNEL,UNKNOWN,ENTITY_MISSING
PENDLE,P2,ethereum,0xfec2f592ecce4e12f77da5e205f018132296fba4c17e288dc1047d726bf7b033,2026-05-05T04:39:11Z,2026-05-05,0xBdb3ba9ffe392549E1f8658DD2630c141fDF47B6,,,,,0x57aF956d3E2cCa3B86f3D8C6772C03ddca3eAacB,uniswap,Uniswap,dex,PENDLE,PENDLE,0x808507121B80c02388fAd14726482e061B8da827,123.04872447129627,227.6401402718981,TO_ARKHAM_LABELED_DEX_PROXY,ARKHAM_CHANNEL,HIGH,
PENDLE,P2,ethereum,0xda99274394c3931c894c69f47d1ee90523562e66e1909def84c3ad7dbdbc784c,2026-05-05T04:39:11Z,2026-05-05,0x47D74516B33eD5D70ddE7119A40839f6Fcc24e57,pendle-finance,Pendle Finance,yield,Pendle Gauge Controller Proxy,0x50DCE085af29CABa28f7308beA57C4043757b491,,,,PLP apxUSD 18JUN2026 (PLP-APXUSD-18JUN2026),PENDLE,0x808507121B80c02388fAd14726482e061B8da827,8.928571428571427,16.517857142857142,BETWEEN_LABELED_ENTITIES,ARKHAM_CHANNEL,HIGH,
PENDLE,P2,ethereum,0xda99274394c3931c894c69f47d1ee90523562e66e1909def84c3ad7dbdbc784c,2026-05-05T04:39:11Z,2026-05-05,0x50DCE085af29CABa28f7308beA57C4043757b491,,,,PLP apxUSD 18JUN2026 (PLP-APXUSD-18JUN2026),0x10175e8A4d1CbEc6335ecd42b95Aa539F742a0b3,,,,,PENDLE,0x808507121B80c02388fAd14726482e061B8da827,1.7785145023205704,3.2902518292930556,BETWEEN_UNKNOWN_WALLETS,ARKHAM_CHANNEL,UNKNOWN,ENTITY_MISSING
PENDLE,P2,ethereum,0xaaf86bd385ef7c12a5ace12a83859de9f16239bcf198621eaa4b29af5bf65a07,2026-05-05T04:38:47Z,2026-05-05,0x4c3ccC98C01103bE72bcfd29e1D2454c98d1A6e3,,,,,0x000000000004444c5dc75cB358380D2e3dE08A90,uniswap,Uniswap,dex,PoolManager,PENDLE,0x808507121B80c02388fAd14726482e061B8da827,219.1163869251127,405.36531581145846,TO_ARKHAM_LABELED_DEX_PROXY,ARKHAM_CHANNEL,HIGH,
PENDLE,P2,ethereum,0xaaf86bd385ef7c12a5ace12a83859de9f16239bcf198621eaa4b29af5bf65a07,2026-05-05T04:38:47Z,2026-05-05,0xBEE3211ab312a8D065c4FeF0247448e17A8da000,,,,Market Maker,0x4c3ccC98C01103bE72bcfd29e1D2454c98d1A6e3,,,,,PENDLE,0x808507121B80c02388fAd14726482e061B8da827,219.1163869251127,405.36531581145846,BETWEEN_UNKNOWN_WALLETS,ARKHAM_CHANNEL,UNKNOWN,ENTITY_MISSING
PENDLE,P2,ethereum,0x9898a7a5241be03b12afd500ffabdb4aa642099a8c42a7f08e90cc90cc06ef56,2026-05-05T04:38:23Z,2026-05-05,0xBdb3ba9ffe392549E1f8658DD2630c141fDF47B6,,,,,0x37922C69b08BABcCEaE735A31235c81f1d1e8E43,sushiswap,SushiSwap,dex,PENDLE,PENDLE,0x808507121B80c02388fAd14726482e061B8da827,20.165138782870137,37.30550674830976,TO_ARKHAM_LABELED_DEX_PROXY,ARKHAM_CHANNEL,HIGH,
PENDLE,P2,ethereum,0xe107de7a2cdf91f073aea348ad8d5cb8311344692a9ef5ab8cbc303243968f54,2026-05-05T04:38:23Z,2026-05-05,0x57aF956d3E2cCa3B86f3D8C6772C03ddca3eAacB,uniswap,Uniswap,dex,PENDLE,0xC216BfA5dA000965E820845c32e6FD88DB275743,,,,,PENDLE,0x808507121B80c02388fAd14726482e061B8da827,2299.873511027883,4254.7659954015835,FROM_ARKHAM_LABELED_DEX_PROXY,ARKHAM_CHANNEL,HIGH,
PENDLE,P2,ethereum,0x9898a7a5241be03b12afd500ffabdb4aa642099a8c42a7f08e90cc90cc06ef56,2026-05-05T04:38:23Z,2026-05-05,0xBdb3ba9ffe392549E1f8658DD2630c141fDF47B6,,,,,0x57aF956d3E2cCa3B86f3D8C6772C03ddca3eAacB,uniswap,Uniswap,dex,PENDLE,PENDLE,0x808507121B80c02388fAd14726482e061B8da827,196.08973321526844,362.7660064482466,TO_ARKHAM_LABELED_DEX_PROXY,ARKHAM_CHANNEL,HIGH,
PENDLE,P2,ethereum,0x96616b3b4a1ab4c57ff0ab8be2be8e377e96cbb50c8406abdfd617b3f64466a2,2026-05-05T04:37:47Z,2026-05-05,0x47D74516B33eD5D70ddE7119A40839f6Fcc24e57,pendle-finance,Pendle Finance,yield,Pendle Gauge Controller Proxy,0x9aFe7a057A09cF5da748d952078C9C99938b4329,,,,PLP USDat 27AUG2026 (PLP-USDAT-27AUG2026),PENDLE,0x808507121B80c02388fAd14726482e061B8da827,11.164125791518435,20.653632714309108,BETWEEN_LABELED_ENTITIES,ARKHAM_CHANNEL,HIGH,
PENDLE,P2,ethereum,0x83f0c2a381dba99091a5a2a604f0b146a997d4ad7258fc5b5f2702e28caf7ea7,2026-05-05T04:36:11Z,2026-05-05,0xC216BfA5dA000965E820845c32e6FD88DB275743,,,,,0x57aF956d3E2cCa3B86f3D8C6772C03ddca3eAacB,uniswap,Uniswap,dex,PENDLE,PENDLE,0x808507121B80c02388fAd14726482e061B8da827,2299.873511027883,4254.7659954015835,TO_ARKHAM_LABELED_DEX_PROXY,ARKHAM_CHANNEL,HIGH,
PENDLE,P2,ethereum,0xa614ab561584aa1b48277873f92153bc4f9e040ea9479865d40d2aacd6ca31e0,2026-05-05T04:34:47Z,2026-05-05,0xf221d4a60E5610C74B017EcB3EaEf32Ca61730FE,,,,jilik.eth,0x8F10B468b06c6FD214B65F87778827F7D113f996,kyber-network,Kyber Network,dex,,PENDLE,0x808507121B80c02388fAd14726482e061B8da827,2.2151478154271564,4.098023458540239,TO_ARKHAM_LABELED_DEX_PROXY,ARKHAM_CHANNEL,HIGH,
PENDLE,P2,ethereum,0xa614ab561584aa1b48277873f92153bc4f9e040ea9479865d40d2aacd6ca31e0,2026-05-05T04:34:47Z,2026-05-05,0x8F10B468b06c6FD214B65F87778827F7D113f996,kyber-network,Kyber Network,dex,,0xCAD4b51069a150a77D3a1d381d2D768769F7D195,pancakeswap,PancakeSwap,dex,V3 Pool,PENDLE,0x808507121B80c02388fAd14726482e061B8da827,2.2151478154271564,4.098023458540239,TO_ARKHAM_LABELED_DEX_PROXY,ARKHAM_CHANNEL,HIGH,
PENDLE,P2,ethereum,0xa614ab561584aa1b48277873f92153bc4f9e040ea9479865d40d2aacd6ca31e0,2026-05-05T04:34:47Z,2026-05-05,0xf221d4a60E5610C74B017EcB3EaEf32Ca61730FE,,,,jilik.eth,0xcD6b980029E6E6e0733ac8eC3E02be9410D09799,,,,,PENDLE,0x808507121B80c02388fAd14726482e061B8da827,0.005551748910845003,0.010270735485063257,BETWEEN_UNKNOWN_WALLETS,ARKHAM_CHANNEL,UNKNOWN,ENTITY_MISSING
PENDLE,P2,ethereum,0x79908d73c2ed9b89e96eae9107a014d52e1d82b64cbc212e09fa66c76372242a,2026-05-05T04:34:47Z,2026-05-05,0x91bC86899c8391B6CAaF26535B9Cd82efE49A189,,,,PLP Staked USDat 27AUG2026 (PLP-SUSDAT-27AUG2026),0x800FE42bcEb3dce6f14b794EbD1E514F8e319b4A,,,,,PENDLE,0x808507121B80c02388fAd14726482e061B8da827,5.338594782184363,9.876400347041072,BETWEEN_UNKNOWN_WALLETS,ARKHAM_CHANNEL,UNKNOWN,ENTITY_MISSING
PENDLE,P2,ethereum,0x79908d73c2ed9b89e96eae9107a014d52e1d82b64cbc212e09fa66c76372242a,2026-05-05T04:34:47Z,2026-05-05,0x47D74516B33eD5D70ddE7119A40839f6Fcc24e57,pendle-finance,Pendle Finance,yield,Pendle Gauge Controller Proxy,0x91bC86899c8391B6CAaF26535B9Cd82efE49A189,,,,PLP Staked USDat 27AUG2026 (PLP-SUSDAT-27AUG2026),PENDLE,0x808507121B80c02388fAd14726482e061B8da827,6.135544797820941,11.35075787596874,BETWEEN_LABELED_ENTITIES,ARKHAM_CHANNEL,HIGH,
PENDLE,P2,ethereum,0x9d978528fe462fd4bdaefa495117250b234cba603b88523333b38a8f13eb9536,2026-05-05T04:33:35Z,2026-05-05,0x57aF956d3E2cCa3B86f3D8C6772C03ddca3eAacB,uniswap,Uniswap,dex,PENDLE,0x000000000004444c5dc75cB358380D2e3dE08A90,uniswap,Uniswap,dex,PoolManager,PENDLE,0x808507121B80c02388fAd14726482e061B8da827,1.715372928593388,3.173439917897768,TO_ARKHAM_LABELED_DEX_PROXY,ARKHAM_CHANNEL,HIGH,
PENDLE,P2,ethereum,0xfc0b2862b6e6b874cc1af12c79d92f9f5dcf2dae9f0d89e0ed9e1d0bde8c74b2,2026-05-05T04:32:59Z,2026-05-05,0xfd30E6849638c895cD34B7aF5215eBc40c5Ae531,,,,Binance Deposit,0x28C6c06298d514Db089934071355E5743bf21d60,binance,Binance,cex,Hot Wallet,PENDLE,0x808507121B80c02388fAd14726482e061B8da827,1711,3165.35,TO_ARKHAM_LABELED_CEX_PROXY,ARKHAM_CHANNEL,HIGH,
PENDLE,P2,ethereum,0x5c2b803203388397f11e11e730819af2c3e72873ba688a6a88ee33e75adfa42c,2026-05-05T04:32:35Z,2026-05-05,0xfc82267a9e065Aaf407f64dAdD49BfbDC9511FB1,,,,PLP Strata Senior USDe 25JUN2026 (PLP-SRUSDE-25JUN2026),0x69Ada8265769f03b755da8271749C30F583736B1,,,,,PENDLE,0x808507121B80c02388fAd14726482e061B8da827,0.004129228123666912,0.007639072028783788,BETWEEN_UNKNOWN_WALLETS,ARKHAM_CHANNEL,UNKNOWN,ENTITY_MISSING
PENDLE,P2,ethereum,0x5c2b803203388397f11e11e730819af2c3e72873ba688a6a88ee33e75adfa42c,2026-05-05T04:32:35Z,2026-05-05,0x47D74516B33eD5D70ddE7119A40839f6Fcc24e57,pendle-finance,Pendle Finance,yield,Pendle Gauge Controller Proxy,0xfc82267a9e065Aaf407f64dAdD49BfbDC9511FB1,,,,PLP Strata Senior USDe 25JUN2026 (PLP-SRUSDE-25JUN2026),PENDLE,0x808507121B80c02388fAd14726482e061B8da827,3.6998211972699786,6.844669214949461,BETWEEN_LABELED_ENTITIES,ARKHAM_CHANNEL,HIGH,
PENDLE,P2,ethereum,0xe9c2b2ff6edcb33433bd02607b0c8907f18ef1e6154f9b5cfc31d72755b08b01,2026-05-05T04:32:11Z,2026-05-05,0x8F10B468b06c6FD214B65F87778827F7D113f996,kyber-network,Kyber Network,dex,,0x177F07C0843776b2A6342ed6C488af64e6F2fD65,,,,AlgebraPool,PENDLE,0x808507121B80c02388fAd14726482e061B8da827,11.810532037564085,21.84948426949356,FROM_ARKHAM_LABELED_DEX_PROXY,ARKHAM_CHANNEL,HIGH,
PENDLE,P2,ethereum,0xe9c2b2ff6edcb33433bd02607b0c8907f18ef1e6154f9b5cfc31d72755b08b01,2026-05-05T04:32:11Z,2026-05-05,0x057e4f6436b495D26c1F6146C542741EafF1c10f,,,,,0x8F10B468b06c6FD214B65F87778827F7D113f996,kyber-network,Kyber Network,dex,,PENDLE,0x808507121B80c02388fAd14726482e061B8da827,11.810532037564085,21.84948426949356,TO_ARKHAM_LABELED_DEX_PROXY,ARKHAM_CHANNEL,HIGH,
PENDLE,P2,ethereum,0xed30cd6f844b92cd77f385e99427c54c100de6090001e43b4794bdb42ed1b286,2026-05-05T04:31:47Z,2026-05-05,0xBEE3211ab312a8D065c4FeF0247448e17A8da000,,,,Market Maker,0x63242A4Ea82847b20E506b63B0e2e2eFF0CC6cB0,kyber-network,Kyber Network,dex,Aggregator Executor V3,PENDLE,0x808507121B80c02388fAd14726482e061B8da827,286.11214837057895,529.3074744855711,TO_ARKHAM_LABELED_DEX_PROXY,ARKHAM_CHANNEL,HIGH,
PENDLE,P2,ethereum,0x77f439e5ce4acd6c96b0b29954639e19420a82a9fec1bc9ac175b08eb02b3343,2026-05-05T04:31:47Z,2026-05-05,0x77732d53040193c9e24603fAcF564Ec1538c625A,,,,,0x4c3ccC98C01103bE72bcfd29e1D2454c98d1A6e3,,,,,PENDLE,0x808507121B80c02388fAd14726482e061B8da827,1.33303489,2.4661145465,BETWEEN_UNKNOWN_WALLETS,ARKHAM_CHANNEL,UNKNOWN,ENTITY_MISSING
PENDLE,P2,ethereum,0x77f439e5ce4acd6c96b0b29954639e19420a82a9fec1bc9ac175b08eb02b3343,2026-05-05T04:31:47Z,2026-05-05,0x4c3ccC98C01103bE72bcfd29e1D2454c98d1A6e3,,,,,0xb1F05c103cdD519e9F9785cDa23c03635A598bE4,,,,Depositor,PENDLE,0x808507121B80c02388fAd14726482e061B8da827,0.019195702416,0.0355120494696,BETWEEN_UNKNOWN_WALLETS,ARKHAM_CHANNEL,UNKNOWN,ENTITY_MISSING
PENDLE,P2,ethereum,0x0478b1de267f60bfb2d4edfb0112dd914fe7be315ed9ad0c155494ddadba3c36,2026-05-05T04:31:47Z,2026-05-05,0xBdb3ba9ffe392549E1f8658DD2630c141fDF47B6,,,,,0x7B7e5945F8D6d0B68AD14c077AE7c1980750D0AF,,,,,PENDLE,0x808507121B80c02388fAd14726482e061B8da827,96.46564016215949,178.46143429999506,BETWEEN_UNKNOWN_WALLETS,ARKHAM_CHANNEL,UNKNOWN,ENTITY_MISSING
PENDLE,P2,ethereum,0x77f439e5ce4acd6c96b0b29954639e19420a82a9fec1bc9ac175b08eb02b3343,2026-05-05T04:31:47Z,2026-05-05,0x4c3ccC98C01103bE72bcfd29e1D2454c98d1A6e3,,,,,0x000000000004444c5dc75cB358380D2e3dE08A90,uniswap,Uniswap,dex,PoolManager,PENDLE,0x808507121B80c02388fAd14726482e061B8da827,1.313839187584,2.4306024970304,TO_ARKHAM_LABELED_DEX_PROXY,ARKHAM_CHANNEL,HIGH,
PENDLE,P2,ethereum,0x0478b1de267f60bfb2d4edfb0112dd914fe7be315ed9ad0c155494ddadba3c36,2026-05-05T04:31:47Z,2026-05-05,0x7B7e5945F8D6d0B68AD14c077AE7c1980750D0AF,,,,,0x953EEFD5536989A4Eee15C7481730410458b0835,ring-protocol,Ring Protocol,dex,Few Wrapped Pendle (FWPENDLE),PENDLE,0x808507121B80c02388fAd14726482e061B8da827,96.46564016215949,178.46143429999506,TO_ARKHAM_LABELED_DEX_PROXY,ARKHAM_CHANNEL,HIGH,
PENDLE,P2,ethereum,0x0478b1de267f60bfb2d4edfb0112dd914fe7be315ed9ad0c155494ddadba3c36,2026-05-05T04:31:47Z,2026-05-05,0xBdb3ba9ffe392549E1f8658DD2630c141fDF47B6,,,,,0x57aF956d3E2cCa3B86f3D8C6772C03ddca3eAacB,uniswap,Uniswap,dex,PENDLE,PENDLE,0x808507121B80c02388fAd14726482e061B8da827,234.73881620826373,434.2668099852879,TO_ARKHAM_LABELED_DEX_PROXY,ARKHAM_CHANNEL,HIGH,
PENDLE,P2,ethereum,0xed30cd6f844b92cd77f385e99427c54c100de6090001e43b4794bdb42ed1b286,2026-05-05T04:31:47Z,2026-05-05,0x63242A4Ea82847b20E506b63B0e2e2eFF0CC6cB0,kyber-network,Kyber Network,dex,Aggregator Executor V3,0x000000000004444c5dc75cB358380D2e3dE08A90,uniswap,Uniswap,dex,PoolManager,PENDLE,0x808507121B80c02388fAd14726482e061B8da827,286.11214837057895,529.3074744855711,TO_ARKHAM_LABELED_DEX_PROXY,ARKHAM_CHANNEL,HIGH,
PENDLE,P2,ethereum,0x2d37f430fb95b0eecfa54155dcbff98111232376f7ac0894ad016053791c0ebc,2026-05-05T04:31:11Z,2026-05-05,0x5bdf85216ec1e38D6458C870992A69e38e03F7Ef,bitget,Bitget,cex,Hot Wallet,0xffa8DB7B38579e6A2D14f9B347a9acE4d044cD54,bitget,Bitget,cex,Cold Wallet,PENDLE,0x808507121B80c02388fAd14726482e061B8da827,109.8940011,203.303902035,TO_ARKHAM_LABELED_CEX_PROXY,ARKHAM_CHANNEL,HIGH,
PENDLE,P2,ethereum,0x227018b2d743dc91d85e56e08e373879bcb6adb1c66b6e2afa5e0c942482b3cb,2026-05-05T04:30:23Z,2026-05-05,0xEff6cb8b614999d130E537751Ee99724D01aA167,,,,MEV Bot,0x000000000004444c5dc75cB358380D2e3dE08A90,uniswap,Uniswap,dex,PoolManager,PENDLE,0x808507121B80c02388fAd14726482e061B8da827,151.61707315180476,280.49158533083886,TO_ARKHAM_LABELED_DEX_PROXY,ARKHAM_CHANNEL,HIGH,
PENDLE,P2,ethereum,0xed4bc4cec09b888b68449cfe0e2280c36b0ed16d3a7595431aca9d265d2cb199,2026-05-05T04:30:23Z,2026-05-05,0xBdb3ba9ffe392549E1f8658DD2630c141fDF47B6,,,,,0x57aF956d3E2cCa3B86f3D8C6772C03ddca3eAacB,uniswap,Uniswap,dex,PENDLE,PENDLE,0x808507121B80c02388fAd14726482e061B8da827,268.72134058950513,497.1344800905846,TO_ARKHAM_LABELED_DEX_PROXY,ARKHAM_CHANNEL,HIGH,
PENDLE,P2,ethereum,0x468a9dd9d961cb19bb260b6178d231f79381aef8f20e7d7dab02ba9d03af0d7b,2026-05-05T04:30:11Z,2026-05-05,0x2e25a4aA2942027aa6C3fE89a16648DC6CbbF646,upbit,Upbit,cex,Hot Wallet,0xfd30E6849638c895cD34B7aF5215eBc40c5Ae531,,,,Binance Deposit,PENDLE,0x808507121B80c02388fAd14726482e061B8da827,1711,3165.35,FROM_ARKHAM_LABELED_CEX_PROXY,ARKHAM_CHANNEL,HIGH,
PENDLE,P2,ethereum,0x140876a2b4bf4ad2701ffea7a5b73c20121147b9255ce241df547446bcfa7fe6,2026-05-05T04:30:11Z,2026-05-05,0x27948936F328d447aef17696Ff47f7Eb98E6bA44,,,,Binance Deposit,0x28C6c06298d514Db089934071355E5743bf21d60,binance,Binance,cex,Hot Wallet,PENDLE,0x808507121B80c02388fAd14726482e061B8da827,13255.577,24522.81745,TO_ARKHAM_LABELED_CEX_PROXY,ARKHAM_CHANNEL,HIGH,
PENDLE,P2,ethereum,0xe771d40aecc908d877a1dc47152657f4c607f1685ea4f466f8cadffcbec51563,2026-05-05T04:29:59Z,2026-05-05,0xEff6cb8b614999d130E537751Ee99724D01aA167,,,,MEV Bot,0x000000000004444c5dc75cB358380D2e3dE08A90,uniswap,Uniswap,dex,PoolManager,PENDLE,0x808507121B80c02388fAd14726482e061B8da827,406.2925813123472,751.6412754278423,TO_ARKHAM_LABELED_DEX_PROXY,ARKHAM_CHANNEL,HIGH,
PENDLE,P2,ethereum,0x52bb0454915e4500cd518c64938052b88791879ea7966670becf0963feec2278,2026-05-05T04:29:59Z,2026-05-05,0xBEE3211ab312a8D065c4FeF0247448e17A8da000,,,,Market Maker,0x63242A4Ea82847b20E506b63B0e2e2eFF0CC6cB0,kyber-network,Kyber Network,dex,Aggregator Executor V3,PENDLE,0x808507121B80c02388fAd14726482e061B8da827,611.9355178822067,1132.0807080820823,TO_ARKHAM_LABELED_DEX_PROXY,ARKHAM_CHANNEL,HIGH,
PENDLE,P2,ethereum,0xb83d73b6c260967d7873ed5897906adef8036e995f314e471550887d94536d84,2026-05-05T04:29:59Z,2026-05-05,0xEff6cb8b614999d130E537751Ee99724D01aA167,,,,MEV Bot,0x000000000004444c5dc75cB358380D2e3dE08A90,uniswap,Uniswap,dex,PoolManager,PENDLE,0x808507121B80c02388fAd14726482e061B8da827,445.1838118025342,823.5900518346883,TO_ARKHAM_LABELED_DEX_PROXY,ARKHAM_CHANNEL,HIGH,
PENDLE,P2,ethereum,0x52bb0454915e4500cd518c64938052b88791879ea7966670becf0963feec2278,2026-05-05T04:29:59Z,2026-05-05,0x63242A4Ea82847b20E506b63B0e2e2eFF0CC6cB0,kyber-network,Kyber Network,dex,Aggregator Executor V3,0x000000000004444c5dc75cB358380D2e3dE08A90,uniswap,Uniswap,dex,PoolManager,PENDLE,0x808507121B80c02388fAd14726482e061B8da827,611.9355178822067,1132.0807080820823,TO_ARKHAM_LABELED_DEX_PROXY,ARKHAM_CHANNEL,HIGH,
PENDLE,P2,ethereum,0x2b4dffeedb228350ab81834aec7b72b915f95cc55544fa112f8052b6e8164d31,2026-05-05T04:29:47Z,2026-05-05,0x63242A4Ea82847b20E506b63B0e2e2eFF0CC6cB0,kyber-network,Kyber Network,dex,Aggregator Executor V3,0x000000000004444c5dc75cB358380D2e3dE08A90,uniswap,Uniswap,dex,PoolManager,PENDLE,0x808507121B80c02388fAd14726482e061B8da827,135.85021790884093,251.3229031313557,TO_ARKHAM_LABELED_DEX_PROXY,ARKHAM_CHANNEL,HIGH,
PENDLE,P2,ethereum,0xe33bd4021ef98632ff6fa78410c74318c94cf450ef8f8ca5976db792e9bc265d,2026-05-05T04:29:47Z,2026-05-05,0xBdb3ba9ffe392549E1f8658DD2630c141fDF47B6,,,,,0x37922C69b08BABcCEaE735A31235c81f1d1e8E43,sushiswap,SushiSwap,dex,PENDLE,PENDLE,0x808507121B80c02388fAd14726482e061B8da827,23.913819030293276,44.24056520604256,TO_ARKHAM_LABELED_DEX_PROXY,ARKHAM_CHANNEL,HIGH,
PENDLE,P2,ethereum,0xe33bd4021ef98632ff6fa78410c74318c94cf450ef8f8ca5976db792e9bc265d,2026-05-05T04:29:47Z,2026-05-05,0xBdb3ba9ffe392549E1f8658DD2630c141fDF47B6,,,,,0xEABD8AC13aebe63492eA6520F94e0d2F015E7904,uniswap,Uniswap,dex,V3 Pool,PENDLE,0x808507121B80c02388fAd14726482e061B8da827,6.632184282326531,12.269540922304085,TO_ARKHAM_LABELED_DEX_PROXY,ARKHAM_CHANNEL,HIGH,
PENDLE,P2,ethereum,0xe33bd4021ef98632ff6fa78410c74318c94cf450ef8f8ca5976db792e9bc265d,2026-05-05T04:29:47Z,2026-05-05,0xBdb3ba9ffe392549E1f8658DD2630c141fDF47B6,,,,,0x7B7e5945F8D6d0B68AD14c077AE7c1980750D0AF,,,,,PENDLE,0x808507121B80c02388fAd14726482e061B8da827,218.42963796809718,404.09483024097983,BETWEEN_UNKNOWN_WALLETS,ARKHAM_CHANNEL,UNKNOWN,ENTITY_MISSING
PENDLE,P2,ethereum,0xe33bd4021ef98632ff6fa78410c74318c94cf450ef8f8ca5976db792e9bc265d,2026-05-05T04:29:47Z,2026-05-05,0x7B7e5945F8D6d0B68AD14c077AE7c1980750D0AF,,,,,0x953EEFD5536989A4Eee15C7481730410458b0835,ring-protocol,Ring Protocol,dex,Few Wrapped Pendle (FWPENDLE),PENDLE,0x808507121B80c02388fAd14726482e061B8da827,218.42963796809718,404.09483024097983,TO_ARKHAM_LABELED_DEX_PROXY,ARKHAM_CHANNEL,HIGH,
PENDLE,P2,ethereum,0x2b4dffeedb228350ab81834aec7b72b915f95cc55544fa112f8052b6e8164d31,2026-05-05T04:29:47Z,2026-05-05,0xBEE3211ab312a8D065c4FeF0247448e17A8da000,,,,Market Maker,0x63242A4Ea82847b20E506b63B0e2e2eFF0CC6cB0,kyber-network,Kyber Network,dex,Aggregator Executor V3,PENDLE,0x808507121B80c02388fAd14726482e061B8da827,135.85021790884093,251.3229031313557,TO_ARKHAM_LABELED_DEX_PROXY,ARKHAM_CHANNEL,HIGH,
PENDLE,P2,ethereum,0xe33bd4021ef98632ff6fa78410c74318c94cf450ef8f8ca5976db792e9bc265d,2026-05-05T04:29:47Z,2026-05-05,0xBdb3ba9ffe392549E1f8658DD2630c141fDF47B6,,,,,0x57aF956d3E2cCa3B86f3D8C6772C03ddca3eAacB,uniswap,Uniswap,dex,PENDLE,PENDLE,0x808507121B80c02388fAd14726482e061B8da827,1478.9181948650694,2735.9986605003783,TO_ARKHAM_LABELED_DEX_PROXY,ARKHAM_CHANNEL,HIGH,
PENDLE,P2,ethereum,0x7c4594def2f923cd2eca45e317ab5681d2dd8eb36b4113d947bde4428257bfe2,2026-05-05T04:29:11Z,2026-05-05,0x57aF956d3E2cCa3B86f3D8C6772C03ddca3eAacB,uniswap,Uniswap,dex,PENDLE,0xC216BfA5dA000965E820845c32e6FD88DB275743,,,,,PENDLE,0x808507121B80c02388fAd14726482e061B8da827,4579.100844311195,8471.336561975711,FROM_ARKHAM_LABELED_DEX_PROXY,ARKHAM_CHANNEL,HIGH,
PENDLE,P2,ethereum,0x52c8ead7720e60bfb85c085dc9e237dc8b1f9d927a106526ccb50ee1e40338a8,2026-05-05T04:27:23Z,2026-05-05,0xC216BfA5dA000965E820845c32e6FD88DB275743,,,,,0x57aF956d3E2cCa3B86f3D8C6772C03ddca3eAacB,uniswap,Uniswap,dex,PENDLE,PENDLE,0x808507121B80c02388fAd14726482e061B8da827,4579.100844311195,8471.336561975711,TO_ARKHAM_LABELED_DEX_PROXY,ARKHAM_CHANNEL,HIGH,
PENDLE,P2,ethereum,0x0b7d427ce8a76db49613045f4b7b32a6d79340085718aa770861e459555cb3ad,2026-05-05T04:25:59Z,2026-05-05,0xBdb3ba9ffe392549E1f8658DD2630c141fDF47B6,,,,,0x57aF956d3E2cCa3B86f3D8C6772C03ddca3eAacB,uniswap,Uniswap,dex,PENDLE,PENDLE,0x808507121B80c02388fAd14726482e061B8da827,134.02356660969718,247.94359822793982,TO_ARKHAM_LABELED_DEX_PROXY,ARKHAM_CHANNEL,HIGH,
PENDLE,P2,ethereum,0x747389ef0b71240c6e42d4a431be12908f29cb7c69e1c90e1a5a04774041dcd7,2026-05-05T04:25:47Z,2026-05-05,0x57aF956d3E2cCa3B86f3D8C6772C03ddca3eAacB,uniswap,Uniswap,dex,PENDLE,0xC216BfA5dA000965E820845c32e6FD88DB275743,,,,,PENDLE,0x808507121B80c02388fAd14726482e061B8da827,4579.100844311195,8471.336561975711,FROM_ARKHAM_LABELED_DEX_PROXY,ARKHAM_CHANNEL,HIGH,
PENDLE,P2,ethereum,0xe03476992aa081fbebaf0915b139afce401c04c70a6d5a6a59999f63dee8f147,2026-05-05T04:24:11Z,2026-05-05,0xC216BfA5dA000965E820845c32e6FD88DB275743,,,,,0x57aF956d3E2cCa3B86f3D8C6772C03ddca3eAacB,uniswap,Uniswap,dex,PENDLE,PENDLE,0x808507121B80c02388fAd14726482e061B8da827,4579.100844311195,8471.336561975711,TO_ARKHAM_LABELED_DEX_PROXY,ARKHAM_CHANNEL,HIGH,
PENDLE,P2,ethereum,0xbc1e09d00c7dba03a54695c0fccbeacea1a6eb69061f811a8dcc75d638995e0e,2026-05-05T04:23:35Z,2026-05-05,0x888888888889758F76e7103c6CbF23ABbF58F946,pendle-finance,Pendle Finance,yield,Router V4,0x9e08C5499f953C6297A7755BcBcEd383b606896b,,,,TransparentUpgradeableProxy,PENDLE,0x808507121B80c02388fAd14726482e061B8da827,1336.1488210080427,2471.8753188648793,BETWEEN_LABELED_ENTITIES,ARKHAM_CHANNEL,HIGH,
PENDLE,P2,ethereum,0xbc1e09d00c7dba03a54695c0fccbeacea1a6eb69061f811a8dcc75d638995e0e,2026-05-05T04:23:35Z,2026-05-05,0x953EEFD5536989A4Eee15C7481730410458b0835,ring-protocol,Ring Protocol,dex,Few Wrapped Pendle (FWPENDLE),0x28b1Dc1a5E3699A428BC51d234DFab7C9CB2a183,,,,DexRouter,PENDLE,0x808507121B80c02388fAd14726482e061B8da827,160.45627746511116,296.84411331045567,FROM_ARKHAM_LABELED_DEX_PROXY,ARKHAM_CHANNEL,HIGH,
PENDLE,P2,ethereum,0xbc1e09d00c7dba03a54695c0fccbeacea1a6eb69061f811a8dcc75d638995e0e,2026-05-05T04:23:35Z,2026-05-05,0x28b1Dc1a5E3699A428BC51d234DFab7C9CB2a183,,,,DexRouter,0x888888888889758F76e7103c6CbF23ABbF58F946,pendle-finance,Pendle Finance,yield,Router V4,PENDLE,0x808507121B80c02388fAd14726482e061B8da827,1336.1488210080427,2471.8753188648793,BETWEEN_LABELED_ENTITIES,ARKHAM_CHANNEL,HIGH,
PENDLE,P2,ethereum,0xbc1e09d00c7dba03a54695c0fccbeacea1a6eb69061f811a8dcc75d638995e0e,2026-05-05T04:23:35Z,2026-05-05,0x57aF956d3E2cCa3B86f3D8C6772C03ddca3eAacB,uniswap,Uniswap,dex,PENDLE,0x28b1Dc1a5E3699A428BC51d234DFab7C9CB2a183,,,,DexRouter,PENDLE,0x808507121B80c02388fAd14726482e061B8da827,1175.6925435429314,2175.031205554423,FROM_ARKHAM_LABELED_DEX_PROXY,ARKHAM_CHANNEL,HIGH,
PENDLE,P2,ethereum,0x0132c6bd2577fddd6ee130573eb63c04eda21edf646e5bbd05ba7a254a853227,2026-05-05T04:23:23Z,2026-05-05,0x47D74516B33eD5D70ddE7119A40839f6Fcc24e57,pendle-finance,Pendle Finance,yield,Pendle Gauge Controller Proxy,0x723fCAa9830F6B6F68eBf7e30C097532a4CBbd26,,,,PLP Strata Senior NUSD 28MAY2026 (PLP-SRNUSD-28MAY2026),PENDLE,0x808507121B80c02388fAd14726482e061B8da827,0.034716872228441546,0.06422621362261685,BETWEEN_LABELED_ENTITIES,ARKHAM_CHANNEL,HIGH,
PENDLE,P2,ethereum,0x1b055d552afd78141e2cba25002c5bc75142e598121f1ae5c1105190b090f33d,2026-05-05T04:22:59Z,2026-05-05,0x5CAC1DD5C15A39a76FABE6B874cC384FeD893248,,,,Binance Deposit,0x28C6c06298d514Db089934071355E5743bf21d60,binance,Binance,cex,Hot Wallet,PENDLE,0x808507121B80c02388fAd14726482e061B8da827,16205.45001,29980.082518500003,TO_ARKHAM_LABELED_CEX_PROXY,ARKHAM_CHANNEL,HIGH,
PENDLE,P2,ethereum,0x5421a16fe8250a7b5def2fe375095b63c3cf13a412388d804595fc40305f51c4,2026-05-05T04:22:47Z,2026-05-05,0xF4a27358f9a3141f26dC5d4C0764278a42F7C055,,,,Binance Deposit,0x28C6c06298d514Db089934071355E5743bf21d60,binance,Binance,cex,Hot Wallet,PENDLE,0x808507121B80c02388fAd14726482e061B8da827,80.55763288570522,149.03162083855466,TO_ARKHAM_LABELED_CEX_PROXY,ARKHAM_CHANNEL,HIGH,
PENDLE,P2,ethereum,0x914b50ddffb486dce8e79930db13b08aca13f8a955db4712bc1636077aed6c08,2026-05-05T04:22:23Z,2026-05-05,0x47D74516B33eD5D70ddE7119A40839f6Fcc24e57,pendle-finance,Pendle Finance,yield,Pendle Gauge Controller Proxy,0xf1e067f8334a5A21dA018A15E29CB78252190A1b,,,,PLP Staked ENA 24SEP2026 (PLP-SENA-24SEP2026),PENDLE,0x808507121B80c02388fAd14726482e061B8da827,0.6124683490144035,1.1330664456766464,BETWEEN_LABELED_ENTITIES,ARKHAM_CHANNEL,HIGH,
PENDLE,P2,ethereum,0x23f092bdaea7a548276f7ca2cfc49eed1c9e7eec3aa41fe72f498a4dc3e06979,2026-05-05T04:22:11Z,2026-05-05,0x89d52ecf8816Ca551c77D2c5F06802A27997b5B8,,,,Gate Deposit,0x0D0707963952f2fBA59dD06f2b425ace40b492Fe,gate-io,Gate,cex,Hot Wallet,PENDLE,0x808507121B80c02388fAd14726482e061B8da827,26526.999999999996,49074.95,TO_ARKHAM_LABELED_CEX_PROXY,ARKHAM_CHANNEL,HIGH,
PENDLE,P2,ethereum,0xac3c5f334baa82057868b628f7f5edf642790ab35221bf52e249814b3c78f083,2026-05-05T04:22:11Z,2026-05-05,0x57aF956d3E2cCa3B86f3D8C6772C03ddca3eAacB,uniswap,Uniswap,dex,PENDLE,0xC216BfA5dA000965E820845c32e6FD88DB275743,,,,,PENDLE,0x808507121B80c02388fAd14726482e061B8da827,4326.066368664018,8003.222782028434,FROM_ARKHAM_LABELED_DEX_PROXY,ARKHAM_CHANNEL,HIGH,
PENDLE,P2,ethereum,0x15375c11df9dbde9a4a36cac6b5702a9864bc8e5f5d764a1bde225a8ea251d54,2026-05-05T04:21:35Z,2026-05-05,0xC216BfA5dA000965E820845c32e6FD88DB275743,,,,,0x57aF956d3E2cCa3B86f3D8C6772C03ddca3eAacB,uniswap,Uniswap,dex,PENDLE,PENDLE,0x808507121B80c02388fAd14726482e061B8da827,4326.066368664018,8003.222782028434,TO_ARKHAM_LABELED_DEX_PROXY,ARKHAM_CHANNEL,HIGH,
PENDLE,P2,ethereum,0xd65cbc742e506a29722b8f89ff032d5fb416c32381fdbce4e53dd95e8d881cb1,2026-05-05T04:21:23Z,2026-05-05,0x2e25a4aA2942027aa6C3fE89a16648DC6CbbF646,upbit,Upbit,cex,Hot Wallet,0x27948936F328d447aef17696Ff47f7Eb98E6bA44,,,,Binance Deposit,PENDLE,0x808507121B80c02388fAd14726482e061B8da827,13255.577,24522.81745,FROM_ARKHAM_LABELED_CEX_PROXY,ARKHAM_CHANNEL,HIGH,
PENDLE,P2,ethereum,0x4301b98133ea58521f88e875cd8412767990aba6e9a68fa30e054d90541960e9,2026-05-05T04:19:47Z,2026-05-05,0x47D74516B33eD5D70ddE7119A40839f6Fcc24e57,pendle-finance,Pendle Finance,yield,Pendle Gauge Controller Proxy,0x723fCAa9830F6B6F68eBf7e30C097532a4CBbd26,,,,PLP Strata Senior NUSD 28MAY2026 (PLP-SRNUSD-28MAY2026),PENDLE,0x808507121B80c02388fAd14726482e061B8da827,0.763771189025714,1.4129766996975708,BETWEEN_LABELED_ENTITIES,ARKHAM_CHANNEL,HIGH,
PENDLE,P2,ethereum,0x4301b98133ea58521f88e875cd8412767990aba6e9a68fa30e054d90541960e9,2026-05-05T04:19:47Z,2026-05-05,0x723fCAa9830F6B6F68eBf7e30C097532a4CBbd26,,,,PLP Strata Senior NUSD 28MAY2026 (PLP-SRNUSD-28MAY2026),0x728d0ddc74CBD387fFFC80eF9cc7DeC16E68c2d7,,,,,PENDLE,0x808507121B80c02388fAd14726482e061B8da827,8.432923675614346,15.600908799886538,BETWEEN_UNKNOWN_WALLETS,ARKHAM_CHANNEL,UNKNOWN,ENTITY_MISSING
PENDLE,P2,ethereum,0x532719568c1543570f0d8ba60e322dd8847cc914b8460dca3548127fedd2699f,2026-05-05T04:19:47Z,2026-05-05,0x11F8149419Ffdf48B67388dd5024DeC89B1Bdc7d,,,,Bybit Deposit,0x187c9fBF5bd0f266883c03f320260C407c7B4100,bybit,Bybit,cex,Hot Wallet,PENDLE,0x808507121B80c02388fAd14726482e061B8da827,14328.4,26507.54,TO_ARKHAM_LABELED_CEX_PROXY,ARKHAM_CHANNEL,HIGH,
PENDLE,P2,ethereum,0x60e878ccbfe56d46aac0cad1ba4e1749b6f54a3065e74f3f003b110d550fe008,2026-05-05T04:18:47Z,2026-05-05,0x4f30A9D41B80ecC5B94306AB4364951AE3170210,pendle-finance,Pendle Finance,yield,Voting Escrow Pendle,0x2db40DaE2e11A0A81bfc066eb6bCa5AE4DeDd8BF,,,,,PENDLE,0x808507121B80c02388fAd14726482e061B8da827,1.0389535427327203,1.9220640540555325,BETWEEN_LABELED_ENTITIES,ARKHAM_CHANNEL,HIGH,
PENDLE,P2,ethereum,0xb49ce0b42d72b856455aa48400f2962fd00691202970a618022c82752283b5b9,2026-05-05T04:18:35Z,2026-05-05,0xBff0562C3eec1855d6104437AFDa9608d60FE389,upbit,Upbit,cex,Hot Wallet,0x91c68c4b63bb852Cd4357b8940dBE3edcAB757c2,,,,Bybit Deposit,PENDLE,0x808507121B80c02388fAd14726482e061B8da827,16583.55,30679.567500000005,FROM_ARKHAM_LABELED_CEX_PROXY,ARKHAM_CHANNEL,HIGH,
PENDLE,P2,ethereum,0x25565f24eebd801696a8e2d03c467d1feec182f5f2f547f6b573675e17dd4ed9,2026-05-05T04:18:23Z,2026-05-05,0x47D74516B33eD5D70ddE7119A40839f6Fcc24e57,pendle-finance,Pendle Finance,yield,Pendle Gauge Controller Proxy,0xf1e067f8334a5A21dA018A15E29CB78252190A1b,,,,PLP Staked ENA 24SEP2026 (PLP-SENA-24SEP2026),PENDLE,0x808507121B80c02388fAd14726482e061B8da827,2.082392386648972,3.8524259153005977,BETWEEN_LABELED_ENTITIES,ARKHAM_CHANNEL,HIGH,
PENDLE,P2,ethereum,0x25565f24eebd801696a8e2d03c467d1feec182f5f2f547f6b573675e17dd4ed9,2026-05-05T04:18:23Z,2026-05-05,0xeAB7b7C8353Ba1Cb4b29Cf7AE9C166efDc57835f,,,,PLP Staked ENA 30APR2026 (PLP-SENA-30APR2026),0x02BA0430E249bb09c7B4033e246998B97350132F,,,,,PENDLE,0x808507121B80c02388fAd14726482e061B8da827,12.04061729964568,22.27514200434451,BETWEEN_UNKNOWN_WALLETS,ARKHAM_CHANNEL,UNKNOWN,ENTITY_MISSING
PENDLE,P2,ethereum,0x46efa07ba7a18a4b1fff7478220de078d98bedb44e7d4a26b6eabd0539f7084b,2026-05-05T04:18:11Z,2026-05-05,0xBff0562C3eec1855d6104437AFDa9608d60FE389,upbit,Upbit,cex,Hot Wallet,0x91c68c4b63bb852Cd4357b8940dBE3edcAB757c2,,,,Bybit Deposit,PENDLE,0x808507121B80c02388fAd14726482e061B8da827,20000,37000,FROM_ARKHAM_LABELED_CEX_PROXY,ARKHAM_CHANNEL,HIGH,
PENDLE,P2,ethereum,0x1376d30f9ae536990ab95c728230a723acf93f580e52e06cb92ba077a1965f38,2026-05-05T04:16:47Z,2026-05-05,0x4ACb6C4321253548a7d4Bb9C84032Cc4eE04bFD7,,,,,0x7f54F05635d15Cde17A49502fEdB9D1803A3Be8A,0x,0x,dex,MainnetSettler,PENDLE,0x808507121B80c02388fAd14726482e061B8da827,14.510404544880956,26.84424840802977,TO_ARKHAM_LABELED_DEX_PROXY,ARKHAM_CHANNEL,HIGH,
PENDLE,P2,ethereum,0x1376d30f9ae536990ab95c728230a723acf93f580e52e06cb92ba077a1965f38,2026-05-05T04:16:47Z,2026-05-05,0x7f54F05635d15Cde17A49502fEdB9D1803A3Be8A,0x,0x,dex,MainnetSettler,0x177F07C0843776b2A6342ed6C488af64e6F2fD65,,,,AlgebraPool,PENDLE,0x808507121B80c02388fAd14726482e061B8da827,14.510404544880956,26.84424840802977,FROM_ARKHAM_LABELED_DEX_PROXY,ARKHAM_CHANNEL,HIGH,
PENDLE,P2,ethereum,0x1b9eac7c5b32f3371e47016b431646449c51ad16ab598f9f53774323e4fc01f1,2026-05-05T04:16:23Z,2026-05-05,0xd3Ed08461881b961Fd5f2997908401cAD42B60CF,,,,PLP Staked ENA 5FEB2026 (PLP-SENA-5FEB2026),0x2db40DaE2e11A0A81bfc066eb6bCa5AE4DeDd8BF,,,,,PENDLE,0x808507121B80c02388fAd14726482e061B8da827,0.008163162623405487,0.015101850853300153,BETWEEN_UNKNOWN_WALLETS,ARKHAM_CHANNEL,UNKNOWN,ENTITY_MISSING
PENDLE,P2,ethereum,0x801d6b3caff994c26d91de6239598605b2c0f4f58876095a3bf7b1f8d25cbfd3,2026-05-05T04:16:11Z,2026-05-05,0xeAB7b7C8353Ba1Cb4b29Cf7AE9C166efDc57835f,,,,PLP Staked ENA 30APR2026 (PLP-SENA-30APR2026),0xa000288f59cd0888D1F46cfb320dCF4fdB6D7Ad0,,,,,PENDLE,0x808507121B80c02388fAd14726482e061B8da827,1.8217095155209713,3.3701626037137973,BETWEEN_UNKNOWN_WALLETS,ARKHAM_CHANNEL,UNKNOWN,ENTITY_MISSING
PENDLE,P2,ethereum,0x0d82c173dc759c34f9c192c7f71bdca92c889edb0fc32640177060232167a5d7,2026-05-05T04:15:23Z,2026-05-05,0x57aF956d3E2cCa3B86f3D8C6772C03ddca3eAacB,uniswap,Uniswap,dex,PENDLE,0xC216BfA5dA000965E820845c32e6FD88DB275743,,,,,PENDLE,0x808507121B80c02388fAd14726482e061B8da827,4326.066368664018,8003.222782028434,FROM_ARKHAM_LABELED_DEX_PROXY,ARKHAM_CHANNEL,HIGH,
ONDO,P2,ethereum,0x8c07d095a12a4146166dab367377d95357810aba81e99d03d2339e895096629b,2026-05-05T04:51:35Z,2026-05-05,0x224FDACBD939f3956DcC65eAdD99D0D3B5463D3e,,,,Coinone Deposit,0x167A9333BF582556f35Bd4d16A7E80E191aa6476,coinone,Coinone,cex,Hot Wallet,ONDO,0xfAbA6f8e4a5E8Ab82F62fe7C39859FA577269BE3,9432,3023.9274960000002,TO_ARKHAM_LABELED_CEX_PROXY,ARKHAM_CHANNEL,HIGH,
ONDO,P2,ethereum,0x74d9eb73548f54e6f02ed7808e13b306a5120ba74a6a1c4508c2d7784b030266,2026-05-05T04:51:11Z,2026-05-05,0x0D0707963952f2fBA59dD06f2b425ace40b492Fe,gate-io,Gate,cex,Hot Wallet,0xDD95D5aCc5225520f82023446669A214a422f698,,,,Upbit Deposit,ONDO,0xfAbA6f8e4a5E8Ab82F62fe7C39859FA577269BE3,180003.06000000003,57709.52104518001,FROM_ARKHAM_LABELED_CEX_PROXY,ARKHAM_CHANNEL,HIGH,
ONDO,P2,ethereum,0xf6f903b4dd3ac360c65402b2248fcb8c62313a68b7b3669bb803ec6372fde85f,2026-05-05T04:50:23Z,2026-05-05,0x2d20d95680BA3318459484d51654891388d15EDA,,,,,0xdd3d72C53Ff982ff59853da71158bf1538b3Ceee,changenow,ChangeNOW,cex,Hot Wallet,ONDO,0xfAbA6f8e4a5E8Ab82F62fe7C39859FA577269BE3,1000,320.603,TO_ARKHAM_LABELED_CEX_PROXY,ARKHAM_CHANNEL,HIGH,
ONDO,P2,ethereum,0x1e3cf7d9774af3ed19b9e6968052ce86b158e4b88e97e14fc7c9c65ff7694028,2026-05-05T04:50:11Z,2026-05-05,0x7b1E5D984A43eE732de195628d20d05CFaBc3cC7,uniswap,Uniswap,dex,V3 Pool,0x51C72848c68a965f66FA7a88855F9f7784502a7F,wintermute,Wintermute,fund,Market Maker,ONDO,0xfAbA6f8e4a5E8Ab82F62fe7C39859FA577269BE3,1501.2399335819186,481.30202642616393,FROM_ARKHAM_LABELED_DEX_PROXY,ARKHAM_CHANNEL,HIGH,
ONDO,P2,ethereum,0x6056be8bac8906a4fd11e05605178efd4d6438407fd473d316bcadf92b2c4468,2026-05-05T04:50:11Z,2026-05-05,0x000000000004444c5dc75cB358380D2e3dE08A90,uniswap,Uniswap,dex,PoolManager,0x51C72848c68a965f66FA7a88855F9f7784502a7F,wintermute,Wintermute,fund,Market Maker,ONDO,0xfAbA6f8e4a5E8Ab82F62fe7C39859FA577269BE3,930.2184549752817,298.23082732044026,FROM_ARKHAM_LABELED_DEX_PROXY,ARKHAM_CHANNEL,HIGH,
ONDO,P2,ethereum,0x978572ff0399f8cf14ac3f553998f818f44ddbd514392dcd69593ed38208da26,2026-05-05T04:49:47Z,2026-05-05,0x193A88e067170Bab993c58cEEE68ce6F8CFAc0Dd,,,,,0x39df24b6A91A9879CB0EBF7Ddc7D207Ca4Cd204b,,,,,ONDO,0xfAbA6f8e4a5E8Ab82F62fe7C39859FA577269BE3,0.0038,0.0012182914,BETWEEN_UNKNOWN_WALLETS,ARKHAM_CHANNEL,UNKNOWN,ENTITY_MISSING
ONDO,P2,ethereum,0x978572ff0399f8cf14ac3f553998f818f44ddbd514392dcd69593ed38208da26,2026-05-05T04:49:47Z,2026-05-05,0x460A382bdDB2DCFc436dB7D66E52B2349AfA6537,,,,Upbit Deposit,0xB9fe7381355336Bb304c6D9671541fae72ECF9C6,upbit,Upbit,cex,Hot Wallet,ONDO,0xfAbA6f8e4a5E8Ab82F62fe7C39859FA577269BE3,0.001467828438733703,0.00047059020094334145,TO_ARKHAM_LABELED_CEX_PROXY,ARKHAM_CHANNEL,HIGH,
ONDO,P2,ethereum,0x978572ff0399f8cf14ac3f553998f818f44ddbd514392dcd69593ed38208da26,2026-05-05T04:49:47Z,2026-05-05,0x5afe0000727040681d781FB23E8C82b468076042,,,,,0x193A88e067170Bab993c58cEEE68ce6F8CFAc0Dd,,,,,ONDO,0xfAbA6f8e4a5E8Ab82F62fe7C39859FA577269BE3,0.0152,0.0048731656,BETWEEN_UNKNOWN_WALLETS,ARKHAM_CHANNEL,UNKNOWN,ENTITY_MISSING
ONDO,P2,ethereum,0x978572ff0399f8cf14ac3f553998f818f44ddbd514392dcd69593ed38208da26,2026-05-05T04:49:47Z,2026-05-05,0xB9FE6D500271f8c890aA88B9BcDc4eD8346BF9C6,,,,,0x460aE5a6666fcB9635BA99b541b31279e5966537,upbit,Upbit,cex,Cold Wallet,ONDO,0xfAbA6f8e4a5E8Ab82F62fe7C39859FA577269BE3,0.00257389158,0.0008251973622227401,TO_ARKHAM_LABELED_CEX_PROXY,ARKHAM_CHANNEL,HIGH,
ONDO,P2,ethereum,0x5686b76b823fa1f8fcf562c27c447eb93c25cc7d024830becb2e031ad9ba318b,2026-05-05T04:49:23Z,2026-05-05,0x000000000004444c5dc75cB358380D2e3dE08A90,uniswap,Uniswap,dex,PoolManager,0x51C72848c68a965f66FA7a88855F9f7784502a7F,wintermute,Wintermute,fund,Market Maker,ONDO,0xfAbA6f8e4a5E8Ab82F62fe7C39859FA577269BE3,848.5882554448805,272.059940460395,FROM_ARKHAM_LABELED_DEX_PROXY,ARKHAM_CHANNEL,HIGH,
ONDO,P2,ethereum,0x20163571887f76571f7998e30fc33ffdb5db0c726ec7a6f60da4be9a6be2f0ff,2026-05-05T04:49:23Z,2026-05-05,0x7b1E5D984A43eE732de195628d20d05CFaBc3cC7,uniswap,Uniswap,dex,V3 Pool,0xBdb3ba9ffe392549E1f8658DD2630c141fDF47B6,,,,,ONDO,0xfAbA6f8e4a5E8Ab82F62fe7C39859FA577269BE3,744.234569127107,238.6038355658579,FROM_ARKHAM_LABELED_DEX_PROXY,ARKHAM_CHANNEL,HIGH,
ONDO,P2,ethereum,0x6b44535a281500936147bab00eb04c3bc33bfe090cf3e8c2fc7775bb7bb21dd7,2026-05-05T04:48:35Z,2026-05-05,0x39df24b6A91A9879CB0EBF7Ddc7D207Ca4Cd204b,,,,,0x193a89783b664E790Fc559dEACc028E531e9c0DD,,,,Bybit Deposit,ONDO,0xfAbA6f8e4a5E8Ab82F62fe7C39859FA577269BE3,3800,1218.2914000000003,BETWEEN_UNKNOWN_WALLETS,ARKHAM_CHANNEL,UNKNOWN,ENTITY_MISSING
ONDO,P2,ethereum,0xebae309bd0c3812d42ae21baf3c97ecaaf03d173fd97e34c612fc565510d80dc,2026-05-05T04:48:23Z,2026-05-05,0x28DEF8b89Dd22BEa9F672f277F6858EA12F5da7B,upbit,Upbit,cex,Hot Wallet,0x460aE5a6666fcB9635BA99b541b31279e5966537,upbit,Upbit,cex,Cold Wallet,ONDO,0xfAbA6f8e4a5E8Ab82F62fe7C39859FA577269BE3,201846.61545585937,64712.63045499488,TO_ARKHAM_LABELED_CEX_PROXY,ARKHAM_CHANNEL,HIGH,
ONDO,P2,ethereum,0xa59d06b914ae1231a8a4e9d623834c8cfc43f78390fc9eededdd1cb4c9cd77b1,2026-05-05T04:48:23Z,2026-05-05,0xB9fe7381355336Bb304c6D9671541fae72ECF9C6,upbit,Upbit,cex,Hot Wallet,0x460aE5a6666fcB9635BA99b541b31279e5966537,upbit,Upbit,cex,Cold Wallet,ONDO,0xfAbA6f8e4a5E8Ab82F62fe7C39859FA577269BE3,146782.8438733704,47059.02009433418,TO_ARKHAM_LABELED_CEX_PROXY,ARKHAM_CHANNEL,HIGH,
ONDO,P2,ethereum,0x1454f71134166078bb19862ff8f46e8d9619fb6648059e0f1bb5d274bb124501,2026-05-05T04:48:23Z,2026-05-05,0xdE5514582f5b8c22c72F12026D1F0fCB164c98CE,,,,,0x89d52ecf8816Ca551c77D2c5F06802A27997b5B8,,,,Gate Deposit,ONDO,0xfAbA6f8e4a5E8Ab82F62fe7C39859FA577269BE3,0.006,0.0019236180000000002,BETWEEN_UNKNOWN_WALLETS,ARKHAM_CHANNEL,UNKNOWN,ENTITY_MISSING
ONDO,P2,ethereum,0x02152df9805f75b04cd6c466b5808e5f90f3635bae17e17fa05e986abe08c91d,2026-05-05T04:48:23Z,2026-05-05,0x3F7A4dAa009134CD866979B2A8D3aeF8049631C5,upbit,Upbit,cex,Hot Wallet,0x460aE5a6666fcB9635BA99b541b31279e5966537,upbit,Upbit,cex,Cold Wallet,ONDO,0xfAbA6f8e4a5E8Ab82F62fe7C39859FA577269BE3,199040.0080608683,63812.82370433857,TO_ARKHAM_LABELED_CEX_PROXY,ARKHAM_CHANNEL,HIGH,
ONDO,P2,ethereum,0xc4d2677f18ba162fedb11dda805ba137793735f23d505de6f2a79cc639f84882,2026-05-05T04:47:59Z,2026-05-05,0xf8191D98ae98d2f7aBDFB63A9b0b812b93C873AA,wintermute,Wintermute,fund,Hot Wallet,0xe9778F6900DB8F8896f9702BA2A7bb05150105d0,,,,,ONDO,0xfAbA6f8e4a5E8Ab82F62fe7C39859FA577269BE3,262844,84863.390904,FROM_MARKET_MAKER_PROXY,ARKHAM_CHANNEL,HIGH,
ONDO,P2,ethereum,0xc3a22a902f85a09dac0d382358151bfd2625fbaa06363bc376a4ac8ccc46eae9,2026-05-05T04:47:59Z,2026-05-05,0x7b1E5D984A43eE732de195628d20d05CFaBc3cC7,uniswap,Uniswap,dex,V3 Pool,0x51C72848c68a965f66FA7a88855F9f7784502a7F,wintermute,Wintermute,fund,Market Maker,ONDO,0xfAbA6f8e4a5E8Ab82F62fe7C39859FA577269BE3,2157.6893384192576,696.644525938072,FROM_ARKHAM_LABELED_DEX_PROXY,ARKHAM_CHANNEL,HIGH,
ONDO,P2,ethereum,0xd1ae1a9db962e8bf052e99fec6cf4cb27cd8b2e2f61fe343b328afedb38e62e7,2026-05-05T04:47:59Z,2026-05-05,0x000000000004444c5dc75cB358380D2e3dE08A90,uniswap,Uniswap,dex,PoolManager,0x51C72848c68a965f66FA7a88855F9f7784502a7F,wintermute,Wintermute,fund,Market Maker,ONDO,0xfAbA6f8e4a5E8Ab82F62fe7C39859FA577269BE3,1930.065540132678,623.1525406804772,FROM_ARKHAM_LABELED_DEX_PROXY,ARKHAM_CHANNEL,HIGH,
ONDO,P2,ethereum,0x581e1ee064435a871e9995be397ad9c005b4b8e8b61cb0cbe039a279b15c2038,2026-05-05T04:47:35Z,2026-05-05,0x6b7256e8E88077Bf2002397F496Fb7BEed5957d2,,,,,0x2d20d95680BA3318459484d51654891388d15EDA,,,,,ONDO,0xfAbA6f8e4a5E8Ab82F62fe7C39859FA577269BE3,1000,322.866,BETWEEN_UNKNOWN_WALLETS,ARKHAM_CHANNEL,UNKNOWN,ENTITY_MISSING
ONDO,P2,ethereum,0x44d3b883e384afe78f5e8ca74861b350d046442249154fe8071803f4080b19a2,2026-05-05T04:47:35Z,2026-05-05,0xde555F6a3c805D39531B451ebae97769bc8998Ce,upbit,Upbit,cex,Hot Wallet,0x89d52ecf8816Ca551c77D2c5F06802A27997b5B8,,,,Gate Deposit,ONDO,0xfAbA6f8e4a5E8Ab82F62fe7C39859FA577269BE3,60000,19371.959999999995,FROM_ARKHAM_LABELED_CEX_PROXY,ARKHAM_CHANNEL,HIGH,
ONDO,P2,ethereum,0x878aa6baf218aaa1b65395f43a8b0273ff56ae733e870236defd6f29132f070c,2026-05-05T04:47:35Z,2026-05-05,0xde555F6a3c805D39531B451ebae97769bc8998Ce,upbit,Upbit,cex,Hot Wallet,0x89d52ecf8816Ca551c77D2c5F06802A27997b5B8,,,,Gate Deposit,ONDO,0xfAbA6f8e4a5E8Ab82F62fe7C39859FA577269BE3,60000,19371.959999999995,FROM_ARKHAM_LABELED_CEX_PROXY,ARKHAM_CHANNEL,HIGH,
ONDO,P2,ethereum,0x5923c731bee9aab144977aa29e64c1edd67f3312a34a4fe0177044ec90b13847,2026-05-05T04:47:11Z,2026-05-05,0x167A9333BF582556f35Bd4d16A7E80E191aa6476,coinone,Coinone,cex,Hot Wallet,0xA5e5250792502e489F9991293b749ca75fcB244b,,,,Upbit Deposit,ONDO,0xfAbA6f8e4a5E8Ab82F62fe7C39859FA577269BE3,18449.7,5956.780840199999,FROM_ARKHAM_LABELED_CEX_PROXY,ARKHAM_CHANNEL,HIGH,
ONDO,P2,ethereum,0xe1b694b1391ae1d6cc7a80509606ed968d5733d4cf2bc64c231f4c1eeb061d62,2026-05-05T04:47:11Z,2026-05-05,0xde555F6a3c805D39531B451ebae97769bc8998Ce,upbit,Upbit,cex,Hot Wallet,0x89d52ecf8816Ca551c77D2c5F06802A27997b5B8,,,,Gate Deposit,ONDO,0xfAbA6f8e4a5E8Ab82F62fe7C39859FA577269BE3,60000,19371.959999999995,FROM_ARKHAM_LABELED_CEX_PROXY,ARKHAM_CHANNEL,HIGH,
ONDO,P2,ethereum,0x29355ee9503e75e73bf1cbf1daffb89df98da6bb7e17a2873ae6bfe328fb3d1e,2026-05-05T04:47:11Z,2026-05-05,0xde555F6a3c805D39531B451ebae97769bc8998Ce,upbit,Upbit,cex,Hot Wallet,0x89d52ecf8816Ca551c77D2c5F06802A27997b5B8,,,,Gate Deposit,ONDO,0xfAbA6f8e4a5E8Ab82F62fe7C39859FA577269BE3,60000,19371.959999999995,FROM_ARKHAM_LABELED_CEX_PROXY,ARKHAM_CHANNEL,HIGH,
ONDO,P2,ethereum,0xb3a7dd2433e69aba873e6b3de0fe709a75e821ddd52cae68e5132673dde125b4,2026-05-05T04:46:11Z,2026-05-05,0xE9a9C84d3efc11769b54A8371f1468a7f0601381,,,,Upbit Deposit,0x58Df8C2d19330b0Feb94069cd27E95B49D1B5A58,upbit,Upbit,cex,Hot Wallet,ONDO,0xfAbA6f8e4a5E8Ab82F62fe7C39859FA577269BE3,0.005205102850168,0.0016805507368223415,TO_ARKHAM_LABELED_CEX_PROXY,ARKHAM_CHANNEL,HIGH,
ONDO,P2,ethereum,0x44be0c9224a896f9d641258702397d21789868198e1e8ed8a249706cb2d4fefe,2026-05-05T04:44:59Z,2026-05-05,0xde555F6a3c805D39531B451ebae97769bc8998Ce,upbit,Upbit,cex,Hot Wallet,0x41fbBa5CB38D22B2D80606406944cEdd7c97f6F9,,,,Binance Deposit,ONDO,0xfAbA6f8e4a5E8Ab82F62fe7C39859FA577269BE3,45417.89713379,14663.894775998242,FROM_ARKHAM_LABELED_CEX_PROXY,ARKHAM_CHANNEL,HIGH,
ONDO,P2,ethereum,0xb1c747dcd2f552da69a0b6a9a2e71fa9f339de1627a138850214c428d65c7501,2026-05-05T04:44:59Z,2026-05-05,0xBdb3ba9ffe392549E1f8658DD2630c141fDF47B6,,,,,0x7b1E5D984A43eE732de195628d20d05CFaBc3cC7,uniswap,Uniswap,dex,V3 Pool,ONDO,0xfAbA6f8e4a5E8Ab82F62fe7C39859FA577269BE3,920.464351134686,297.1866431934515,TO_ARKHAM_LABELED_DEX_PROXY,ARKHAM_CHANNEL,HIGH,
ONDO,P2,ethereum,0x0159a52c261d2224e7bac7fc6567dbe892ab71e2d522867db2b674fde39f4fec,2026-05-05T04:44:23Z,2026-05-05,0x91D40E4818F4D4C57b4578d9ECa6AFc92aC8DEbE,okx,OKX,cex,Hot Wallet,0x41fbBa5CB38D22B2D80606406944cEdd7c97f6F9,,,,Binance Deposit,ONDO,0xfAbA6f8e4a5E8Ab82F62fe7C39859FA577269BE3,15808.124,5103.905763383999,FROM_ARKHAM_LABELED_CEX_PROXY,ARKHAM_CHANNEL,HIGH,
ONDO,P2,ethereum,0x953964e59222daa18c6e6de76175b1bef2d3597233835f6457605c69c859c7fb,2026-05-05T04:44:23Z,2026-05-05,0xb95dF5eD0c8DA91efAcF441293033e41dfbA8BFC,,,,"bolb" on Polymarket,0x000000000004444c5dc75cB358380D2e3dE08A90,uniswap,Uniswap,dex,PoolManager,ONDO,0xfAbA6f8e4a5E8Ab82F62fe7C39859FA577269BE3,360,116.23176,TO_ARKHAM_LABELED_DEX_PROXY,ARKHAM_CHANNEL,HIGH,
ONDO,P2,ethereum,0xc1734907a2d965f4f5ebee4c1a191d82e50b9a2f36f6f22a645cdd12a9f19685,2026-05-05T04:44:11Z,2026-05-05,0x278d858f05b94576C1E6f73285886876ff6eF8D2,,,,,0x000000000004444c5dc75cB358380D2e3dE08A90,uniswap,Uniswap,dex,PoolManager,ONDO,0xfAbA6f8e4a5E8Ab82F62fe7C39859FA577269BE3,950.63238376912,306.9268752180007,TO_ARKHAM_LABELED_DEX_PROXY,ARKHAM_CHANNEL,HIGH,
ONDO,P2,ethereum,0x1a6e71231f0685a2cc2827a1252015b19b7a717518637088e8bea3fdcbc261af,2026-05-05T04:43:59Z,2026-05-05,0xBdb3ba9ffe392549E1f8658DD2630c141fDF47B6,,,,,0x91e3007F35a7fa296961Ab2cEB18A32282718448,,,,,ONDO,0xfAbA6f8e4a5E8Ab82F62fe7C39859FA577269BE3,1291.4142783448435,416.9537623920862,BETWEEN_UNKNOWN_WALLETS,ARKHAM_CHANNEL,UNKNOWN,ENTITY_MISSING
ONDO,P2,ethereum,0x1a6e71231f0685a2cc2827a1252015b19b7a717518637088e8bea3fdcbc261af,2026-05-05T04:43:59Z,2026-05-05,0x91e3007F35a7fa296961Ab2cEB18A32282718448,,,,,0x000000000004444c5dc75cB358380D2e3dE08A90,uniswap,Uniswap,dex,PoolManager,ONDO,0xfAbA6f8e4a5E8Ab82F62fe7C39859FA577269BE3,1291.4142783448435,416.9537623920862,TO_ARKHAM_LABELED_DEX_PROXY,ARKHAM_CHANNEL,HIGH,
ONDO,P2,ethereum,0x1a6e71231f0685a2cc2827a1252015b19b7a717518637088e8bea3fdcbc261af,2026-05-05T04:43:59Z,2026-05-05,0xBdb3ba9ffe392549E1f8658DD2630c141fDF47B6,,,,,0x7b1E5D984A43eE732de195628d20d05CFaBc3cC7,uniswap,Uniswap,dex,V3 Pool,ONDO,0xfAbA6f8e4a5E8Ab82F62fe7C39859FA577269BE3,2212.373500416827,714.3001825855793,TO_ARKHAM_LABELED_DEX_PROXY,ARKHAM_CHANNEL,HIGH,
ONDO,P2,ethereum,0x6c888ac068fd6ef68dbb4a6f0da7d99eb2983baba7afa76d4eb7593cbc656c9b,2026-05-05T04:43:47Z,2026-05-05,0xDD95D5aCc5225520f82023446669A214a422f698,,,,Upbit Deposit,0x58Df8C2d19330b0Feb94069cd27E95B49D1B5A58,upbit,Upbit,cex,Hot Wallet,ONDO,0xfAbA6f8e4a5E8Ab82F62fe7C39859FA577269BE3,14997.720000000001,4842.2538655200005,TO_ARKHAM_LABELED_CEX_PROXY,ARKHAM_CHANNEL,HIGH,
ONDO,P2,ethereum,0x49eabd0b077fb4d895ab19833bd6415951d73492b3da8881ce746fa204a51295,2026-05-05T04:43:47Z,2026-05-05,0xe9A911B75ff5BB6e7B41A045B4d3ceEDb6101381,,,,Upbit Deposit,0x58Df8C2d19330b0Feb94069cd27E95B49D1B5A58,upbit,Upbit,cex,Hot Wallet,ONDO,0xfAbA6f8e4a5E8Ab82F62fe7C39859FA577269BE3,45946.28701116,14834.493902145183,TO_ARKHAM_LABELED_CEX_PROXY,ARKHAM_CHANNEL,HIGH,
ONDO,P2,ethereum,0x6b476c56f306d5594b2fd5e8cdb9b95e22d66e1eff2c9f868b1c91a8a9984e6c,2026-05-05T04:43:47Z,2026-05-05,0xfd071B7ac2d0b86Ea4489B7F5dff1a67af3bb131,,,,Upbit Deposit,0x58Df8C2d19330b0Feb94069cd27E95B49D1B5A58,upbit,Upbit,cex,Hot Wallet,ONDO,0xfAbA6f8e4a5E8Ab82F62fe7C39859FA577269BE3,36268.020000000004,11709.71054532,TO_ARKHAM_LABELED_CEX_PROXY,ARKHAM_CHANNEL,HIGH,
ONDO,P2,ethereum,0x0b73369755fb530010ae9b1bfda764945dafc74cd065cadb30fd111303cf013b,2026-05-05T04:43:47Z,2026-05-05,0xDaEDA9617cd20863085FE88f5ee0848a393A6569,,,,Upbit Deposit,0x58Df8C2d19330b0Feb94069cd27E95B49D1B5A58,upbit,Upbit,cex,Hot Wallet,ONDO,0xfAbA6f8e4a5E8Ab82F62fe7C39859FA577269BE3,140000.72,45201.47246352,TO_ARKHAM_LABELED_CEX_PROXY,ARKHAM_CHANNEL,HIGH,
ONDO,P2,ethereum,0xf250494b1378f6df522fe7328ca6a1902ecaeb0c59883ea84d4f10b1febf630d,2026-05-05T04:43:35Z,2026-05-05,0x4bF93842acA4a51A920EA587C4EC92C96131e8C8,,,,Upbit Deposit,0x58Df8C2d19330b0Feb94069cd27E95B49D1B5A58,upbit,Upbit,cex,Hot Wallet,ONDO,0xfAbA6f8e4a5E8Ab82F62fe7C39859FA577269BE3,0.0016131771,0.0005208400375686,TO_ARKHAM_LABELED_CEX_PROXY,ARKHAM_CHANNEL,HIGH,
ONDO,P2,ethereum,0xf250494b1378f6df522fe7328ca6a1902ecaeb0c59883ea84d4f10b1febf630d,2026-05-05T04:43:35Z,2026-05-05,0x58Df335FD078A1279844fC61ddcA2a0bcE6D5A58,,,,,0x88254f51D0c95bce1598a4bCe226287C417C7eAa,,,,Upbit Deposit,ONDO,0xfAbA6f8e4a5E8Ab82F62fe7C39859FA577269BE3,0.0010499272,0.0003389857953552,BETWEEN_UNKNOWN_WALLETS,ARKHAM_CHANNEL,UNKNOWN,ENTITY_MISSING
ONDO,P2,ethereum,0xf250494b1378f6df522fe7328ca6a1902ecaeb0c59883ea84d4f10b1febf630d,2026-05-05T04:43:35Z,2026-05-05,0x5afe0000727040681d781FB23E8C82b468076042,,,,,0x8825Df153531BD0D5d657B05147E16e24Bf77eaA,,,,,ONDO,0xfAbA6f8e4a5E8Ab82F62fe7C39859FA577269BE3,0.038057832419992,0.012287580122113137,BETWEEN_UNKNOWN_WALLETS,ARKHAM_CHANNEL,UNKNOWN,ENTITY_MISSING
ONDO,P2,ethereum,0xf250494b1378f6df522fe7328ca6a1902ecaeb0c59883ea84d4f10b1febf630d,2026-05-05T04:43:35Z,2026-05-05,0x5afe0000727040681d781FB23E8C82b468076042,,,,,0x4bF93842acA4a51A920EA587C4EC92C96131e8C8,,,,Upbit Deposit,ONDO,0xfAbA6f8e4a5E8Ab82F62fe7C39859FA577269BE3,0.0064527084,0.0020833601502744,BETWEEN_UNKNOWN_WALLETS,ARKHAM_CHANNEL,UNKNOWN,ENTITY_MISSING
ONDO,P2,ethereum,0xf250494b1378f6df522fe7328ca6a1902ecaeb0c59883ea84d4f10b1febf630d,2026-05-05T04:43:35Z,2026-05-05,0x8825Df153531BD0D5d657B05147E16e24Bf77eaA,,,,,0x58Df8C2d19330b0Feb94069cd27E95B49D1B5A58,upbit,Upbit,cex,Hot Wallet,ONDO,0xfAbA6f8e4a5E8Ab82F62fe7C39859FA577269BE3,0.009514458104998,0.003071895030528284,TO_ARKHAM_LABELED_CEX_PROXY,ARKHAM_CHANNEL,HIGH,
ONDO,P2,ethereum,0x5fd1271a98160a7b442ae7df2814d0603d5772c0d61c287fd72ad9eb43fe0cce,2026-05-05T04:43:11Z,2026-05-05,0xc80Afd311c9626528De66D86814770361Fe92416,paribu,Paribu,cex,Hot Wallet,0x3a5E27612BA91912fE650E4F23Fb8e74bD656c7b,,,,Binance Deposit,ONDO,0xfAbA6f8e4a5E8Ab82F62fe7C39859FA577269BE3,23060.25,7445.370676500001,FROM_ARKHAM_LABELED_CEX_PROXY,ARKHAM_CHANNEL,HIGH,
ONDO,P2,ethereum,0x00fe61729dc596b870ff731ff628323568d7ca9c2fc6cd5f68de1dc7abb469e3,2026-05-05T04:43:11Z,2026-05-05,0x88254f51D0c95bce1598a4bCe226287C417C7eAa,,,,Upbit Deposit,0x58Df8C2d19330b0Feb94069cd27E95B49D1B5A58,upbit,Upbit,cex,Hot Wallet,ONDO,0xfAbA6f8e4a5E8Ab82F62fe7C39859FA577269BE3,104992.72,33898.57953552,TO_ARKHAM_LABELED_CEX_PROXY,ARKHAM_CHANNEL,HIGH,
ONDO,P2,ethereum,0x369f71d460f628e0ba584ae88d0e40974a9436d753566cb97ae520792a7d409b,2026-05-05T04:42:59Z,2026-05-05,0xa2C47A4Fc4E56B55B62B7A330CAB1F268c30A2B6,,,,,0x72c572E069372A8D33F965CEF978974c6b5dBAE8,,,,Bybit Deposit,ONDO,0xfAbA6f8e4a5E8Ab82F62fe7C39859FA577269BE3,2833.14,914.7245792399999,BETWEEN_UNKNOWN_WALLETS,ARKHAM_CHANNEL,UNKNOWN,ENTITY_MISSING
ONDO,P2,ethereum,0x011493f326f5a51c2d4e2f1eccf1510bc87db994aba308eef476c509defdb47a,2026-05-05T04:42:47Z,2026-05-05,0x8F10B468b06c6FD214B65F87778827F7D113f996,kyber-network,Kyber Network,dex,,0xCb3d2a42022741B06f9B38459e3DD1Ee9A64D129,krystal-wallet,Krystal,misc,V4UtilsRouter,ONDO,0xfAbA6f8e4a5E8Ab82F62fe7C39859FA577269BE3,33500.46702910416,10816.161787818744,FROM_ARKHAM_LABELED_DEX_PROXY,ARKHAM_CHANNEL,HIGH,
ONDO,P2,ethereum,0x3b3c7c1dd2477d4201fccb17ec53c07aaed2250ea0cea65ce57b4d12a5e6905a,2026-05-05T04:42:47Z,2026-05-05,0x51C72848c68a965f66FA7a88855F9f7784502a7F,wintermute,Wintermute,fund,Market Maker,0x7b1E5D984A43eE732de195628d20d05CFaBc3cC7,uniswap,Uniswap,dex,V3 Pool,ONDO,0xfAbA6f8e4a5E8Ab82F62fe7C39859FA577269BE3,15851.022331713835,5117.756176151119,TO_ARKHAM_LABELED_DEX_PROXY,ARKHAM_CHANNEL,HIGH,
ONDO,P2,ethereum,0x07bc5e52deabea7b16700776d6d1040675f0a40211e541ea6ee21da43555c058,2026-05-05T04:42:47Z,2026-05-05,0x51C72848c68a965f66FA7a88855F9f7784502a7F,wintermute,Wintermute,fund,Market Maker,0x000000000004444c5dc75cB358380D2e3dE08A90,uniswap,Uniswap,dex,PoolManager,ONDO,0xfAbA6f8e4a5E8Ab82F62fe7C39859FA577269BE3,12438.305975422709,4015.906097060828,TO_ARKHAM_LABELED_DEX_PROXY,ARKHAM_CHANNEL,HIGH,
ONDO,P2,ethereum,0x12b9ffc08dc3bb5c903118c89dcd872628d4de395b4a7152eb2b1efa9931b9c3,2026-05-05T04:42:47Z,2026-05-05,0x4bF9663370A10a8DDeF5F68748700e1fbE3ee8c8,,,,Upbit Deposit,0x58Df8C2d19330b0Feb94069cd27E95B49D1B5A58,upbit,Upbit,cex,Hot Wallet,ONDO,0xfAbA6f8e4a5E8Ab82F62fe7C39859FA577269BE3,163324.72,52731.999047519996,TO_ARKHAM_LABELED_CEX_PROXY,ARKHAM_CHANNEL,HIGH,
ONDO,P2,ethereum,0x703e2d4c210936ddd59396ca75778874f0975d1232a91745f8c313d914d2a919,2026-05-05T04:42:47Z,2026-05-05,0xA5e5250792502e489F9991293b749ca75fcB244b,,,,Upbit Deposit,0x58Df8C2d19330b0Feb94069cd27E95B49D1B5A58,upbit,Upbit,cex,Hot Wallet,ONDO,0xfAbA6f8e4a5E8Ab82F62fe7C39859FA577269BE3,62595.1,20209.829556599998,TO_ARKHAM_LABELED_CEX_PROXY,ARKHAM_CHANNEL,HIGH,
ONDO,P2,ethereum,0x011493f326f5a51c2d4e2f1eccf1510bc87db994aba308eef476c509defdb47a,2026-05-05T04:42:47Z,2026-05-05,0xCb3d2a42022741B06f9B38459e3DD1Ee9A64D129,krystal-wallet,Krystal,misc,V4UtilsRouter,0x000000000004444c5dc75cB358380D2e3dE08A90,uniswap,Uniswap,dex,PoolManager,ONDO,0xfAbA6f8e4a5E8Ab82F62fe7C39859FA577269BE3,33500.46702910416,10816.161787818744,TO_ARKHAM_LABELED_DEX_PROXY,ARKHAM_CHANNEL,HIGH,
ONDO,P2,ethereum,0xfb285aea9aacb61203baf0a46227578ef6f92cc46e360ec286591177a7e46781,2026-05-05T04:42:47Z,2026-05-05,0x149Ed2cFBD209AF29514147eD9C478cb84e2e2D8,,,,Upbit Deposit,0x58Df8C2d19330b0Feb94069cd27E95B49D1B5A58,upbit,Upbit,cex,Hot Wallet,ONDO,0xfAbA6f8e4a5E8Ab82F62fe7C39859FA577269BE3,11046.07829999,3566.403116404572,TO_ARKHAM_LABELED_CEX_PROXY,ARKHAM_CHANNEL,HIGH,
ONDO,P2,ethereum,0x011493f326f5a51c2d4e2f1eccf1510bc87db994aba308eef476c509defdb47a,2026-05-05T04:42:47Z,2026-05-05,0xCb3d2a42022741B06f9B38459e3DD1Ee9A64D129,krystal-wallet,Krystal,misc,V4UtilsRouter,0x2b46E9e7C3a15Ca1d91eBcAA006851C53b76aDd9,,,,,ONDO,0xfAbA6f8e4a5E8Ab82F62fe7C39859FA577269BE3,1.7553e-14,5.667266898e-15,BETWEEN_LABELED_ENTITIES,ARKHAM_CHANNEL,HIGH,
ONDO,P2,ethereum,0x011493f326f5a51c2d4e2f1eccf1510bc87db994aba308eef476c509defdb47a,2026-05-05T04:42:47Z,2026-05-05,0x000000000004444c5dc75cB358380D2e3dE08A90,uniswap,Uniswap,dex,PoolManager,0x8F10B468b06c6FD214B65F87778827F7D113f996,kyber-network,Kyber Network,dex,,ONDO,0xfAbA6f8e4a5E8Ab82F62fe7C39859FA577269BE3,14740.43464301775,4759.185171452568,TO_ARKHAM_LABELED_DEX_PROXY,ARKHAM_CHANNEL,HIGH,
ONDO,P2,ethereum,0x63aa113b5b15fb14667633c0883f789c299ceb84f0187c67cdb5144b9a2dc8d4,2026-05-05T04:42:47Z,2026-05-05,0x60667CeE9359De0cAb1B286F02986ea472E09789,,,,Upbit Deposit,0x58Df8C2d19330b0Feb94069cd27E95B49D1B5A58,upbit,Upbit,cex,Hot Wallet,ONDO,0xfAbA6f8e4a5E8Ab82F62fe7C39859FA577269BE3,45380,14651.659079999998,TO_ARKHAM_LABELED_CEX_PROXY,ARKHAM_CHANNEL,HIGH,
ONDO,P2,ethereum,0x011493f326f5a51c2d4e2f1eccf1510bc87db994aba308eef476c509defdb47a,2026-05-05T04:42:47Z,2026-05-05,0x7b1E5D984A43eE732de195628d20d05CFaBc3cC7,uniswap,Uniswap,dex,V3 Pool,0x8F10B468b06c6FD214B65F87778827F7D113f996,kyber-network,Kyber Network,dex,,ONDO,0xfAbA6f8e4a5E8Ab82F62fe7C39859FA577269BE3,18760.032386086412,6056.976616366175,TO_ARKHAM_LABELED_DEX_PROXY,ARKHAM_CHANNEL,HIGH,
ONDO,P2,ethereum,0xb35bfd98b1444df9bacfbbd3eccc6d36e891563981db76804e5662800fba7d57,2026-05-05T04:42:47Z,2026-05-05,0xEff6cb8b614999d130E537751Ee99724D01aA167,,,,MEV Bot,0x000000000004444c5dc75cB358380D2e3dE08A90,uniswap,Uniswap,dex,PoolManager,ONDO,0xfAbA6f8e4a5E8Ab82F62fe7C39859FA577269BE3,459.7147034886738,148.42624745657417,TO_ARKHAM_LABELED_DEX_PROXY,ARKHAM_CHANNEL,HIGH,
ONDO,P2,ethereum,0xb6cecd882fe11086d0d73deafb1a90f5d500a47dd0c0feb8d4d2b86b3f8c2cec,2026-05-05T04:42:35Z,2026-05-05,0x0220Ed7F07392fc65e36Ab68811AF6682cf56d49,,,,,0xb95dF5eD0c8DA91efAcF441293033e41dfbA8BFC,,,,"bolb" on Polymarket,ONDO,0xfAbA6f8e4a5E8Ab82F62fe7C39859FA577269BE3,360,116.23176,BETWEEN_UNKNOWN_WALLETS,ARKHAM_CHANNEL,UNKNOWN,ENTITY_MISSING
ONDO,P2,ethereum,0x6b5eef7780c0cb0daa27377e0c193a843ad08b4fb88627e0cf68843f5155ca4e,2026-05-05T04:41:59Z,2026-05-05,0xee38E2d6568b0f921d216DB4b8961A6520024b63,,,,Upbit Deposit,0x58Df8C2d19330b0Feb94069cd27E95B49D1B5A58,upbit,Upbit,cex,Hot Wallet,ONDO,0xfAbA6f8e4a5E8Ab82F62fe7C39859FA577269BE3,488133.6,157601.7428976,TO_ARKHAM_LABELED_CEX_PROXY,ARKHAM_CHANNEL,HIGH,
ONDO,P2,ethereum,0x4bdcf98b0a7c29390bff3c2402b81e31bd4dd9dd045b3562c4fe616e989d7333,2026-05-05T04:40:59Z,2026-05-05,0x1AB4973a48dc892Cd9971ECE8e01DcC7688f8F23,bitget,Bitget,cex,Hot Wallet,0x0d432cFcc0BAE14394F32c17cF58dFdB302dA5e3,,,,,ONDO,0xfAbA6f8e4a5E8Ab82F62fe7C39859FA577269BE3,115.026853,37.444116322825,FROM_ARKHAM_LABELED_CEX_PROXY,ARKHAM_CHANNEL,HIGH,
ONDO,P2,ethereum,0xecca8cfd76c4c642a7b59461676169da8c59810108b89f42e202599fe2b2e8bc,2026-05-05T04:40:35Z,2026-05-05,0x91D40E4818F4D4C57b4578d9ECa6AFc92aC8DEbE,okx,OKX,cex,Hot Wallet,0x60667CeE9359De0cAb1B286F02986ea472E09789,,,,Upbit Deposit,ONDO,0xfAbA6f8e4a5E8Ab82F62fe7C39859FA577269BE3,46708,15204.621700000002,FROM_ARKHAM_LABELED_CEX_PROXY,ARKHAM_CHANNEL,HIGH,
ONDO,P2,ethereum,0xc350c0a13b4b6af674570cff04fd491465ffc352376241b17e8468308a15da00,2026-05-05T04:39:59Z,2026-05-05,0xA3222357a0eCCF60C73606170be6c99ADeCb59b3,hitbtc,HitBTC,cex,Hot Wallet,0x493229b43c4a77fe6A448a44B76A9444DD47Ec70,,,,,ONDO,0xfAbA6f8e4a5E8Ab82F62fe7C39859FA577269BE3,4285.05630908,1394.892955013267,FROM_ARKHAM_LABELED_CEX_PROXY,ARKHAM_CHANNEL,HIGH,
ONDO,P2,ethereum,0xc9eaa9637a1a3d57b61896d5ef51fb661779ebe8b69b0ee4f3e6faade8e98d5e,2026-05-05T04:39:35Z,2026-05-05,0x91D40E4818F4D4C57b4578d9ECa6AFc92aC8DEbE,okx,OKX,cex,Hot Wallet,0xE4C99174198720d0088aF44D935E45B27237ae3D,,,,Upbit Deposit,ONDO,0xfAbA6f8e4a5E8Ab82F62fe7C39859FA577269BE3,10455.13006994,3403.4062160172184,FROM_ARKHAM_LABELED_CEX_PROXY,ARKHAM_CHANNEL,HIGH,
ONDO,P2,ethereum,0x9f9f5fe81af5b10bc9446456710246e93754cccbd3e4a96beab79257ca7ccf0a,2026-05-05T04:39:23Z,2026-05-05,0x3CD76d4a67Ebd1c88cD8Cf613c4551199CCCae4D,,,,Coinone Deposit,0x167A9333BF582556f35Bd4d16A7E80E191aa6476,coinone,Coinone,cex,Hot Wallet,ONDO,0xfAbA6f8e4a5E8Ab82F62fe7C39859FA577269BE3,19009.9846075,6188.225239356437,TO_ARKHAM_LABELED_CEX_PROXY,ARKHAM_CHANNEL,HIGH,
ONDO,P2,ethereum,0x35573bc095223a9856763556b26ec3202f59fd88494152d059935b5d8961d036,2026-05-05T04:38:23Z,2026-05-05,0xE8736aF1926e9d8f5a6602FbbB0893b26436D710,,,,,0x7f54F05635d15Cde17A49502fEdB9D1803A3Be8A,0x,0x,dex,MainnetSettler,ONDO,0xfAbA6f8e4a5E8Ab82F62fe7C39859FA577269BE3,58.73124656279234,19.118489037352976,TO_ARKHAM_LABELED_DEX_PROXY,ARKHAM_CHANNEL,HIGH,
ONDO,P2,ethereum,0x35573bc095223a9856763556b26ec3202f59fd88494152d059935b5d8961d036,2026-05-05T04:38:23Z,2026-05-05,0x663DC15D3C1aC63ff12E45Ab68FeA3F0a883C251,debridge-finance,deBridge Finance,bridge,CrosschainForwarder (Proxy),0x0e331a293BB22e93e2e5E417d84d755ae185dA02,,,,,ONDO,0xfAbA6f8e4a5E8Ab82F62fe7C39859FA577269BE3,0.9410259207829176,0.3063274628628593,BETWEEN_LABELED_ENTITIES,ARKHAM_CHANNEL,HIGH,
ONDO,P2,ethereum,0x35573bc095223a9856763556b26ec3202f59fd88494152d059935b5d8961d036,2026-05-05T04:38:23Z,2026-05-05,0x7f54F05635d15Cde17A49502fEdB9D1803A3Be8A,0x,0x,dex,MainnetSettler,0x663DC15D3C1aC63ff12E45Ab68FeA3F0a883C251,debridge-finance,deBridge Finance,bridge,CrosschainForwarder (Proxy),ONDO,0xfAbA6f8e4a5E8Ab82F62fe7C39859FA577269BE3,58.73124656279234,19.118489037352976,FROM_ARKHAM_LABELED_DEX_PROXY,ARKHAM_CHANNEL,HIGH,
ONDO,P2,ethereum,0x35573bc095223a9856763556b26ec3202f59fd88494152d059935b5d8961d036,2026-05-05T04:38:23Z,2026-05-05,0x663DC15D3C1aC63ff12E45Ab68FeA3F0a883C251,debridge-finance,deBridge Finance,bridge,CrosschainForwarder (Proxy),0x0f165398842544dC38b5489Ac2d0BcdB16Bac464,,,,,ONDO,0xfAbA6f8e4a5E8Ab82F62fe7C39859FA577269BE3,57.79022064200942,18.81216157449012,BETWEEN_LABELED_ENTITIES,ARKHAM_CHANNEL,HIGH,
ONDO,P2,ethereum,0x7b659fe971b3ec8ed57c960b26db01f3f4418c96d1d91be330968f14a6d4c878,2026-05-05T04:37:47Z,2026-05-05,0x81380E513eDF677069772928aba88C7aCBFD9E4b,,,,OKX Deposit,0x55823001c8cd87a6E86716ca768BCe51f2D89c9C,okx,OKX,cex,Hot Wallet,ONDO,0xfAbA6f8e4a5E8Ab82F62fe7C39859FA577269BE3,7328.992,2385.7701208,TO_ARKHAM_LABELED_CEX_PROXY,ARKHAM_CHANNEL,HIGH,
ONDO,P2,ethereum,0x1ef8cdce7ac6282a15d6c1dfb7305e4076fcf946dce0b512bae71bf0e26b3957,2026-05-05T04:37:47Z,2026-05-05,0xA9D1e08C7793af67e9d92fe308d5697FB81d3E43,coinbase,Coinbase,cex,Hot Wallet,0x3CD76d4a67Ebd1c88cD8Cf613c4551199CCCae4D,,,,Coinone Deposit,ONDO,0xfAbA6f8e4a5E8Ab82F62fe7C39859FA577269BE3,19009.9846075,6188.225239356437,FROM_ARKHAM_LABELED_CEX_PROXY,ARKHAM_CHANNEL,HIGH,
ONDO,P2,ethereum,0xbc2200eb532e2ee316d22dd6fc7e6cfe22af7046982ea909cd1f586329d5d9a1,2026-05-05T04:37:23Z,2026-05-05,0xDFd5293D8e347dFe59E90eFd55b2956a1343963d,binance,Binance,cex,Hot Wallet,0x224FDACBD939f3956DcC65eAdD99D0D3B5463D3e,,,,Coinone Deposit,ONDO,0xfAbA6f8e4a5E8Ab82F62fe7C39859FA577269BE3,9432,3070.3518000000004,FROM_ARKHAM_LABELED_CEX_PROXY,ARKHAM_CHANNEL,HIGH,
ONDO,P2,ethereum,0x13a5da19d3d7a28c2afa6a24010457c30e43011d63fa0ad1d50fabe82c1d4082,2026-05-05T04:37:23Z,2026-05-05,0x714B0f8580f79c5C535c4D51ACeB42dC9e6D7f67,kraken,Kraken,cex,Hot Wallet,0x81380E513eDF677069772928aba88C7aCBFD9E4b,,,,OKX Deposit,ONDO,0xfAbA6f8e4a5E8Ab82F62fe7C39859FA577269BE3,7328.992,2385.7701208,FROM_ARKHAM_LABELED_CEX_PROXY,ARKHAM_CHANNEL,HIGH,
ONDO,P2,ethereum,0x78166330de3675dd4057bdaa3e7c232d4d4c3458568a33e23879b61f31240934,2026-05-05T04:36:59Z,2026-05-05,0x67336Cec42645F55059EfF241Cb02eA5cC52fF86,,,,,0xB33BfC3fBCD135bDf647eae5ED0C05501146a52e,,,,,ONDO,0xfAbA6f8e4a5E8Ab82F62fe7C39859FA577269BE3,1173.848945187037,382.11717788201025,BETWEEN_UNKNOWN_WALLETS,ARKHAM_CHANNEL,UNKNOWN,ENTITY_MISSING
ONDO,P2,ethereum,0x78166330de3675dd4057bdaa3e7c232d4d4c3458568a33e23879b61f31240934,2026-05-05T04:36:59Z,2026-05-05,0xfbEedCFe378866DaB6abbaFd8B2986F5C1768737,,,,MEV Bot,0xB33BfC3fBCD135bDf647eae5ED0C05501146a52e,,,,,ONDO,0xfAbA6f8e4a5E8Ab82F62fe7C39859FA577269BE3,130.20742549997786,42.3857721858803,BETWEEN_UNKNOWN_WALLETS,ARKHAM_CHANNEL,UNKNOWN,ENTITY_MISSING
ONDO,P2,ethereum,0x27f1e41deec207505211f19e41ae0cfbe2ab7d0ad521c72d297402e6432b6528,2026-05-05T04:36:59Z,2026-05-05,0xde555F6a3c805D39531B451ebae97769bc8998Ce,upbit,Upbit,cex,Hot Wallet,0x68e523302f22abb537b1C8b5674d0F624EF3CFA2,,,,Bybit Deposit,ONDO,0xfAbA6f8e4a5E8Ab82F62fe7C39859FA577269BE3,36482,11875.803049999999,FROM_ARKHAM_LABELED_CEX_PROXY,ARKHAM_CHANNEL,HIGH,
ONDO,P2,ethereum,0x703d2532e404d49079acae7f32791138d6759ebff83963de24e78350cb9c6b19,2026-05-05T04:36:59Z,2026-05-05,0x58Df335FD078A1279844fC61ddcA2a0bcE6D5A58,,,,,0x460aE5a6666fcB9635BA99b541b31279e5966537,upbit,Upbit,cex,Cold Wallet,ONDO,0xfAbA6f8e4a5E8Ab82F62fe7C39859FA577269BE3,0.0023888370072795,0.0007776261667946593,TO_ARKHAM_LABELED_CEX_PROXY,ARKHAM_CHANNEL,HIGH,
ONDO,P2,ethereum,0x703d2532e404d49079acae7f32791138d6759ebff83963de24e78350cb9c6b19,2026-05-05T04:36:59Z,2026-05-05,0xdE5514582f5b8c22c72F12026D1F0fCB164c98CE,,,,,0x460aE5a6666fcB9635BA99b541b31279e5966537,upbit,Upbit,cex,Cold Wallet,ONDO,0xfAbA6f8e4a5E8Ab82F62fe7C39859FA577269BE3,0.004097022875676536,0.0013336833716046045,TO_ARKHAM_LABELED_CEX_PROXY,ARKHAM_CHANNEL,HIGH,
ONDO,P2,ethereum,0x78166330de3675dd4057bdaa3e7c232d4d4c3458568a33e23879b61f31240934,2026-05-05T04:36:59Z,2026-05-05,0xB33BfC3fBCD135bDf647eae5ED0C05501146a52e,,,,,0x000000000004444c5dc75cB358380D2e3dE08A90,uniswap,Uniswap,dex,PoolManager,ONDO,0xfAbA6f8e4a5E8Ab82F62fe7C39859FA577269BE3,1304.0563706870148,424.50295006789054,TO_ARKHAM_LABELED_DEX_PROXY,ARKHAM_CHANNEL,HIGH,
ONDO,P2,ethereum,0xaa71bd538bb39a38a14bacb9dd6c4fcfea274174ff57b60033df410f3d832bcc,2026-05-05T04:36:47Z,2026-05-05,0xBdb3ba9ffe392549E1f8658DD2630c141fDF47B6,,,,,0x91e3007F35a7fa296961Ab2cEB18A32282718448,,,,,ONDO,0xfAbA6f8e4a5E8Ab82F62fe7C39859FA577269BE3,6921.717578220605,2253.1921146502627,BETWEEN_UNKNOWN_WALLETS,ARKHAM_CHANNEL,UNKNOWN,ENTITY_MISSING
ONDO,P2,ethereum,0x8cfd01cf5fde74085dac67d068ad2c763e63871674c5cfc92d68f28f01d3268a,2026-05-05T04:36:47Z,2026-05-05,0x2b46E9e7C3a15Ca1d91eBcAA006851C53b76aDd9,,,,,0x000000000004444c5dc75cB358380D2e3dE08A90,uniswap,Uniswap,dex,PoolManager,ONDO,0xfAbA6f8e4a5E8Ab82F62fe7C39859FA577269BE3,45227.18837389666,14722.58049541271,TO_ARKHAM_LABELED_DEX_PROXY,ARKHAM_CHANNEL,HIGH,
ONDO,P2,ethereum,0xaa71bd538bb39a38a14bacb9dd6c4fcfea274174ff57b60033df410f3d832bcc,2026-05-05T04:36:47Z,2026-05-05,0x91e3007F35a7fa296961Ab2cEB18A32282718448,,,,,0x000000000004444c5dc75cB358380D2e3dE08A90,uniswap,Uniswap,dex,PoolManager,ONDO,0xfAbA6f8e4a5E8Ab82F62fe7C39859FA577269BE3,6921.717578220605,2253.1921146502627,TO_ARKHAM_LABELED_DEX_PROXY,ARKHAM_CHANNEL,HIGH,
ONDO,P2,ethereum,0xaa71bd538bb39a38a14bacb9dd6c4fcfea274174ff57b60033df410f3d832bcc,2026-05-05T04:36:47Z,2026-05-05,0xBdb3ba9ffe392549E1f8658DD2630c141fDF47B6,,,,,0x7b1E5D984A43eE732de195628d20d05CFaBc3cC7,uniswap,Uniswap,dex,V3 Pool,ONDO,0xfAbA6f8e4a5E8Ab82F62fe7C39859FA577269BE3,8814.372906726183,2869.2987404620408,TO_ARKHAM_LABELED_DEX_PROXY,ARKHAM_CHANNEL,HIGH,
ONDO,P2,ethereum,0x88708b5126c284aea825ba7134ac76fbef41af33ffe239ed6ee43e483f6c7eee,2026-05-05T04:36:35Z,2026-05-05,0xde555F6a3c805D39531B451ebae97769bc8998Ce,upbit,Upbit,cex,Hot Wallet,0x68e523302f22abb537b1C8b5674d0F624EF3CFA2,,,,Bybit Deposit,ONDO,0xfAbA6f8e4a5E8Ab82F62fe7C39859FA577269BE3,60000,19531.5,FROM_ARKHAM_LABELED_CEX_PROXY,ARKHAM_CHANNEL,HIGH,
ONDO,P2,ethereum,0x1f3d45e32df467fb984927b3bbe5c484c6ac3c54add0c2b3397bbe500e3699c6,2026-05-05T04:36:35Z,2026-05-05,0xde555F6a3c805D39531B451ebae97769bc8998Ce,upbit,Upbit,cex,Hot Wallet,0x68e523302f22abb537b1C8b5674d0F624EF3CFA2,,,,Bybit Deposit,ONDO,0xfAbA6f8e4a5E8Ab82F62fe7C39859FA577269BE3,60000,19531.5,FROM_ARKHAM_LABELED_CEX_PROXY,ARKHAM_CHANNEL,HIGH,
ONDO,P2,ethereum,0xc13a48fcc482a61bfad3b4fe64d8d708e652187f29bf758386a608f782a653e3,2026-05-05T04:36:35Z,2026-05-05,0xE57e42ee9265d0387A29e8d80c1fc59e401be175,bithumb,Bithumb,cex,Hot Wallet,0x3f26ABD79ABf01372f28Ac058c9531D49DCB1906,,,,Upbit Deposit,ONDO,0xfAbA6f8e4a5E8Ab82F62fe7C39859FA577269BE3,9325.8,3035.781045,FROM_ARKHAM_LABELED_CEX_PROXY,ARKHAM_CHANNEL,HIGH,
ONDO,P2,ethereum,0x7ff4944f9caf9ab561556cb5d7f31aae74183637bcf73dd23672018f549fd460,2026-05-05T04:36:35Z,2026-05-05,0xB9fe7381355336Bb304c6D9671541fae72ECF9C6,upbit,Upbit,cex,Hot Wallet,0x460aE5a6666fcB9635BA99b541b31279e5966537,upbit,Upbit,cex,Cold Wallet,ONDO,0xfAbA6f8e4a5E8Ab82F62fe7C39859FA577269BE3,440819.6774197743,143497.82549207204,TO_ARKHAM_LABELED_CEX_PROXY,ARKHAM_CHANNEL,HIGH,
ONDO,P2,ethereum,0xed7c5bb986f714d0a558f9022aeeea7cb27cfa6d262b9ca23b8dce2db951a773,2026-05-05T04:36:35Z,2026-05-05,0x3F7A4dAa009134CD866979B2A8D3aeF8049631C5,upbit,Upbit,cex,Hot Wallet,0x460aE5a6666fcB9635BA99b541b31279e5966537,upbit,Upbit,cex,Cold Wallet,ONDO,0xfAbA6f8e4a5E8Ab82F62fe7C39859FA577269BE3,398080.0161217366,129584.9972480283,TO_ARKHAM_LABELED_CEX_PROXY,ARKHAM_CHANNEL,HIGH,
ONDO,P2,ethereum,0x87c640b9661d70a0660a2df553feb28e64b3738e0ad5283f8d4ccb0e927ea86c,2026-05-05T04:36:35Z,2026-05-05,0xde555F6a3c805D39531B451ebae97769bc8998Ce,upbit,Upbit,cex,Hot Wallet,0x460aE5a6666fcB9635BA99b541b31279e5966537,upbit,Upbit,cex,Cold Wallet,ONDO,0xfAbA6f8e4a5E8Ab82F62fe7C39859FA577269BE3,213801.86476287735,69597.85202693565,TO_ARKHAM_LABELED_CEX_PROXY,ARKHAM_CHANNEL,HIGH,
ONDO,P2,ethereum,0xa6b13c5f05195cf5d5bbd2cbebdf0e39b36af85fb01b8da207c49cd820108ac3,2026-05-05T04:36:35Z,2026-05-05,0x28DEF8b89Dd22BEa9F672f277F6858EA12F5da7B,upbit,Upbit,cex,Hot Wallet,0x460aE5a6666fcB9635BA99b541b31279e5966537,upbit,Upbit,cex,Cold Wallet,ONDO,0xfAbA6f8e4a5E8Ab82F62fe7C39859FA577269BE3,403693.23091171874,131412.23899253723,TO_ARKHAM_LABELED_CEX_PROXY,ARKHAM_CHANNEL,HIGH,
ONDO,P2,ethereum,0x8cbab7f6471e215fe0c2d1d45f31dc3d35cd7edb9026cecb5aeae5ade46e7522,2026-05-05T04:36:11Z,2026-05-05,0xde555F6a3c805D39531B451ebae97769bc8998Ce,upbit,Upbit,cex,Hot Wallet,0x68e523302f22abb537b1C8b5674d0F624EF3CFA2,,,,Bybit Deposit,ONDO,0xfAbA6f8e4a5E8Ab82F62fe7C39859FA577269BE3,60000,19531.5,FROM_ARKHAM_LABELED_CEX_PROXY,ARKHAM_CHANNEL,HIGH,
ONDO,P2,ethereum,0xcea096152a58f6faa1f977f18791771415280da94f847f0617af08f151fc54bf,2026-05-05T04:35:59Z,2026-05-05,0x58Df8C2d19330b0Feb94069cd27E95B49D1B5A58,upbit,Upbit,cex,Hot Wallet,0x460aE5a6666fcB9635BA99b541b31279e5966537,upbit,Upbit,cex,Cold Wallet,ONDO,0xfAbA6f8e4a5E8Ab82F62fe7C39859FA577269BE3,395714.006703867,128814.80203227629,TO_ARKHAM_LABELED_CEX_PROXY,ARKHAM_CHANNEL,HIGH,
ONDO,P2,ethereum,0x691e2b50ea4ea52dded1cfd6a50aff5108244f703aaaefcc9a2324ea54d9d677,2026-05-05T04:35:59Z,2026-05-05,0xEff6cb8b614999d130E537751Ee99724D01aA167,,,,MEV Bot,0x7b1E5D984A43eE732de195628d20d05CFaBc3cC7,uniswap,Uniswap,dex,V3 Pool,ONDO,0xfAbA6f8e4a5E8Ab82F62fe7C39859FA577269BE3,2816.886053032753,916.966832413487,TO_ARKHAM_LABELED_DEX_PROXY,ARKHAM_CHANNEL,HIGH,
ONDO,P2,ethereum,0x8a9b230861a5e95893a14c4456bd2e4894b479b71a47257e2a2c7dd90ca42a8b,2026-05-05T04:35:59Z,2026-05-05,0xEff6cb8b614999d130E537751Ee99724D01aA167,,,,MEV Bot,0x000000000004444c5dc75cB358380D2e3dE08A90,uniswap,Uniswap,dex,PoolManager,ONDO,0xfAbA6f8e4a5E8Ab82F62fe7C39859FA577269BE3,1700.653350785436,553.605182014429,TO_ARKHAM_LABELED_DEX_PROXY,ARKHAM_CHANNEL,HIGH,
ONDO,P2,ethereum,0x82f8b877810a810c4d86cf0e8c2f244c0cba182707022c474d4d354c565f8ccb,2026-05-05T04:35:59Z,2026-05-05,0xde555F6a3c805D39531B451ebae97769bc8998Ce,upbit,Upbit,cex,Hot Wallet,0x68e523302f22abb537b1C8b5674d0F624EF3CFA2,,,,Bybit Deposit,ONDO,0xfAbA6f8e4a5E8Ab82F62fe7C39859FA577269BE3,60000,19531.5,FROM_ARKHAM_LABELED_CEX_PROXY,ARKHAM_CHANNEL,HIGH,
ONDO,P2,ethereum,0x2e11187833d0b62de35880afbe8e2587a9d90d962c0378866f9f2cbf778978b1,2026-05-05T04:35:47Z,2026-05-05,0x278d858f05b94576C1E6f73285886876ff6eF8D2,,,,,0x000000000004444c5dc75cB358380D2e3dE08A90,uniswap,Uniswap,dex,PoolManager,ONDO,0xfAbA6f8e4a5E8Ab82F62fe7C39859FA577269BE3,523.275230543709,170.3391694227409,TO_ARKHAM_LABELED_DEX_PROXY,ARKHAM_CHANNEL,HIGH,
ONDO,P2,ethereum,0x6f05335f197e0d3603595de432e78bda43535c9c454230a181056da59df67c78,2026-05-05T04:35:35Z,2026-05-05,0xEFEF30bD1ccA520619306C95091aB18473fEBC5c,bybit,Bybit,cex,Hot Wallet,0x1A9D699aeE3a56ca49d0CC3b542aE3A37885A3e1,,,,,ONDO,0xfAbA6f8e4a5E8Ab82F62fe7C39859FA577269BE3,16197.651,5272.740341775,FROM_ARKHAM_LABELED_CEX_PROXY,ARKHAM_CHANNEL,HIGH,
ONDO,P2,ethereum,0xbb456ac8474b882c652946844083e36236eea3c38da268268b9da83a72ed3d49,2026-05-05T04:35:35Z,2026-05-05,0x28C6c06298d514Db089934071355E5743bf21d60,binance,Binance,cex,Hot Wallet,0xe9A911B75ff5BB6e7B41A045B4d3ceEDb6101381,,,,Upbit Deposit,ONDO,0xfAbA6f8e4a5E8Ab82F62fe7C39859FA577269BE3,73910.65295952,24059.765304647746,FROM_ARKHAM_LABELED_CEX_PROXY,ARKHAM_CHANNEL,HIGH,
ONDO,P2,ethereum,0x08d6753d23117789a4785625b310d88a9e8a8f88ea4449970fb5d3337a992adc,2026-05-05T04:35:23Z,2026-05-05,0xEFEF30bD1ccA520619306C95091aB18473fEBC5c,bybit,Bybit,cex,Hot Wallet,0xe9A911B75ff5BB6e7B41A045B4d3ceEDb6101381,,,,Upbit Deposit,ONDO,0xfAbA6f8e4a5E8Ab82F62fe7C39859FA577269BE3,29681.866217979998,9662.18950060794,FROM_ARKHAM_LABELED_CEX_PROXY,ARKHAM_CHANNEL,HIGH,
ONDO,P2,ethereum,0xacea2a210cd3d24bfef03c192029d990189a1764700d7b00dfaa2fc7798235bd,2026-05-05T04:35:11Z,2026-05-05,0xde555F6a3c805D39531B451ebae97769bc8998Ce,upbit,Upbit,cex,Hot Wallet,0x5ec6b436f25DD501738e8Ba9639Cfd1b4010EDB2,,,,Bybit Deposit,ONDO,0xfAbA6f8e4a5E8Ab82F62fe7C39859FA577269BE3,3040.55,989.77503875,FROM_ARKHAM_LABELED_CEX_PROXY,ARKHAM_CHANNEL,HIGH,