chain,address,address_type,arkham_entity_id,arkham_entity_name,arkham_entity_type,arkham_label,arkham_confidence,moralis_entity,moralis_label,moralis_confidence,merged_entity,merged_label,merged_confidence,label_match_status,first_seen_source,first_seen_token,first_seen_date,last_updated_at,limitations
ethereum,0xa2c7bB99D87845843a92B1b33e03B98f1f8d0247,HOLDER,,,,Vesting (Proxy),HIGH,,,,,Vesting (Proxy),HIGH,ARKHAM_ONLY,ARKHAM_HOLDERS,BSB,2026-05-04,2026-05-04,Only Arkham has label
ethereum,0x3ee18B2214AFF97000D974cf647E7C347E8fa585,HOLDER,wormhole,Wormhole,bridge,Token Bridge,HIGH,,,,Wormhole,Token Bridge,HIGH,ARKHAM_ONLY,ARKHAM_HOLDERS,BSB,2026-05-04,2026-05-04,Only Arkham has label
ethereum,0x05F76dFB6339c8C1F327c13387fc61F4c9Dc25e0,HOLDER,,,,,UNKNOWN,,,,,,REVIEW_REQUIRED,UNKNOWN_BOTH,ARKHAM_HOLDERS,BSB,2026-05-04,2026-05-04,No labels from either channel
ethereum,0x7968D8Efc434D125051426344CF33B29F2Cf1258,HOLDER,,,,,UNKNOWN,,,,,,REVIEW_REQUIRED,UNKNOWN_BOTH,ARKHAM_HOLDERS,BSB,2026-05-04,2026-05-04,No labels from either channel
ethereum,0xa085A7e526d5498B5A2BC95e55E60362388F62db,HOLDER,,,,Gnosis Safe Proxy,HIGH,,,,,Gnosis Safe Proxy,HIGH,ARKHAM_ONLY,ARKHAM_HOLDERS,BSB,2026-05-04,2026-05-04,Only Arkham has label
ethereum,0xCbd3C6302F542Ad72b29fb7BC660e94AC2849f45,HOLDER,,,,,UNKNOWN,,,,,,REVIEW_REQUIRED,UNKNOWN_BOTH,ARKHAM_HOLDERS,BSB,2026-05-04,2026-05-04,No labels from either channel
ethereum,0xf440139a62b2B939699C5b3e09F88E40464Ab9bc,CEX_ENTITY,bybit,Bybit,cex,Hot Wallet,HIGH,,,,Bybit,Hot Wallet,HIGH,ARKHAM_ONLY,ARKHAM_HOLDERS,BSB,2026-05-04,2026-05-04,Only Arkham has label
ethereum,0x351CAd24ad9Fcbc0c1CCbC99abb1138D8f81c716,HOLDER,,,,,UNKNOWN,,,,,,REVIEW_REQUIRED,UNKNOWN_BOTH,ARKHAM_HOLDERS,BSB,2026-05-04,2026-05-04,No labels from either channel
ethereum,0x7c17Cb443ba89550d3b5D08726cc042Ba549e9B2,HOLDER,,,,,UNKNOWN,,,,,,REVIEW_REQUIRED,UNKNOWN_BOTH,ARKHAM_HOLDERS,BSB,2026-05-04,2026-05-04,No labels from either channel
ethereum,0x1AB4973a48dc892Cd9971ECE8e01DcC7688f8F23,CEX_ENTITY,bitget,Bitget,cex,Hot Wallet,HIGH,,,,Bitget,Hot Wallet,HIGH,ARKHAM_ONLY,ARKHAM_HOLDERS,BSB,2026-05-04,2026-05-04,Only Arkham has label
ethereum,0x468b08f3cb200412F44cAc7Ec0ae5A2109264435,HOLDER,,,,BSBOFTAdapter,HIGH,,,,,BSBOFTAdapter,HIGH,ARKHAM_ONLY,ARKHAM_HOLDERS,BSB,2026-05-04,2026-05-04,Only Arkham has label
ethereum,0xd3F0B81CccB3294284cD84BA9CC4b08f38Fa4fE2,HOLDER,,,,Proxy (EIP-1967 Transparent),HIGH,,,,,Proxy (EIP-1967 Transparent),HIGH,ARKHAM_ONLY,ARKHAM_HOLDERS,BSB,2026-05-04,2026-05-04,Only Arkham has label
ethereum,0x2548F1582C4592358F6fD95c3D90f3A48E1f860F,HOLDER,,,,Gnosis Safe Proxy,HIGH,,,,,Gnosis Safe Proxy,HIGH,ARKHAM_ONLY,ARKHAM_HOLDERS,BSB,2026-05-04,2026-05-04,Only Arkham has label
ethereum,0x8B3503Cd8Db88CF6bd4B2d9a8Ca27b4d4cAee7fa,HOLDER,,,,,UNKNOWN,,,,,,REVIEW_REQUIRED,UNKNOWN_BOTH,ARKHAM_HOLDERS,BSB,2026-05-04,2026-05-04,No labels from either channel
ethereum,0x9D6EfaB3f2AEB6a46350CB571Ba17f08dA46Dbb8,HOLDER,,,,,UNKNOWN,,,,,,REVIEW_REQUIRED,UNKNOWN_BOTH,ARKHAM_HOLDERS,BSB,2026-05-04,2026-05-04,No labels from either channel
ethereum,0xBdEFeDf62d401ec15672dB9058d9FF9bAfa548ad,HOLDER,,,,Gnosis Safe Proxy,HIGH,,,,,Gnosis Safe Proxy,HIGH,ARKHAM_ONLY,ARKHAM_HOLDERS,BSB,2026-05-04,2026-05-04,Only Arkham has label
ethereum,0x974b08E3CA65406451cB5867C032eB276fCf90b4,HOLDER,,,,,UNKNOWN,,,,,,REVIEW_REQUIRED,UNKNOWN_BOTH,ARKHAM_HOLDERS,BSB,2026-05-04,2026-05-04,No labels from either channel
ethereum,0xf89d7b9c864f589bbF53a82105107622B35EaA40,CEX_ENTITY,bybit,Bybit,cex,Hot Wallet,HIGH,,,,Bybit,Hot Wallet,HIGH,ARKHAM_ONLY,ARKHAM_HOLDERS,BSB,2026-05-04,2026-05-04,Only Arkham has label
ethereum,0xf26A42d11d7cb39585A2a765EB6946F5526F0F6C,HOLDER,,,,GOPAX Deposit,HIGH,,,,,GOPAX Deposit,HIGH,ARKHAM_ONLY,ARKHAM_HOLDERS,BSB,2026-05-04,2026-05-04,Only Arkham has label
ethereum,0x9642b23Ed1E01Df1092B92641051881a322F5D4E,CEX_ENTITY,mexc,MEXC,cex,Hot Wallet,HIGH,,,,MEXC,Hot Wallet,HIGH,ARKHAM_ONLY,ARKHAM_HOLDERS,BSB,2026-05-04,2026-05-04,Only Arkham has label
bsc,0xffa8DB7B38579e6A2D14f9B347a9acE4d044cD54,CEX_ENTITY,bitget,Bitget,cex,Cold Wallet,HIGH,,,,Bitget,Cold Wallet,HIGH,ARKHAM_ONLY,ARKHAM_HOLDERS,LAB,2026-05-04,2026-05-04,Only Arkham has label
bsc,0xB4b74D63F30076870d54aB9E8E6a7D18293273c3,HOLDER,,,,Gnosis Safe Proxy,HIGH,,,,,Gnosis Safe Proxy,HIGH,ARKHAM_ONLY,ARKHAM_HOLDERS,LAB,2026-05-04,2026-05-04,Only Arkham has label
bsc,0xB471837F03d01b628BFF32A515baF679CCdfAbb8,HOLDER,,,,Gnosis Safe Proxy,HIGH,,,,,Gnosis Safe Proxy,HIGH,ARKHAM_ONLY,ARKHAM_HOLDERS,LAB,2026-05-04,2026-05-04,Only Arkham has label
bsc,0x7Cfd8d2d8626B287bEA569b5e65AB5CBb75E9265,HOLDER,,,,Gnosis Safe Proxy,HIGH,,,,,Gnosis Safe Proxy,HIGH,ARKHAM_ONLY,ARKHAM_HOLDERS,LAB,2026-05-04,2026-05-04,Only Arkham has label
bsc,0x78a79D0fa0Eaf58741f5Bde7E05b5CC8F33D24d3,HOLDER,,,,Gnosis Safe Proxy,HIGH,,,,,Gnosis Safe Proxy,HIGH,ARKHAM_ONLY,ARKHAM_HOLDERS,LAB,2026-05-04,2026-05-04,Only Arkham has label
bsc,0xf79ff8a5052E969a6d13E18c4E439fE5202B02Fa,HOLDER,,,,Gnosis Safe Proxy,HIGH,,,,,Gnosis Safe Proxy,HIGH,ARKHAM_ONLY,ARKHAM_HOLDERS,LAB,2026-05-04,2026-05-04,Only Arkham has label
bsc,0x4F867fcb9d55e5Fb8C6457e240Da173B4c890F98,HOLDER,,,,,UNKNOWN,,,,,,REVIEW_REQUIRED,UNKNOWN_BOTH,ARKHAM_HOLDERS,LAB,2026-05-04,2026-05-04,No labels from either channel
bsc,0xC882b111A75C0c657fC507C04FbFcD2cC984F071,CEX_ENTITY,gate-io,Gate,cex,Cold Wallet,HIGH,,,,Gate,Cold Wallet,HIGH,ARKHAM_ONLY,ARKHAM_HOLDERS,LAB,2026-05-04,2026-05-04,Only Arkham has label
bsc,0x0D0707963952f2fBA59dD06f2b425ace40b492Fe,CEX_ENTITY,gate-io,Gate,cex,Hot Wallet,HIGH,,,,Gate,Hot Wallet,HIGH,ARKHAM_ONLY,ARKHAM_HOLDERS,LAB,2026-05-04,2026-05-04,Only Arkham has label
bsc,0x36FC85Ec486C254c9564d66de8c4210a1A20C291,HOLDER,,,,Gnosis Safe Proxy,HIGH,,,,,Gnosis Safe Proxy,HIGH,ARKHAM_ONLY,ARKHAM_HOLDERS,LAB,2026-05-04,2026-05-04,Only Arkham has label
bsc,0x73D8bD54F7Cf5FAb43fE4Ef40A62D390644946Db,SYSTEM_CONTRACT,binance-wallet,Binance Wallet,misc,Proxy (EIP-1967 Transparent),HIGH,,,,Binance Wallet,Proxy (EIP-1967 Transparent),HIGH,ARKHAM_ONLY,ARKHAM_HOLDERS,LAB,2026-05-04,2026-05-04,Only Arkham has label
bsc,0x4982085C9e2F89F2eCb8131Eca71aFAD896e89CB,CEX_ENTITY,mexc,MEXC,cex,Hot Wallet,HIGH,,,,MEXC,Hot Wallet,HIGH,ARKHAM_ONLY,ARKHAM_HOLDERS,LAB,2026-05-04,2026-05-04,Only Arkham has label
bsc,0x69be413D648ae00f0Fbd9856F1355E22B36Ee5e0,CEX_ENTITY,kucoin,KuCoin,cex,Cold Wallet,HIGH,,,,KuCoin,Cold Wallet,HIGH,ARKHAM_ONLY,ARKHAM_HOLDERS,LAB,2026-05-04,2026-05-04,Only Arkham has label
bsc,0x53f78A071d04224B8e254E243fFfc6D9f2f3Fa23,CEX_ENTITY,kucoin,KuCoin,cex,Hot Wallet,HIGH,,,,KuCoin,Hot Wallet,HIGH,ARKHAM_ONLY,ARKHAM_HOLDERS,LAB,2026-05-04,2026-05-04,Only Arkham has label
bsc,0x8dac80CE96F69F9762Bc450faa4d7FBd5891Ae18,CEX_ENTITY,kucoin,KuCoin,cex,Cold Wallet,HIGH,,,,KuCoin,Cold Wallet,HIGH,ARKHAM_ONLY,ARKHAM_HOLDERS,LAB,2026-05-04,2026-05-04,Only Arkham has label
bsc,0xD5dA17A84314194E348649C89a65143A061f7190,HOLDER,,,,Gate Deposit,HIGH,,,,,Gate Deposit,HIGH,ARKHAM_ONLY,ARKHAM_HOLDERS,LAB,2026-05-04,2026-05-04,Only Arkham has label
bsc,0x6455327F820eDD69c4Cd665b995E0fEC679d7F9E,FUND_OR_INSTITUTION,wintermute,Wintermute,fund,Gate Deposit,HIGH,,,,Wintermute,Gate Deposit,HIGH,ARKHAM_ONLY,ARKHAM_HOLDERS,LAB,2026-05-04,2026-05-04,Only Arkham has label
bsc,0x17c0aE0aC1F0C00a771364AF8f4eaD290B4c02aE,HOLDER,,,,StakingWithUnbonding,HIGH,,,,,StakingWithUnbonding,HIGH,ARKHAM_ONLY,ARKHAM_HOLDERS,LAB,2026-05-04,2026-05-04,Only Arkham has label
bsc,0x035AE7d933dCBFE617fFbA194A88Af0c2867B90c,HOLDER,,,,Gate Deposit,HIGH,,,,,Gate Deposit,HIGH,ARKHAM_ONLY,ARKHAM_HOLDERS,LAB,2026-05-04,2026-05-04,Only Arkham has label
bsc,0x17A30350771d02409046A683b18Fe1C13cCFC4A8,CEX_ENTITY,kucoin,KuCoin,cex,ERC1967Proxy,HIGH,,,,KuCoin,ERC1967Proxy,HIGH,ARKHAM_ONLY,ARKHAM_HOLDERS,LAB,2026-05-04,2026-05-04,Only Arkham has label
bsc,0xbB37e9c98B68a0DaFA802E71A47d737b7864FAad,HOLDER,,,,Gnosis Safe Proxy,HIGH,,,,,Gnosis Safe Proxy,HIGH,ARKHAM_ONLY,ARKHAM_HOLDERS,UB,2026-05-04,2026-05-04,Only Arkham has label
bsc,0xc82C31b242d49dB07F9282295b6E8e391771A588,HOLDER,,,,Gnosis Safe Proxy,HIGH,,,,,Gnosis Safe Proxy,HIGH,ARKHAM_ONLY,ARKHAM_HOLDERS,UB,2026-05-04,2026-05-04,Only Arkham has label
bsc,0xdA2B59Fe9bDF259B2d22b49A39444ab07162ceA7,HOLDER,,,,,UNKNOWN,,,,,,REVIEW_REQUIRED,UNKNOWN_BOTH,ARKHAM_HOLDERS,UB,2026-05-04,2026-05-04,No labels from either channel
bsc,0xa5849fE818f0ee0675347F6018DA9A49C93814eE,HOLDER,,,,Gnosis Safe Proxy,HIGH,,,,,Gnosis Safe Proxy,HIGH,ARKHAM_ONLY,ARKHAM_HOLDERS,UB,2026-05-04,2026-05-04,Only Arkham has label
bsc,0xb8e6D31e7B212b2b7250EE9c26C56cEBBFBe6B23,CEX_ENTITY,kucoin,KuCoin,cex,Hot Wallet Vault (Proxy),HIGH,,,,KuCoin,Hot Wallet Vault (Proxy),HIGH,ARKHAM_ONLY,ARKHAM_HOLDERS,UB,2026-05-04,2026-05-04,Only Arkham has label
bsc,0xd8EEd92287646aE1172587F36633F3A4aCAc2f83,HOLDER,,,,,UNKNOWN,,,,,,REVIEW_REQUIRED,UNKNOWN_BOTH,ARKHAM_HOLDERS,UB,2026-05-04,2026-05-04,No labels from either channel
bsc,0xafB9e9B25639CE244cDA8a7884890DbaF61E0121,HOLDER,,,,,UNKNOWN,,,,,,REVIEW_REQUIRED,UNKNOWN_BOTH,ARKHAM_HOLDERS,UB,2026-05-04,2026-05-04,No labels from either channel
bsc,0x916F992Df86795F24de6C268CFB9031fBB1155da,DEX_POOL,pancakeswap,PancakeSwap,dex,V3 Pool,HIGH,,,,PancakeSwap,V3 Pool,HIGH,ARKHAM_ONLY,ARKHAM_HOLDERS,UB,2026-05-04,2026-05-04,Only Arkham has label
bsc,0xfCc6f65a71DfDfC6d21738C40700C42C5920F1B6,HOLDER,,,,,UNKNOWN,,,,,,REVIEW_REQUIRED,UNKNOWN_BOTH,ARKHAM_HOLDERS,UB,2026-05-04,2026-05-04,No labels from either channel
bsc,0xFa86d9E2879419E7F4e6b30b00803CEfC5ae4CD5,HOLDER,,,,,UNKNOWN,,,,,,REVIEW_REQUIRED,UNKNOWN_BOTH,ARKHAM_HOLDERS,UB,2026-05-04,2026-05-04,No labels from either channel
bsc,0xe5848a9df1C1f96B4B186b14C366850a096f3441,HOLDER,,,,,UNKNOWN,,,,,,REVIEW_REQUIRED,UNKNOWN_BOTH,ARKHAM_HOLDERS,UB,2026-05-04,2026-05-04,No labels from either channel
bsc,0xfC89C020774524c9d03BD5DE48FEC149B10BDec3,HOLDER,,,,,UNKNOWN,,,,,,REVIEW_REQUIRED,UNKNOWN_BOTH,ARKHAM_HOLDERS,UB,2026-05-04,2026-05-04,No labels from either channel
bsc,0x2D098D4CA7F5bE5fF854a2940cA7F295F87A0256,HOLDER,,,,,UNKNOWN,,,,,,REVIEW_REQUIRED,UNKNOWN_BOTH,ARKHAM_HOLDERS,UB,2026-05-04,2026-05-04,No labels from either channel
bsc,0x2cA5c61c578E9a5EF0b11b60aD075C8bcAF68F95,HOLDER,,,,,UNKNOWN,,,,,,REVIEW_REQUIRED,UNKNOWN_BOTH,ARKHAM_HOLDERS,UB,2026-05-04,2026-05-04,No labels from either channel
bsc,0xcfFeADf091A265EC8022E8Bc67Ed64B16240F9b0,HOLDER,,,,,UNKNOWN,,,,,,REVIEW_REQUIRED,UNKNOWN_BOTH,ARKHAM_HOLDERS,UB,2026-05-04,2026-05-04,No labels from either channel
ethereum,0x8c84E3E575eA1383FFc855C21671F70577D39007,HOLDER,,,,,UNKNOWN,,,,,,REVIEW_REQUIRED,UNKNOWN_BOTH,ARKHAM_HOLDERS,AI,2026-05-04,2026-05-04,No labels from either channel
ethereum,0x10F3BC8579F7c8dd7Efb7197144177f499c795D7,HOLDER,,,,Coinbase Prime Custody,HIGH,,,,,Coinbase Prime Custody,HIGH,ARKHAM_ONLY,ARKHAM_HOLDERS,AI,2026-05-04,2026-05-04,Only Arkham has label
ethereum,0x73D8bD54F7Cf5FAb43fE4Ef40A62D390644946Db,SYSTEM_CONTRACT,binance-wallet,Binance Wallet,misc,Proxy (EIP-1967 Transparent),HIGH,,,,Binance Wallet,Proxy (EIP-1967 Transparent),HIGH,ARKHAM_ONLY,ARKHAM_HOLDERS,AI,2026-05-04,2026-05-04,Only Arkham has label
ethereum,0x58edF78281334335EfFa23101bBe3371b6a36A51,CEX_ENTITY,kucoin,KuCoin,cex,Hot Wallet,HIGH,,,,KuCoin,Hot Wallet,HIGH,ARKHAM_ONLY,ARKHAM_HOLDERS,AI,2026-05-04,2026-05-04,Only Arkham has label
ethereum,0xA9D1e08C7793af67e9d92fe308d5697FB81d3E43,CEX_ENTITY,coinbase,Coinbase,cex,Hot Wallet,HIGH,,,,Coinbase,Hot Wallet,HIGH,ARKHAM_ONLY,ARKHAM_HOLDERS,AI,2026-05-04,2026-05-04,Only Arkham has label
ethereum,0xf8191D98ae98d2f7aBDFB63A9b0b812b93C873AA,FUND_OR_INSTITUTION,wintermute,Wintermute,fund,Hot Wallet,HIGH,,,,Wintermute,Hot Wallet,HIGH,ARKHAM_ONLY,ARKHAM_HOLDERS,AI,2026-05-04,2026-05-04,Only Arkham has label
ethereum,0x3198CA64EBfF6d008860f2c450CfCBf1fAaC7677,DEX_POOL,uniswap,Uniswap,dex,V3 Pool,HIGH,,,,Uniswap,V3 Pool,HIGH,ARKHAM_ONLY,ARKHAM_HOLDERS,AI,2026-05-04,2026-05-04,Only Arkham has label
ethereum,0xc61be01b0106388c372cD21C0f44b5f8B82A529D,HOLDER,,,,,UNKNOWN,,,,,,REVIEW_REQUIRED,UNKNOWN_BOTH,ARKHAM_HOLDERS,AI,2026-05-04,2026-05-04,No labels from either channel
ethereum,0xe52D3Ba60C4F140C2632A8F34B44d03efaA75620,HOLDER,,,,,UNKNOWN,,,,,,REVIEW_REQUIRED,UNKNOWN_BOTH,ARKHAM_HOLDERS,AI,2026-05-04,2026-05-04,No labels from either channel
ethereum,0x9b0c45d46D386cEdD98873168C36efd0DcBa8d46,CEX_ENTITY,revolut,Revolut,cex,,HIGH,,,,Revolut,,HIGH,ARKHAM_ONLY,ARKHAM_HOLDERS,AI,2026-05-04,2026-05-04,Only Arkham has label
ethereum,0x16bc66C571993339f4c03b94E46C681dECE77645,HOLDER,,,,,UNKNOWN,,,,,,REVIEW_REQUIRED,UNKNOWN_BOTH,ARKHAM_HOLDERS,AI,2026-05-04,2026-05-04,No labels from either channel
ethereum,0xe92e65049b3c2ca12806E9567B08895118c5a03f,FUND_OR_INSTITUTION,gsr-markets,GSR Markets,fund,,HIGH,,,,GSR Markets,,HIGH,ARKHAM_ONLY,ARKHAM_HOLDERS,AI,2026-05-04,2026-05-04,Only Arkham has label
ethereum,0x6aa065A9b4408c054b8DcC24bAD1049C8E318722,HOLDER,,,,,UNKNOWN,,,,,,REVIEW_REQUIRED,UNKNOWN_BOTH,ARKHAM_HOLDERS,AI,2026-05-04,2026-05-04,No labels from either channel
ethereum,0x000000000004444c5dc75cB358380D2e3dE08A90,DEX_POOL,uniswap,Uniswap,dex,PoolManager,HIGH,,,,Uniswap,PoolManager,HIGH,ARKHAM_ONLY,ARKHAM_HOLDERS,AI,2026-05-04,2026-05-04,Only Arkham has label
ethereum,0x95618717d88A1010FB3552D35957f9362fB871FD,HOLDER,,,,,UNKNOWN,,,,,,REVIEW_REQUIRED,UNKNOWN_BOTH,ARKHAM_HOLDERS,AI,2026-05-04,2026-05-04,No labels from either channel
ethereum,0xe24AeB9662f3dB4884142F0463fD9069eD88691C,HOLDER,,,,,UNKNOWN,,,,,,REVIEW_REQUIRED,UNKNOWN_BOTH,ARKHAM_HOLDERS,AI,2026-05-04,2026-05-04,No labels from either channel
ethereum,0xCD7f6b72049C3b54416f9F26392cB271e74ca3FD,HOLDER,ilnur94551132,@Ilnur94551132,individual,ilnur.eth,HIGH,,,,@Ilnur94551132,ilnur.eth,HIGH,ARKHAM_ONLY,ARKHAM_HOLDERS,AI,2026-05-04,2026-05-04,Only Arkham has label
ethereum,0xba08d979C7f0021e360d0298B6Ff995BdEfb23df,HOLDER,,,,bfox.eth,HIGH,,,,,bfox.eth,HIGH,ARKHAM_ONLY,ARKHAM_HOLDERS,AI,2026-05-04,2026-05-04,Only Arkham has label
ethereum,0xd763177e5FBaaF48a5d1bB6F41A402Ac25c54465,HOLDER,,,,TokenDistributor,HIGH,,,,,TokenDistributor,HIGH,ARKHAM_ONLY,ARKHAM_HOLDERS,AI,2026-05-04,2026-05-04,Only Arkham has label
ethereum,51ig4tkZD1kCcnXLRuFre1nxyJg83aFTfQb5UGLPwMHy,HOLDER,,,,Coinbase Prime Custody,HIGH,,,,,Coinbase Prime Custody,HIGH,ARKHAM_ONLY,ARKHAM_HOLDERS,TROLL,2026-05-04,2026-05-04,Only Arkham has label
ethereum,AgYNk2hnMnSjbt5KZdEoapmxT3Jbuw79yiwgG43WAaHU,HOLDER,,,,,UNKNOWN,,,,,,REVIEW_REQUIRED,UNKNOWN_BOTH,ARKHAM_HOLDERS,TROLL,2026-05-04,2026-05-04,No labels from either channel
ethereum,4QXXp184iMKjL1ZTLrGtjMFvR2n2YhpUS1WypmzGaYB3,CEX_ENTITY,indodax,Indodax,cex,Hot Wallet,HIGH,,,,Indodax,Hot Wallet,HIGH,ARKHAM_ONLY,ARKHAM_HOLDERS,TROLL,2026-05-04,2026-05-04,Only Arkham has label
ethereum,4w2cysotX6czaUGmmWg13hDpY4QEMG2CzeKYEQyK9Ama,SYSTEM_CONTRACT,pump-fun,pump.fun,meme,PumpSwap Market,HIGH,,,,pump.fun,PumpSwap Market,HIGH,ARKHAM_ONLY,ARKHAM_HOLDERS,TROLL,2026-05-04,2026-05-04,Only Arkham has label
ethereum,9ZPsRWGkukYeWg2Z7eZ8NaTBZ1DSuBUVzLcGQWZgE4Y4,HOLDER,,,,,UNKNOWN,,,,,,REVIEW_REQUIRED,UNKNOWN_BOTH,ARKHAM_HOLDERS,TROLL,2026-05-04,2026-05-04,No labels from either channel
ethereum,4RxoAPLxeWyoW1KEiGCe14Pb1DxgKMVvm8PRFhgWeEdH,HOLDER,,,,,UNKNOWN,,,,,,REVIEW_REQUIRED,UNKNOWN_BOTH,ARKHAM_HOLDERS,TROLL,2026-05-04,2026-05-04,No labels from either channel
ethereum,9qpucJgTkTVSbMPksG4fequu9STgFxr9AQmLN25MwiBV,HOLDER,,,,frostx.sol,HIGH,,,,,frostx.sol,HIGH,ARKHAM_ONLY,ARKHAM_HOLDERS,TROLL,2026-05-04,2026-05-04,Only Arkham has label
ethereum,dM7Gffpk78enWQww81c93rCUPn4zziqyvV5NcFJbJa6,HOLDER,,,,,UNKNOWN,,,,,,REVIEW_REQUIRED,UNKNOWN_BOTH,ARKHAM_HOLDERS,TROLL,2026-05-04,2026-05-04,No labels from either channel
ethereum,DE5qJfYPjtUbJaes8iK8TjCx3j4V68GGV6P3hHb7DkkE,HOLDER,,,,,UNKNOWN,,,,,,REVIEW_REQUIRED,UNKNOWN_BOTH,ARKHAM_HOLDERS,TROLL,2026-05-04,2026-05-04,No labels from either channel
ethereum,9HLb8fGKGMkBQdU41tjKnpa5ZRFscS4ZMoqFxzC4i4KE,HOLDER,,,,,UNKNOWN,,,,,,REVIEW_REQUIRED,UNKNOWN_BOTH,ARKHAM_HOLDERS,TROLL,2026-05-04,2026-05-04,No labels from either channel
ethereum,4hwPamSooBr5JhxHdcEC21HoxN5HUwYR2hGucLPyZAi8,HOLDER,jotagezin,@jotagezin,individual,"jotagezin" on Fomo,HIGH,,,,@jotagezin,"jotagezin" on Fomo,HIGH,ARKHAM_ONLY,ARKHAM_HOLDERS,TROLL,2026-05-04,2026-05-04,Only Arkham has label
ethereum,2wGvJFgAXYghGT1ZySYZHxEppJX8jY9RpH4qGD6dvj4f,HOLDER,,,,"adiosdavid" on Pump.fun,HIGH,,,,,"adiosdavid" on Pump.fun,HIGH,ARKHAM_ONLY,ARKHAM_HOLDERS,TROLL,2026-05-04,2026-05-04,Only Arkham has label
ethereum,u6PJ8DtQuPFnfmwHbGFULQ4u4EgjDiyYKjVEsynXq2w,CEX_ENTITY,gate-io,Gate,cex,Hot Wallet,HIGH,,,,Gate,Hot Wallet,HIGH,ARKHAM_ONLY,ARKHAM_HOLDERS,TROLL,2026-05-04,2026-05-04,Only Arkham has label
ethereum,5KqV2amZ4Agt9U7wCwbgZV1uwdC4QFh3sf6ZAw2Rcyey,HOLDER,,,,,UNKNOWN,,,,,,REVIEW_REQUIRED,UNKNOWN_BOTH,ARKHAM_HOLDERS,TROLL,2026-05-04,2026-05-04,No labels from either channel
ethereum,G23RB28wwx86rwZsTjdGesfbz8tPgwgwQF67k6UPXsjD,HOLDER,,,,,UNKNOWN,,,,,,REVIEW_REQUIRED,UNKNOWN_BOTH,ARKHAM_HOLDERS,TROLL,2026-05-04,2026-05-04,No labels from either channel
ethereum,ASTyfSima4LLAdDgoFGkgqoKowG1LZFDr9fAQrg7iaJZ,CEX_ENTITY,mexc,MEXC,cex,Hot Wallet,HIGH,,,,MEXC,Hot Wallet,HIGH,ARKHAM_ONLY,ARKHAM_HOLDERS,TROLL,2026-05-04,2026-05-04,Only Arkham has label
ethereum,BWg7T2hD4FB4yQ9B3V2KfCxQHsuZc2byjMBrUUnSMB1A,HOLDER,,,,,UNKNOWN,,,,,,REVIEW_REQUIRED,UNKNOWN_BOTH,ARKHAM_HOLDERS,TROLL,2026-05-04,2026-05-04,No labels from either channel
ethereum,3brgkW2snQLFKsn22RjmuJVL98g71UwAwGKD6Uiky9yP,HOLDER,,,,,UNKNOWN,,,,,,REVIEW_REQUIRED,UNKNOWN_BOTH,ARKHAM_HOLDERS,TROLL,2026-05-04,2026-05-04,No labels from either channel
ethereum,5xv4taLVd1e12QrPgi6L9f8nT83JKKj3EwumHWxeH12L,HOLDER,,,,,UNKNOWN,,,,,,REVIEW_REQUIRED,UNKNOWN_BOTH,ARKHAM_HOLDERS,TROLL,2026-05-04,2026-05-04,No labels from either channel
ethereum,E2WXkz29eYFqX6CRywimX2i38E3V7A7czsDncAYKCkjc,HOLDER,,,,,UNKNOWN,,,,,,REVIEW_REQUIRED,UNKNOWN_BOTH,ARKHAM_HOLDERS,TROLL,2026-05-04,2026-05-04,No labels from either channel
ethereum,0xfe5BCc32063cED8384507D41C334ead5C70fbB56,HOLDER,,,,,UNKNOWN,,,,,,REVIEW_REQUIRED,UNKNOWN_BOTH,ARKHAM_HOLDERS,SIREN,2026-05-04,2026-05-04,No labels from either channel
ethereum,0x5AC24C1e519CFCd4566c5e087047B5bA6001990a,HOLDER,,,,,UNKNOWN,,,,,,REVIEW_REQUIRED,UNKNOWN_BOTH,ARKHAM_HOLDERS,SIREN,2026-05-04,2026-05-04,No labels from either channel
ethereum,0x40e9fD32C40F314589B3c7f9A2e2a2616eE4DeA8,HOLDER,,,,,UNKNOWN,,,,,,REVIEW_REQUIRED,UNKNOWN_BOTH,ARKHAM_HOLDERS,SIREN,2026-05-04,2026-05-04,No labels from either channel
ethereum,0xf3689A9546C7e6FD466C8Cd4A36f71891d72b2a8,HOLDER,,,,,UNKNOWN,,,,,,REVIEW_REQUIRED,UNKNOWN_BOTH,ARKHAM_HOLDERS,SIREN,2026-05-04,2026-05-04,No labels from either channel
ethereum,0xEFB416664788C7c2B2482Eaf6c135f8801B2A2fB,HOLDER,,,,,UNKNOWN,,,,,,REVIEW_REQUIRED,UNKNOWN_BOTH,ARKHAM_HOLDERS,SIREN,2026-05-04,2026-05-04,No labels from either channel
ethereum,0x7fA9A2B64D6DdB3604E807689d9D5aEe287e10f9,HOLDER,,,,,UNKNOWN,,,,,,REVIEW_REQUIRED,UNKNOWN_BOTH,ARKHAM_HOLDERS,SIREN,2026-05-04,2026-05-04,No labels from either channel
ethereum,0xAC33574C95f8A9CCd80d829A89FeaaC4B370F85c,HOLDER,,,,,UNKNOWN,,,,,,REVIEW_REQUIRED,UNKNOWN_BOTH,ARKHAM_HOLDERS,SIREN,2026-05-04,2026-05-04,No labels from either channel
ethereum,0x54fE2301e202958F3890118815af1a9a0315990A,HOLDER,,,,,UNKNOWN,,,,,,REVIEW_REQUIRED,UNKNOWN_BOTH,ARKHAM_HOLDERS,SIREN,2026-05-04,2026-05-04,No labels from either channel
ethereum,0x94570dAFe99f6CcEb60318D56223cf997E3C688f,HOLDER,,,,,UNKNOWN,,,,,,REVIEW_REQUIRED,UNKNOWN_BOTH,ARKHAM_HOLDERS,SIREN,2026-05-04,2026-05-04,No labels from either channel
ethereum,0x1988ef25eCc0a40fe8399f0663487c086fe83c21,HOLDER,,,,,UNKNOWN,,,,,,REVIEW_REQUIRED,UNKNOWN_BOTH,ARKHAM_HOLDERS,SIREN,2026-05-04,2026-05-04,No labels from either channel
ethereum,0xd145CA892DA309287c9E980740ca9F08A5517942,HOLDER,,,,,UNKNOWN,,,,,,REVIEW_REQUIRED,UNKNOWN_BOTH,ARKHAM_HOLDERS,SIREN,2026-05-04,2026-05-04,No labels from either channel
ethereum,0xd1f174c48365AED60C4421ecF84f3eB18FFc991a,HOLDER,,,,,UNKNOWN,,,,,,REVIEW_REQUIRED,UNKNOWN_BOTH,ARKHAM_HOLDERS,SIREN,2026-05-04,2026-05-04,No labels from either channel
ethereum,0x71AF8008EFEE9E852e1f52cC077D9D62783bA699,HOLDER,,,,,UNKNOWN,,,,,,REVIEW_REQUIRED,UNKNOWN_BOTH,ARKHAM_HOLDERS,SIREN,2026-05-04,2026-05-04,No labels from either channel
ethereum,0x277b0097bb23390E99B100E2E9a200034c7Cff96,HOLDER,,,,,UNKNOWN,,,,,,REVIEW_REQUIRED,UNKNOWN_BOTH,ARKHAM_HOLDERS,SIREN,2026-05-04,2026-05-04,No labels from either channel
ethereum,0x7467a1ff2F66933057776EbF8a985613904EcE0b,HOLDER,,,,,UNKNOWN,,,,,,REVIEW_REQUIRED,UNKNOWN_BOTH,ARKHAM_HOLDERS,SIREN,2026-05-04,2026-05-04,No labels from either channel
ethereum,0xb33ff7fA378FAf966eF3Aec8D4e5a548d7871f24,HOLDER,,,,,UNKNOWN,,,,,,REVIEW_REQUIRED,UNKNOWN_BOTH,ARKHAM_HOLDERS,SIREN,2026-05-04,2026-05-04,No labels from either channel
ethereum,0xE33C7cF9502c92637dCeb995D6aB406EeBa175e0,HOLDER,,,,,UNKNOWN,,,,,,REVIEW_REQUIRED,UNKNOWN_BOTH,ARKHAM_HOLDERS,SIREN,2026-05-04,2026-05-04,No labels from either channel
ethereum,0x4F79ffD217ea2a03259A0DC7135406Bf24D04300,HOLDER,,,,,UNKNOWN,,,,,,REVIEW_REQUIRED,UNKNOWN_BOTH,ARKHAM_HOLDERS,SIREN,2026-05-04,2026-05-04,No labels from either channel
ethereum,0xbEf0AE16E1CcF80149b7995BBc942827Cf1F2e59,HOLDER,,,,,UNKNOWN,,,,,,REVIEW_REQUIRED,UNKNOWN_BOTH,ARKHAM_HOLDERS,SIREN,2026-05-04,2026-05-04,No labels from either channel
ethereum,0x4f30A9D41B80ecC5B94306AB4364951AE3170210,SYSTEM_CONTRACT,pendle-finance,Pendle Finance,yield,Voting Escrow Pendle,HIGH,,,,Pendle Finance,Voting Escrow Pendle,HIGH,ARKHAM_ONLY,ARKHAM_HOLDERS,PENDLE,2026-05-04,2026-05-04,Only Arkham has label
ethereum,0x999999999991E178D52Cd95AFd4b00d066664144,HOLDER,,,,StakedPendle (SPENDLE),HIGH,,,,,StakedPendle (SPENDLE),HIGH,ARKHAM_ONLY,ARKHAM_HOLDERS,PENDLE,2026-05-04,2026-05-04,Only Arkham has label
ethereum,0xa3A7B6F88361F48403514059F1F16C8E78d60EeC,HOLDER,arbitrum,Arbitrum,smart-contract-platform,L1 ERC20 Gateway,HIGH,,,,Arbitrum,L1 ERC20 Gateway,HIGH,ARKHAM_ONLY,ARKHAM_HOLDERS,PENDLE,2026-05-04,2026-05-04,Only Arkham has label
ethereum,0x8119EC16F0573B7dAc7C0CB94EB504FB32456ee1,SYSTEM_CONTRACT,pendle-finance,Pendle Finance,yield,Gnosis Safe Proxy,HIGH,,,,Pendle Finance,Gnosis Safe Proxy,HIGH,ARKHAM_ONLY,ARKHAM_HOLDERS,PENDLE,2026-05-04,2026-05-04,Only Arkham has label
ethereum,0xF977814e90dA44bFA03b6295A0616a897441aceC,CEX_ENTITY,binance,Binance,cex,Cold Wallet,HIGH,,,,Binance,Cold Wallet,HIGH,ARKHAM_ONLY,ARKHAM_HOLDERS,PENDLE,2026-05-04,2026-05-04,Only Arkham has label
ethereum,0x399Be606db281a054E359Eb709df9F21E922eC9a,SYSTEM_CONTRACT,pendle-finance,Pendle Finance,yield,Gnosis Safe Proxy,HIGH,,,,Pendle Finance,Gnosis Safe Proxy,HIGH,ARKHAM_ONLY,ARKHAM_HOLDERS,PENDLE,2026-05-04,2026-05-04,Only Arkham has label
ethereum,0x918cF6b16D1426B5aA0Edf0492ced1Aa89f9659A,HOLDER,,,,Gnosis Safe Proxy,HIGH,,,,,Gnosis Safe Proxy,HIGH,ARKHAM_ONLY,ARKHAM_HOLDERS,PENDLE,2026-05-04,2026-05-04,Only Arkham has label
ethereum,0x2081411eD407F2364E5162E641a2Db7575eF6f7B,HOLDER,,,,,UNKNOWN,,,,,,REVIEW_REQUIRED,UNKNOWN_BOTH,ARKHAM_HOLDERS,PENDLE,2026-05-04,2026-05-04,No labels from either channel
ethereum,0x131b2070814623CeE8DE6054240c9158c007c0a5,CEX_ENTITY,upbit,Upbit,cex,Cold Wallet,HIGH,,,,Upbit,Cold Wallet,HIGH,ARKHAM_ONLY,ARKHAM_HOLDERS,PENDLE,2026-05-04,2026-05-04,Only Arkham has label
ethereum,0xCFFAd3200574698b78f32232aa9D63eABD290703,CEX_ENTITY,crypto-com,Crypto.com,cex,Hot Wallet,HIGH,,,,Crypto.com,Hot Wallet,HIGH,ARKHAM_ONLY,ARKHAM_HOLDERS,PENDLE,2026-05-04,2026-05-04,Only Arkham has label
ethereum,0x187c9fBF5bd0f266883c03f320260C407c7B4100,CEX_ENTITY,bybit,Bybit,cex,Hot Wallet,HIGH,,,,Bybit,Hot Wallet,HIGH,ARKHAM_ONLY,ARKHAM_HOLDERS,PENDLE,2026-05-04,2026-05-04,Only Arkham has label
ethereum,0x363CE4a82beA0BbC635bd9A1D9021A142fE8C1Cd,HOLDER,,,,,UNKNOWN,,,,,,REVIEW_REQUIRED,UNKNOWN_BOTH,ARKHAM_HOLDERS,PENDLE,2026-05-04,2026-05-04,No labels from either channel
ethereum,0xA023f08c70A23aBc7EdFc5B6b5E171d78dFc947e,CEX_ENTITY,crypto-com,Crypto.com,cex,Hot Wallet,HIGH,,,,Crypto.com,Hot Wallet,HIGH,ARKHAM_ONLY,ARKHAM_HOLDERS,PENDLE,2026-05-04,2026-05-04,Only Arkham has label
ethereum,0x0DC874Fb5260Bd8749e6e98fd95d161b7605774D,FUND_OR_INSTITUTION,spartan-group,Spartan Group,fund,,HIGH,,,,Spartan Group,,HIGH,ARKHAM_ONLY,ARKHAM_HOLDERS,PENDLE,2026-05-04,2026-05-04,Only Arkham has label
ethereum,0x7701b66513A52949224049E5bd634E3fFFD8930A,HOLDER,,,,,UNKNOWN,,,,,,REVIEW_REQUIRED,UNKNOWN_BOTH,ARKHAM_HOLDERS,PENDLE,2026-05-04,2026-05-04,No labels from either channel
ethereum,0x88a1493366D48225fc3cEFbdae9eBb23E323Ade3,CEX_ENTITY,bybit,Bybit,cex,Cold Wallet,HIGH,,,,Bybit,Cold Wallet,HIGH,ARKHAM_ONLY,ARKHAM_HOLDERS,PENDLE,2026-05-04,2026-05-04,Only Arkham has label
ethereum,0xAeA6291CB48d9675B120F74E2F0b0De01dB47a00,FUND_OR_INSTITUTION,flow-traders,Flow Traders,fund,,HIGH,,,,Flow Traders,,HIGH,ARKHAM_ONLY,ARKHAM_HOLDERS,PENDLE,2026-05-04,2026-05-04,Only Arkham has label
ethereum,0x5C7f51696C37BaC235ADa85ae3e441B0188Cc71d,CEX_ENTITY,coinbase,Coinbase,cex,Coinbase Prime Custody,HIGH,,,,Coinbase,Coinbase Prime Custody,HIGH,ARKHAM_ONLY,ARKHAM_HOLDERS,PENDLE,2026-05-04,2026-05-04,Only Arkham has label
ethereum,0x0f7Efb2e96B9681950f96D3D18ce0BF68d60fD7e,HOLDER,multichain,Multichain,bridge,Pendle (anyPENDLE),HIGH,,,,Multichain,Pendle (anyPENDLE),HIGH,ARKHAM_ONLY,ARKHAM_HOLDERS,PENDLE,2026-05-04,2026-05-04,Only Arkham has label
ethereum,0x677FD4Ed8aE623f2f625DEB2D64F2070E46cA1A1,SYSTEM_CONTRACT,ondo-finance,Ondo Finance,misc,Gnosis Safe Proxy,HIGH,,,,Ondo Finance,Gnosis Safe Proxy,HIGH,ARKHAM_ONLY,ARKHAM_HOLDERS,ONDO,2026-05-04,2026-05-04,Only Arkham has label
ethereum,0x460aE5a6666fcB9635BA99b541b31279e5966537,CEX_ENTITY,upbit,Upbit,cex,Cold Wallet,HIGH,,,,Upbit,Cold Wallet,HIGH,ARKHAM_ONLY,ARKHAM_HOLDERS,ONDO,2026-05-04,2026-05-04,Only Arkham has label
ethereum,0xa63eaCe47618B9677261B09B32E3ca2B5C0A0182,CEX_ENTITY,bithumb,Bithumb,cex,Hot Wallet,HIGH,,,,Bithumb,Hot Wallet,HIGH,ARKHAM_ONLY,ARKHAM_HOLDERS,ONDO,2026-05-04,2026-05-04,Only Arkham has label
ethereum,0xD2e6E930E25456fFcD4Df0124563cC334F3284f4,HOLDER,flux-finance,Flux Finance,lending-decentralized,Gnosis Safe Proxy,HIGH,,,,Flux Finance,Gnosis Safe Proxy,HIGH,ARKHAM_ONLY,ARKHAM_HOLDERS,ONDO,2026-05-04,2026-05-04,Only Arkham has label
ethereum,0xAc7dc31D7EAB8a15267a386151d851C992F14690,FUND_OR_INSTITUTION,pantera-capital,Pantera Capital,fund,,HIGH,,,,Pantera Capital,,HIGH,ARKHAM_ONLY,ARKHAM_HOLDERS,ONDO,2026-05-04,2026-05-04,Only Arkham has label
ethereum,0xB829e684Df8e31B402a4D4AEDF3bbC18A52e7589,CEX_ENTITY,bybit,Bybit,cex,,HIGH,,,,Bybit,,HIGH,ARKHAM_ONLY,ARKHAM_HOLDERS,ONDO,2026-05-04,2026-05-04,Only Arkham has label
ethereum,0xC18d0c0E4c608FD5443fb450BEEaC449670c9b8D,CEX_ENTITY,coinbase,Coinbase,cex,Cold Wallet,HIGH,,,,Coinbase,Cold Wallet,HIGH,ARKHAM_ONLY,ARKHAM_HOLDERS,ONDO,2026-05-04,2026-05-04,Only Arkham has label
ethereum,0xF197c6F2aC14d25eE2789A73e4847732C7F16bC9,CEX_ENTITY,bitpanda,Bitpanda,cex,Cold Wallet,HIGH,,,,Bitpanda,Cold Wallet,HIGH,ARKHAM_ONLY,ARKHAM_HOLDERS,ONDO,2026-05-04,2026-05-04,Only Arkham has label
ethereum,0x05ce068348944e572c53485Ce74ba858eb217654,CEX_ENTITY,coinbase,Coinbase,cex,Cold Wallet,HIGH,,,,Coinbase,Cold Wallet,HIGH,ARKHAM_ONLY,ARKHAM_HOLDERS,ONDO,2026-05-04,2026-05-04,Only Arkham has label
ethereum,0xF3FA84849895326677013aC328F7C57837F28F06,CEX_ENTITY,coinbase,Coinbase,cex,Cold Wallet,HIGH,,,,Coinbase,Cold Wallet,HIGH,ARKHAM_ONLY,ARKHAM_HOLDERS,ONDO,2026-05-04,2026-05-04,Only Arkham has label
ethereum,0xa4f68419632aeeDb1c4F7452d95B7b80d500b4e5,CEX_ENTITY,coinbase,Coinbase,cex,Cold Wallet,HIGH,,,,Coinbase,Cold Wallet,HIGH,ARKHAM_ONLY,ARKHAM_HOLDERS,ONDO,2026-05-04,2026-05-04,Only Arkham has label
ethereum,0x02bFD8F779B2A22B9Cfb179f7B8436507Fc0108d,CEX_ENTITY,coinbase,Coinbase,cex,Cold Wallet,HIGH,,,,Coinbase,Cold Wallet,HIGH,ARKHAM_ONLY,ARKHAM_HOLDERS,ONDO,2026-05-04,2026-05-04,Only Arkham has label
ethereum,0xE002402CCf13371b6F6Cb1Eb4B78686030de62b1,CEX_ENTITY,coinbase,Coinbase,cex,Cold Wallet,HIGH,,,,Coinbase,Cold Wallet,HIGH,ARKHAM_ONLY,ARKHAM_HOLDERS,ONDO,2026-05-04,2026-05-04,Only Arkham has label
ethereum,0xf02Bb1617B3252FF5CeC9a9D1f7bd1A12977833b,CEX_ENTITY,coinbase,Coinbase,cex,Cold Wallet,HIGH,,,,Coinbase,Cold Wallet,HIGH,ARKHAM_ONLY,ARKHAM_HOLDERS,ONDO,2026-05-04,2026-05-04,Only Arkham has label
ethereum,0x50CAD633ac6D5A558D7F0676505EaDcA97E1cCf2,CEX_ENTITY,coinbase,Coinbase,cex,Cold Wallet,HIGH,,,,Coinbase,Cold Wallet,HIGH,ARKHAM_ONLY,ARKHAM_HOLDERS,ONDO,2026-05-04,2026-05-04,Only Arkham has label
ethereum,0xbF68b40cAfDc6D6643E434AE1ABc73fEe6A765FC,HOLDER,,,,Coinbase Prime Custody,HIGH,,,,,Coinbase Prime Custody,HIGH,ARKHAM_ONLY,ARKHAM_HOLDERS,ONDO,2026-05-04,2026-05-04,Only Arkham has label
ethereum,0xdbc83973753e604D11967374198d8FdA9E7Ce0f0,FUND_OR_INSTITUTION,pantera-capital,Pantera Capital,fund,,HIGH,,,,Pantera Capital,,HIGH,ARKHAM_ONLY,ARKHAM_HOLDERS,ONDO,2026-05-04,2026-05-04,Only Arkham has label
ethereum,0x0D37Bf9ef9254F73e75dcfE2da5837E22d9f3553,HOLDER,,,,,UNKNOWN,,,,,,REVIEW_REQUIRED,UNKNOWN_BOTH,ARKHAM_HOLDERS,ONDO,2026-05-04,2026-05-04,No labels from either channel
ethereum,0xffa8DB7B38579e6A2D14f9B347a9acE4d044cD54,CEX_ENTITY,bitget,Bitget,cex,Cold Wallet,HIGH,,,,Bitget,Cold Wallet,HIGH,ARKHAM_ONLY,ARKHAM_HOLDERS,ONDO,2026-05-04,2026-05-04,Only Arkham has label
ethereum,0x1d48963DD8FAdA6aB5C2C7b92Eba81ECC5030270,CEX_ENTITY,robinhood,Robinhood,cex,Cold Wallet,HIGH,,,,Robinhood,Cold Wallet,HIGH,ARKHAM_ONLY,ARKHAM_HOLDERS,PEPE,2026-05-04,2026-05-04,Only Arkham has label
ethereum,0x5a52E96BAcdaBb82fd05763E25335261B270Efcb,CEX_ENTITY,binance,Binance,cex,Cold Wallet,HIGH,,,,Binance,Cold Wallet,HIGH,ARKHAM_ONLY,ARKHAM_HOLDERS,PEPE,2026-05-04,2026-05-04,Only Arkham has label
ethereum,0x3f9a8345729eA842708E080e238C92731e5699b8,CEX_ENTITY,upbit,Upbit,cex,Cold Wallet,HIGH,,,,Upbit,Cold Wallet,HIGH,ARKHAM_ONLY,ARKHAM_HOLDERS,PEPE,2026-05-04,2026-05-04,Only Arkham has label
ethereum,0x611f7bF868a6212f871e89F7e44684045DdFB09d,CEX_ENTITY,okx,OKX,cex,Cold Wallet,HIGH,,,,OKX,Cold Wallet,HIGH,ARKHAM_ONLY,ARKHAM_HOLDERS,PEPE,2026-05-04,2026-05-04,Only Arkham has label
ethereum,0x15Da7556D5ED888306839bed06f868AeaeDCb0d7,HOLDER,,,,,UNKNOWN,,,,,,REVIEW_REQUIRED,UNKNOWN_BOTH,ARKHAM_HOLDERS,PEPE,2026-05-04,2026-05-04,No labels from either channel
ethereum,0xc671b05671A7cD3080C6ceAe79d284Bdde0ef271,CEX_ENTITY,bithumb,Bithumb,cex,Hot Wallet,HIGH,,,,Bithumb,Hot Wallet,HIGH,ARKHAM_ONLY,ARKHAM_HOLDERS,PEPE,2026-05-04,2026-05-04,Only Arkham has label
ethereum,0x76eC5A0D3632b2133d9f1980903305B62678Fbd3,CEX_ENTITY,btcturk,BtcTurk,cex,Hot Wallet,HIGH,,,,BtcTurk,Hot Wallet,HIGH,ARKHAM_ONLY,ARKHAM_HOLDERS,PEPE,2026-05-04,2026-05-04,Only Arkham has label
ethereum,0xc93e48d89F2d6DBc1672908aA68Ce7c24d0413B4,CEX_ENTITY,bybit,Bybit,cex,,HIGH,,,,Bybit,,HIGH,ARKHAM_ONLY,ARKHAM_HOLDERS,PEPE,2026-05-04,2026-05-04,Only Arkham has label
ethereum,0x262190CCE7b2515FC32Aba9569E8c1cBee031CCC,CEX_ENTITY,coinbase,Coinbase,cex,Cold Wallet,HIGH,,,,Coinbase,Cold Wallet,HIGH,ARKHAM_ONLY,ARKHAM_HOLDERS,PEPE,2026-05-04,2026-05-04,Only Arkham has label
ethereum,0x59779b3aa3540F45b3e7255b4B5b25a8764bE686,CEX_ENTITY,coinbase,Coinbase,cex,Cold Wallet,HIGH,,,,Coinbase,Cold Wallet,HIGH,ARKHAM_ONLY,ARKHAM_HOLDERS,PEPE,2026-05-04,2026-05-04,Only Arkham has label
ethereum,0x43684D03D81d3a4C70da68feBDd61029d426F042,CEX_ENTITY,binance,Binance,cex,Cold Wallet,HIGH,,,,Binance,Cold Wallet,HIGH,ARKHAM_ONLY,ARKHAM_HOLDERS,PEPE,2026-05-04,2026-05-04,Only Arkham has label
ethereum,0x40B38765696e3d5d8d9d834D8AaD4bB6e418E489,CEX_ENTITY,robinhood,Robinhood,cex,Cold Wallet,HIGH,,,,Robinhood,Cold Wallet,HIGH,ARKHAM_ONLY,ARKHAM_HOLDERS,PEPE,2026-05-04,2026-05-04,Only Arkham has label
ethereum,0xd4Bb423838a66347f5D6860437Cef53e540B5f13,CEX_ENTITY,coinbase,Coinbase,cex,Cold Wallet,HIGH,,,,Coinbase,Cold Wallet,HIGH,ARKHAM_ONLY,ARKHAM_HOLDERS,PEPE,2026-05-04,2026-05-04,Only Arkham has label
ethereum,0x28C6c06298d514Db089934071355E5743bf21d60,CEX_ENTITY,binance,Binance,cex,Hot Wallet,HIGH,,,,Binance,Hot Wallet,HIGH,ARKHAM_ONLY,ARKHAM_HOLDERS,PEPE,2026-05-04,2026-05-04,Only Arkham has label
ethereum,0xEFEF30bD1ccA520619306C95091aB18473fEBC5c,CEX_ENTITY,bybit,Bybit,cex,Hot Wallet,HIGH,,,,Bybit,Hot Wallet,HIGH,ARKHAM_ONLY,ARKHAM_HOLDERS,PEPE,2026-05-04,2026-05-04,Only Arkham has label
ethereum,0xc3681709ee476308b45812EAbE0EB22F3b816880,CEX_ENTITY,paribu,Paribu,cex,Cold Wallet,HIGH,,,,Paribu,Cold Wallet,HIGH,ARKHAM_ONLY,ARKHAM_HOLDERS,PEPE,2026-05-04,2026-05-04,Only Arkham has label
ethereum,0xd2DD7b597Fd2435b6dB61ddf48544fd931e6869F,CEX_ENTITY,kraken,Kraken,cex,Cold Wallet,HIGH,,,,Kraken,Cold Wallet,HIGH,ARKHAM_ONLY,ARKHAM_HOLDERS,PEPE,2026-05-04,2026-05-04,Only Arkham has label
solana,51yZyDSnec4xnUv7XLRVYcDyV4x3wUtzrDcRaYbmQU5j,HOLDER,,,,Robinhood Deposit,HIGH,,,,,Robinhood Deposit,HIGH,ARKHAM_ONLY,ARKHAM_HOLDERS,WIF,2026-05-04,2026-05-04,Only Arkham has label
solana,9WzDXwBbmkg8ZTbNMqUxvQRAyrZzDsGYdLVL9zYtAWWM,CEX_ENTITY,binance,Binance,cex,Cold Wallet,HIGH,,,,Binance,Cold Wallet,HIGH,ARKHAM_ONLY,ARKHAM_HOLDERS,WIF,2026-05-04,2026-05-04,Only Arkham has label
solana,4xLpwxgYuPwPvtQjE94RLS4WZ4aD8NJYYKr2AJk99Qdg,CEX_ENTITY,robinhood,Robinhood,cex,Hot Wallet,HIGH,,,,Robinhood,Hot Wallet,HIGH,ARKHAM_ONLY,ARKHAM_HOLDERS,WIF,2026-05-04,2026-05-04,Only Arkham has label
solana,3gd3dqgtJ4jWfBfLYTX67DALFetjc5iS72sCgRhCkW2u,CEX_ENTITY,binance,Binance,cex,Cold Wallet,HIGH,,,,Binance,Cold Wallet,HIGH,ARKHAM_ONLY,ARKHAM_HOLDERS,WIF,2026-05-04,2026-05-04,Only Arkham has label
solana,5z7gxL5u4jCW9D6acu28LEw4RKTiBSG1EmXbtCX7efg2,CEX_ENTITY,revolut,Revolut,cex,Hot Wallet,HIGH,,,,Revolut,Hot Wallet,HIGH,ARKHAM_ONLY,ARKHAM_HOLDERS,WIF,2026-05-04,2026-05-04,Only Arkham has label
solana,CBEADkb8TZAXHjVE3zwad4L995GZE7rJcacJ7asebkVG,CEX_ENTITY,okx,OKX,cex,Cold Wallet,HIGH,,,,OKX,Cold Wallet,HIGH,ARKHAM_ONLY,ARKHAM_HOLDERS,WIF,2026-05-04,2026-05-04,Only Arkham has label
solana,5NUdHyuSFHPaHh1Ut2FAotfXmH6qQJu5XPvAxz1z1VMe,CEX_ENTITY,coinbase,Coinbase,cex,Cold Wallet,HIGH,,,,Coinbase,Cold Wallet,HIGH,ARKHAM_ONLY,ARKHAM_HOLDERS,WIF,2026-05-04,2026-05-04,Only Arkham has label
solana,u6PJ8DtQuPFnfmwHbGFULQ4u4EgjDiyYKjVEsynXq2w,CEX_ENTITY,gate-io,Gate,cex,Hot Wallet,HIGH,,,,Gate,Hot Wallet,HIGH,ARKHAM_ONLY,ARKHAM_HOLDERS,WIF,2026-05-04,2026-05-04,Only Arkham has label
solana,3B7XAQrLoEMDEGvX8569F9GRb9PcXXocJmj5wvhhei9z,CEX_ENTITY,btcturk,BtcTurk,cex,Cold Wallet,HIGH,,,,BtcTurk,Cold Wallet,HIGH,ARKHAM_ONLY,ARKHAM_HOLDERS,WIF,2026-05-04,2026-05-04,Only Arkham has label
solana,6LY1JzAFVZsP2a2xKrtU6znQMQ5h4i7tocWdgrkZzkzF,CEX_ENTITY,kraken,Kraken,cex,Hot Wallet,HIGH,,,,Kraken,Hot Wallet,HIGH,ARKHAM_ONLY,ARKHAM_HOLDERS,WIF,2026-05-04,2026-05-04,Only Arkham has label
solana,E2RvJg2myWpKcbkhBuF81gfhYr6KvmNcDbSmr5qnatYy,CEX_ENTITY,kraken,Kraken,cex,Cold Wallet,HIGH,,,,Kraken,Cold Wallet,HIGH,ARKHAM_ONLY,ARKHAM_HOLDERS,WIF,2026-05-04,2026-05-04,Only Arkham has label
solana,ADaENsRth44fqKE9vwXwQjjiNr6ZLd2jVTEkCp8hfRcL,HOLDER,,,,,UNKNOWN,,,,,,REVIEW_REQUIRED,UNKNOWN_BOTH,ARKHAM_HOLDERS,WIF,2026-05-04,2026-05-04,No labels from either channel
solana,5Q544fKrFoe6tsEbD7S8EmxGTJYAKtTVhAW5Q5pge4j1,DEX_POOL,raydium,Raydium,dex,Authority V4,HIGH,,,,Raydium,Authority V4,HIGH,ARKHAM_ONLY,ARKHAM_HOLDERS,WIF,2026-05-04,2026-05-04,Only Arkham has label
solana,CK8i4zFXkDE2KWfyg7g9S748r6mwxajbcKcyGhQMR3qQ,CEX_ENTITY,bybit,Bybit,cex,Hot Wallet,HIGH,,,,Bybit,Hot Wallet,HIGH,ARKHAM_ONLY,ARKHAM_HOLDERS,WIF,2026-05-04,2026-05-04,Only Arkham has label
solana,42brAgAVNzMBP7aaktPvAmBSPEkehnFQejiZc53EpJFd,CEX_ENTITY,bybit,Bybit,cex,Cold Wallet,HIGH,,,,Bybit,Cold Wallet,HIGH,ARKHAM_ONLY,ARKHAM_HOLDERS,WIF,2026-05-04,2026-05-04,Only Arkham has label
solana,GBrURzmtWujJRTA3Bkvo7ZgWuZYLMMwPCwre7BejJXnK,CEX_ENTITY,binance,Binance,cex,Cold Wallet,HIGH,,,,Binance,Cold Wallet,HIGH,ARKHAM_ONLY,ARKHAM_HOLDERS,WIF,2026-05-04,2026-05-04,Only Arkham has label
solana,EFE3j1pcSP1paUzA86zW7989ZjsFP2J7ginyUqo4ewqR,CEX_ENTITY,kraken,Kraken,cex,Cold Wallet,HIGH,,,,Kraken,Cold Wallet,HIGH,ARKHAM_ONLY,ARKHAM_HOLDERS,WIF,2026-05-04,2026-05-04,Only Arkham has label
solana,CMivUnnbDHxLq9ChV1bSuiQE5ycZf6JVvFFDePMHhHYK,CEX_ENTITY,bybit,Bybit,cex,Cold Wallet,HIGH,,,,Bybit,Cold Wallet,HIGH,ARKHAM_ONLY,ARKHAM_HOLDERS,WIF,2026-05-04,2026-05-04,Only Arkham has label
solana,7TWnq4WeYcwQWBCwKeEX2Q9xqVtthPGkB7adNvueuVuh,CEX_ENTITY,bitget,Bitget,cex,Cold Wallet,HIGH,,,,Bitget,Cold Wallet,HIGH,ARKHAM_ONLY,ARKHAM_HOLDERS,WIF,2026-05-04,2026-05-04,Only Arkham has label
solana,5dSArCafNYy3AhWYMAY7VT7greBYzsJ4TDfU7jyESBB8,CEX_ENTITY,bitvavo,Bitvavo,cex,Cold Wallet,HIGH,,,,Bitvavo,Cold Wallet,HIGH,ARKHAM_ONLY,ARKHAM_HOLDERS,WIF,2026-05-04,2026-05-04,Only Arkham has label
solana,AGkGWK1R669KDT4FCqgDgK7PgahGJPjD4J9xmVjuL9kn,SYSTEM_CONTRACT,bonk-inu,Bonk,meme,BonkDAO,HIGH,,,,Bonk,BonkDAO,HIGH,ARKHAM_ONLY,ARKHAM_HOLDERS,BONK,2026-05-04,2026-05-04,Only Arkham has label
solana,7Lp4JBapgNhXoxpJtR2twufh7oaQyqngqJpy7HFJcn7h,CEX_ENTITY,upbit,Upbit,cex,Hot Wallet,HIGH,,,,Upbit,Hot Wallet,HIGH,ARKHAM_ONLY,ARKHAM_HOLDERS,BONK,2026-05-04,2026-05-04,Only Arkham has label
solana,9AdEE8AAm1XgJrPEs4zkTPozr3o4U5iGbgvPwkNdLDJ3,SYSTEM_CONTRACT,bonk-inu,Bonk,meme,Stake Pool,HIGH,,,,Bonk,Stake Pool,HIGH,ARKHAM_ONLY,ARKHAM_HOLDERS,BONK,2026-05-04,2026-05-04,Only Arkham has label
solana,9RpzaFh4J8F6Qg1gjnhrhSp9eXdVDjsesZXe53qp7ubB,CEX_ENTITY,coinbase,Coinbase,cex,Cold Wallet,HIGH,,,,Coinbase,Cold Wallet,HIGH,ARKHAM_ONLY,ARKHAM_HOLDERS,BONK,2026-05-04,2026-05-04,Only Arkham has label
solana,1tjoQzWg21ceMAhyLVs4s2Zc1Pm27mLTcJ9EfEFu7km,HOLDER,,,,,UNKNOWN,,,,,,REVIEW_REQUIRED,UNKNOWN_BOTH,ARKHAM_HOLDERS,BONK,2026-05-04,2026-05-04,No labels from either channel
solana,GJ8HjXMqQ79WRvxeAMRMng4ZTaohPcF1MZmBf9tVPpXA,HOLDER,,,,,UNKNOWN,,,,,,REVIEW_REQUIRED,UNKNOWN_BOTH,ARKHAM_HOLDERS,BONK,2026-05-04,2026-05-04,No labels from either channel
solana,EbLm4ZtRqDftrQnZaMMvnwcKjK5ef5vm1Hg3sAPv3tKi,CEX_ENTITY,coinbase,Coinbase,cex,Cold Wallet,HIGH,,,,Coinbase,Cold Wallet,HIGH,ARKHAM_ONLY,ARKHAM_HOLDERS,BONK,2026-05-04,2026-05-04,Only Arkham has label
solana,EfEgUV2uQAzTooo6L4oYiEm15F6JBTnGiWMejqxPaqL3,HOLDER,,,,,UNKNOWN,,,,,,REVIEW_REQUIRED,UNKNOWN_BOTH,ARKHAM_HOLDERS,BONK,2026-05-04,2026-05-04,No labels from either channel
solana,8Mm46CsqxiyAputDUp2cXHg41HE3BfynTeMBDwzrMZQH,CEX_ENTITY,bithumb,Bithumb,cex,Hot Wallet,HIGH,,,,Bithumb,Hot Wallet,HIGH,ARKHAM_ONLY,ARKHAM_HOLDERS,BONK,2026-05-04,2026-05-04,Only Arkham has label
solana,CJjCPXBnSt6wRoyi7wzcMj5NbWvmPtzxE2JpWDMTRxj4,HOLDER,,,,,UNKNOWN,,,,,,REVIEW_REQUIRED,UNKNOWN_BOTH,ARKHAM_HOLDERS,BONK,2026-05-04,2026-05-04,No labels from either channel
solana,5oNhn2ESFHgg52xiEKBt93cEEnbsoUoekcxXsWpLbHUJ,HOLDER,,,,,UNKNOWN,,,,,,REVIEW_REQUIRED,UNKNOWN_BOTH,ARKHAM_HOLDERS,BONK,2026-05-04,2026-05-04,No labels from either channel
solana,F18jTyiQivKmuy3zYsJRjMBPgHab4is16betYFEY67WF,HOLDER,,,,Coinbase Prime Custody,HIGH,,,,,Coinbase Prime Custody,HIGH,ARKHAM_ONLY,ARKHAM_HOLDERS,BONK,2026-05-04,2026-05-04,Only Arkham has label
solana,Am8MAEorCMAKxphqjAz3Ff59NEwPm4W2eS3DQLi2B4hg,HOLDER,,,,,UNKNOWN,,,,,,REVIEW_REQUIRED,UNKNOWN_BOTH,ARKHAM_HOLDERS,BONK,2026-05-04,2026-05-04,No labels from either channel
solana,634QWfYYzXuqdDWoVtNgQisVYkTdBmfBbBPYZoNZyHwE,HOLDER,,,,,UNKNOWN,,,,,,REVIEW_REQUIRED,UNKNOWN_BOTH,ARKHAM_HOLDERS,BONK,2026-05-04,2026-05-04,No labels from either channel
solana,GugU1tP7doLeTw9hQP51xRJyS8Da1fWxuiy2rVrnMD2m,HOLDER,wormhole,Wormhole,bridge,Custody Authority,HIGH,,,,Wormhole,Custody Authority,HIGH,ARKHAM_ONLY,ARKHAM_HOLDERS,BONK,2026-05-04,2026-05-04,Only Arkham has label
ethereum,0xb8D2471E35eE033Db509e0456c8eFc4135f4EE43,SYSTEM_CONTRACT,floki,Floki,meme,FlokiStakingPool,HIGH,,,,Floki,FlokiStakingPool,HIGH,ARKHAM_ONLY,ARKHAM_HOLDERS,FLOKI,2026-05-04,2026-05-04,Only Arkham has label
ethereum,0xC882b111A75C0c657fC507C04FbFcD2cC984F071,CEX_ENTITY,gate-io,Gate,cex,Cold Wallet,HIGH,,,,Gate,Cold Wallet,HIGH,ARKHAM_ONLY,ARKHAM_HOLDERS,FLOKI,2026-05-04,2026-05-04,Only Arkham has label
ethereum,0x04b604712A92D8E206b7c9D1A74d2Aa78e8CDDa5,SYSTEM_CONTRACT,floki,Floki,meme,Gnosis Safe Proxy,HIGH,,,,Floki,Gnosis Safe Proxy,HIGH,ARKHAM_ONLY,ARKHAM_HOLDERS,FLOKI,2026-05-04,2026-05-04,Only Arkham has label
ethereum,0xca7c2771D248dCBe09EABE0CE57A62e18dA178c0,DEX_POOL,uniswap,Uniswap,dex,V2 Pool,HIGH,,,,Uniswap,V2 Pool,HIGH,ARKHAM_ONLY,ARKHAM_HOLDERS,FLOKI,2026-05-04,2026-05-04,Only Arkham has label
ethereum,0xa6e2839e73e623ef3853a6bd28d6F02A127a4307,HOLDER,,,,,UNKNOWN,,,,,,REVIEW_REQUIRED,UNKNOWN_BOTH,ARKHAM_HOLDERS,FLOKI,2026-05-04,2026-05-04,No labels from either channel
ethereum,0x2b9d5c7f2EAD1A221d771Fb6bb5E35Df04D60AB0,SYSTEM_CONTRACT,floki,Floki,meme,Gnosis Safe Proxy,HIGH,,,,Floki,Gnosis Safe Proxy,HIGH,ARKHAM_ONLY,ARKHAM_HOLDERS,FLOKI,2026-05-04,2026-05-04,Only Arkham has label
ethereum,0x841ed663F2636863D40be4EE76243377dff13a34,CEX_ENTITY,robinhood,Robinhood,cex,Hot Wallet,HIGH,,,,Robinhood,Hot Wallet,HIGH,ARKHAM_ONLY,ARKHAM_HOLDERS,FLOKI,2026-05-04,2026-05-04,Only Arkham has label
ethereum,0x0529ea5885702715e83923c59746ae8734c553B7,CEX_ENTITY,bitpanda,Bitpanda,cex,Cold Wallet,HIGH,,,,Bitpanda,Cold Wallet,HIGH,ARKHAM_ONLY,ARKHAM_HOLDERS,FLOKI,2026-05-04,2026-05-04,Only Arkham has label
ethereum,0xEda2a65102351BCc259194b89086896Dcd82d991,CEX_ENTITY,coinbase,Coinbase,cex,Cold Wallet,HIGH,,,,Coinbase,Cold Wallet,HIGH,ARKHAM_ONLY,ARKHAM_HOLDERS,FLOKI,2026-05-04,2026-05-04,Only Arkham has label
ethereum,0xc80Afd311c9626528De66D86814770361Fe92416,CEX_ENTITY,paribu,Paribu,cex,Hot Wallet,HIGH,,,,Paribu,Hot Wallet,HIGH,ARKHAM_ONLY,ARKHAM_HOLDERS,FLOKI,2026-05-04,2026-05-04,Only Arkham has label
ethereum,0xF047D1071Ce4359A3140D864c74F230DDD11df03,CEX_ENTITY,coinbase,Coinbase,cex,Cold Wallet,HIGH,,,,Coinbase,Cold Wallet,HIGH,ARKHAM_ONLY,ARKHAM_HOLDERS,FLOKI,2026-05-04,2026-05-04,Only Arkham has label
ethereum,0xda1CFA96dEb19C561FA48222F0A0d38Fc16fa54D,CEX_ENTITY,coinbase,Coinbase,cex,Cold Wallet,HIGH,,,,Coinbase,Cold Wallet,HIGH,ARKHAM_ONLY,ARKHAM_HOLDERS,FLOKI,2026-05-04,2026-05-04,Only Arkham has label
ethereum,0xDB6Ba5D510F114F9b2eA08BEa7d30e32eEe33411,TOKEN_CONTRACT,,,,,,,,,BSB,Token contract: BSB,HIGH,MORALIS_ONLY,TOKEN_METADATA,BSB,2026-05-04,2026-05-04,
bsc,0x7ec43Cf65F1663F820427C62A5780b8f2E25593A,TOKEN_CONTRACT,,,,,,,,,LAB,Token contract: LAB,HIGH,MORALIS_ONLY,TOKEN_METADATA,LAB,2026-05-04,2026-05-04,
ethereum,0x6982508145454ce325ddbe47a25d4ec3d2311933,TOKEN_CONTRACT,,,,,,,,,PEPE,Token contract: PEPE,HIGH,MORALIS_ONLY,TOKEN_METADATA,PEPE,2026-05-04,2026-05-04,
solana,EKpQGSJtjMFqKZ9KQanSqYXRcF8fBopzLHYxdM65zcjm,TOKEN_CONTRACT,,,,,,,,,WIF,Token contract: WIF,HIGH,MORALIS_ONLY,TOKEN_METADATA,WIF,2026-05-04,2026-05-04,
solana,DezXAZ8z7PnrnRJjz3wXBoRgixCa6xjnB7YaB1pPB263,TOKEN_CONTRACT,,,,,,,,,BONK,Token contract: BONK,HIGH,MORALIS_ONLY,TOKEN_METADATA,BONK,2026-05-04,2026-05-04,
ethereum,0xcf0c122c6b73ff809c693db761e7baebe62b6a2e,TOKEN_CONTRACT,,,,,,,,,FLOKI,Token contract: FLOKI,HIGH,MORALIS_ONLY,TOKEN_METADATA,FLOKI,2026-05-04,2026-05-04,
ethereum,0x95ad61b0a150d79219dcf64e1e6cc01f0b64c4ce,TOKEN_CONTRACT,,,,,,,,,SHIB,Token contract: SHIB,HIGH,MORALIS_ONLY,TOKEN_METADATA,SHIB,2026-05-04,2026-05-04,
ethereum,0xaea46A60368A7bD060eec7F8F43AD1b5eF2E5B6e,TOKEN_CONTRACT,,,,,,,,,FET,Token contract: FET,HIGH,MORALIS_ONLY,TOKEN_METADATA,FET,2026-05-04,2026-05-04,
ethereum,0x6de037ef9ad2725eb40118bb1702ebb27e4aeb24,TOKEN_CONTRACT,,,,,,,,,RNDR,Token contract: RNDR,HIGH,MORALIS_ONLY,TOKEN_METADATA,RNDR,2026-05-04,2026-05-04,
ethereum,0x808507121b80c02388fad14726482e061b8da827,TOKEN_CONTRACT,,,,,,,,,PENDLE,Token contract: PENDLE,HIGH,MORALIS_ONLY,TOKEN_METADATA,PENDLE,2026-05-04,2026-05-04,
ethereum,0xfAbA6f8e4a5E8Ab82F62fe7C39859FA577269BE3,TOKEN_CONTRACT,,,,,,,,,ONDO,Token contract: ONDO,HIGH,MORALIS_ONLY,TOKEN_METADATA,ONDO,2026-05-04,2026-05-04,
ethereum,0x57e114B691Db790C35207b2e685D4A43181e6061,TOKEN_CONTRACT,,,,,,,,,ENA,Token contract: ENA,HIGH,MORALIS_ONLY,TOKEN_METADATA,ENA,2026-05-04,2026-05-04,
solana,JUPyiwrYJFskUPiHa7hkeR8VUtAeFoSYbKedZNsDvCN,TOKEN_CONTRACT,,,,,,,,,JUP,Token contract: JUP,HIGH,MORALIS_ONLY,TOKEN_METADATA,JUP,2026-05-04,2026-05-04,
solana,HZ1JovNiVvGrGNiiYvEozEVgZ58xaU3RKwX8eACQBCt3,TOKEN_CONTRACT,,,,,,,,,PYTH,Token contract: PYTH,HIGH,MORALIS_ONLY,TOKEN_METADATA,PYTH,2026-05-04,2026-05-04,
ethereum,0x912CE59144191C1204E64559FE8253a0e49E6548,TOKEN_CONTRACT,,,,,,,,,ARB,Token contract: ARB,HIGH,MORALIS_ONLY,TOKEN_METADATA,ARB,2026-05-04,2026-05-04,
ethereum,0x4200000000000000000000000000000000000042,TOKEN_CONTRACT,,,,,,,,,OP,Token contract: OP,HIGH,MORALIS_ONLY,TOKEN_METADATA,OP,2026-05-04,2026-05-04,
ethereum,0x7A58c0Be72BE218B41C608b7Fe7C5bB630736C71,TOKEN_CONTRACT,,,,,,,,,PEOPLE,Token contract: PEOPLE,HIGH,MORALIS_ONLY,TOKEN_METADATA,PEOPLE,2026-05-04,2026-05-04,
ethereum,125,UNKNOWN_WALLET,,,,,,,,MEDIUM,,,LOW_TO_MEDIUM,UNKNOWN_BOTH,MORALIS_RECONCILIATION,,2026-05-04,2026-05-04,Address from Moralis reconciliation — no entity label yet
ethereum,7.352907246350817,UNKNOWN_WALLET,,,,,,,,MEDIUM,,,LOW_TO_MEDIUM,UNKNOWN_BOTH,MORALIS_RECONCILIATION,,2026-05-04,2026-05-04,Address from Moralis reconciliation — no entity label yet
ethereum,0x912ea703f42926096214f278ea689efe63e9febc,UNKNOWN_WALLET,,,,,,,,MEDIUM,,,LOW_TO_MEDIUM,UNKNOWN_BOTH,MORALIS_RECONCILIATION,,2026-05-04,2026-05-04,Address from Moralis reconciliation — no entity label yet
ethereum,1,UNKNOWN_WALLET,,,,,,,,MEDIUM,,,LOW_TO_MEDIUM,UNKNOWN_BOTH,MORALIS_RECONCILIATION,,2026-05-04,2026-05-04,Address from Moralis reconciliation — no entity label yet
ethereum,0x992c0c1433f321f568953127b5524bcc83ad7d74,UNKNOWN_WALLET,,,,,,,,MEDIUM,,,LOW_TO_MEDIUM,UNKNOWN_BOTH,MORALIS_RECONCILIATION,,2026-05-04,2026-05-04,Address from Moralis reconciliation — no entity label yet
ethereum,0xbda2754bba59b2f364db013947c3c5546843e94b,UNKNOWN_WALLET,,,,,,,,MEDIUM,,,LOW_TO_MEDIUM,UNKNOWN_BOTH,MORALIS_RECONCILIATION,,2026-05-04,2026-05-04,Address from Moralis reconciliation — no entity label yet
ethereum,0xaf2c9332398118a024bf56df286e5825dc929bcb,UNKNOWN_WALLET,,,,,,,,MEDIUM,,,LOW_TO_MEDIUM,UNKNOWN_BOTH,MORALIS_RECONCILIATION,,2026-05-04,2026-05-04,Address from Moralis reconciliation — no entity label yet
ethereum,24.86325356408305,UNKNOWN_WALLET,,,,,,,,MEDIUM,,,LOW_TO_MEDIUM,UNKNOWN_BOTH,MORALIS_RECONCILIATION,,2026-05-04,2026-05-04,Address from Moralis reconciliation — no entity label yet
ethereum,0x2fbc5155c08ee39607965bd47f18320c95dc4d80,UNKNOWN_WALLET,,,,,,,,MEDIUM,,,LOW_TO_MEDIUM,UNKNOWN_BOTH,MORALIS_RECONCILIATION,,2026-05-04,2026-05-04,Address from Moralis reconciliation — no entity label yet
ethereum,0x65256908fad62707b78e978efa29b1b7ada7054b,UNKNOWN_WALLET,,,,,,,,MEDIUM,,,LOW_TO_MEDIUM,UNKNOWN_BOTH,MORALIS_RECONCILIATION,,2026-05-04,2026-05-04,Address from Moralis reconciliation — no entity label yet
ethereum,0xdcf9cb5496684c73f9623cfe69a5169c3bf1dbaf,UNKNOWN_WALLET,,,,,,,,MEDIUM,,,LOW_TO_MEDIUM,UNKNOWN_BOTH,MORALIS_RECONCILIATION,,2026-05-04,2026-05-04,Address from Moralis reconciliation — no entity label yet
ethereum,6.96293084230582,UNKNOWN_WALLET,,,,,,,,MEDIUM,,,LOW_TO_MEDIUM,UNKNOWN_BOTH,MORALIS_RECONCILIATION,,2026-05-04,2026-05-04,Address from Moralis reconciliation — no entity label yet
ethereum,0x4f3879110135f1f4f85541be3cbbfc6081d7712c,UNKNOWN_WALLET,,,,,,,,MEDIUM,,,LOW_TO_MEDIUM,UNKNOWN_BOTH,MORALIS_RECONCILIATION,,2026-05-04,2026-05-04,Address from Moralis reconciliation — no entity label yet
ethereum,0x8e1068373f3ea504961ba65105a3dfaa4cecaf0a,UNKNOWN_WALLET,,,,,,,,MEDIUM,,,LOW_TO_MEDIUM,UNKNOWN_BOTH,MORALIS_RECONCILIATION,,2026-05-04,2026-05-04,Address from Moralis reconciliation — no entity label yet
ethereum,12.710263547203702,UNKNOWN_WALLET,,,,,,,,MEDIUM,,,LOW_TO_MEDIUM,UNKNOWN_BOTH,MORALIS_RECONCILIATION,,2026-05-04,2026-05-04,Address from Moralis reconciliation — no entity label yet
ethereum,0xff335b2f93e9b50f025f1672b5751c87651bfb89,UNKNOWN_WALLET,,,,,,,,MEDIUM,,,LOW_TO_MEDIUM,UNKNOWN_BOTH,MORALIS_RECONCILIATION,,2026-05-04,2026-05-04,Address from Moralis reconciliation — no entity label yet
ethereum,0x25a2f97c066a716974297399647d27bc0ec2c94a,UNKNOWN_WALLET,,,,,,,,MEDIUM,,,LOW_TO_MEDIUM,UNKNOWN_BOTH,MORALIS_RECONCILIATION,,2026-05-04,2026-05-04,Address from Moralis reconciliation — no entity label yet
ethereum,1428.4812106935822,UNKNOWN_WALLET,,,,,,,,MEDIUM,,,LOW_TO_MEDIUM,UNKNOWN_BOTH,MORALIS_RECONCILIATION,,2026-05-04,2026-05-04,Address from Moralis reconciliation — no entity label yet
ethereum,0xe9fb2a6665b1cefc35fcae291e08fe23799828f8,UNKNOWN_WALLET,,,,,,,,MEDIUM,,,LOW_TO_MEDIUM,UNKNOWN_BOTH,MORALIS_RECONCILIATION,,2026-05-04,2026-05-04,Address from Moralis reconciliation — no entity label yet
ethereum,0xa89718f32d705ccd04179171d40c0cf7d8d27128,UNKNOWN_WALLET,,,,,,,,MEDIUM,,,LOW_TO_MEDIUM,UNKNOWN_BOTH,MORALIS_RECONCILIATION,,2026-05-04,2026-05-04,Address from Moralis reconciliation — no entity label yet
ethereum,0xbecb96c1b2ef344109431edc27134bb2b463443d,UNKNOWN_WALLET,,,,,,,,MEDIUM,,,LOW_TO_MEDIUM,UNKNOWN_BOTH,MORALIS_RECONCILIATION,,2026-05-04,2026-05-04,Address from Moralis reconciliation — no entity label yet
ethereum,0x63331460c36da1494d0b2ef4bf9f0d8d5f065545,UNKNOWN_WALLET,,,,,,,,MEDIUM,,,LOW_TO_MEDIUM,UNKNOWN_BOTH,MORALIS_RECONCILIATION,,2026-05-04,2026-05-04,Address from Moralis reconciliation — no entity label yet
ethereum,0x44282ce11c9b20c17436f39ddcc8d986ae8ea552,UNKNOWN_WALLET,,,,,,,,MEDIUM,,,LOW_TO_MEDIUM,UNKNOWN_BOTH,MORALIS_RECONCILIATION,,2026-05-04,2026-05-04,Address from Moralis reconciliation — no entity label yet
ethereum,6667,UNKNOWN_WALLET,,,,,,,,MEDIUM,,,LOW_TO_MEDIUM,UNKNOWN_BOTH,MORALIS_RECONCILIATION,,2026-05-04,2026-05-04,Address from Moralis reconciliation — no entity label yet
ethereum,18.194728313705934,UNKNOWN_WALLET,,,,,,,,MEDIUM,,,LOW_TO_MEDIUM,UNKNOWN_BOTH,MORALIS_RECONCILIATION,,2026-05-04,2026-05-04,Address from Moralis reconciliation — no entity label yet
ethereum,0x74de5d4fcbf63e00296fd95d33236b9794016631,UNKNOWN_WALLET,,,,,,,,MEDIUM,,,LOW_TO_MEDIUM,UNKNOWN_BOTH,MORALIS_RECONCILIATION,,2026-05-04,2026-05-04,Address from Moralis reconciliation — no entity label yet
ethereum,0xeadab66c14a183fa8850cfcd185df987f242ef1c,UNKNOWN_WALLET,,,,,,,,MEDIUM,,,LOW_TO_MEDIUM,UNKNOWN_BOTH,MORALIS_RECONCILIATION,,2026-05-04,2026-05-04,Address from Moralis reconciliation — no entity label yet
ethereum,0xfb60ef241afbae68e0605cabc5369c893b2eb61f,UNKNOWN_WALLET,,,,,,,,MEDIUM,,,LOW_TO_MEDIUM,UNKNOWN_BOTH,MORALIS_RECONCILIATION,,2026-05-04,2026-05-04,Address from Moralis reconciliation — no entity label yet
ethereum,0x01e4e86db5f15b914c27ce808774b3a07f27a899,UNKNOWN_WALLET,,,,,,,,MEDIUM,,,LOW_TO_MEDIUM,UNKNOWN_BOTH,MORALIS_RECONCILIATION,,2026-05-04,2026-05-04,Address from Moralis reconciliation — no entity label yet
ethereum,0x516e2690ac865561b7e79136ce9d3231121b2b38,UNKNOWN_WALLET,,,,,,,,MEDIUM,,,LOW_TO_MEDIUM,UNKNOWN_BOTH,MORALIS_RECONCILIATION,,2026-05-04,2026-05-04,Address from Moralis reconciliation — no entity label yet
ethereum,0x4a532fbaa8e31fab0362281cc6a1ca1328b5b1ff,UNKNOWN_WALLET,,,,,,,,MEDIUM,,,LOW_TO_MEDIUM,UNKNOWN_BOTH,MORALIS_RECONCILIATION,,2026-05-04,2026-05-04,Address from Moralis reconciliation — no entity label yet
ethereum,2818.7477640000006,UNKNOWN_WALLET,,,,,,,,MEDIUM,,,LOW_TO_MEDIUM,UNKNOWN_BOTH,MORALIS_RECONCILIATION,,2026-05-04,2026-05-04,Address from Moralis reconciliation — no entity label yet
ethereum,0x8c80a47ed0ca3e41df78db2c29e8c89f2f04dee2,UNKNOWN_WALLET,,,,,,,,MEDIUM,,,LOW_TO_MEDIUM,UNKNOWN_BOTH,MORALIS_RECONCILIATION,,2026-05-04,2026-05-04,Address from Moralis reconciliation — no entity label yet
ethereum,165.83182030723194,UNKNOWN_WALLET,,,,,,,,MEDIUM,,,LOW_TO_MEDIUM,UNKNOWN_BOTH,MORALIS_RECONCILIATION,,2026-05-04,2026-05-04,Address from Moralis reconciliation — no entity label yet
ethereum,0x2fdb53366b19b97d3ebdb294457790044555ee0f,UNKNOWN_WALLET,,,,,,,,MEDIUM,,,LOW_TO_MEDIUM,UNKNOWN_BOTH,MORALIS_RECONCILIATION,,2026-05-04,2026-05-04,Address from Moralis reconciliation — no entity label yet
ethereum,0x4f31093c224c5133e53875d4963873b1476147de,UNKNOWN_WALLET,,,,,,,,MEDIUM,,,LOW_TO_MEDIUM,UNKNOWN_BOTH,MORALIS_RECONCILIATION,,2026-05-04,2026-05-04,Address from Moralis reconciliation — no entity label yet
ethereum,0x43078158881ec9bbc63b1126d1213f7162512436,UNKNOWN_WALLET,,,,,,,,MEDIUM,,,LOW_TO_MEDIUM,UNKNOWN_BOTH,MORALIS_RECONCILIATION,,2026-05-04,2026-05-04,Address from Moralis reconciliation — no entity label yet
ethereum,0x02591b4fb2cdbac1a95f488c4fd74612335d37db,UNKNOWN_WALLET,,,,,,,,MEDIUM,,,LOW_TO_MEDIUM,UNKNOWN_BOTH,MORALIS_RECONCILIATION,,2026-05-04,2026-05-04,Address from Moralis reconciliation — no entity label yet
ethereum,2818.747764,UNKNOWN_WALLET,,,,,,,,MEDIUM,,,LOW_TO_MEDIUM,UNKNOWN_BOTH,MORALIS_RECONCILIATION,,2026-05-04,2026-05-04,Address from Moralis reconciliation — no entity label yet
ethereum,1900.228206,UNKNOWN_WALLET,,,,,,,,MEDIUM,,,LOW_TO_MEDIUM,UNKNOWN_BOTH,MORALIS_RECONCILIATION,,2026-05-04,2026-05-04,Address from Moralis reconciliation — no entity label yet
ethereum,0xcaccd906389c10a78a6d582c2c39f354c9baf3f9,UNKNOWN_WALLET,,,,,,,,MEDIUM,,,LOW_TO_MEDIUM,UNKNOWN_BOTH,MORALIS_RECONCILIATION,,2026-05-04,2026-05-04,Address from Moralis reconciliation — no entity label yet
ethereum,2818.7477639999997,UNKNOWN_WALLET,,,,,,,,MEDIUM,,,LOW_TO_MEDIUM,UNKNOWN_BOTH,MORALIS_RECONCILIATION,,2026-05-04,2026-05-04,Address from Moralis reconciliation — no entity label yet
ethereum,0xf69e08177be68d6a347220d647f05c0b3113c1a7,UNKNOWN_WALLET,,,,,,,,MEDIUM,,,LOW_TO_MEDIUM,UNKNOWN_BOTH,MORALIS_RECONCILIATION,,2026-05-04,2026-05-04,Address from Moralis reconciliation — no entity label yet
ethereum,3.8194678118267227,UNKNOWN_WALLET,,,,,,,,MEDIUM,,,LOW_TO_MEDIUM,UNKNOWN_BOTH,MORALIS_RECONCILIATION,,2026-05-04,2026-05-04,Address from Moralis reconciliation — no entity label yet
ethereum,0x66a9893cc07d91d95644aedd05d03f95e1dba8af,UNKNOWN_WALLET,,,,,,,,MEDIUM,,,LOW_TO_MEDIUM,UNKNOWN_BOTH,MORALIS_RECONCILIATION,,2026-05-04,2026-05-04,Address from Moralis reconciliation — no entity label yet
ethereum,0x5642198745a7552f44474639943d1c00fd2a1a41,UNKNOWN_WALLET,,,,,,,,MEDIUM,,,LOW_TO_MEDIUM,UNKNOWN_BOTH,MORALIS_RECONCILIATION,,2026-05-04,2026-05-04,Address from Moralis reconciliation — no entity label yet
ethereum,0xf5a72cee4320d1c30fcefbf6ba476a3cfa627004,UNKNOWN_WALLET,,,,,,,,MEDIUM,,,LOW_TO_MEDIUM,UNKNOWN_BOTH,MORALIS_RECONCILIATION,,2026-05-04,2026-05-04,Address from Moralis reconciliation — no entity label yet
ethereum,8.349380056959124,UNKNOWN_WALLET,,,,,,,,MEDIUM,,,LOW_TO_MEDIUM,UNKNOWN_BOTH,MORALIS_RECONCILIATION,,2026-05-04,2026-05-04,Address from Moralis reconciliation — no entity label yet
ethereum,0xe2a1b8fab756ab4f8f2246cca35fa0835df6f20f,UNKNOWN_WALLET,,,,,,,,MEDIUM,,,LOW_TO_MEDIUM,UNKNOWN_BOTH,MORALIS_RECONCILIATION,,2026-05-04,2026-05-04,Address from Moralis reconciliation — no entity label yet
ethereum,3.4409620290777148,UNKNOWN_WALLET,,,,,,,,MEDIUM,,,LOW_TO_MEDIUM,UNKNOWN_BOTH,MORALIS_RECONCILIATION,,2026-05-04,2026-05-04,Address from Moralis reconciliation — no entity label yet
ethereum,0xa8a86390f65dc99a2459b6c835f2e36212c509ce,UNKNOWN_WALLET,,,,,,,,MEDIUM,,,LOW_TO_MEDIUM,UNKNOWN_BOTH,MORALIS_RECONCILIATION,,2026-05-04,2026-05-04,Address from Moralis reconciliation — no entity label yet
ethereum,102.093471248933,UNKNOWN_WALLET,,,,,,,,MEDIUM,,,LOW_TO_MEDIUM,UNKNOWN_BOTH,MORALIS_RECONCILIATION,,2026-05-04,2026-05-04,Address from Moralis reconciliation — no entity label yet
ethereum,117.14876908421277,UNKNOWN_WALLET,,,,,,,,MEDIUM,,,LOW_TO_MEDIUM,UNKNOWN_BOTH,MORALIS_RECONCILIATION,,2026-05-04,2026-05-04,Address from Moralis reconciliation — no entity label yet
ethereum,0x6a93ef5f666eebe84ba130f8404ad56ee197006c,UNKNOWN_WALLET,,,,,,,,MEDIUM,,,LOW_TO_MEDIUM,UNKNOWN_BOTH,MORALIS_RECONCILIATION,,2026-05-04,2026-05-04,Address from Moralis reconciliation — no entity label yet
ethereum,0xb300000b72deaeb607a12d5f54773d1c19c7028d,UNKNOWN_WALLET,,,,,,,,MEDIUM,,,LOW_TO_MEDIUM,UNKNOWN_BOTH,MORALIS_RECONCILIATION,,2026-05-04,2026-05-04,Address from Moralis reconciliation — no entity label yet
ethereum,149.12774514195598,UNKNOWN_WALLET,,,,,,,,MEDIUM,,,LOW_TO_MEDIUM,UNKNOWN_BOTH,MORALIS_RECONCILIATION,,2026-05-04,2026-05-04,Address from Moralis reconciliation — no entity label yet
ethereum,69.64068770734801,UNKNOWN_WALLET,,,,,,,,MEDIUM,,,LOW_TO_MEDIUM,UNKNOWN_BOTH,MORALIS_RECONCILIATION,,2026-05-04,2026-05-04,Address from Moralis reconciliation — no entity label yet
ethereum,228.793827480696,UNKNOWN_WALLET,,,,,,,,MEDIUM,,,LOW_TO_MEDIUM,UNKNOWN_BOTH,MORALIS_RECONCILIATION,,2026-05-04,2026-05-04,Address from Moralis reconciliation — no entity label yet
ethereum,0x04ce218ead72401702dd5f3e56cedb7d2d477777,UNKNOWN_WALLET,,,,,,,,MEDIUM,,,LOW_TO_MEDIUM,UNKNOWN_BOTH,MORALIS_RECONCILIATION,,2026-05-04,2026-05-04,Address from Moralis reconciliation — no entity label yet
ethereum,447.56226033,UNKNOWN_WALLET,,,,,,,,MEDIUM,,,LOW_TO_MEDIUM,UNKNOWN_BOTH,MORALIS_RECONCILIATION,,2026-05-04,2026-05-04,Address from Moralis reconciliation — no entity label yet
ethereum,0x5d98f54d829708eeb2aa555badb96bcb5400def1,UNKNOWN_WALLET,,,,,,,,MEDIUM,,,LOW_TO_MEDIUM,UNKNOWN_BOTH,MORALIS_RECONCILIATION,,2026-05-04,2026-05-04,Address from Moralis reconciliation — no entity label yet
ethereum,0x27a60f6af1fb49ba4d8dfcfce880a6581655c64b,UNKNOWN_WALLET,,,,,,,,MEDIUM,,,LOW_TO_MEDIUM,UNKNOWN_BOTH,MORALIS_RECONCILIATION,,2026-05-04,2026-05-04,Address from Moralis reconciliation — no entity label yet
ethereum,0x25b948c7a5f095d6c0d8247104fa7e5a89fa7e3f,UNKNOWN_WALLET,,,,,,,,MEDIUM,,,LOW_TO_MEDIUM,UNKNOWN_BOTH,MORALIS_RECONCILIATION,,2026-05-04,2026-05-04,Address from Moralis reconciliation — no entity label yet
ethereum,102.09347124893357,UNKNOWN_WALLET,,,,,,,,MEDIUM,,,LOW_TO_MEDIUM,UNKNOWN_BOTH,MORALIS_RECONCILIATION,,2026-05-04,2026-05-04,Address from Moralis reconciliation — no entity label yet
ethereum,62.06435477,UNKNOWN_WALLET,,,,,,,,MEDIUM,,,LOW_TO_MEDIUM,UNKNOWN_BOTH,MORALIS_RECONCILIATION,,2026-05-04,2026-05-04,Address from Moralis reconciliation — no entity label yet
ethereum,0xcc917188a23883cbfa8bdca3d1705289d363d26d,UNKNOWN_WALLET,,,,,,,,MEDIUM,,,LOW_TO_MEDIUM,UNKNOWN_BOTH,MORALIS_RECONCILIATION,,2026-05-04,2026-05-04,Address from Moralis reconciliation — no entity label yet
ethereum,0x43a46b6886dccf0c2c9dc464fd6a95dc05abe05d,UNKNOWN_WALLET,,,,,,,,MEDIUM,,,LOW_TO_MEDIUM,UNKNOWN_BOTH,MORALIS_RECONCILIATION,,2026-05-04,2026-05-04,Address from Moralis reconciliation — no entity label yet
ethereum,28.905928937299112,UNKNOWN_WALLET,,,,,,,,MEDIUM,,,LOW_TO_MEDIUM,UNKNOWN_BOTH,MORALIS_RECONCILIATION,,2026-05-04,2026-05-04,Address from Moralis reconciliation — no entity label yet
ethereum,28.118344207125,UNKNOWN_WALLET,,,,,,,,MEDIUM,,,LOW_TO_MEDIUM,UNKNOWN_BOTH,MORALIS_RECONCILIATION,,2026-05-04,2026-05-04,Address from Moralis reconciliation — no entity label yet
ethereum,29.147917540905063,UNKNOWN_WALLET,,,,,,,,MEDIUM,,,LOW_TO_MEDIUM,UNKNOWN_BOTH,MORALIS_RECONCILIATION,,2026-05-04,2026-05-04,Address from Moralis reconciliation — no entity label yet
ethereum,16.528708685773,UNKNOWN_WALLET,,,,,,,,MEDIUM,,,LOW_TO_MEDIUM,UNKNOWN_BOTH,MORALIS_RECONCILIATION,,2026-05-04,2026-05-04,Address from Moralis reconciliation — no entity label yet
ethereum,18.203939681631,UNKNOWN_WALLET,,,,,,,,MEDIUM,,,LOW_TO_MEDIUM,UNKNOWN_BOTH,MORALIS_RECONCILIATION,,2026-05-04,2026-05-04,Address from Moralis reconciliation — no entity label yet
ethereum,0x50be8f30f3c7a522eef5def8cc646af1b4a7c538,UNKNOWN_WALLET,,,,,,,,MEDIUM,,,LOW_TO_MEDIUM,UNKNOWN_BOTH,MORALIS_RECONCILIATION,,2026-05-04,2026-05-04,Address from Moralis reconciliation — no entity label yet
ethereum,16.820500832477073,UNKNOWN_WALLET,,,,,,,,MEDIUM,,,LOW_TO_MEDIUM,UNKNOWN_BOTH,MORALIS_RECONCILIATION,,2026-05-04,2026-05-04,Address from Moralis reconciliation — no entity label yet
ethereum,0x9008d19f58aabd9ed0d60971565aa8510560ab41,UNKNOWN_WALLET,,,,,,,,MEDIUM,,,LOW_TO_MEDIUM,UNKNOWN_BOTH,MORALIS_RECONCILIATION,,2026-05-04,2026-05-04,Address from Moralis reconciliation — no entity label yet
ethereum,21.360863200361457,UNKNOWN_WALLET,,,,,,,,MEDIUM,,,LOW_TO_MEDIUM,UNKNOWN_BOTH,MORALIS_RECONCILIATION,,2026-05-04,2026-05-04,Address from Moralis reconciliation — no entity label yet
ethereum,15.818658726779,UNKNOWN_WALLET,,,,,,,,MEDIUM,,,LOW_TO_MEDIUM,UNKNOWN_BOTH,MORALIS_RECONCILIATION,,2026-05-04,2026-05-04,Address from Moralis reconciliation — no entity label yet
ethereum,19.38085054528,UNKNOWN_WALLET,,,,,,,,MEDIUM,,,LOW_TO_MEDIUM,UNKNOWN_BOTH,MORALIS_RECONCILIATION,,2026-05-04,2026-05-04,Address from Moralis reconciliation — no entity label yet
ethereum,0xb9e10ea437ab83417d05fcb83d7fae61e27ba066,UNKNOWN_WALLET,,,,,,,,MEDIUM,,,LOW_TO_MEDIUM,UNKNOWN_BOTH,MORALIS_RECONCILIATION,,2026-05-04,2026-05-04,Address from Moralis reconciliation — no entity label yet
ethereum,28.118344207125716,UNKNOWN_WALLET,,,,,,,,MEDIUM,,,LOW_TO_MEDIUM,UNKNOWN_BOTH,MORALIS_RECONCILIATION,,2026-05-04,2026-05-04,Address from Moralis reconciliation — no entity label yet
ethereum,16.561136955632,UNKNOWN_WALLET,,,,,,,,MEDIUM,,,LOW_TO_MEDIUM,UNKNOWN_BOTH,MORALIS_RECONCILIATION,,2026-05-04,2026-05-04,Address from Moralis reconciliation — no entity label yet
ethereum,19.58393011138,UNKNOWN_WALLET,,,,,,,,MEDIUM,,,LOW_TO_MEDIUM,UNKNOWN_BOTH,MORALIS_RECONCILIATION,,2026-05-04,2026-05-04,Address from Moralis reconciliation — no entity label yet
ethereum,19.877886191038,UNKNOWN_WALLET,,,,,,,,MEDIUM,,,LOW_TO_MEDIUM,UNKNOWN_BOTH,MORALIS_RECONCILIATION,,2026-05-04,2026-05-04,Address from Moralis reconciliation — no entity label yet
ethereum,15.572386967267999,UNKNOWN_WALLET,,,,,,,,MEDIUM,,,LOW_TO_MEDIUM,UNKNOWN_BOTH,MORALIS_RECONCILIATION,,2026-05-04,2026-05-04,Address from Moralis reconciliation — no entity label yet
ethereum,19.104685143325998,UNKNOWN_WALLET,,,,,,,,MEDIUM,,,LOW_TO_MEDIUM,UNKNOWN_BOTH,MORALIS_RECONCILIATION,,2026-05-04,2026-05-04,Address from Moralis reconciliation — no entity label yet
ethereum,19.405039021613998,UNKNOWN_WALLET,,,,,,,,MEDIUM,,,LOW_TO_MEDIUM,UNKNOWN_BOTH,MORALIS_RECONCILIATION,,2026-05-04,2026-05-04,Address from Moralis reconciliation — no entity label yet
ethereum,31.894451407601807,UNKNOWN_WALLET,,,,,,,,MEDIUM,,,LOW_TO_MEDIUM,UNKNOWN_BOTH,MORALIS_RECONCILIATION,,2026-05-04,2026-05-04,Address from Moralis reconciliation — no entity label yet
ethereum,0x02f28b41221b95660f87783efdbb26ad054af484,UNKNOWN_WALLET,,,,,,,,MEDIUM,,,LOW_TO_MEDIUM,UNKNOWN_BOTH,MORALIS_RECONCILIATION,,2026-05-04,2026-05-04,Address from Moralis reconciliation — no entity label yet
ethereum,0x71a8563d011dd2df7973d79eaa226d61692ec85f,UNKNOWN_WALLET,,,,,,,,MEDIUM,,,LOW_TO_MEDIUM,UNKNOWN_BOTH,MORALIS_RECONCILIATION,,2026-05-04,2026-05-04,Address from Moralis reconciliation — no entity label yet
ethereum,18.204062783581733,UNKNOWN_WALLET,,,,,,,,MEDIUM,,,LOW_TO_MEDIUM,UNKNOWN_BOTH,MORALIS_RECONCILIATION,,2026-05-04,2026-05-04,Address from Moralis reconciliation — no entity label yet
ethereum,22.442882468707488,UNKNOWN_WALLET,,,,,,,,MEDIUM,,,LOW_TO_MEDIUM,UNKNOWN_BOTH,MORALIS_RECONCILIATION,,2026-05-04,2026-05-04,Address from Moralis reconciliation — no entity label yet
ethereum,0x4f04195129a23ae3fa443e8253a553658c4d2413,UNKNOWN_WALLET,,,,,,,,MEDIUM,,,LOW_TO_MEDIUM,UNKNOWN_BOTH,MORALIS_RECONCILIATION,,2026-05-04,2026-05-04,Address from Moralis reconciliation — no entity label yet
ethereum,18.068784428106092,UNKNOWN_WALLET,,,,,,,,MEDIUM,,,LOW_TO_MEDIUM,UNKNOWN_BOTH,MORALIS_RECONCILIATION,,2026-05-04,2026-05-04,Address from Moralis reconciliation — no entity label yet
ethereum,21.55393,UNKNOWN_WALLET,,,,,,,,MEDIUM,,,LOW_TO_MEDIUM,UNKNOWN_BOTH,MORALIS_RECONCILIATION,,2026-05-04,2026-05-04,Address from Moralis reconciliation — no entity label yet
ethereum,0xeb6328f677b5dddebb4599eb6f32a9343a881704,UNKNOWN_WALLET,,,,,,,,MEDIUM,,,LOW_TO_MEDIUM,UNKNOWN_BOTH,MORALIS_RECONCILIATION,,2026-05-04,2026-05-04,Address from Moralis reconciliation — no entity label yet
ethereum,0x98133d04281f9c5f6290716d02361d17a18a0517,UNKNOWN_WALLET,,,,,,,,MEDIUM,,,LOW_TO_MEDIUM,UNKNOWN_BOTH,MORALIS_RECONCILIATION,,2026-05-04,2026-05-04,Address from Moralis reconciliation — no entity label yet
ethereum,5.746540647042086,UNKNOWN_WALLET,,,,,,,,MEDIUM,,,LOW_TO_MEDIUM,UNKNOWN_BOTH,MORALIS_RECONCILIATION,,2026-05-04,2026-05-04,Address from Moralis reconciliation — no entity label yet
ethereum,13.110071188266106,UNKNOWN_WALLET,,,,,,,,MEDIUM,,,LOW_TO_MEDIUM,UNKNOWN_BOTH,MORALIS_RECONCILIATION,,2026-05-04,2026-05-04,Address from Moralis reconciliation — no entity label yet
ethereum,0x7f54f05635d15cde17a49502fedb9d1803a3be8a,UNKNOWN_WALLET,,,,,,,,MEDIUM,,,LOW_TO_MEDIUM,UNKNOWN_BOTH,MORALIS_RECONCILIATION,,2026-05-04,2026-05-04,Address from Moralis reconciliation — no entity label yet
ethereum,0x097fd934ce9124fe6aec6dd325108b34986770d1,UNKNOWN_WALLET,,,,,,,,MEDIUM,,,LOW_TO_MEDIUM,UNKNOWN_BOTH,MORALIS_RECONCILIATION,,2026-05-04,2026-05-04,Address from Moralis reconciliation — no entity label yet
ethereum,387.5186086001061,UNKNOWN_WALLET,,,,,,,,MEDIUM,,,LOW_TO_MEDIUM,UNKNOWN_BOTH,MORALIS_RECONCILIATION,,2026-05-04,2026-05-04,Address from Moralis reconciliation — no entity label yet
ethereum,0x6993f32bec7edef817be6db869a226572cfb919e,UNKNOWN_WALLET,,,,,,,,MEDIUM,,,LOW_TO_MEDIUM,UNKNOWN_BOTH,MORALIS_RECONCILIATION,,2026-05-04,2026-05-04,Address from Moralis reconciliation — no entity label yet
ethereum,73.41257925061521,UNKNOWN_WALLET,,,,,,,,MEDIUM,,,LOW_TO_MEDIUM,UNKNOWN_BOTH,MORALIS_RECONCILIATION,,2026-05-04,2026-05-04,Address from Moralis reconciliation — no entity label yet
ethereum,0xe263d8702220ef358b3b6cd3af3960e296b8a25b,UNKNOWN_WALLET,,,,,,,,MEDIUM,,,LOW_TO_MEDIUM,UNKNOWN_BOTH,MORALIS_RECONCILIATION,,2026-05-04,2026-05-04,Address from Moralis reconciliation — no entity label yet
ethereum,79.93291643204307,UNKNOWN_WALLET,,,,,,,,MEDIUM,,,LOW_TO_MEDIUM,UNKNOWN_BOTH,MORALIS_RECONCILIATION,,2026-05-04,2026-05-04,Address from Moralis reconciliation — no entity label yet
ethereum,7.9932916511e-8,UNKNOWN_WALLET,,,,,,,,MEDIUM,,,LOW_TO_MEDIUM,UNKNOWN_BOTH,MORALIS_RECONCILIATION,,2026-05-04,2026-05-04,Address from Moralis reconciliation — no entity label yet
ethereum,0x62ccef0b4545166f721caa9fee13c1d3767e27dc,UNKNOWN_WALLET,,,,,,,,MEDIUM,,,LOW_TO_MEDIUM,UNKNOWN_BOTH,MORALIS_RECONCILIATION,,2026-05-04,2026-05-04,Address from Moralis reconciliation — no entity label yet
ethereum,79.93291651197598,UNKNOWN_WALLET,,,,,,,,MEDIUM,,,LOW_TO_MEDIUM,UNKNOWN_BOTH,MORALIS_RECONCILIATION,,2026-05-04,2026-05-04,Address from Moralis reconciliation — no entity label yet
ethereum,720.3716293402513,UNKNOWN_WALLET,,,,,,,,MEDIUM,,,LOW_TO_MEDIUM,UNKNOWN_BOTH,MORALIS_RECONCILIATION,,2026-05-04,2026-05-04,Address from Moralis reconciliation — no entity label yet
ethereum,0xfaa0a5c1a1aec3ee75a9963abc187fdc5455e5af,UNKNOWN_WALLET,,,,,,,,MEDIUM,,,LOW_TO_MEDIUM,UNKNOWN_BOTH,MORALIS_RECONCILIATION,,2026-05-04,2026-05-04,Address from Moralis reconciliation — no entity label yet
ethereum,75.00009087601543,UNKNOWN_WALLET,,,,,,,,MEDIUM,,,LOW_TO_MEDIUM,UNKNOWN_BOTH,MORALIS_RECONCILIATION,,2026-05-04,2026-05-04,Address from Moralis reconciliation — no entity label yet
ethereum,0x238a358808379702088667322f80ac48bad5e6c4,UNKNOWN_WALLET,,,,,,,,MEDIUM,,,LOW_TO_MEDIUM,UNKNOWN_BOTH,MORALIS_RECONCILIATION,,2026-05-04,2026-05-04,Address from Moralis reconciliation — no entity label yet
ethereum,525.2139277573025,UNKNOWN_WALLET,,,,,,,,MEDIUM,,,LOW_TO_MEDIUM,UNKNOWN_BOTH,MORALIS_RECONCILIATION,,2026-05-04,2026-05-04,Address from Moralis reconciliation — no entity label yet
ethereum,0xbd97306a087ed0c46b783cfbfdcdc6c12c7a2866,UNKNOWN_WALLET,,,,,,,,MEDIUM,,,LOW_TO_MEDIUM,UNKNOWN_BOTH,MORALIS_RECONCILIATION,,2026-05-04,2026-05-04,Address from Moralis reconciliation — no entity label yet
ethereum,1750.51944,UNKNOWN_WALLET,,,,,,,,MEDIUM,,,LOW_TO_MEDIUM,UNKNOWN_BOTH,MORALIS_RECONCILIATION,,2026-05-04,2026-05-04,Address from Moralis reconciliation — no entity label yet
ethereum,0xc5a1350019fabafe58cb2c3576672b6f7e1fd562,UNKNOWN_WALLET,,,,,,,,MEDIUM,,,LOW_TO_MEDIUM,UNKNOWN_BOTH,MORALIS_RECONCILIATION,,2026-05-04,2026-05-04,Address from Moralis reconciliation — no entity label yet
ethereum,694.5147897955127,UNKNOWN_WALLET,,,,,,,,MEDIUM,,,LOW_TO_MEDIUM,UNKNOWN_BOTH,MORALIS_RECONCILIATION,,2026-05-04,2026-05-04,Address from Moralis reconciliation — no entity label yet
ethereum,98.00016624223896,UNKNOWN_WALLET,,,,,,,,MEDIUM,,,LOW_TO_MEDIUM,UNKNOWN_BOTH,MORALIS_RECONCILIATION,,2026-05-04,2026-05-04,Address from Moralis reconciliation — no entity label yet
ethereum,526.7035045107268,UNKNOWN_WALLET,,,,,,,,MEDIUM,,,LOW_TO_MEDIUM,UNKNOWN_BOTH,MORALIS_RECONCILIATION,,2026-05-04,2026-05-04,Address from Moralis reconciliation — no entity label yet
ethereum,712.4320275179948,UNKNOWN_WALLET,,,,,,,,MEDIUM,,,LOW_TO_MEDIUM,UNKNOWN_BOTH,MORALIS_RECONCILIATION,,2026-05-04,2026-05-04,Address from Moralis reconciliation — no entity label yet
ethereum,0x93fc0e844cb6476aadc0186e6bdfb7c78aeb087b,UNKNOWN_WALLET,,,,,,,,MEDIUM,,,LOW_TO_MEDIUM,UNKNOWN_BOTH,MORALIS_RECONCILIATION,,2026-05-04,2026-05-04,Address from Moralis reconciliation — no entity label yet
ethereum,21.43327041031362,UNKNOWN_WALLET,,,,,,,,MEDIUM,,,LOW_TO_MEDIUM,UNKNOWN_BOTH,MORALIS_RECONCILIATION,,2026-05-04,2026-05-04,Address from Moralis reconciliation — no entity label yet
ethereum,134,UNKNOWN_WALLET,,,,,,,,MEDIUM,,,LOW_TO_MEDIUM,UNKNOWN_BOTH,MORALIS_RECONCILIATION,,2026-05-04,2026-05-04,Address from Moralis reconciliation — no entity label yet
ethereum,0x33d66fc0423eb4f69878f38fa2121a4a34a3907e,UNKNOWN_WALLET,,,,,,,,MEDIUM,,,LOW_TO_MEDIUM,UNKNOWN_BOTH,MORALIS_RECONCILIATION,,2026-05-04,2026-05-04,Address from Moralis reconciliation — no entity label yet
ethereum,921.5654261738397,UNKNOWN_WALLET,,,,,,,,MEDIUM,,,LOW_TO_MEDIUM,UNKNOWN_BOTH,MORALIS_RECONCILIATION,,2026-05-04,2026-05-04,Address from Moralis reconciliation — no entity label yet
ethereum,94.00012537121383,UNKNOWN_WALLET,,,,,,,,MEDIUM,,,LOW_TO_MEDIUM,UNKNOWN_BOTH,MORALIS_RECONCILIATION,,2026-05-04,2026-05-04,Address from Moralis reconciliation — no entity label yet
ethereum,671.5427700699444,UNKNOWN_WALLET,,,,,,,,MEDIUM,,,LOW_TO_MEDIUM,UNKNOWN_BOTH,MORALIS_RECONCILIATION,,2026-05-04,2026-05-04,Address from Moralis reconciliation — no entity label yet
ethereum,589.0024674264452,UNKNOWN_WALLET,,,,,,,,MEDIUM,,,LOW_TO_MEDIUM,UNKNOWN_BOTH,MORALIS_RECONCILIATION,,2026-05-04,2026-05-04,Address from Moralis reconciliation — no entity label yet
ethereum,2.9249931378394223,UNKNOWN_WALLET,,,,,,,,MEDIUM,,,LOW_TO_MEDIUM,UNKNOWN_BOTH,MORALIS_RECONCILIATION,,2026-05-04,2026-05-04,Address from Moralis reconciliation — no entity label yet
ethereum,329.04,UNKNOWN_WALLET,,,,,,,,MEDIUM,,,LOW_TO_MEDIUM,UNKNOWN_BOTH,MORALIS_RECONCILIATION,,2026-05-04,2026-05-04,Address from Moralis reconciliation — no entity label yet
ethereum,632.5388691708889,UNKNOWN_WALLET,,,,,,,,MEDIUM,,,LOW_TO_MEDIUM,UNKNOWN_BOTH,MORALIS_RECONCILIATION,,2026-05-04,2026-05-04,Address from Moralis reconciliation — no entity label yet
ethereum,834.6874314165003,UNKNOWN_WALLET,,,,,,,,MEDIUM,,,LOW_TO_MEDIUM,UNKNOWN_BOTH,MORALIS_RECONCILIATION,,2026-05-04,2026-05-04,Address from Moralis reconciliation — no entity label yet
ethereum,761.8915168297308,UNKNOWN_WALLET,,,,,,,,MEDIUM,,,LOW_TO_MEDIUM,UNKNOWN_BOTH,MORALIS_RECONCILIATION,,2026-05-04,2026-05-04,Address from Moralis reconciliation — no entity label yet
ethereum,82.95512859924303,UNKNOWN_WALLET,,,,,,,,MEDIUM,,,LOW_TO_MEDIUM,UNKNOWN_BOTH,MORALIS_RECONCILIATION,,2026-05-04,2026-05-04,Address from Moralis reconciliation — no entity label yet
ethereum,166.10242101992455,UNKNOWN_WALLET,,,,,,,,MEDIUM,,,LOW_TO_MEDIUM,UNKNOWN_BOTH,MORALIS_RECONCILIATION,,2026-05-04,2026-05-04,Address from Moralis reconciliation — no entity label yet
ethereum,573.9222082936107,UNKNOWN_WALLET,,,,,,,,MEDIUM,,,LOW_TO_MEDIUM,UNKNOWN_BOTH,MORALIS_RECONCILIATION,,2026-05-04,2026-05-04,Address from Moralis reconciliation — no entity label yet
ethereum,1081.3854654184718,UNKNOWN_WALLET,,,,,,,,MEDIUM,,,LOW_TO_MEDIUM,UNKNOWN_BOTH,MORALIS_RECONCILIATION,,2026-05-04,2026-05-04,Address from Moralis reconciliation — no entity label yet
ethereum,445.74808544006214,UNKNOWN_WALLET,,,,,,,,MEDIUM,,,LOW_TO_MEDIUM,UNKNOWN_BOTH,MORALIS_RECONCILIATION,,2026-05-04,2026-05-04,Address from Moralis reconciliation — no entity label yet
ethereum,126.00019710346,UNKNOWN_WALLET,,,,,,,,MEDIUM,,,LOW_TO_MEDIUM,UNKNOWN_BOTH,MORALIS_RECONCILIATION,,2026-05-04,2026-05-04,Address from Moralis reconciliation — no entity label yet
ethereum,577.7922115007442,UNKNOWN_WALLET,,,,,,,,MEDIUM,,,LOW_TO_MEDIUM,UNKNOWN_BOTH,MORALIS_RECONCILIATION,,2026-05-04,2026-05-04,Address from Moralis reconciliation — no entity label yet
ethereum,357.0755903379236,UNKNOWN_WALLET,,,,,,,,MEDIUM,,,LOW_TO_MEDIUM,UNKNOWN_BOTH,MORALIS_RECONCILIATION,,2026-05-04,2026-05-04,Address from Moralis reconciliation — no entity label yet
ethereum,264.34276129620235,UNKNOWN_WALLET,,,,,,,,MEDIUM,,,LOW_TO_MEDIUM,UNKNOWN_BOTH,MORALIS_RECONCILIATION,,2026-05-04,2026-05-04,Address from Moralis reconciliation — no entity label yet
ethereum,94.00012701456667,UNKNOWN_WALLET,,,,,,,,MEDIUM,,,LOW_TO_MEDIUM,UNKNOWN_BOTH,MORALIS_RECONCILIATION,,2026-05-04,2026-05-04,Address from Moralis reconciliation — no entity label yet
ethereum,785.2924858170417,UNKNOWN_WALLET,,,,,,,,MEDIUM,,,LOW_TO_MEDIUM,UNKNOWN_BOTH,MORALIS_RECONCILIATION,,2026-05-04,2026-05-04,Address from Moralis reconciliation — no entity label yet
ethereum,49,UNKNOWN_WALLET,,,,,,,,MEDIUM,,,LOW_TO_MEDIUM,UNKNOWN_BOTH,MORALIS_RECONCILIATION,,2026-05-04,2026-05-04,Address from Moralis reconciliation — no entity label yet
ethereum,226.23101374885957,UNKNOWN_WALLET,,,,,,,,MEDIUM,,,LOW_TO_MEDIUM,UNKNOWN_BOTH,MORALIS_RECONCILIATION,,2026-05-04,2026-05-04,Address from Moralis reconciliation — no entity label yet
ethereum,497.5487555335284,UNKNOWN_WALLET,,,,,,,,MEDIUM,,,LOW_TO_MEDIUM,UNKNOWN_BOTH,MORALIS_RECONCILIATION,,2026-05-04,2026-05-04,Address from Moralis reconciliation — no entity label yet
ethereum,77.00009524627427,UNKNOWN_WALLET,,,,,,,,MEDIUM,,,LOW_TO_MEDIUM,UNKNOWN_BOTH,MORALIS_RECONCILIATION,,2026-05-04,2026-05-04,Address from Moralis reconciliation — no entity label yet
ethereum,817.5622553161754,UNKNOWN_WALLET,,,,,,,,MEDIUM,,,LOW_TO_MEDIUM,UNKNOWN_BOTH,MORALIS_RECONCILIATION,,2026-05-04,2026-05-04,Address from Moralis reconciliation — no entity label yet
ethereum,176.30744351867185,UNKNOWN_WALLET,,,,,,,,MEDIUM,,,LOW_TO_MEDIUM,UNKNOWN_BOTH,MORALIS_RECONCILIATION,,2026-05-04,2026-05-04,Address from Moralis reconciliation — no entity label yet
ethereum,1043.7932690650348,UNKNOWN_WALLET,,,,,,,,MEDIUM,,,LOW_TO_MEDIUM,UNKNOWN_BOTH,MORALIS_RECONCILIATION,,2026-05-04,2026-05-04,Address from Moralis reconciliation — no entity label yet
ethereum,269,UNKNOWN_WALLET,,,,,,,,MEDIUM,,,LOW_TO_MEDIUM,UNKNOWN_BOTH,MORALIS_RECONCILIATION,,2026-05-04,2026-05-04,Address from Moralis reconciliation — no entity label yet
ethereum,0xc7e3ca54c37f9fc884b588f395e6b60666308f28,UNKNOWN_WALLET,,,,,,,,MEDIUM,,,LOW_TO_MEDIUM,UNKNOWN_BOTH,MORALIS_RECONCILIATION,,2026-05-04,2026-05-04,Address from Moralis reconciliation — no entity label yet
ethereum,62.17107128504708,UNKNOWN_WALLET,,,,,,,,MEDIUM,,,LOW_TO_MEDIUM,UNKNOWN_BOTH,MORALIS_RECONCILIATION,,2026-05-04,2026-05-04,Address from Moralis reconciliation — no entity label yet
ethereum,80,UNKNOWN_WALLET,,,,,,,,MEDIUM,,,LOW_TO_MEDIUM,UNKNOWN_BOTH,MORALIS_RECONCILIATION,,2026-05-04,2026-05-04,Address from Moralis reconciliation — no entity label yet
ethereum,0xaa86268030aae432ac471f220080ba3e46b52b43,UNKNOWN_WALLET,,,,,,,,MEDIUM,,,LOW_TO_MEDIUM,UNKNOWN_BOTH,MORALIS_RECONCILIATION,,2026-05-04,2026-05-04,Address from Moralis reconciliation — no entity label yet
ethereum,189,UNKNOWN_WALLET,,,,,,,,MEDIUM,,,LOW_TO_MEDIUM,UNKNOWN_BOTH,MORALIS_RECONCILIATION,,2026-05-04,2026-05-04,Address from Moralis reconciliation — no entity label yet
ethereum,76.58595743030112,UNKNOWN_WALLET,,,,,,,,MEDIUM,,,LOW_TO_MEDIUM,UNKNOWN_BOTH,MORALIS_RECONCILIATION,,2026-05-04,2026-05-04,Address from Moralis reconciliation — no entity label yet
ethereum,0x7d7106e0bd3ee6d85e88dabf8721175731cd37f2,UNKNOWN_WALLET,,,,,,,,MEDIUM,,,LOW_TO_MEDIUM,UNKNOWN_BOTH,MORALIS_RECONCILIATION,,2026-05-04,2026-05-04,Address from Moralis reconciliation — no entity label yet
ethereum,4.356549600091736,UNKNOWN_WALLET,,,,,,,,MEDIUM,,,LOW_TO_MEDIUM,UNKNOWN_BOTH,MORALIS_RECONCILIATION,,2026-05-04,2026-05-04,Address from Moralis reconciliation — no entity label yet
ethereum,0xb5cb0550811d3ded8203b64a51b8c6781644df4e,UNKNOWN_WALLET,,,,,,,,MEDIUM,,,LOW_TO_MEDIUM,UNKNOWN_BOTH,MORALIS_RECONCILIATION,,2026-05-04,2026-05-04,Address from Moralis reconciliation — no entity label yet
ethereum,109,UNKNOWN_WALLET,,,,,,,,MEDIUM,,,LOW_TO_MEDIUM,UNKNOWN_BOTH,MORALIS_RECONCILIATION,,2026-05-04,2026-05-04,Address from Moralis reconciliation — no entity label yet
ethereum,6.87,UNKNOWN_WALLET,,,,,,,,MEDIUM,,,LOW_TO_MEDIUM,UNKNOWN_BOTH,MORALIS_RECONCILIATION,,2026-05-04,2026-05-04,Address from Moralis reconciliation — no entity label yet
ethereum,0x085f29091ee8a818ede960a89bd578fe4ac8e824,UNKNOWN_WALLET,,,,,,,,MEDIUM,,,LOW_TO_MEDIUM,UNKNOWN_BOTH,MORALIS_RECONCILIATION,,2026-05-04,2026-05-04,Address from Moralis reconciliation — no entity label yet
ethereum,42.9,UNKNOWN_WALLET,,,,,,,,MEDIUM,,,LOW_TO_MEDIUM,UNKNOWN_BOTH,MORALIS_RECONCILIATION,,2026-05-04,2026-05-04,Address from Moralis reconciliation — no entity label yet
ethereum,148.18,UNKNOWN_WALLET,,,,,,,,MEDIUM,,,LOW_TO_MEDIUM,UNKNOWN_BOTH,MORALIS_RECONCILIATION,,2026-05-04,2026-05-04,Address from Moralis reconciliation — no entity label yet
ethereum,69.89416404908572,UNKNOWN_WALLET,,,,,,,,MEDIUM,,,LOW_TO_MEDIUM,UNKNOWN_BOTH,MORALIS_RECONCILIATION,,2026-05-04,2026-05-04,Address from Moralis reconciliation — no entity label yet
ethereum,0x9999b0cdd35d7f3b281ba02efc0d228486940515,UNKNOWN_WALLET,,,,,,,,MEDIUM,,,LOW_TO_MEDIUM,UNKNOWN_BOTH,MORALIS_RECONCILIATION,,2026-05-04,2026-05-04,Address from Moralis reconciliation — no entity label yet
ethereum,852.8565000469082,UNKNOWN_WALLET,,,,,,,,MEDIUM,,,LOW_TO_MEDIUM,UNKNOWN_BOTH,MORALIS_RECONCILIATION,,2026-05-04,2026-05-04,Address from Moralis reconciliation — no entity label yet
ethereum,67,UNKNOWN_WALLET,,,,,,,,MEDIUM,,,LOW_TO_MEDIUM,UNKNOWN_BOTH,MORALIS_RECONCILIATION,,2026-05-04,2026-05-04,Address from Moralis reconciliation — no entity label yet
ethereum,187.64,UNKNOWN_WALLET,,,,,,,,MEDIUM,,,LOW_TO_MEDIUM,UNKNOWN_BOTH,MORALIS_RECONCILIATION,,2026-05-04,2026-05-04,Address from Moralis reconciliation — no entity label yet
ethereum,38.91019979018087,UNKNOWN_WALLET,,,,,,,,MEDIUM,,,LOW_TO_MEDIUM,UNKNOWN_BOTH,MORALIS_RECONCILIATION,,2026-05-04,2026-05-04,Address from Moralis reconciliation — no entity label yet
ethereum,0x98cb8cc0048defc498e7c885619ce2e236664c46,UNKNOWN_WALLET,,,,,,,,MEDIUM,,,LOW_TO_MEDIUM,UNKNOWN_BOTH,MORALIS_RECONCILIATION,,2026-05-04,2026-05-04,Address from Moralis reconciliation — no entity label yet
ethereum,936.8486509965096,UNKNOWN_WALLET,,,,,,,,MEDIUM,,,LOW_TO_MEDIUM,UNKNOWN_BOTH,MORALIS_RECONCILIATION,,2026-05-04,2026-05-04,Address from Moralis reconciliation — no entity label yet
ethereum,26.69,UNKNOWN_WALLET,,,,,,,,MEDIUM,,,LOW_TO_MEDIUM,UNKNOWN_BOTH,MORALIS_RECONCILIATION,,2026-05-04,2026-05-04,Address from Moralis reconciliation — no entity label yet
ethereum,305.71,UNKNOWN_WALLET,,,,,,,,MEDIUM,,,LOW_TO_MEDIUM,UNKNOWN_BOTH,MORALIS_RECONCILIATION,,2026-05-04,2026-05-04,Address from Moralis reconciliation — no entity label yet
ethereum,68.84,UNKNOWN_WALLET,,,,,,,,MEDIUM,,,LOW_TO_MEDIUM,UNKNOWN_BOTH,MORALIS_RECONCILIATION,,2026-05-04,2026-05-04,Address from Moralis reconciliation — no entity label yet
ethereum,263.56,UNKNOWN_WALLET,,,,,,,,MEDIUM,,,LOW_TO_MEDIUM,UNKNOWN_BOTH,MORALIS_RECONCILIATION,,2026-05-04,2026-05-04,Address from Moralis reconciliation — no entity label yet
ethereum,1282.0413152482151,UNKNOWN_WALLET,,,,,,,,MEDIUM,,,LOW_TO_MEDIUM,UNKNOWN_BOTH,MORALIS_RECONCILIATION,,2026-05-04,2026-05-04,Address from Moralis reconciliation — no entity label yet
ethereum,120,UNKNOWN_WALLET,,,,,,,,MEDIUM,,,LOW_TO_MEDIUM,UNKNOWN_BOTH,MORALIS_RECONCILIATION,,2026-05-04,2026-05-04,Address from Moralis reconciliation — no entity label yet
ethereum,0xd04fe2fdb8ccce24364725d6cf6f917f982b4777,UNKNOWN_WALLET,,,,,,,,MEDIUM,,,LOW_TO_MEDIUM,UNKNOWN_BOTH,MORALIS_RECONCILIATION,,2026-05-04,2026-05-04,Address from Moralis reconciliation — no entity label yet
ethereum,292.3277776751026,UNKNOWN_WALLET,,,,,,,,MEDIUM,,,LOW_TO_MEDIUM,UNKNOWN_BOTH,MORALIS_RECONCILIATION,,2026-05-04,2026-05-04,Address from Moralis reconciliation — no entity label yet
ethereum,741.7189750101356,UNKNOWN_WALLET,,,,,,,,MEDIUM,,,LOW_TO_MEDIUM,UNKNOWN_BOTH,MORALIS_RECONCILIATION,,2026-05-04,2026-05-04,Address from Moralis reconciliation — no entity label yet
ethereum,6.395054381151463,UNKNOWN_WALLET,,,,,,,,MEDIUM,,,LOW_TO_MEDIUM,UNKNOWN_BOTH,MORALIS_RECONCILIATION,,2026-05-04,2026-05-04,Address from Moralis reconciliation — no entity label yet
ethereum,79.96182319158743,UNKNOWN_WALLET,,,,,,,,MEDIUM,,,LOW_TO_MEDIUM,UNKNOWN_BOTH,MORALIS_RECONCILIATION,,2026-05-04,2026-05-04,Address from Moralis reconciliation — no entity label yet
ethereum,7.9961823271e-8,UNKNOWN_WALLET,,,,,,,,MEDIUM,,,LOW_TO_MEDIUM,UNKNOWN_BOTH,MORALIS_RECONCILIATION,,2026-05-04,2026-05-04,Address from Moralis reconciliation — no entity label yet
ethereum,79.96182327154924,UNKNOWN_WALLET,,,,,,,,MEDIUM,,,LOW_TO_MEDIUM,UNKNOWN_BOTH,MORALIS_RECONCILIATION,,2026-05-04,2026-05-04,Address from Moralis reconciliation — no entity label yet
ethereum,420.5550004115051,UNKNOWN_WALLET,,,,,,,,MEDIUM,,,LOW_TO_MEDIUM,UNKNOWN_BOTH,MORALIS_RECONCILIATION,,2026-05-04,2026-05-04,Address from Moralis reconciliation — no entity label yet
ethereum,873.1963273339205,UNKNOWN_WALLET,,,,,,,,MEDIUM,,,LOW_TO_MEDIUM,UNKNOWN_BOTH,MORALIS_RECONCILIATION,,2026-05-04,2026-05-04,Address from Moralis reconciliation — no entity label yet
ethereum,610.1624466712342,UNKNOWN_WALLET,,,,,,,,MEDIUM,,,LOW_TO_MEDIUM,UNKNOWN_BOTH,MORALIS_RECONCILIATION,,2026-05-04,2026-05-04,Address from Moralis reconciliation — no entity label yet
ethereum,805.0707119301916,UNKNOWN_WALLET,,,,,,,,MEDIUM,,,LOW_TO_MEDIUM,UNKNOWN_BOTH,MORALIS_RECONCILIATION,,2026-05-04,2026-05-04,Address from Moralis reconciliation — no entity label yet
ethereum,13.343323956171552,UNKNOWN_WALLET,,,,,,,,MEDIUM,,,LOW_TO_MEDIUM,UNKNOWN_BOTH,MORALIS_RECONCILIATION,,2026-05-04,2026-05-04,Address from Moralis reconciliation — no entity label yet
ethereum,0x6aba0315493b7e6989041c91181337b662fb1b90,UNKNOWN_WALLET,,,,,,,,MEDIUM,,,LOW_TO_MEDIUM,UNKNOWN_BOTH,MORALIS_RECONCILIATION,,2026-05-04,2026-05-04,Address from Moralis reconciliation — no entity label yet
ethereum,84.67335105048913,UNKNOWN_WALLET,,,,,,,,MEDIUM,,,LOW_TO_MEDIUM,UNKNOWN_BOTH,MORALIS_RECONCILIATION,,2026-05-04,2026-05-04,Address from Moralis reconciliation — no entity label yet
ethereum,906.984913622328,UNKNOWN_WALLET,,,,,,,,MEDIUM,,,LOW_TO_MEDIUM,UNKNOWN_BOTH,MORALIS_RECONCILIATION,,2026-05-04,2026-05-04,Address from Moralis reconciliation — no entity label yet
ethereum,169.33170333066232,UNKNOWN_WALLET,,,,,,,,MEDIUM,,,LOW_TO_MEDIUM,UNKNOWN_BOTH,MORALIS_RECONCILIATION,,2026-05-04,2026-05-04,Address from Moralis reconciliation — no entity label yet
ethereum,350.71489397835046,UNKNOWN_WALLET,,,,,,,,MEDIUM,,,LOW_TO_MEDIUM,UNKNOWN_BOTH,MORALIS_RECONCILIATION,,2026-05-04,2026-05-04,Address from Moralis reconciliation — no entity label yet
ethereum,1712.0556255525196,UNKNOWN_WALLET,,,,,,,,MEDIUM,,,LOW_TO_MEDIUM,UNKNOWN_BOTH,MORALIS_RECONCILIATION,,2026-05-04,2026-05-04,Address from Moralis reconciliation — no entity label yet
ethereum,166.2,UNKNOWN_WALLET,,,,,,,,MEDIUM,,,LOW_TO_MEDIUM,UNKNOWN_BOTH,MORALIS_RECONCILIATION,,2026-05-04,2026-05-04,Address from Moralis reconciliation — no entity label yet
ethereum,465,UNKNOWN_WALLET,,,,,,,,MEDIUM,,,LOW_TO_MEDIUM,UNKNOWN_BOTH,MORALIS_RECONCILIATION,,2026-05-04,2026-05-04,Address from Moralis reconciliation — no entity label yet
ethereum,29.614499391635647,UNKNOWN_WALLET,,,,,,,,MEDIUM,,,LOW_TO_MEDIUM,UNKNOWN_BOTH,MORALIS_RECONCILIATION,,2026-05-04,2026-05-04,Address from Moralis reconciliation — no entity label yet
ethereum,0x25c3c965e99223bc450ca059ceab89ce9912a3f3,UNKNOWN_WALLET,,,,,,,,MEDIUM,,,LOW_TO_MEDIUM,UNKNOWN_BOTH,MORALIS_RECONCILIATION,,2026-05-04,2026-05-04,Address from Moralis reconciliation — no entity label yet
ethereum,304,UNKNOWN_WALLET,,,,,,,,MEDIUM,,,LOW_TO_MEDIUM,UNKNOWN_BOTH,MORALIS_RECONCILIATION,,2026-05-04,2026-05-04,Address from Moralis reconciliation — no entity label yet
ethereum,0x9ae65cd9531b9fc0999278d6b5c98c4c22e14f1b,UNKNOWN_WALLET,,,,,,,,MEDIUM,,,LOW_TO_MEDIUM,UNKNOWN_BOTH,MORALIS_RECONCILIATION,,2026-05-04,2026-05-04,Address from Moralis reconciliation — no entity label yet
ethereum,2575.8261881709864,UNKNOWN_WALLET,,,,,,,,MEDIUM,,,LOW_TO_MEDIUM,UNKNOWN_BOTH,MORALIS_RECONCILIATION,,2026-05-04,2026-05-04,Address from Moralis reconciliation — no entity label yet
ethereum,1494.0018972274625,UNKNOWN_WALLET,,,,,,,,MEDIUM,,,LOW_TO_MEDIUM,UNKNOWN_BOTH,MORALIS_RECONCILIATION,,2026-05-04,2026-05-04,Address from Moralis reconciliation — no entity label yet
ethereum,2401.771046652543,UNKNOWN_WALLET,,,,,,,,MEDIUM,,,LOW_TO_MEDIUM,UNKNOWN_BOTH,MORALIS_RECONCILIATION,,2026-05-04,2026-05-04,Address from Moralis reconciliation — no entity label yet
ethereum,1367.070920382733,UNKNOWN_WALLET,,,,,,,,MEDIUM,,,LOW_TO_MEDIUM,UNKNOWN_BOTH,MORALIS_RECONCILIATION,,2026-05-04,2026-05-04,Address from Moralis reconciliation — no entity label yet
ethereum,0x7eb8317c77de6fb2e6e3495cffaaa29fee0af69a,UNKNOWN_WALLET,,,,,,,,MEDIUM,,,LOW_TO_MEDIUM,UNKNOWN_BOTH,MORALIS_RECONCILIATION,,2026-05-04,2026-05-04,Address from Moralis reconciliation — no entity label yet
ethereum,265.9187215518895,UNKNOWN_WALLET,,,,,,,,MEDIUM,,,LOW_TO_MEDIUM,UNKNOWN_BOTH,MORALIS_RECONCILIATION,,2026-05-04,2026-05-04,Address from Moralis reconciliation — no entity label yet
ethereum,0x6fc616383bc959ae8b72037cf24f2f5ec87e4639,UNKNOWN_WALLET,,,,,,,,MEDIUM,,,LOW_TO_MEDIUM,UNKNOWN_BOTH,MORALIS_RECONCILIATION,,2026-05-04,2026-05-04,Address from Moralis reconciliation — no entity label yet
ethereum,3845.7642962217487,UNKNOWN_WALLET,,,,,,,,MEDIUM,,,LOW_TO_MEDIUM,UNKNOWN_BOTH,MORALIS_RECONCILIATION,,2026-05-04,2026-05-04,Address from Moralis reconciliation — no entity label yet
ethereum,0x28e2ea090877bf75740558f6bfb36a5ffee9e9df,UNKNOWN_WALLET,,,,,,,,MEDIUM,,,LOW_TO_MEDIUM,UNKNOWN_BOTH,MORALIS_RECONCILIATION,,2026-05-04,2026-05-04,Address from Moralis reconciliation — no entity label yet
ethereum,2.616649038897323,UNKNOWN_WALLET,,,,,,,,MEDIUM,,,LOW_TO_MEDIUM,UNKNOWN_BOTH,MORALIS_RECONCILIATION,,2026-05-04,2026-05-04,Address from Moralis reconciliation — no entity label yet
ethereum,0x72a815c51e0be4dfac8e089079fe8f36a9151c04,UNKNOWN_WALLET,,,,,,,,MEDIUM,,,LOW_TO_MEDIUM,UNKNOWN_BOTH,MORALIS_RECONCILIATION,,2026-05-04,2026-05-04,Address from Moralis reconciliation — no entity label yet
ethereum,0x916f992df86795f24de6c268cfb9031fbb1155da,UNKNOWN_WALLET,,,,,,,,MEDIUM,,,LOW_TO_MEDIUM,UNKNOWN_BOTH,MORALIS_RECONCILIATION,,2026-05-04,2026-05-04,Address from Moralis reconciliation — no entity label yet
ethereum,120.02464626458247,UNKNOWN_WALLET,,,,,,,,MEDIUM,,,LOW_TO_MEDIUM,UNKNOWN_BOTH,MORALIS_RECONCILIATION,,2026-05-04,2026-05-04,Address from Moralis reconciliation — no entity label yet
ethereum,87.00015616064819,UNKNOWN_WALLET,,,,,,,,MEDIUM,,,LOW_TO_MEDIUM,UNKNOWN_BOTH,MORALIS_RECONCILIATION,,2026-05-04,2026-05-04,Address from Moralis reconciliation — no entity label yet
ethereum,0x17769823381ead7a85659a071723fb9e660a4216,UNKNOWN_WALLET,,,,,,,,MEDIUM,,,LOW_TO_MEDIUM,UNKNOWN_BOTH,MORALIS_RECONCILIATION,,2026-05-04,2026-05-04,Address from Moralis reconciliation — no entity label yet
ethereum,3245.621981400373,UNKNOWN_WALLET,,,,,,,,MEDIUM,,,LOW_TO_MEDIUM,UNKNOWN_BOTH,MORALIS_RECONCILIATION,,2026-05-04,2026-05-04,Address from Moralis reconciliation — no entity label yet
ethereum,5790.808309073146,UNKNOWN_WALLET,,,,,,,,MEDIUM,,,LOW_TO_MEDIUM,UNKNOWN_BOTH,MORALIS_RECONCILIATION,,2026-05-04,2026-05-04,Address from Moralis reconciliation — no entity label yet
ethereum,0x4923d960f84d89e72c78daf82015b519aaafe994,UNKNOWN_WALLET,,,,,,,,MEDIUM,,,LOW_TO_MEDIUM,UNKNOWN_BOTH,MORALIS_RECONCILIATION,,2026-05-04,2026-05-04,Address from Moralis reconciliation — no entity label yet
ethereum,1674.0553340873857,UNKNOWN_WALLET,,,,,,,,MEDIUM,,,LOW_TO_MEDIUM,UNKNOWN_BOTH,MORALIS_RECONCILIATION,,2026-05-04,2026-05-04,Address from Moralis reconciliation — no entity label yet
ethereum,1140,UNKNOWN_WALLET,,,,,,,,MEDIUM,,,LOW_TO_MEDIUM,UNKNOWN_BOTH,MORALIS_RECONCILIATION,,2026-05-04,2026-05-04,Address from Moralis reconciliation — no entity label yet
ethereum,0xdbb5fcdd9d0398e52aca3b3b52da8fc7ad245d49,UNKNOWN_WALLET,,,,,,,,MEDIUM,,,LOW_TO_MEDIUM,UNKNOWN_BOTH,MORALIS_RECONCILIATION,,2026-05-04,2026-05-04,Address from Moralis reconciliation — no entity label yet
ethereum,230.3,UNKNOWN_WALLET,,,,,,,,MEDIUM,,,LOW_TO_MEDIUM,UNKNOWN_BOTH,MORALIS_RECONCILIATION,,2026-05-04,2026-05-04,Address from Moralis reconciliation — no entity label yet
ethereum,2992.856790810818,UNKNOWN_WALLET,,,,,,,,MEDIUM,,,LOW_TO_MEDIUM,UNKNOWN_BOTH,MORALIS_RECONCILIATION,,2026-05-04,2026-05-04,Address from Moralis reconciliation — no entity label yet
ethereum,732.5361633176203,UNKNOWN_WALLET,,,,,,,,MEDIUM,,,LOW_TO_MEDIUM,UNKNOWN_BOTH,MORALIS_RECONCILIATION,,2026-05-04,2026-05-04,Address from Moralis reconciliation — no entity label yet
ethereum,13271.812113868289,UNKNOWN_WALLET,,,,,,,,MEDIUM,,,LOW_TO_MEDIUM,UNKNOWN_BOTH,MORALIS_RECONCILIATION,,2026-05-04,2026-05-04,Address from Moralis reconciliation — no entity label yet
ethereum,1191.6186680827066,UNKNOWN_WALLET,,,,,,,,MEDIUM,,,LOW_TO_MEDIUM,UNKNOWN_BOTH,MORALIS_RECONCILIATION,,2026-05-04,2026-05-04,Address from Moralis reconciliation — no entity label yet
ethereum,3835.3988682071167,UNKNOWN_WALLET,,,,,,,,MEDIUM,,,LOW_TO_MEDIUM,UNKNOWN_BOTH,MORALIS_RECONCILIATION,,2026-05-04,2026-05-04,Address from Moralis reconciliation — no entity label yet
ethereum,561.9441259568847,UNKNOWN_WALLET,,,,,,,,MEDIUM,,,LOW_TO_MEDIUM,UNKNOWN_BOTH,MORALIS_RECONCILIATION,,2026-05-04,2026-05-04,Address from Moralis reconciliation — no entity label yet
ethereum,0x31d6ea082acc3d4e377528a721ac5c4b891726fb,UNKNOWN_WALLET,,,,,,,,MEDIUM,,,LOW_TO_MEDIUM,UNKNOWN_BOTH,MORALIS_RECONCILIATION,,2026-05-04,2026-05-04,Address from Moralis reconciliation — no entity label yet
ethereum,7710.8685560117965,UNKNOWN_WALLET,,,,,,,,MEDIUM,,,LOW_TO_MEDIUM,UNKNOWN_BOTH,MORALIS_RECONCILIATION,,2026-05-04,2026-05-04,Address from Moralis reconciliation — no entity label yet
ethereum,951.8066020853328,UNKNOWN_WALLET,,,,,,,,MEDIUM,,,LOW_TO_MEDIUM,UNKNOWN_BOTH,MORALIS_RECONCILIATION,,2026-05-04,2026-05-04,Address from Moralis reconciliation — no entity label yet
ethereum,3239.9031942582155,UNKNOWN_WALLET,,,,,,,,MEDIUM,,,LOW_TO_MEDIUM,UNKNOWN_BOTH,MORALIS_RECONCILIATION,,2026-05-04,2026-05-04,Address from Moralis reconciliation — no entity label yet
ethereum,1661.4796028800936,UNKNOWN_WALLET,,,,,,,,MEDIUM,,,LOW_TO_MEDIUM,UNKNOWN_BOTH,MORALIS_RECONCILIATION,,2026-05-04,2026-05-04,Address from Moralis reconciliation — no entity label yet
ethereum,547.0387122018836,UNKNOWN_WALLET,,,,,,,,MEDIUM,,,LOW_TO_MEDIUM,UNKNOWN_BOTH,MORALIS_RECONCILIATION,,2026-05-04,2026-05-04,Address from Moralis reconciliation — no entity label yet
ethereum,3115.6153667186522,UNKNOWN_WALLET,,,,,,,,MEDIUM,,,LOW_TO_MEDIUM,UNKNOWN_BOTH,MORALIS_RECONCILIATION,,2026-05-04,2026-05-04,Address from Moralis reconciliation — no entity label yet
ethereum,2021.4363904164964,UNKNOWN_WALLET,,,,,,,,MEDIUM,,,LOW_TO_MEDIUM,UNKNOWN_BOTH,MORALIS_RECONCILIATION,,2026-05-04,2026-05-04,Address from Moralis reconciliation — no entity label yet
ethereum,2170.273405927052,UNKNOWN_WALLET,,,,,,,,MEDIUM,,,LOW_TO_MEDIUM,UNKNOWN_BOTH,MORALIS_RECONCILIATION,,2026-05-04,2026-05-04,Address from Moralis reconciliation — no entity label yet
ethereum,6870.380167761144,UNKNOWN_WALLET,,,,,,,,MEDIUM,,,LOW_TO_MEDIUM,UNKNOWN_BOTH,MORALIS_RECONCILIATION,,2026-05-04,2026-05-04,Address from Moralis reconciliation — no entity label yet
ethereum,388,UNKNOWN_WALLET,,,,,,,,MEDIUM,,,LOW_TO_MEDIUM,UNKNOWN_BOTH,MORALIS_RECONCILIATION,,2026-05-04,2026-05-04,Address from Moralis reconciliation — no entity label yet
ethereum,5027.017536289823,UNKNOWN_WALLET,,,,,,,,MEDIUM,,,LOW_TO_MEDIUM,UNKNOWN_BOTH,MORALIS_RECONCILIATION,,2026-05-04,2026-05-04,Address from Moralis reconciliation — no entity label yet
ethereum,776,UNKNOWN_WALLET,,,,,,,,MEDIUM,,,LOW_TO_MEDIUM,UNKNOWN_BOTH,MORALIS_RECONCILIATION,,2026-05-04,2026-05-04,Address from Moralis reconciliation — no entity label yet
ethereum,1111.068026090504,UNKNOWN_WALLET,,,,,,,,MEDIUM,,,LOW_TO_MEDIUM,UNKNOWN_BOTH,MORALIS_RECONCILIATION,,2026-05-04,2026-05-04,Address from Moralis reconciliation — no entity label yet
ethereum,209.98092036635435,UNKNOWN_WALLET,,,,,,,,MEDIUM,,,LOW_TO_MEDIUM,UNKNOWN_BOTH,MORALIS_RECONCILIATION,,2026-05-04,2026-05-04,Address from Moralis reconciliation — no entity label yet
ethereum,1333,UNKNOWN_WALLET,,,,,,,,MEDIUM,,,LOW_TO_MEDIUM,UNKNOWN_BOTH,MORALIS_RECONCILIATION,,2026-05-04,2026-05-04,Address from Moralis reconciliation — no entity label yet
ethereum,1006,UNKNOWN_WALLET,,,,,,,,MEDIUM,,,LOW_TO_MEDIUM,UNKNOWN_BOTH,MORALIS_RECONCILIATION,,2026-05-04,2026-05-04,Address from Moralis reconciliation — no entity label yet
ethereum,1003,UNKNOWN_WALLET,,,,,,,,MEDIUM,,,LOW_TO_MEDIUM,UNKNOWN_BOTH,MORALIS_RECONCILIATION,,2026-05-04,2026-05-04,Address from Moralis reconciliation — no entity label yet
ethereum,211.97458085878264,UNKNOWN_WALLET,,,,,,,,MEDIUM,,,LOW_TO_MEDIUM,UNKNOWN_BOTH,MORALIS_RECONCILIATION,,2026-05-04,2026-05-04,Address from Moralis reconciliation — no entity label yet
ethereum,266.18282353178904,UNKNOWN_WALLET,,,,,,,,MEDIUM,,,LOW_TO_MEDIUM,UNKNOWN_BOTH,MORALIS_RECONCILIATION,,2026-05-04,2026-05-04,Address from Moralis reconciliation — no entity label yet
ethereum,433.42942848453464,UNKNOWN_WALLET,,,,,,,,MEDIUM,,,LOW_TO_MEDIUM,UNKNOWN_BOTH,MORALIS_RECONCILIATION,,2026-05-04,2026-05-04,Address from Moralis reconciliation — no entity label yet
ethereum,0x031942f26a094be40414f442a2f1295e3a5c1680,UNKNOWN_WALLET,,,,,,,,MEDIUM,,,LOW_TO_MEDIUM,UNKNOWN_BOTH,MORALIS_RECONCILIATION,,2026-05-04,2026-05-04,Address from Moralis reconciliation — no entity label yet
ethereum,5969.6173173451725,UNKNOWN_WALLET,,,,,,,,MEDIUM,,,LOW_TO_MEDIUM,UNKNOWN_BOTH,MORALIS_RECONCILIATION,,2026-05-04,2026-05-04,Address from Moralis reconciliation — no entity label yet
ethereum,235.49118461498546,UNKNOWN_WALLET,,,,,,,,MEDIUM,,,LOW_TO_MEDIUM,UNKNOWN_BOTH,MORALIS_RECONCILIATION,,2026-05-04,2026-05-04,Address from Moralis reconciliation — no entity label yet
ethereum,1640,UNKNOWN_WALLET,,,,,,,,MEDIUM,,,LOW_TO_MEDIUM,UNKNOWN_BOTH,MORALIS_RECONCILIATION,,2026-05-04,2026-05-04,Address from Moralis reconciliation — no entity label yet
ethereum,2092.277927196239,UNKNOWN_WALLET,,,,,,,,MEDIUM,,,LOW_TO_MEDIUM,UNKNOWN_BOTH,MORALIS_RECONCILIATION,,2026-05-04,2026-05-04,Address from Moralis reconciliation — no entity label yet
ethereum,4628.941674985837,UNKNOWN_WALLET,,,,,,,,MEDIUM,,,LOW_TO_MEDIUM,UNKNOWN_BOTH,MORALIS_RECONCILIATION,,2026-05-04,2026-05-04,Address from Moralis reconciliation — no entity label yet
ethereum,343.5010145207118,UNKNOWN_WALLET,,,,,,,,MEDIUM,,,LOW_TO_MEDIUM,UNKNOWN_BOTH,MORALIS_RECONCILIATION,,2026-05-04,2026-05-04,Address from Moralis reconciliation — no entity label yet
ethereum,0x89010a4b5ad9bc320fa83f28deaa4a4e180ff5f1,UNKNOWN_WALLET,,,,,,,,MEDIUM,,,LOW_TO_MEDIUM,UNKNOWN_BOTH,MORALIS_RECONCILIATION,,2026-05-04,2026-05-04,Address from Moralis reconciliation — no entity label yet
ethereum,1878.2296669960474,UNKNOWN_WALLET,,,,,,,,MEDIUM,,,LOW_TO_MEDIUM,UNKNOWN_BOTH,MORALIS_RECONCILIATION,,2026-05-04,2026-05-04,Address from Moralis reconciliation — no entity label yet
ethereum,12874.727430139032,UNKNOWN_WALLET,,,,,,,,MEDIUM,,,LOW_TO_MEDIUM,UNKNOWN_BOTH,MORALIS_RECONCILIATION,,2026-05-04,2026-05-04,Address from Moralis reconciliation — no entity label yet
ethereum,3792.652583702566,UNKNOWN_WALLET,,,,,,,,MEDIUM,,,LOW_TO_MEDIUM,UNKNOWN_BOTH,MORALIS_RECONCILIATION,,2026-05-04,2026-05-04,Address from Moralis reconciliation — no entity label yet
ethereum,3098.09,UNKNOWN_WALLET,,,,,,,,MEDIUM,,,LOW_TO_MEDIUM,UNKNOWN_BOTH,MORALIS_RECONCILIATION,,2026-05-04,2026-05-04,Address from Moralis reconciliation — no entity label yet
ethereum,13041.35836924411,UNKNOWN_WALLET,,,,,,,,MEDIUM,,,LOW_TO_MEDIUM,UNKNOWN_BOTH,MORALIS_RECONCILIATION,,2026-05-04,2026-05-04,Address from Moralis reconciliation — no entity label yet
ethereum,1189.7575907862035,UNKNOWN_WALLET,,,,,,,,MEDIUM,,,LOW_TO_MEDIUM,UNKNOWN_BOTH,MORALIS_RECONCILIATION,,2026-05-04,2026-05-04,Address from Moralis reconciliation — no entity label yet
ethereum,1491.3303506185619,UNKNOWN_WALLET,,,,,,,,MEDIUM,,,LOW_TO_MEDIUM,UNKNOWN_BOTH,MORALIS_RECONCILIATION,,2026-05-04,2026-05-04,Address from Moralis reconciliation — no entity label yet
ethereum,3144.8038320640453,UNKNOWN_WALLET,,,,,,,,MEDIUM,,,LOW_TO_MEDIUM,UNKNOWN_BOTH,MORALIS_RECONCILIATION,,2026-05-04,2026-05-04,Address from Moralis reconciliation — no entity label yet
ethereum,2822.874743703584,UNKNOWN_WALLET,,,,,,,,MEDIUM,,,LOW_TO_MEDIUM,UNKNOWN_BOTH,MORALIS_RECONCILIATION,,2026-05-04,2026-05-04,Address from Moralis reconciliation — no entity label yet
ethereum,1998.4268475638505,UNKNOWN_WALLET,,,,,,,,MEDIUM,,,LOW_TO_MEDIUM,UNKNOWN_BOTH,MORALIS_RECONCILIATION,,2026-05-04,2026-05-04,Address from Moralis reconciliation — no entity label yet
ethereum,1162,UNKNOWN_WALLET,,,,,,,,MEDIUM,,,LOW_TO_MEDIUM,UNKNOWN_BOTH,MORALIS_RECONCILIATION,,2026-05-04,2026-05-04,Address from Moralis reconciliation — no entity label yet
ethereum,752,UNKNOWN_WALLET,,,,,,,,MEDIUM,,,LOW_TO_MEDIUM,UNKNOWN_BOTH,MORALIS_RECONCILIATION,,2026-05-04,2026-05-04,Address from Moralis reconciliation — no entity label yet
ethereum,1570.729281327533,UNKNOWN_WALLET,,,,,,,,MEDIUM,,,LOW_TO_MEDIUM,UNKNOWN_BOTH,MORALIS_RECONCILIATION,,2026-05-04,2026-05-04,Address from Moralis reconciliation — no entity label yet
ethereum,2715.6507732760865,UNKNOWN_WALLET,,,,,,,,MEDIUM,,,LOW_TO_MEDIUM,UNKNOWN_BOTH,MORALIS_RECONCILIATION,,2026-05-04,2026-05-04,Address from Moralis reconciliation — no entity label yet
ethereum,4874.293328291769,UNKNOWN_WALLET,,,,,,,,MEDIUM,,,LOW_TO_MEDIUM,UNKNOWN_BOTH,MORALIS_RECONCILIATION,,2026-05-04,2026-05-04,Address from Moralis reconciliation — no entity label yet
ethereum,1610.1010495250769,UNKNOWN_WALLET,,,,,,,,MEDIUM,,,LOW_TO_MEDIUM,UNKNOWN_BOTH,MORALIS_RECONCILIATION,,2026-05-04,2026-05-04,Address from Moralis reconciliation — no entity label yet
ethereum,1984.8085163021656,UNKNOWN_WALLET,,,,,,,,MEDIUM,,,LOW_TO_MEDIUM,UNKNOWN_BOTH,MORALIS_RECONCILIATION,,2026-05-04,2026-05-04,Address from Moralis reconciliation — no entity label yet
ethereum,2873.402702953528,UNKNOWN_WALLET,,,,,,,,MEDIUM,,,LOW_TO_MEDIUM,UNKNOWN_BOTH,MORALIS_RECONCILIATION,,2026-05-04,2026-05-04,Address from Moralis reconciliation — no entity label yet
ethereum,2815.9525322394366,UNKNOWN_WALLET,,,,,,,,MEDIUM,,,LOW_TO_MEDIUM,UNKNOWN_BOTH,MORALIS_RECONCILIATION,,2026-05-04,2026-05-04,Address from Moralis reconciliation — no entity label yet
ethereum,1274.35999750092,UNKNOWN_WALLET,,,,,,,,MEDIUM,,,LOW_TO_MEDIUM,UNKNOWN_BOTH,MORALIS_RECONCILIATION,,2026-05-04,2026-05-04,Address from Moralis reconciliation — no entity label yet
ethereum,1479.7047588906428,UNKNOWN_WALLET,,,,,,,,MEDIUM,,,LOW_TO_MEDIUM,UNKNOWN_BOTH,MORALIS_RECONCILIATION,,2026-05-04,2026-05-04,Address from Moralis reconciliation — no entity label yet
ethereum,6847.858548962415,UNKNOWN_WALLET,,,,,,,,MEDIUM,,,LOW_TO_MEDIUM,UNKNOWN_BOTH,MORALIS_RECONCILIATION,,2026-05-04,2026-05-04,Address from Moralis reconciliation — no entity label yet
ethereum,8089.387017747605,UNKNOWN_WALLET,,,,,,,,MEDIUM,,,LOW_TO_MEDIUM,UNKNOWN_BOTH,MORALIS_RECONCILIATION,,2026-05-04,2026-05-04,Address from Moralis reconciliation — no entity label yet
ethereum,156.4580447970338,UNKNOWN_WALLET,,,,,,,,MEDIUM,,,LOW_TO_MEDIUM,UNKNOWN_BOTH,MORALIS_RECONCILIATION,,2026-05-04,2026-05-04,Address from Moralis reconciliation — no entity label yet
ethereum,1350.7423097062174,UNKNOWN_WALLET,,,,,,,,MEDIUM,,,LOW_TO_MEDIUM,UNKNOWN_BOTH,MORALIS_RECONCILIATION,,2026-05-04,2026-05-04,Address from Moralis reconciliation — no entity label yet
ethereum,6241.139521125978,UNKNOWN_WALLET,,,,,,,,MEDIUM,,,LOW_TO_MEDIUM,UNKNOWN_BOTH,MORALIS_RECONCILIATION,,2026-05-04,2026-05-04,Address from Moralis reconciliation — no entity label yet
ethereum,310,UNKNOWN_WALLET,,,,,,,,MEDIUM,,,LOW_TO_MEDIUM,UNKNOWN_BOTH,MORALIS_RECONCILIATION,,2026-05-04,2026-05-04,Address from Moralis reconciliation — no entity label yet
ethereum,0x60b97709d633dd4e0f0f44f6102fd50341c0afa6,UNKNOWN_WALLET,,,,,,,,MEDIUM,,,LOW_TO_MEDIUM,UNKNOWN_BOTH,MORALIS_RECONCILIATION,,2026-05-04,2026-05-04,Address from Moralis reconciliation — no entity label yet
ethereum,180,UNKNOWN_WALLET,,,,,,,,MEDIUM,,,LOW_TO_MEDIUM,UNKNOWN_BOTH,MORALIS_RECONCILIATION,,2026-05-04,2026-05-04,Address from Moralis reconciliation — no entity label yet
ethereum,3960.53935922904,UNKNOWN_WALLET,,,,,,,,MEDIUM,,,LOW_TO_MEDIUM,UNKNOWN_BOTH,MORALIS_RECONCILIATION,,2026-05-04,2026-05-04,Address from Moralis reconciliation — no entity label yet
ethereum,2715.6507988341145,UNKNOWN_WALLET,,,,,,,,MEDIUM,,,LOW_TO_MEDIUM,UNKNOWN_BOTH,MORALIS_RECONCILIATION,,2026-05-04,2026-05-04,Address from Moralis reconciliation — no entity label yet
ethereum,156.45815024079124,UNKNOWN_WALLET,,,,,,,,MEDIUM,,,LOW_TO_MEDIUM,UNKNOWN_BOTH,MORALIS_RECONCILIATION,,2026-05-04,2026-05-04,Address from Moralis reconciliation — no entity label yet
ethereum,0xf64a11d803562d5f7c86e4c94c19accc1c96c5fe,UNKNOWN_WALLET,,,,,,,,MEDIUM,,,LOW_TO_MEDIUM,UNKNOWN_BOTH,MORALIS_RECONCILIATION,,2026-05-04,2026-05-04,Address from Moralis reconciliation — no entity label yet
ethereum,998.9830922158899,UNKNOWN_WALLET,,,,,,,,MEDIUM,,,LOW_TO_MEDIUM,UNKNOWN_BOTH,MORALIS_RECONCILIATION,,2026-05-04,2026-05-04,Address from Moralis reconciliation — no entity label yet
ethereum,6112.195221193783,UNKNOWN_WALLET,,,,,,,,MEDIUM,,,LOW_TO_MEDIUM,UNKNOWN_BOTH,MORALIS_RECONCILIATION,,2026-05-04,2026-05-04,Address from Moralis reconciliation — no entity label yet
ethereum,667,UNKNOWN_WALLET,,,,,,,,MEDIUM,,,LOW_TO_MEDIUM,UNKNOWN_BOTH,MORALIS_RECONCILIATION,,2026-05-04,2026-05-04,Address from Moralis reconciliation — no entity label yet
ethereum,1275.961245534929,UNKNOWN_WALLET,,,,,,,,MEDIUM,,,LOW_TO_MEDIUM,UNKNOWN_BOTH,MORALIS_RECONCILIATION,,2026-05-04,2026-05-04,Address from Moralis reconciliation — no entity label yet
ethereum,1161.3420936047194,UNKNOWN_WALLET,,,,,,,,MEDIUM,,,LOW_TO_MEDIUM,UNKNOWN_BOTH,MORALIS_RECONCILIATION,,2026-05-04,2026-05-04,Address from Moralis reconciliation — no entity label yet
ethereum,282.2444816139971,UNKNOWN_WALLET,,,,,,,,MEDIUM,,,LOW_TO_MEDIUM,UNKNOWN_BOTH,MORALIS_RECONCILIATION,,2026-05-04,2026-05-04,Address from Moralis reconciliation — no entity label yet
ethereum,4269.821944316037,UNKNOWN_WALLET,,,,,,,,MEDIUM,,,LOW_TO_MEDIUM,UNKNOWN_BOTH,MORALIS_RECONCILIATION,,2026-05-04,2026-05-04,Address from Moralis reconciliation — no entity label yet
ethereum,631.5077107220105,UNKNOWN_WALLET,,,,,,,,MEDIUM,,,LOW_TO_MEDIUM,UNKNOWN_BOTH,MORALIS_RECONCILIATION,,2026-05-04,2026-05-04,Address from Moralis reconciliation — no entity label yet
ethereum,1604.2639412584901,UNKNOWN_WALLET,,,,,,,,MEDIUM,,,LOW_TO_MEDIUM,UNKNOWN_BOTH,MORALIS_RECONCILIATION,,2026-05-04,2026-05-04,Address from Moralis reconciliation — no entity label yet
ethereum,1000,UNKNOWN_WALLET,,,,,,,,MEDIUM,,,LOW_TO_MEDIUM,UNKNOWN_BOTH,MORALIS_RECONCILIATION,,2026-05-04,2026-05-04,Address from Moralis reconciliation — no entity label yet
ethereum,2388.9022283688946,UNKNOWN_WALLET,,,,,,,,MEDIUM,,,LOW_TO_MEDIUM,UNKNOWN_BOTH,MORALIS_RECONCILIATION,,2026-05-04,2026-05-04,Address from Moralis reconciliation — no entity label yet
ethereum,1855.6245322125008,UNKNOWN_WALLET,,,,,,,,MEDIUM,,,LOW_TO_MEDIUM,UNKNOWN_BOTH,MORALIS_RECONCILIATION,,2026-05-04,2026-05-04,Address from Moralis reconciliation — no entity label yet
ethereum,0x234b79d99b91bfde0239507bd3b46ecfe1224edc,UNKNOWN_WALLET,,,,,,,,MEDIUM,,,LOW_TO_MEDIUM,UNKNOWN_BOTH,MORALIS_RECONCILIATION,,2026-05-04,2026-05-04,Address from Moralis reconciliation — no entity label yet
ethereum,5000000,UNKNOWN_WALLET,,,,,,,,MEDIUM,,,LOW_TO_MEDIUM,UNKNOWN_BOTH,MORALIS_RECONCILIATION,,2026-05-04,2026-05-04,Address from Moralis reconciliation — no entity label yet
ethereum,0x700e0841ce0892969d2f9cf523c6298b3ef056a6,UNKNOWN_WALLET,,,,,,,,MEDIUM,,,LOW_TO_MEDIUM,UNKNOWN_BOTH,MORALIS_RECONCILIATION,,2026-05-04,2026-05-04,Address from Moralis reconciliation — no entity label yet
ethereum,10204351150,UNKNOWN_WALLET,,,,,,,,MEDIUM,,,LOW_TO_MEDIUM,UNKNOWN_BOTH,MORALIS_RECONCILIATION,,2026-05-04,2026-05-04,Address from Moralis reconciliation — no entity label yet
ethereum,0xcc282e2004428939ee5149a9e7872f0b4d5d5ec7,UNKNOWN_WALLET,,,,,,,,MEDIUM,,,LOW_TO_MEDIUM,UNKNOWN_BOTH,MORALIS_RECONCILIATION,,2026-05-04,2026-05-04,Address from Moralis reconciliation — no entity label yet
ethereum,205422209.95,UNKNOWN_WALLET,,,,,,,,MEDIUM,,,LOW_TO_MEDIUM,UNKNOWN_BOTH,MORALIS_RECONCILIATION,,2026-05-04,2026-05-04,Address from Moralis reconciliation — no entity label yet
ethereum,0x40638e9fe6005d9c1f8b7a7b4dec086707fdc84d,UNKNOWN_WALLET,,,,,,,,MEDIUM,,,LOW_TO_MEDIUM,UNKNOWN_BOTH,MORALIS_RECONCILIATION,,2026-05-04,2026-05-04,Address from Moralis reconciliation — no entity label yet
ethereum,1288775849.79,UNKNOWN_WALLET,,,,,,,,MEDIUM,,,LOW_TO_MEDIUM,UNKNOWN_BOTH,MORALIS_RECONCILIATION,,2026-05-04,2026-05-04,Address from Moralis reconciliation — no entity label yet
ethereum,0xe40d7f9ca3d1cf3a4f6f64659c3a7341b5d59455,UNKNOWN_WALLET,,,,,,,,MEDIUM,,,LOW_TO_MEDIUM,UNKNOWN_BOTH,MORALIS_RECONCILIATION,,2026-05-04,2026-05-04,Address from Moralis reconciliation — no entity label yet
ethereum,802592407.135313,UNKNOWN_WALLET,,,,,,,,MEDIUM,,,LOW_TO_MEDIUM,UNKNOWN_BOTH,MORALIS_RECONCILIATION,,2026-05-04,2026-05-04,Address from Moralis reconciliation — no entity label yet
ethereum,0x673c222ba751cad3a304c9a688d6d171a03aec77,UNKNOWN_WALLET,,,,,,,,MEDIUM,,,LOW_TO_MEDIUM,UNKNOWN_BOTH,MORALIS_RECONCILIATION,,2026-05-04,2026-05-04,Address from Moralis reconciliation — no entity label yet
ethereum,2914339.960893188,UNKNOWN_WALLET,,,,,,,,MEDIUM,,,LOW_TO_MEDIUM,UNKNOWN_BOTH,MORALIS_RECONCILIATION,,2026-05-04,2026-05-04,Address from Moralis reconciliation — no entity label yet
ethereum,0x709650a2d55536c7b5db983a5fb59718158537af,UNKNOWN_WALLET,,,,,,,,MEDIUM,,,LOW_TO_MEDIUM,UNKNOWN_BOTH,MORALIS_RECONCILIATION,,2026-05-04,2026-05-04,Address from Moralis reconciliation — no entity label yet
ethereum,13426833.83806972,UNKNOWN_WALLET,,,,,,,,MEDIUM,,,LOW_TO_MEDIUM,UNKNOWN_BOTH,MORALIS_RECONCILIATION,,2026-05-04,2026-05-04,Address from Moralis reconciliation — no entity label yet
ethereum,0x187fe1a8b76c60b85c00a2819152ff00ff642386,UNKNOWN_WALLET,,,,,,,,MEDIUM,,,LOW_TO_MEDIUM,UNKNOWN_BOTH,MORALIS_RECONCILIATION,,2026-05-04,2026-05-04,Address from Moralis reconciliation — no entity label yet
ethereum,940179840.7810696,UNKNOWN_WALLET,,,,,,,,MEDIUM,,,LOW_TO_MEDIUM,UNKNOWN_BOTH,MORALIS_RECONCILIATION,,2026-05-04,2026-05-04,Address from Moralis reconciliation — no entity label yet
ethereum,0x5c3229833cb5368dc912142d0c0cc5349c75c2b8,UNKNOWN_WALLET,,,,,,,,MEDIUM,,,LOW_TO_MEDIUM,UNKNOWN_BOTH,MORALIS_RECONCILIATION,,2026-05-04,2026-05-04,Address from Moralis reconciliation — no entity label yet
ethereum,31202781.520000003,UNKNOWN_WALLET,,,,,,,,MEDIUM,,,LOW_TO_MEDIUM,UNKNOWN_BOTH,MORALIS_RECONCILIATION,,2026-05-04,2026-05-04,Address from Moralis reconciliation — no entity label yet
ethereum,0x88bbcaeeaf0dca4ad50e8aab9387cd78c60be758,UNKNOWN_WALLET,,,,,,,,MEDIUM,,,LOW_TO_MEDIUM,UNKNOWN_BOTH,MORALIS_RECONCILIATION,,2026-05-04,2026-05-04,Address from Moralis reconciliation — no entity label yet
ethereum,878891070.24,UNKNOWN_WALLET,,,,,,,,MEDIUM,,,LOW_TO_MEDIUM,UNKNOWN_BOTH,MORALIS_RECONCILIATION,,2026-05-04,2026-05-04,Address from Moralis reconciliation — no entity label yet
ethereum,1204683168.367285,UNKNOWN_WALLET,,,,,,,,MEDIUM,,,LOW_TO_MEDIUM,UNKNOWN_BOTH,MORALIS_RECONCILIATION,,2026-05-04,2026-05-04,Address from Moralis reconciliation — no entity label yet
ethereum,0xe189e3c9888374a72543831f99da325ec43ccd21,UNKNOWN_WALLET,,,,,,,,MEDIUM,,,LOW_TO_MEDIUM,UNKNOWN_BOTH,MORALIS_RECONCILIATION,,2026-05-04,2026-05-04,Address from Moralis reconciliation — no entity label yet
ethereum,88388625.61428139,UNKNOWN_WALLET,,,,,,,,MEDIUM,,,LOW_TO_MEDIUM,UNKNOWN_BOTH,MORALIS_RECONCILIATION,,2026-05-04,2026-05-04,Address from Moralis reconciliation — no entity label yet
ethereum,118922977.94,UNKNOWN_WALLET,,,,,,,,MEDIUM,,,LOW_TO_MEDIUM,UNKNOWN_BOTH,MORALIS_RECONCILIATION,,2026-05-04,2026-05-04,Address from Moralis reconciliation — no entity label yet
ethereum,89142620,UNKNOWN_WALLET,,,,,,,,MEDIUM,,,LOW_TO_MEDIUM,UNKNOWN_BOTH,MORALIS_RECONCILIATION,,2026-05-04,2026-05-04,Address from Moralis reconciliation — no entity label yet
ethereum,62173532639.77483,UNKNOWN_WALLET,,,,,,,,MEDIUM,,,LOW_TO_MEDIUM,UNKNOWN_BOTH,MORALIS_RECONCILIATION,,2026-05-04,2026-05-04,Address from Moralis reconciliation — no entity label yet
ethereum,0x6a95fc8dfc606c5585248a56830a14efa6245560,UNKNOWN_WALLET,,,,,,,,MEDIUM,,,LOW_TO_MEDIUM,UNKNOWN_BOTH,MORALIS_RECONCILIATION,,2026-05-04,2026-05-04,Address from Moralis reconciliation — no entity label yet
ethereum,30326967.020310026,UNKNOWN_WALLET,,,,,,,,MEDIUM,,,LOW_TO_MEDIUM,UNKNOWN_BOTH,MORALIS_RECONCILIATION,,2026-05-04,2026-05-04,Address from Moralis reconciliation — no entity label yet
ethereum,0xa046fdd5dd224ba5498f7821a757c4b67622db2b,UNKNOWN_WALLET,,,,,,,,MEDIUM,,,LOW_TO_MEDIUM,UNKNOWN_BOTH,MORALIS_RECONCILIATION,,2026-05-04,2026-05-04,Address from Moralis reconciliation — no entity label yet
ethereum,1539434994.3500001,UNKNOWN_WALLET,,,,,,,,MEDIUM,,,LOW_TO_MEDIUM,UNKNOWN_BOTH,MORALIS_RECONCILIATION,,2026-05-04,2026-05-04,Address from Moralis reconciliation — no entity label yet
ethereum,0xef89bf4936958bac4379d39d10761dcf3499115b,UNKNOWN_WALLET,,,,,,,,MEDIUM,,,LOW_TO_MEDIUM,UNKNOWN_BOTH,MORALIS_RECONCILIATION,,2026-05-04,2026-05-04,Address from Moralis reconciliation — no entity label yet
ethereum,18482802.5,UNKNOWN_WALLET,,,,,,,,MEDIUM,,,LOW_TO_MEDIUM,UNKNOWN_BOTH,MORALIS_RECONCILIATION,,2026-05-04,2026-05-04,Address from Moralis reconciliation — no entity label yet
ethereum,0x2cff890f0378a11913b6129b2e97417a2c302680,UNKNOWN_WALLET,,,,,,,,MEDIUM,,,LOW_TO_MEDIUM,UNKNOWN_BOTH,MORALIS_RECONCILIATION,,2026-05-04,2026-05-04,Address from Moralis reconciliation — no entity label yet
ethereum,581233994.405194,UNKNOWN_WALLET,,,,,,,,MEDIUM,,,LOW_TO_MEDIUM,UNKNOWN_BOTH,MORALIS_RECONCILIATION,,2026-05-04,2026-05-04,Address from Moralis reconciliation — no entity label yet
ethereum,0xa03400e098f4421b34a3a44a1b4e571419517687,UNKNOWN_WALLET,,,,,,,,MEDIUM,,,LOW_TO_MEDIUM,UNKNOWN_BOTH,MORALIS_RECONCILIATION,,2026-05-04,2026-05-04,Address from Moralis reconciliation — no entity label yet
ethereum,16204000000,UNKNOWN_WALLET,,,,,,,,MEDIUM,,,LOW_TO_MEDIUM,UNKNOWN_BOTH,MORALIS_RECONCILIATION,,2026-05-04,2026-05-04,Address from Moralis reconciliation — no entity label yet
ethereum,0x2188539ffe6c715d515cb08902cd7c4b21584728,UNKNOWN_WALLET,,,,,,,,MEDIUM,,,LOW_TO_MEDIUM,UNKNOWN_BOTH,MORALIS_RECONCILIATION,,2026-05-04,2026-05-04,Address from Moralis reconciliation — no entity label yet
ethereum,0x04564c0e34c0fb68a2dc27fbae7f42c24f6c8f52,UNKNOWN_WALLET,,,,,,,,MEDIUM,,,LOW_TO_MEDIUM,UNKNOWN_BOTH,MORALIS_RECONCILIATION,,2026-05-04,2026-05-04,Address from Moralis reconciliation — no entity label yet
ethereum,12143904.346277153,UNKNOWN_WALLET,,,,,,,,MEDIUM,,,LOW_TO_MEDIUM,UNKNOWN_BOTH,MORALIS_RECONCILIATION,,2026-05-04,2026-05-04,Address from Moralis reconciliation — no entity label yet
ethereum,0xc4d50263c1e89b65b63c830ff93fadc957064fa4,UNKNOWN_WALLET,,,,,,,,MEDIUM,,,LOW_TO_MEDIUM,UNKNOWN_BOTH,MORALIS_RECONCILIATION,,2026-05-04,2026-05-04,Address from Moralis reconciliation — no entity label yet
ethereum,13881000,UNKNOWN_WALLET,,,,,,,,MEDIUM,,,LOW_TO_MEDIUM,UNKNOWN_BOTH,MORALIS_RECONCILIATION,,2026-05-04,2026-05-04,Address from Moralis reconciliation — no entity label yet
ethereum,0x00000000009726632680fb29d3f7a9734e3010e2,UNKNOWN_WALLET,,,,,,,,MEDIUM,,,LOW_TO_MEDIUM,UNKNOWN_BOTH,MORALIS_RECONCILIATION,,2026-05-04,2026-05-04,Address from Moralis reconciliation — no entity label yet
ethereum,14000000,UNKNOWN_WALLET,,,,,,,,MEDIUM,,,LOW_TO_MEDIUM,UNKNOWN_BOTH,MORALIS_RECONCILIATION,,2026-05-04,2026-05-04,Address from Moralis reconciliation — no entity label yet
ethereum,49625188013,UNKNOWN_WALLET,,,,,,,,MEDIUM,,,LOW_TO_MEDIUM,UNKNOWN_BOTH,MORALIS_RECONCILIATION,,2026-05-04,2026-05-04,Address from Moralis reconciliation — no entity label yet
ethereum,0x76723cbf567a895df82c44576a86b2deda559114,UNKNOWN_WALLET,,,,,,,,MEDIUM,,,LOW_TO_MEDIUM,UNKNOWN_BOTH,MORALIS_RECONCILIATION,,2026-05-04,2026-05-04,Address from Moralis reconciliation — no entity label yet
ethereum,26244482.990000002,UNKNOWN_WALLET,,,,,,,,MEDIUM,,,LOW_TO_MEDIUM,UNKNOWN_BOTH,MORALIS_RECONCILIATION,,2026-05-04,2026-05-04,Address from Moralis reconciliation — no entity label yet
ethereum,0xd83cb8f46517bf6b0a45a0ed9ed8f7f490b755d9,UNKNOWN_WALLET,,,,,,,,MEDIUM,,,LOW_TO_MEDIUM,UNKNOWN_BOTH,MORALIS_RECONCILIATION,,2026-05-04,2026-05-04,Address from Moralis reconciliation — no entity label yet
ethereum,0x400610a57fcd11027f240e5cef4b67c3fcdddfa4,UNKNOWN_WALLET,,,,,,,,MEDIUM,,,LOW_TO_MEDIUM,UNKNOWN_BOTH,MORALIS_RECONCILIATION,,2026-05-04,2026-05-04,Address from Moralis reconciliation — no entity label yet
ethereum,0xeae7380dd4cef6fbd1144f49e4d1e6964258a4f4,UNKNOWN_WALLET,,,,,,,,MEDIUM,,,LOW_TO_MEDIUM,UNKNOWN_BOTH,MORALIS_RECONCILIATION,,2026-05-04,2026-05-04,Address from Moralis reconciliation — no entity label yet
ethereum,0xcfbbfd5deaa69ac632cfef80fcce21c6d3cf4539,UNKNOWN_WALLET,,,,,,,,MEDIUM,,,LOW_TO_MEDIUM,UNKNOWN_BOTH,MORALIS_RECONCILIATION,,2026-05-04,2026-05-04,Address from Moralis reconciliation — no entity label yet
ethereum,2949.852497,UNKNOWN_WALLET,,,,,,,,MEDIUM,,,LOW_TO_MEDIUM,UNKNOWN_BOTH,MORALIS_RECONCILIATION,,2026-05-04,2026-05-04,Address from Moralis reconciliation — no entity label yet
ethereum,0xb9ed8f6c64af1b070f880768900a6574fb699aa2,UNKNOWN_WALLET,,,,,,,,MEDIUM,,,LOW_TO_MEDIUM,UNKNOWN_BOTH,MORALIS_RECONCILIATION,,2026-05-04,2026-05-04,Address from Moralis reconciliation — no entity label yet
ethereum,7051962.626,UNKNOWN_WALLET,,,,,,,,MEDIUM,,,LOW_TO_MEDIUM,UNKNOWN_BOTH,MORALIS_RECONCILIATION,,2026-05-04,2026-05-04,Address from Moralis reconciliation — no entity label yet
ethereum,0xbb651928bb318e448738b09657026a84fe3f990b,UNKNOWN_WALLET,,,,,,,,MEDIUM,,,LOW_TO_MEDIUM,UNKNOWN_BOTH,MORALIS_RECONCILIATION,,2026-05-04,2026-05-04,Address from Moralis reconciliation — no entity label yet
ethereum,32208033,UNKNOWN_WALLET,,,,,,,,MEDIUM,,,LOW_TO_MEDIUM,UNKNOWN_BOTH,MORALIS_RECONCILIATION,,2026-05-04,2026-05-04,Address from Moralis reconciliation — no entity label yet
ethereum,0xb3a46df1b8ca4dc7edf5cde4f42aeca73e85621f,UNKNOWN_WALLET,,,,,,,,MEDIUM,,,LOW_TO_MEDIUM,UNKNOWN_BOTH,MORALIS_RECONCILIATION,,2026-05-04,2026-05-04,Address from Moralis reconciliation — no entity label yet
ethereum,28388,UNKNOWN_WALLET,,,,,,,,MEDIUM,,,LOW_TO_MEDIUM,UNKNOWN_BOTH,MORALIS_RECONCILIATION,,2026-05-04,2026-05-04,Address from Moralis reconciliation — no entity label yet
ethereum,0x773ff93b417cd02436f4fa0913b07c9d4d2fbb58,UNKNOWN_WALLET,,,,,,,,MEDIUM,,,LOW_TO_MEDIUM,UNKNOWN_BOTH,MORALIS_RECONCILIATION,,2026-05-04,2026-05-04,Address from Moralis reconciliation — no entity label yet
ethereum,55973014.790199995,UNKNOWN_WALLET,,,,,,,,MEDIUM,,,LOW_TO_MEDIUM,UNKNOWN_BOTH,MORALIS_RECONCILIATION,,2026-05-04,2026-05-04,Address from Moralis reconciliation — no entity label yet
ethereum,0x35270eb3f073745f2eb79ad71a8214911b3202d1,UNKNOWN_WALLET,,,,,,,,MEDIUM,,,LOW_TO_MEDIUM,UNKNOWN_BOTH,MORALIS_RECONCILIATION,,2026-05-04,2026-05-04,Address from Moralis reconciliation — no entity label yet
ethereum,2839574.453161511,UNKNOWN_WALLET,,,,,,,,MEDIUM,,,LOW_TO_MEDIUM,UNKNOWN_BOTH,MORALIS_RECONCILIATION,,2026-05-04,2026-05-04,Address from Moralis reconciliation — no entity label yet
ethereum,0x781d08fbeaa911cecaf5d2fa637c96353280a6c0,UNKNOWN_WALLET,,,,,,,,MEDIUM,,,LOW_TO_MEDIUM,UNKNOWN_BOTH,MORALIS_RECONCILIATION,,2026-05-04,2026-05-04,Address from Moralis reconciliation — no entity label yet
ethereum,13553738.309999999,UNKNOWN_WALLET,,,,,,,,MEDIUM,,,LOW_TO_MEDIUM,UNKNOWN_BOTH,MORALIS_RECONCILIATION,,2026-05-04,2026-05-04,Address from Moralis reconciliation — no entity label yet
ethereum,0x5ac1149b71527c884649daf3c73c6c08e7e272fe,UNKNOWN_WALLET,,,,,,,,MEDIUM,,,LOW_TO_MEDIUM,UNKNOWN_BOTH,MORALIS_RECONCILIATION,,2026-05-04,2026-05-04,Address from Moralis reconciliation — no entity label yet
ethereum,28550674.578870118,UNKNOWN_WALLET,,,,,,,,MEDIUM,,,LOW_TO_MEDIUM,UNKNOWN_BOTH,MORALIS_RECONCILIATION,,2026-05-04,2026-05-04,Address from Moralis reconciliation — no entity label yet
ethereum,0x709de0b97e369661c99ad54f2b858139897d3dba,UNKNOWN_WALLET,,,,,,,,MEDIUM,,,LOW_TO_MEDIUM,UNKNOWN_BOTH,MORALIS_RECONCILIATION,,2026-05-04,2026-05-04,Address from Moralis reconciliation — no entity label yet
ethereum,0x37e945ed26b17a631d7df3382c2808cc1c7f07ed,UNKNOWN_WALLET,,,,,,,,MEDIUM,,,LOW_TO_MEDIUM,UNKNOWN_BOTH,MORALIS_RECONCILIATION,,2026-05-04,2026-05-04,Address from Moralis reconciliation — no entity label yet
ethereum,85909.75299559715,UNKNOWN_WALLET,,,,,,,,MEDIUM,,,LOW_TO_MEDIUM,UNKNOWN_BOTH,MORALIS_RECONCILIATION,,2026-05-04,2026-05-04,Address from Moralis reconciliation — no entity label yet
ethereum,0x6487986a78b126538746937fbd25516971129b3a,UNKNOWN_WALLET,,,,,,,,MEDIUM,,,LOW_TO_MEDIUM,UNKNOWN_BOTH,MORALIS_RECONCILIATION,,2026-05-04,2026-05-04,Address from Moralis reconciliation — no entity label yet
ethereum,28636584.331865717,UNKNOWN_WALLET,,,,,,,,MEDIUM,,,LOW_TO_MEDIUM,UNKNOWN_BOTH,MORALIS_RECONCILIATION,,2026-05-04,2026-05-04,Address from Moralis reconciliation — no entity label yet
ethereum,608680045.9000001,UNKNOWN_WALLET,,,,,,,,MEDIUM,,,LOW_TO_MEDIUM,UNKNOWN_BOTH,MORALIS_RECONCILIATION,,2026-05-04,2026-05-04,Address from Moralis reconciliation — no entity label yet
ethereum,0xb824b5f459e7ea0f464b11837295af3314658ec5,UNKNOWN_WALLET,,,,,,,,MEDIUM,,,LOW_TO_MEDIUM,UNKNOWN_BOTH,MORALIS_RECONCILIATION,,2026-05-04,2026-05-04,Address from Moralis reconciliation — no entity label yet
ethereum,953883975.4104278,UNKNOWN_WALLET,,,,,,,,MEDIUM,,,LOW_TO_MEDIUM,UNKNOWN_BOTH,MORALIS_RECONCILIATION,,2026-05-04,2026-05-04,Address from Moralis reconciliation — no entity label yet
ethereum,0x7a40491b2cb2be4f713c22eb46d900d69c57fd94,UNKNOWN_WALLET,,,,,,,,MEDIUM,,,LOW_TO_MEDIUM,UNKNOWN_BOTH,MORALIS_RECONCILIATION,,2026-05-04,2026-05-04,Address from Moralis reconciliation — no entity label yet
ethereum,633595.29,UNKNOWN_WALLET,,,,,,,,MEDIUM,,,LOW_TO_MEDIUM,UNKNOWN_BOTH,MORALIS_RECONCILIATION,,2026-05-04,2026-05-04,Address from Moralis reconciliation — no entity label yet
ethereum,0x71956a1cd5a4233177f7bf9a2d5778851e201934,UNKNOWN_WALLET,,,,,,,,MEDIUM,,,LOW_TO_MEDIUM,UNKNOWN_BOTH,MORALIS_RECONCILIATION,,2026-05-04,2026-05-04,Address from Moralis reconciliation — no entity label yet
ethereum,6939722689.656172,UNKNOWN_WALLET,,,,,,,,MEDIUM,,,LOW_TO_MEDIUM,UNKNOWN_BOTH,MORALIS_RECONCILIATION,,2026-05-04,2026-05-04,Address from Moralis reconciliation — no entity label yet
ethereum,0x4a4aaa0155237881fbd5c34bfae16e985a7b068d,UNKNOWN_WALLET,,,,,,,,MEDIUM,,,LOW_TO_MEDIUM,UNKNOWN_BOTH,MORALIS_RECONCILIATION,,2026-05-04,2026-05-04,Address from Moralis reconciliation — no entity label yet
ethereum,10764561945,UNKNOWN_WALLET,,,,,,,,MEDIUM,,,LOW_TO_MEDIUM,UNKNOWN_BOTH,MORALIS_RECONCILIATION,,2026-05-04,2026-05-04,Address from Moralis reconciliation — no entity label yet
ethereum,13000000,UNKNOWN_WALLET,,,,,,,,MEDIUM,,,LOW_TO_MEDIUM,UNKNOWN_BOTH,MORALIS_RECONCILIATION,,2026-05-04,2026-05-04,Address from Moralis reconciliation — no entity label yet
ethereum,0x0b0f7ebf967146566799229394171fc47f1a765a,UNKNOWN_WALLET,,,,,,,,MEDIUM,,,LOW_TO_MEDIUM,UNKNOWN_BOTH,MORALIS_RECONCILIATION,,2026-05-04,2026-05-04,Address from Moralis reconciliation — no entity label yet
ethereum,6638450385,UNKNOWN_WALLET,,,,,,,,MEDIUM,,,LOW_TO_MEDIUM,UNKNOWN_BOTH,MORALIS_RECONCILIATION,,2026-05-04,2026-05-04,Address from Moralis reconciliation — no entity label yet
ethereum,448172825.99,UNKNOWN_WALLET,,,,,,,,MEDIUM,,,LOW_TO_MEDIUM,UNKNOWN_BOTH,MORALIS_RECONCILIATION,,2026-05-04,2026-05-04,Address from Moralis reconciliation — no entity label yet
ethereum,15277069.4,UNKNOWN_WALLET,,,,,,,,MEDIUM,,,LOW_TO_MEDIUM,UNKNOWN_BOTH,MORALIS_RECONCILIATION,,2026-05-04,2026-05-04,Address from Moralis reconciliation — no entity label yet
ethereum,0xff2326584d2aa404a4d077e873585e448f6a62dc,UNKNOWN_WALLET,,,,,,,,MEDIUM,,,LOW_TO_MEDIUM,UNKNOWN_BOTH,MORALIS_RECONCILIATION,,2026-05-04,2026-05-04,Address from Moralis reconciliation — no entity label yet
ethereum,1109392.57,UNKNOWN_WALLET,,,,,,,,MEDIUM,,,LOW_TO_MEDIUM,UNKNOWN_BOTH,MORALIS_RECONCILIATION,,2026-05-04,2026-05-04,Address from Moralis reconciliation — no entity label yet
ethereum,0xbc8a0f5e41857292d12ef620e2a5895ce65a5ce0,UNKNOWN_WALLET,,,,,,,,MEDIUM,,,LOW_TO_MEDIUM,UNKNOWN_BOTH,MORALIS_RECONCILIATION,,2026-05-04,2026-05-04,Address from Moralis reconciliation — no entity label yet
ethereum,0x37e78fc12bce74d757747a0c8ebff207107546f2,UNKNOWN_WALLET,,,,,,,,MEDIUM,,,LOW_TO_MEDIUM,UNKNOWN_BOTH,MORALIS_RECONCILIATION,,2026-05-04,2026-05-04,Address from Moralis reconciliation — no entity label yet
ethereum,6074067333,UNKNOWN_WALLET,,,,,,,,MEDIUM,,,LOW_TO_MEDIUM,UNKNOWN_BOTH,MORALIS_RECONCILIATION,,2026-05-04,2026-05-04,Address from Moralis reconciliation — no entity label yet
ethereum,0x51c72848c68a965f66fa7a88855f9f7784502a7f,UNKNOWN_WALLET,,,,,,,,MEDIUM,,,LOW_TO_MEDIUM,UNKNOWN_BOTH,MORALIS_RECONCILIATION,,2026-05-04,2026-05-04,Address from Moralis reconciliation — no entity label yet
ethereum,48821139.163267516,UNKNOWN_WALLET,,,,,,,,MEDIUM,,,LOW_TO_MEDIUM,UNKNOWN_BOTH,MORALIS_RECONCILIATION,,2026-05-04,2026-05-04,Address from Moralis reconciliation — no entity label yet
ethereum,2061178361.7530024,UNKNOWN_WALLET,,,,,,,,MEDIUM,,,LOW_TO_MEDIUM,UNKNOWN_BOTH,MORALIS_RECONCILIATION,,2026-05-04,2026-05-04,Address from Moralis reconciliation — no entity label yet
ethereum,0x1d4cadf02a0dcacb8715b75105a8bb9a6c2e3261,UNKNOWN_WALLET,,,,,,,,MEDIUM,,,LOW_TO_MEDIUM,UNKNOWN_BOTH,MORALIS_RECONCILIATION,,2026-05-04,2026-05-04,Address from Moralis reconciliation — no entity label yet
ethereum,191242730.93399242,UNKNOWN_WALLET,,,,,,,,MEDIUM,,,LOW_TO_MEDIUM,UNKNOWN_BOTH,MORALIS_RECONCILIATION,,2026-05-04,2026-05-04,Address from Moralis reconciliation — no entity label yet
ethereum,555095428.5218095,UNKNOWN_WALLET,,,,,,,,MEDIUM,,,LOW_TO_MEDIUM,UNKNOWN_BOTH,MORALIS_RECONCILIATION,,2026-05-04,2026-05-04,Address from Moralis reconciliation — no entity label yet
ethereum,0x56c78aef15f05e7fa53a0ffd8591156f48027006,UNKNOWN_WALLET,,,,,,,,MEDIUM,,,LOW_TO_MEDIUM,UNKNOWN_BOTH,MORALIS_RECONCILIATION,,2026-05-04,2026-05-04,Address from Moralis reconciliation — no entity label yet
ethereum,597679887.58,UNKNOWN_WALLET,,,,,,,,MEDIUM,,,LOW_TO_MEDIUM,UNKNOWN_BOTH,MORALIS_RECONCILIATION,,2026-05-04,2026-05-04,Address from Moralis reconciliation — no entity label yet
ethereum,817964.7,UNKNOWN_WALLET,,,,,,,,MEDIUM,,,LOW_TO_MEDIUM,UNKNOWN_BOTH,MORALIS_RECONCILIATION,,2026-05-04,2026-05-04,Address from Moralis reconciliation — no entity label yet
ethereum,0x1ee0705738e3d0f8b498209cf333cfbe48c1aa0f,UNKNOWN_WALLET,,,,,,,,MEDIUM,,,LOW_TO_MEDIUM,UNKNOWN_BOTH,MORALIS_RECONCILIATION,,2026-05-04,2026-05-04,Address from Moralis reconciliation — no entity label yet
ethereum,37658174.35,UNKNOWN_WALLET,,,,,,,,MEDIUM,,,LOW_TO_MEDIUM,UNKNOWN_BOTH,MORALIS_RECONCILIATION,,2026-05-04,2026-05-04,Address from Moralis reconciliation — no entity label yet
ethereum,0xc4fd2126028d28cba53bd5ba65ff9186c9d44bca,UNKNOWN_WALLET,,,,,,,,MEDIUM,,,LOW_TO_MEDIUM,UNKNOWN_BOTH,MORALIS_RECONCILIATION,,2026-05-04,2026-05-04,Address from Moralis reconciliation — no entity label yet
ethereum,1557475.58,UNKNOWN_WALLET,,,,,,,,MEDIUM,,,LOW_TO_MEDIUM,UNKNOWN_BOTH,MORALIS_RECONCILIATION,,2026-05-04,2026-05-04,Address from Moralis reconciliation — no entity label yet
ethereum,0x91d40e4818f4d4c57b4578d9eca6afc92ac8debe,UNKNOWN_WALLET,,,,,,,,MEDIUM,,,LOW_TO_MEDIUM,UNKNOWN_BOTH,MORALIS_RECONCILIATION,,2026-05-04,2026-05-04,Address from Moralis reconciliation — no entity label yet
ethereum,398715970.15999997,UNKNOWN_WALLET,,,,,,,,MEDIUM,,,LOW_TO_MEDIUM,UNKNOWN_BOTH,MORALIS_RECONCILIATION,,2026-05-04,2026-05-04,Address from Moralis reconciliation — no entity label yet
ethereum,0xf1e6428ecfdd246b4ae11046e7e63730d4a05bce,UNKNOWN_WALLET,,,,,,,,MEDIUM,,,LOW_TO_MEDIUM,UNKNOWN_BOTH,MORALIS_RECONCILIATION,,2026-05-04,2026-05-04,Address from Moralis reconciliation — no entity label yet
ethereum,0x48a764da83e07bb8d5695775fb30934356b5ec7a,UNKNOWN_WALLET,,,,,,,,MEDIUM,,,LOW_TO_MEDIUM,UNKNOWN_BOTH,MORALIS_RECONCILIATION,,2026-05-04,2026-05-04,Address from Moralis reconciliation — no entity label yet
ethereum,23847699.643793333,UNKNOWN_WALLET,,,,,,,,MEDIUM,,,LOW_TO_MEDIUM,UNKNOWN_BOTH,MORALIS_RECONCILIATION,,2026-05-04,2026-05-04,Address from Moralis reconciliation — no entity label yet
ethereum,0xb2170202b050f0549b9d9733f8258bc917346f98,UNKNOWN_WALLET,,,,,,,,MEDIUM,,,LOW_TO_MEDIUM,UNKNOWN_BOTH,MORALIS_RECONCILIATION,,2026-05-04,2026-05-04,Address from Moralis reconciliation — no entity label yet
ethereum,8619237,UNKNOWN_WALLET,,,,,,,,MEDIUM,,,LOW_TO_MEDIUM,UNKNOWN_BOTH,MORALIS_RECONCILIATION,,2026-05-04,2026-05-04,Address from Moralis reconciliation — no entity label yet
ethereum,3140000000,UNKNOWN_WALLET,,,,,,,,MEDIUM,,,LOW_TO_MEDIUM,UNKNOWN_BOTH,MORALIS_RECONCILIATION,,2026-05-04,2026-05-04,Address from Moralis reconciliation — no entity label yet
ethereum,1000000,UNKNOWN_WALLET,,,,,,,,MEDIUM,,,LOW_TO_MEDIUM,UNKNOWN_BOTH,MORALIS_RECONCILIATION,,2026-05-04,2026-05-04,Address from Moralis reconciliation — no entity label yet
ethereum,424440592,UNKNOWN_WALLET,,,,,,,,MEDIUM,,,LOW_TO_MEDIUM,UNKNOWN_BOTH,MORALIS_RECONCILIATION,,2026-05-04,2026-05-04,Address from Moralis reconciliation — no entity label yet
ethereum,0x1422ad723a29884de02904dadd67b0219d9daf66,UNKNOWN_WALLET,,,,,,,,MEDIUM,,,LOW_TO_MEDIUM,UNKNOWN_BOTH,MORALIS_RECONCILIATION,,2026-05-04,2026-05-04,Address from Moralis reconciliation — no entity label yet
ethereum,500716878.48112345,UNKNOWN_WALLET,,,,,,,,MEDIUM,,,LOW_TO_MEDIUM,UNKNOWN_BOTH,MORALIS_RECONCILIATION,,2026-05-04,2026-05-04,Address from Moralis reconciliation — no entity label yet
ethereum,0x922164bbbd36acf9e854acbbf32facc949fcaeef,UNKNOWN_WALLET,,,,,,,,MEDIUM,,,LOW_TO_MEDIUM,UNKNOWN_BOTH,MORALIS_RECONCILIATION,,2026-05-04,2026-05-04,Address from Moralis reconciliation — no entity label yet
ethereum,200366.89815171008,UNKNOWN_WALLET,,,,,,,,MEDIUM,,,LOW_TO_MEDIUM,UNKNOWN_BOTH,MORALIS_RECONCILIATION,,2026-05-04,2026-05-04,Address from Moralis reconciliation — no entity label yet
ethereum,0xa8f8296f4053fd65e89b245d6c7f983a70234c8b,UNKNOWN_WALLET,,,,,,,,MEDIUM,,,LOW_TO_MEDIUM,UNKNOWN_BOTH,MORALIS_RECONCILIATION,,2026-05-04,2026-05-04,Address from Moralis reconciliation — no entity label yet
ethereum,500917245.3792752,UNKNOWN_WALLET,,,,,,,,MEDIUM,,,LOW_TO_MEDIUM,UNKNOWN_BOTH,MORALIS_RECONCILIATION,,2026-05-04,2026-05-04,Address from Moralis reconciliation — no entity label yet
ethereum,0xf25622d22de40a989fb68315bd2984e008608377,UNKNOWN_WALLET,,,,,,,,MEDIUM,,,LOW_TO_MEDIUM,UNKNOWN_BOTH,MORALIS_RECONCILIATION,,2026-05-04,2026-05-04,Address from Moralis reconciliation — no entity label yet
ethereum,716549.43,UNKNOWN_WALLET,,,,,,,,MEDIUM,,,LOW_TO_MEDIUM,UNKNOWN_BOTH,MORALIS_RECONCILIATION,,2026-05-04,2026-05-04,Address from Moralis reconciliation — no entity label yet
ethereum,0x4201fb8d404d652e664b1976a3cb5ce1c4e00a8b,UNKNOWN_WALLET,,,,,,,,MEDIUM,,,LOW_TO_MEDIUM,UNKNOWN_BOTH,MORALIS_RECONCILIATION,,2026-05-04,2026-05-04,Address from Moralis reconciliation — no entity label yet
ethereum,117172.13501915606,UNKNOWN_WALLET,,,,,,,,MEDIUM,,,LOW_TO_MEDIUM,UNKNOWN_BOTH,MORALIS_RECONCILIATION,,2026-05-04,2026-05-04,Address from Moralis reconciliation — no entity label yet
ethereum,0x396e642e23ae91de88dae0fff5f089ce95e64996,UNKNOWN_WALLET,,,,,,,,MEDIUM,,,LOW_TO_MEDIUM,UNKNOWN_BOTH,MORALIS_RECONCILIATION,,2026-05-04,2026-05-04,Address from Moralis reconciliation — no entity label yet
ethereum,29292.721364731697,UNKNOWN_WALLET,,,,,,,,MEDIUM,,,LOW_TO_MEDIUM,UNKNOWN_BOTH,MORALIS_RECONCILIATION,,2026-05-04,2026-05-04,Address from Moralis reconciliation — no entity label yet
ethereum,0xbe99650984724e965a81818109e3ca3efec942d5,UNKNOWN_WALLET,,,,,,,,MEDIUM,,,LOW_TO_MEDIUM,UNKNOWN_BOTH,MORALIS_RECONCILIATION,,2026-05-04,2026-05-04,Address from Moralis reconciliation — no entity label yet
ethereum,3580870.784135174,UNKNOWN_WALLET,,,,,,,,MEDIUM,,,LOW_TO_MEDIUM,UNKNOWN_BOTH,MORALIS_RECONCILIATION,,2026-05-04,2026-05-04,Address from Moralis reconciliation — no entity label yet
ethereum,20290344.577365384,UNKNOWN_WALLET,,,,,,,,MEDIUM,,,LOW_TO_MEDIUM,UNKNOWN_BOTH,MORALIS_RECONCILIATION,,2026-05-04,2026-05-04,Address from Moralis reconciliation — no entity label yet
ethereum,0x8e3c36267ce41079d0aa0ea34dbe12f91c8bd99f,UNKNOWN_WALLET,,,,,,,,MEDIUM,,,LOW_TO_MEDIUM,UNKNOWN_BOTH,MORALIS_RECONCILIATION,,2026-05-04,2026-05-04,Address from Moralis reconciliation — no entity label yet
ethereum,0x1f68053cd925d467852cfecf78bd836f33f0e4a1,UNKNOWN_WALLET,,,,,,,,MEDIUM,,,LOW_TO_MEDIUM,UNKNOWN_BOTH,MORALIS_RECONCILIATION,,2026-05-04,2026-05-04,Address from Moralis reconciliation — no entity label yet
ethereum,0x45075cad8df860e5889be4f6b4a7696fce710076,UNKNOWN_WALLET,,,,,,,,MEDIUM,,,LOW_TO_MEDIUM,UNKNOWN_BOTH,MORALIS_RECONCILIATION,,2026-05-04,2026-05-04,Address from Moralis reconciliation — no entity label yet
ethereum,14789251.999999998,UNKNOWN_WALLET,,,,,,,,MEDIUM,,,LOW_TO_MEDIUM,UNKNOWN_BOTH,MORALIS_RECONCILIATION,,2026-05-04,2026-05-04,Address from Moralis reconciliation — no entity label yet
ethereum,0x70517d151f1d380a3dbc344b20e144388470c422,UNKNOWN_WALLET,,,,,,,,MEDIUM,,,LOW_TO_MEDIUM,UNKNOWN_BOTH,MORALIS_RECONCILIATION,,2026-05-04,2026-05-04,Address from Moralis reconciliation — no entity label yet
ethereum,42070000,UNKNOWN_WALLET,,,,,,,,MEDIUM,,,LOW_TO_MEDIUM,UNKNOWN_BOTH,MORALIS_RECONCILIATION,,2026-05-04,2026-05-04,Address from Moralis reconciliation — no entity label yet
ethereum,8599415602.82,UNKNOWN_WALLET,,,,,,,,MEDIUM,,,LOW_TO_MEDIUM,UNKNOWN_BOTH,MORALIS_RECONCILIATION,,2026-05-04,2026-05-04,Address from Moralis reconciliation — no entity label yet
ethereum,31526572.802932322,UNKNOWN_WALLET,,,,,,,,MEDIUM,,,LOW_TO_MEDIUM,UNKNOWN_BOTH,MORALIS_RECONCILIATION,,2026-05-04,2026-05-04,Address from Moralis reconciliation — no entity label yet
ethereum,1251181.5699999998,UNKNOWN_WALLET,,,,,,,,MEDIUM,,,LOW_TO_MEDIUM,UNKNOWN_BOTH,MORALIS_RECONCILIATION,,2026-05-04,2026-05-04,Address from Moralis reconciliation — no entity label yet
ethereum,0x179cf051d12704836c2dabdcdd8368bfc8728413,UNKNOWN_WALLET,,,,,,,,MEDIUM,,,LOW_TO_MEDIUM,UNKNOWN_BOTH,MORALIS_RECONCILIATION,,2026-05-04,2026-05-04,Address from Moralis reconciliation — no entity label yet
ethereum,1853345000,UNKNOWN_WALLET,,,,,,,,MEDIUM,,,LOW_TO_MEDIUM,UNKNOWN_BOTH,MORALIS_RECONCILIATION,,2026-05-04,2026-05-04,Address from Moralis reconciliation — no entity label yet
ethereum,0xe3b13232b26c8504be27ff4076e2f6d87944adcd,UNKNOWN_WALLET,,,,,,,,MEDIUM,,,LOW_TO_MEDIUM,UNKNOWN_BOTH,MORALIS_RECONCILIATION,,2026-05-04,2026-05-04,Address from Moralis reconciliation — no entity label yet
ethereum,0xa43fe16908251ee70ef74718545e4fe6c5ccec9f,UNKNOWN_WALLET,,,,,,,,MEDIUM,,,LOW_TO_MEDIUM,UNKNOWN_BOTH,MORALIS_RECONCILIATION,,2026-05-04,2026-05-04,Address from Moralis reconciliation — no entity label yet
ethereum,1781286.5765361425,UNKNOWN_WALLET,,,,,,,,MEDIUM,,,LOW_TO_MEDIUM,UNKNOWN_BOTH,MORALIS_RECONCILIATION,,2026-05-04,2026-05-04,Address from Moralis reconciliation — no entity label yet
ethereum,1234866.7,UNKNOWN_WALLET,,,,,,,,MEDIUM,,,LOW_TO_MEDIUM,UNKNOWN_BOTH,MORALIS_RECONCILIATION,,2026-05-04,2026-05-04,Address from Moralis reconciliation — no entity label yet
ethereum,0xd2201a999ddc801ef663dae74b5042df247ee622,UNKNOWN_WALLET,,,,,,,,MEDIUM,,,LOW_TO_MEDIUM,UNKNOWN_BOTH,MORALIS_RECONCILIATION,,2026-05-04,2026-05-04,Address from Moralis reconciliation — no entity label yet
ethereum,29293.032524847535,UNKNOWN_WALLET,,,,,,,,MEDIUM,,,LOW_TO_MEDIUM,UNKNOWN_BOTH,MORALIS_RECONCILIATION,,2026-05-04,2026-05-04,Address from Moralis reconciliation — no entity label yet
ethereum,0x961204cac7f17aa4119675f986235342943a0cf8,UNKNOWN_WALLET,,,,,,,,MEDIUM,,,LOW_TO_MEDIUM,UNKNOWN_BOTH,MORALIS_RECONCILIATION,,2026-05-04,2026-05-04,Address from Moralis reconciliation — no entity label yet
ethereum,22170841.63555176,UNKNOWN_WALLET,,,,,,,,MEDIUM,,,LOW_TO_MEDIUM,UNKNOWN_BOTH,MORALIS_RECONCILIATION,,2026-05-04,2026-05-04,Address from Moralis reconciliation — no entity label yet
ethereum,0xb180647d5ad76abeb6be0d363f6e182bd8df46d1,UNKNOWN_WALLET,,,,,,,,MEDIUM,,,LOW_TO_MEDIUM,UNKNOWN_BOTH,MORALIS_RECONCILIATION,,2026-05-04,2026-05-04,Address from Moralis reconciliation — no entity label yet
ethereum,0x75b5de92dc682ffebadacfdcd369ea418b84caa1,UNKNOWN_WALLET,,,,,,,,MEDIUM,,,LOW_TO_MEDIUM,UNKNOWN_BOTH,MORALIS_RECONCILIATION,,2026-05-04,2026-05-04,Address from Moralis reconciliation — no entity label yet
ethereum,7999877022,UNKNOWN_WALLET,,,,,,,,MEDIUM,,,LOW_TO_MEDIUM,UNKNOWN_BOTH,MORALIS_RECONCILIATION,,2026-05-04,2026-05-04,Address from Moralis reconciliation — no entity label yet
ethereum,21660512171,UNKNOWN_WALLET,,,,,,,,MEDIUM,,,LOW_TO_MEDIUM,UNKNOWN_BOTH,MORALIS_RECONCILIATION,,2026-05-04,2026-05-04,Address from Moralis reconciliation — no entity label yet
ethereum,0x46fc0c0879ee74383fc42a72da1bc0a5e625fbb8,UNKNOWN_WALLET,,,,,,,,MEDIUM,,,LOW_TO_MEDIUM,UNKNOWN_BOTH,MORALIS_RECONCILIATION,,2026-05-04,2026-05-04,Address from Moralis reconciliation — no entity label yet
ethereum,2917914.868021355,UNKNOWN_WALLET,,,,,,,,MEDIUM,,,LOW_TO_MEDIUM,UNKNOWN_BOTH,MORALIS_RECONCILIATION,,2026-05-04,2026-05-04,Address from Moralis reconciliation — no entity label yet
ethereum,4791531.63555176,UNKNOWN_WALLET,,,,,,,,MEDIUM,,,LOW_TO_MEDIUM,UNKNOWN_BOTH,MORALIS_RECONCILIATION,,2026-05-04,2026-05-04,Address from Moralis reconciliation — no entity label yet
ethereum,0xf5a2da80c6328511e8d5a10f5f89437b96b80355,UNKNOWN_WALLET,,,,,,,,MEDIUM,,,LOW_TO_MEDIUM,UNKNOWN_BOTH,MORALIS_RECONCILIATION,,2026-05-04,2026-05-04,Address from Moralis reconciliation — no entity label yet
ethereum,824052,UNKNOWN_WALLET,,,,,,,,MEDIUM,,,LOW_TO_MEDIUM,UNKNOWN_BOTH,MORALIS_RECONCILIATION,,2026-05-04,2026-05-04,Address from Moralis reconciliation — no entity label yet
ethereum,0xcf7671c2f04f4ec20404913b55a47ea04e52bc8d,UNKNOWN_WALLET,,,,,,,,MEDIUM,,,LOW_TO_MEDIUM,UNKNOWN_BOTH,MORALIS_RECONCILIATION,,2026-05-04,2026-05-04,Address from Moralis reconciliation — no entity label yet
ethereum,0.000086,UNKNOWN_WALLET,,,,,,,,MEDIUM,,,LOW_TO_MEDIUM,UNKNOWN_BOTH,MORALIS_RECONCILIATION,,2026-05-04,2026-05-04,Address from Moralis reconciliation — no entity label yet
ethereum,0.16405605952,UNKNOWN_WALLET,,,,,,,,MEDIUM,,,LOW_TO_MEDIUM,UNKNOWN_BOTH,MORALIS_RECONCILIATION,,2026-05-04,2026-05-04,Address from Moralis reconciliation — no entity label yet
ethereum,0x807bde42de5c63d0e784cf65e6566c5ab8e6b933,UNKNOWN_WALLET,,,,,,,,MEDIUM,,,LOW_TO_MEDIUM,UNKNOWN_BOTH,MORALIS_RECONCILIATION,,2026-05-04,2026-05-04,Address from Moralis reconciliation — no entity label yet
ethereum,0.000086989989423152,UNKNOWN_WALLET,,,,,,,,MEDIUM,,,LOW_TO_MEDIUM,UNKNOWN_BOTH,MORALIS_RECONCILIATION,,2026-05-04,2026-05-04,Address from Moralis reconciliation — no entity label yet
ethereum,0xa194cd4d87ae993f185a29932af95ba1d4f76f3e,UNKNOWN_WALLET,,,,,,,,MEDIUM,,,LOW_TO_MEDIUM,UNKNOWN_BOTH,MORALIS_RECONCILIATION,,2026-05-04,2026-05-04,Address from Moralis reconciliation — no entity label yet
ethereum,0x000000000000000000000000000000000000dead,UNKNOWN_WALLET,,,,,,,,MEDIUM,,,LOW_TO_MEDIUM,UNKNOWN_BOTH,MORALIS_RECONCILIATION,,2026-05-04,2026-05-04,Address from Moralis reconciliation — no entity label yet
ethereum,0.000015351174604085,UNKNOWN_WALLET,,,,,,,,MEDIUM,,,LOW_TO_MEDIUM,UNKNOWN_BOTH,MORALIS_RECONCILIATION,,2026-05-04,2026-05-04,Address from Moralis reconciliation — no entity label yet
ethereum,0.996476074,UNKNOWN_WALLET,,,,,,,,MEDIUM,,,LOW_TO_MEDIUM,UNKNOWN_BOTH,MORALIS_RECONCILIATION,,2026-05-04,2026-05-04,Address from Moralis reconciliation — no entity label yet
ethereum,0.136309229,UNKNOWN_WALLET,,,,,,,,MEDIUM,,,LOW_TO_MEDIUM,UNKNOWN_BOTH,MORALIS_RECONCILIATION,,2026-05-04,2026-05-04,Address from Moralis reconciliation — no entity label yet
ethereum,0xe8df52f3a0b68ed4de91ec254b051759862a6a6f,UNKNOWN_WALLET,,,,,,,,MEDIUM,,,LOW_TO_MEDIUM,UNKNOWN_BOTH,MORALIS_RECONCILIATION,,2026-05-04,2026-05-04,Address from Moralis reconciliation — no entity label yet
ethereum,0.24,UNKNOWN_WALLET,,,,,,,,MEDIUM,,,LOW_TO_MEDIUM,UNKNOWN_BOTH,MORALIS_RECONCILIATION,,2026-05-04,2026-05-04,Address from Moralis reconciliation — no entity label yet
ethereum,0xb7131fc8cdc43060a6210257f537dba5fcae6aed,UNKNOWN_WALLET,,,,,,,,MEDIUM,,,LOW_TO_MEDIUM,UNKNOWN_BOTH,MORALIS_RECONCILIATION,,2026-05-04,2026-05-04,Address from Moralis reconciliation — no entity label yet
ethereum,0.000483354848068061,UNKNOWN_WALLET,,,,,,,,MEDIUM,,,LOW_TO_MEDIUM,UNKNOWN_BOTH,MORALIS_RECONCILIATION,,2026-05-04,2026-05-04,Address from Moralis reconciliation — no entity label yet
ethereum,0x18cb7e4ab455664cf4dae7903560c6b925b590d9,UNKNOWN_WALLET,,,,,,,,MEDIUM,,,LOW_TO_MEDIUM,UNKNOWN_BOTH,MORALIS_RECONCILIATION,,2026-05-04,2026-05-04,Address from Moralis reconciliation — no entity label yet
ethereum,0.49064153448,UNKNOWN_WALLET,,,,,,,,MEDIUM,,,LOW_TO_MEDIUM,UNKNOWN_BOTH,MORALIS_RECONCILIATION,,2026-05-04,2026-05-04,Address from Moralis reconciliation — no entity label yet
ethereum,0x213222e377c58ef97710af4c6ea0dad7c0e7a38e,UNKNOWN_WALLET,,,,,,,,MEDIUM,,,LOW_TO_MEDIUM,UNKNOWN_BOTH,MORALIS_RECONCILIATION,,2026-05-04,2026-05-04,Address from Moralis reconciliation — no entity label yet
ethereum,0.000470046443026545,UNKNOWN_WALLET,,,,,,,,MEDIUM,,,LOW_TO_MEDIUM,UNKNOWN_BOTH,MORALIS_RECONCILIATION,,2026-05-04,2026-05-04,Address from Moralis reconciliation — no entity label yet
ethereum,0x324f044078dd578de6f21d5b682922d759301086,UNKNOWN_WALLET,,,,,,,,MEDIUM,,,LOW_TO_MEDIUM,UNKNOWN_BOTH,MORALIS_RECONCILIATION,,2026-05-04,2026-05-04,Address from Moralis reconciliation — no entity label yet
ethereum,0.03213240697737626,UNKNOWN_WALLET,,,,,,,,MEDIUM,,,LOW_TO_MEDIUM,UNKNOWN_BOTH,MORALIS_RECONCILIATION,,2026-05-04,2026-05-04,Address from Moralis reconciliation — no entity label yet
ethereum,0xb334a61a6209f14b5fa5f1684a4ed7621f66e1ef,UNKNOWN_WALLET,,,,,,,,MEDIUM,,,LOW_TO_MEDIUM,UNKNOWN_BOTH,MORALIS_RECONCILIATION,,2026-05-04,2026-05-04,Address from Moralis reconciliation — no entity label yet
ethereum,0.162326622,UNKNOWN_WALLET,,,,,,,,MEDIUM,,,LOW_TO_MEDIUM,UNKNOWN_BOTH,MORALIS_RECONCILIATION,,2026-05-04,2026-05-04,Address from Moralis reconciliation — no entity label yet
ethereum,0x5733cc995209e11e3e42479ffc8e9778031cfa06,UNKNOWN_WALLET,,,,,,,,MEDIUM,,,LOW_TO_MEDIUM,UNKNOWN_BOTH,MORALIS_RECONCILIATION,,2026-05-04,2026-05-04,Address from Moralis reconciliation — no entity label yet
ethereum,0.104456174,UNKNOWN_WALLET,,,,,,,,MEDIUM,,,LOW_TO_MEDIUM,UNKNOWN_BOTH,MORALIS_RECONCILIATION,,2026-05-04,2026-05-04,Address from Moralis reconciliation — no entity label yet
ethereum,0.031853055,UNKNOWN_WALLET,,,,,,,,MEDIUM,,,LOW_TO_MEDIUM,UNKNOWN_BOTH,MORALIS_RECONCILIATION,,2026-05-04,2026-05-04,Address from Moralis reconciliation — no entity label yet
ethereum,0x76130907011fc557d0095b5941396a094a3a1585,UNKNOWN_WALLET,,,,,,,,MEDIUM,,,LOW_TO_MEDIUM,UNKNOWN_BOTH,MORALIS_RECONCILIATION,,2026-05-04,2026-05-04,Address from Moralis reconciliation — no entity label yet
ethereum,0.05959855877155838,UNKNOWN_WALLET,,,,,,,,MEDIUM,,,LOW_TO_MEDIUM,UNKNOWN_BOTH,MORALIS_RECONCILIATION,,2026-05-04,2026-05-04,Address from Moralis reconciliation — no entity label yet
ethereum,0xbc530bfa3fca1a731149248afc7f750c18360de1,UNKNOWN_WALLET,,,,,,,,MEDIUM,,,LOW_TO_MEDIUM,UNKNOWN_BOTH,MORALIS_RECONCILIATION,,2026-05-04,2026-05-04,Address from Moralis reconciliation — no entity label yet
ethereum,0.000179333677346715,UNKNOWN_WALLET,,,,,,,,MEDIUM,,,LOW_TO_MEDIUM,UNKNOWN_BOTH,MORALIS_RECONCILIATION,,2026-05-04,2026-05-04,Address from Moralis reconciliation — no entity label yet
ethereum,0.00002567386021078,UNKNOWN_WALLET,,,,,,,,MEDIUM,,,LOW_TO_MEDIUM,UNKNOWN_BOTH,MORALIS_RECONCILIATION,,2026-05-04,2026-05-04,Address from Moralis reconciliation — no entity label yet
ethereum,0.000231064741897028,UNKNOWN_WALLET,,,,,,,,MEDIUM,,,LOW_TO_MEDIUM,UNKNOWN_BOTH,MORALIS_RECONCILIATION,,2026-05-04,2026-05-04,Address from Moralis reconciliation — no entity label yet
ethereum,0xbee3211ab312a8d065c4fef0247448e17a8da000,UNKNOWN_WALLET,,,,,,,,MEDIUM,,,LOW_TO_MEDIUM,UNKNOWN_BOTH,MORALIS_RECONCILIATION,,2026-05-04,2026-05-04,Address from Moralis reconciliation — no entity label yet
ethereum,0.219625264,UNKNOWN_WALLET,,,,,,,,MEDIUM,,,LOW_TO_MEDIUM,UNKNOWN_BOTH,MORALIS_RECONCILIATION,,2026-05-04,2026-05-04,Address from Moralis reconciliation — no entity label yet
ethereum,0.08532279543382829,UNKNOWN_WALLET,,,,,,,,MEDIUM,,,LOW_TO_MEDIUM,UNKNOWN_BOTH,MORALIS_RECONCILIATION,,2026-05-04,2026-05-04,Address from Moralis reconciliation — no entity label yet
ethereum,0.000256738602107808,UNKNOWN_WALLET,,,,,,,,MEDIUM,,,LOW_TO_MEDIUM,UNKNOWN_BOTH,MORALIS_RECONCILIATION,,2026-05-04,2026-05-04,Address from Moralis reconciliation — no entity label yet
ethereum,0.000024246228413658,UNKNOWN_WALLET,,,,,,,,MEDIUM,,,LOW_TO_MEDIUM,UNKNOWN_BOTH,MORALIS_RECONCILIATION,,2026-05-04,2026-05-04,Address from Moralis reconciliation — no entity label yet
ethereum,0.000218216055722931,UNKNOWN_WALLET,,,,,,,,MEDIUM,,,LOW_TO_MEDIUM,UNKNOWN_BOTH,MORALIS_RECONCILIATION,,2026-05-04,2026-05-04,Address from Moralis reconciliation — no entity label yet
ethereum,0xeb78b59c0b31579263569fca2ab9dc1b14eba70d,UNKNOWN_WALLET,,,,,,,,MEDIUM,,,LOW_TO_MEDIUM,UNKNOWN_BOTH,MORALIS_RECONCILIATION,,2026-05-04,2026-05-04,Address from Moralis reconciliation — no entity label yet
ethereum,0.04130514790269344,UNKNOWN_WALLET,,,,,,,,MEDIUM,,,LOW_TO_MEDIUM,UNKNOWN_BOTH,MORALIS_RECONCILIATION,,2026-05-04,2026-05-04,Address from Moralis reconciliation — no entity label yet
ethereum,0.08057829909472661,UNKNOWN_WALLET,,,,,,,,MEDIUM,,,LOW_TO_MEDIUM,UNKNOWN_BOTH,MORALIS_RECONCILIATION,,2026-05-04,2026-05-04,Address from Moralis reconciliation — no entity label yet
ethereum,0.000242462284136589,UNKNOWN_WALLET,,,,,,,,MEDIUM,,,LOW_TO_MEDIUM,UNKNOWN_BOTH,MORALIS_RECONCILIATION,,2026-05-04,2026-05-04,Address from Moralis reconciliation — no entity label yet
ethereum,0.000015958256717439,UNKNOWN_WALLET,,,,,,,,MEDIUM,,,LOW_TO_MEDIUM,UNKNOWN_BOTH,MORALIS_RECONCILIATION,,2026-05-04,2026-05-04,Address from Moralis reconciliation — no entity label yet
ethereum,0.000143624310456956,UNKNOWN_WALLET,,,,,,,,MEDIUM,,,LOW_TO_MEDIUM,UNKNOWN_BOTH,MORALIS_RECONCILIATION,,2026-05-04,2026-05-04,Address from Moralis reconciliation — no entity label yet
ethereum,0xf33368d19b095242f287b1264e97f51e29333301,UNKNOWN_WALLET,,,,,,,,MEDIUM,,,LOW_TO_MEDIUM,UNKNOWN_BOTH,MORALIS_RECONCILIATION,,2026-05-04,2026-05-04,Address from Moralis reconciliation — no entity label yet
ethereum,0.10056083318,UNKNOWN_WALLET,,,,,,,,MEDIUM,,,LOW_TO_MEDIUM,UNKNOWN_BOTH,MORALIS_RECONCILIATION,,2026-05-04,2026-05-04,Address from Moralis reconciliation — no entity label yet
ethereum,0xe129188380d48fa09a6a89ac91adc761afdc1612,UNKNOWN_WALLET,,,,,,,,MEDIUM,,,LOW_TO_MEDIUM,UNKNOWN_BOTH,MORALIS_RECONCILIATION,,2026-05-04,2026-05-04,Address from Moralis reconciliation — no entity label yet
ethereum,0.05303460649095745,UNKNOWN_WALLET,,,,,,,,MEDIUM,,,LOW_TO_MEDIUM,UNKNOWN_BOTH,MORALIS_RECONCILIATION,,2026-05-04,2026-05-04,Address from Moralis reconciliation — no entity label yet
ethereum,0.000159582567174395,UNKNOWN_WALLET,,,,,,,,MEDIUM,,,LOW_TO_MEDIUM,UNKNOWN_BOTH,MORALIS_RECONCILIATION,,2026-05-04,2026-05-04,Address from Moralis reconciliation — no entity label yet
ethereum,0.000023408900494064,UNKNOWN_WALLET,,,,,,,,MEDIUM,,,LOW_TO_MEDIUM,UNKNOWN_BOTH,MORALIS_RECONCILIATION,,2026-05-04,2026-05-04,Address from Moralis reconciliation — no entity label yet
ethereum,0.000210680104446582,UNKNOWN_WALLET,,,,,,,,MEDIUM,,,LOW_TO_MEDIUM,UNKNOWN_BOTH,MORALIS_RECONCILIATION,,2026-05-04,2026-05-04,Address from Moralis reconciliation — no entity label yet
ethereum,0.2256041550345503,UNKNOWN_WALLET,,,,,,,,MEDIUM,,,LOW_TO_MEDIUM,UNKNOWN_BOTH,MORALIS_RECONCILIATION,,2026-05-04,2026-05-04,Address from Moralis reconciliation — no entity label yet
ethereum,0.21018109378233543,UNKNOWN_WALLET,,,,,,,,MEDIUM,,,LOW_TO_MEDIUM,UNKNOWN_BOTH,MORALIS_RECONCILIATION,,2026-05-04,2026-05-04,Address from Moralis reconciliation — no entity label yet
ethereum,0x75eb7892d845a42d88fc3e9d65cb2db618288fea,UNKNOWN_WALLET,,,,,,,,MEDIUM,,,LOW_TO_MEDIUM,UNKNOWN_BOTH,MORALIS_RECONCILIATION,,2026-05-04,2026-05-04,Address from Moralis reconciliation — no entity label yet
ethereum,0.0018,UNKNOWN_WALLET,,,,,,,,MEDIUM,,,LOW_TO_MEDIUM,UNKNOWN_BOTH,MORALIS_RECONCILIATION,,2026-05-04,2026-05-04,Address from Moralis reconciliation — no entity label yet
ethereum,0x7c876bdaa5c038e19f633714f622f6def949b102,UNKNOWN_WALLET,,,,,,,,MEDIUM,,,LOW_TO_MEDIUM,UNKNOWN_BOTH,MORALIS_RECONCILIATION,,2026-05-04,2026-05-04,Address from Moralis reconciliation — no entity label yet
ethereum,0.21009602162518223,UNKNOWN_WALLET,,,,,,,,MEDIUM,,,LOW_TO_MEDIUM,UNKNOWN_BOTH,MORALIS_RECONCILIATION,,2026-05-04,2026-05-04,Address from Moralis reconciliation — no entity label yet
ethereum,0.178564233,UNKNOWN_WALLET,,,,,,,,MEDIUM,,,LOW_TO_MEDIUM,UNKNOWN_BOTH,MORALIS_RECONCILIATION,,2026-05-04,2026-05-04,Address from Moralis reconciliation — no entity label yet
ethereum,0x77e00ba634bba144a6de5f31e9fa77a641b9ebef,UNKNOWN_WALLET,,,,,,,,MEDIUM,,,LOW_TO_MEDIUM,UNKNOWN_BOTH,MORALIS_RECONCILIATION,,2026-05-04,2026-05-04,Address from Moralis reconciliation — no entity label yet
ethereum,0x06fd4ba7973a0d39a91734bbc35bc2bcaa99e3b0,UNKNOWN_WALLET,,,,,,,,MEDIUM,,,LOW_TO_MEDIUM,UNKNOWN_BOTH,MORALIS_RECONCILIATION,,2026-05-04,2026-05-04,Address from Moralis reconciliation — no entity label yet
ethereum,0x85f4d7d7651d0f319efa829a9563bd96919517e8,UNKNOWN_WALLET,,,,,,,,MEDIUM,,,LOW_TO_MEDIUM,UNKNOWN_BOTH,MORALIS_RECONCILIATION,,2026-05-04,2026-05-04,Address from Moralis reconciliation — no entity label yet
ethereum,0.007861237,UNKNOWN_WALLET,,,,,,,,MEDIUM,,,LOW_TO_MEDIUM,UNKNOWN_BOTH,MORALIS_RECONCILIATION,,2026-05-04,2026-05-04,Address from Moralis reconciliation — no entity label yet
ethereum,0.0926965071,UNKNOWN_WALLET,,,,,,,,MEDIUM,,,LOW_TO_MEDIUM,UNKNOWN_BOTH,MORALIS_RECONCILIATION,,2026-05-04,2026-05-04,Address from Moralis reconciliation — no entity label yet
ethereum,0xbe0562201362d5adea1b0c678406d70432d33d8d,UNKNOWN_WALLET,,,,,,,,MEDIUM,,,LOW_TO_MEDIUM,UNKNOWN_BOTH,MORALIS_RECONCILIATION,,2026-05-04,2026-05-04,Address from Moralis reconciliation — no entity label yet
ethereum,0x0524fa401dfaab12d4f3e6a94e1b487d28a8381b,UNKNOWN_WALLET,,,,,,,,MEDIUM,,,LOW_TO_MEDIUM,UNKNOWN_BOTH,MORALIS_RECONCILIATION,,2026-05-04,2026-05-04,Address from Moralis reconciliation — no entity label yet
ethereum,0.000030778987513158,UNKNOWN_WALLET,,,,,,,,MEDIUM,,,LOW_TO_MEDIUM,UNKNOWN_BOTH,MORALIS_RECONCILIATION,,2026-05-04,2026-05-04,Address from Moralis reconciliation — no entity label yet
ethereum,0.246630304,UNKNOWN_WALLET,,,,,,,,MEDIUM,,,LOW_TO_MEDIUM,UNKNOWN_BOTH,MORALIS_RECONCILIATION,,2026-05-04,2026-05-04,Address from Moralis reconciliation — no entity label yet
ethereum,0.07779557930860825,UNKNOWN_WALLET,,,,,,,,MEDIUM,,,LOW_TO_MEDIUM,UNKNOWN_BOTH,MORALIS_RECONCILIATION,,2026-05-04,2026-05-04,Address from Moralis reconciliation — no entity label yet
ethereum,0.000234089004940646,UNKNOWN_WALLET,,,,,,,,MEDIUM,,,LOW_TO_MEDIUM,UNKNOWN_BOTH,MORALIS_RECONCILIATION,,2026-05-04,2026-05-04,Address from Moralis reconciliation — no entity label yet
ethereum,0.000002244902620399,UNKNOWN_WALLET,,,,,,,,MEDIUM,,,LOW_TO_MEDIUM,UNKNOWN_BOTH,MORALIS_RECONCILIATION,,2026-05-04,2026-05-04,Address from Moralis reconciliation — no entity label yet
ethereum,0.000020204123583592,UNKNOWN_WALLET,,,,,,,,MEDIUM,,,LOW_TO_MEDIUM,UNKNOWN_BOTH,MORALIS_RECONCILIATION,,2026-05-04,2026-05-04,Address from Moralis reconciliation — no entity label yet
ethereum,0x15951d839ee88fd31d40b1b82c7bb4510415130f,UNKNOWN_WALLET,,,,,,,,MEDIUM,,,LOW_TO_MEDIUM,UNKNOWN_BOTH,MORALIS_RECONCILIATION,,2026-05-04,2026-05-04,Address from Moralis reconciliation — no entity label yet
ethereum,0.00076873846,UNKNOWN_WALLET,,,,,,,,MEDIUM,,,LOW_TO_MEDIUM,UNKNOWN_BOTH,MORALIS_RECONCILIATION,,2026-05-04,2026-05-04,Address from Moralis reconciliation — no entity label yet
ethereum,0x79c2f5fe20966f7accb0da345815a286e1bf037f,UNKNOWN_WALLET,,,,,,,,MEDIUM,,,LOW_TO_MEDIUM,UNKNOWN_BOTH,MORALIS_RECONCILIATION,,2026-05-04,2026-05-04,Address from Moralis reconciliation — no entity label yet
ethereum,0.000003605881145672,UNKNOWN_WALLET,,,,,,,,MEDIUM,,,LOW_TO_MEDIUM,UNKNOWN_BOTH,MORALIS_RECONCILIATION,,2026-05-04,2026-05-04,Address from Moralis reconciliation — no entity label yet
ethereum,0xb92fe925dc43a0ecde6c8b1a2709c170ec4fff4f,UNKNOWN_WALLET,,,,,,,,MEDIUM,,,LOW_TO_MEDIUM,UNKNOWN_BOTH,MORALIS_RECONCILIATION,,2026-05-04,2026-05-04,Address from Moralis reconciliation — no entity label yet
ethereum,0.0025,UNKNOWN_WALLET,,,,,,,,MEDIUM,,,LOW_TO_MEDIUM,UNKNOWN_BOTH,MORALIS_RECONCILIATION,,2026-05-04,2026-05-04,Address from Moralis reconciliation — no entity label yet
ethereum,0x10529c64855b8e886d93e424e90c3222592f3670,UNKNOWN_WALLET,,,,,,,,MEDIUM,,,LOW_TO_MEDIUM,UNKNOWN_BOTH,MORALIS_RECONCILIATION,,2026-05-04,2026-05-04,Address from Moralis reconciliation — no entity label yet
ethereum,0x849b2fb7d57229492a223a8883cfc5b595800483,UNKNOWN_WALLET,,,,,,,,MEDIUM,,,LOW_TO_MEDIUM,UNKNOWN_BOTH,MORALIS_RECONCILIATION,,2026-05-04,2026-05-04,Address from Moralis reconciliation — no entity label yet
ethereum,0.015638871,UNKNOWN_WALLET,,,,,,,,MEDIUM,,,LOW_TO_MEDIUM,UNKNOWN_BOTH,MORALIS_RECONCILIATION,,2026-05-04,2026-05-04,Address from Moralis reconciliation — no entity label yet
ethereum,0.005612256550997778,UNKNOWN_WALLET,,,,,,,,MEDIUM,,,LOW_TO_MEDIUM,UNKNOWN_BOTH,MORALIS_RECONCILIATION,,2026-05-04,2026-05-04,Address from Moralis reconciliation — no entity label yet
ethereum,0x663dc15d3c1ac63ff12e45ab68fea3f0a883c251,UNKNOWN_WALLET,,,,,,,,MEDIUM,,,LOW_TO_MEDIUM,UNKNOWN_BOTH,MORALIS_RECONCILIATION,,2026-05-04,2026-05-04,Address from Moralis reconciliation — no entity label yet
ethereum,0.09537739,UNKNOWN_WALLET,,,,,,,,MEDIUM,,,LOW_TO_MEDIUM,UNKNOWN_BOTH,MORALIS_RECONCILIATION,,2026-05-04,2026-05-04,Address from Moralis reconciliation — no entity label yet
ethereum,0.0733090304,UNKNOWN_WALLET,,,,,,,,MEDIUM,,,LOW_TO_MEDIUM,UNKNOWN_BOTH,MORALIS_RECONCILIATION,,2026-05-04,2026-05-04,Address from Moralis reconciliation — no entity label yet
ethereum,0x18e4ea6b16bdf3390bf8313faf2ab4ddafd95684,UNKNOWN_WALLET,,,,,,,,MEDIUM,,,LOW_TO_MEDIUM,UNKNOWN_BOTH,MORALIS_RECONCILIATION,,2026-05-04,2026-05-04,Address from Moralis reconciliation — no entity label yet
ethereum,0.000153979,UNKNOWN_WALLET,,,,,,,,MEDIUM,,,LOW_TO_MEDIUM,UNKNOWN_BOTH,MORALIS_RECONCILIATION,,2026-05-04,2026-05-04,Address from Moralis reconciliation — no entity label yet
ethereum,0x6522b7f9d481eceb96557f44753a4b893f837e90,UNKNOWN_WALLET,,,,,,,,MEDIUM,,,LOW_TO_MEDIUM,UNKNOWN_BOTH,MORALIS_RECONCILIATION,,2026-05-04,2026-05-04,Address from Moralis reconciliation — no entity label yet
ethereum,0.272946782,UNKNOWN_WALLET,,,,,,,,MEDIUM,,,LOW_TO_MEDIUM,UNKNOWN_BOTH,MORALIS_RECONCILIATION,,2026-05-04,2026-05-04,Address from Moralis reconciliation — no entity label yet
ethereum,0x08dc8ffc2db71ea07537d1328b3be0799b604396,UNKNOWN_WALLET,,,,,,,,MEDIUM,,,LOW_TO_MEDIUM,UNKNOWN_BOTH,MORALIS_RECONCILIATION,,2026-05-04,2026-05-04,Address from Moralis reconciliation — no entity label yet
ethereum,0xdfd5293d8e347dfe59e90efd55b2956a1343963d,UNKNOWN_WALLET,,,,,,,,MEDIUM,,,LOW_TO_MEDIUM,UNKNOWN_BOTH,MORALIS_RECONCILIATION,,2026-05-04,2026-05-04,Address from Moralis reconciliation — no entity label yet
ethereum,4.08032163014,UNKNOWN_WALLET,,,,,,,,MEDIUM,,,LOW_TO_MEDIUM,UNKNOWN_BOTH,MORALIS_RECONCILIATION,,2026-05-04,2026-05-04,Address from Moralis reconciliation — no entity label yet
ethereum,2.963432614,UNKNOWN_WALLET,,,,,,,,MEDIUM,,,LOW_TO_MEDIUM,UNKNOWN_BOTH,MORALIS_RECONCILIATION,,2026-05-04,2026-05-04,Address from Moralis reconciliation — no entity label yet
ethereum,0.054109208325259686,UNKNOWN_WALLET,,,,,,,,MEDIUM,,,LOW_TO_MEDIUM,UNKNOWN_BOTH,MORALIS_RECONCILIATION,,2026-05-04,2026-05-04,Address from Moralis reconciliation — no entity label yet
ethereum,0xb685760ebd368a891f27ae547391f4e2a289895b,UNKNOWN_WALLET,,,,,,,,MEDIUM,,,LOW_TO_MEDIUM,UNKNOWN_BOTH,MORALIS_RECONCILIATION,,2026-05-04,2026-05-04,Address from Moralis reconciliation — no entity label yet
ethereum,0.001870752183665926,UNKNOWN_WALLET,,,,,,,,MEDIUM,,,LOW_TO_MEDIUM,UNKNOWN_BOTH,MORALIS_RECONCILIATION,,2026-05-04,2026-05-04,Address from Moralis reconciliation — no entity label yet
ethereum,0x0b60c1ee6d01c3d5704eeae6c12552c7a63beead,UNKNOWN_WALLET,,,,,,,,MEDIUM,,,LOW_TO_MEDIUM,UNKNOWN_BOTH,MORALIS_RECONCILIATION,,2026-05-04,2026-05-04,Address from Moralis reconciliation — no entity label yet
ethereum,0.00001,UNKNOWN_WALLET,,,,,,,,MEDIUM,,,LOW_TO_MEDIUM,UNKNOWN_BOTH,MORALIS_RECONCILIATION,,2026-05-04,2026-05-04,Address from Moralis reconciliation — no entity label yet
ethereum,0.00388346499525518,UNKNOWN_WALLET,,,,,,,,MEDIUM,,,LOW_TO_MEDIUM,UNKNOWN_BOTH,MORALIS_RECONCILIATION,,2026-05-04,2026-05-04,Address from Moralis reconciliation — no entity label yet
ethereum,0xe90435cb8ae5be1535087cd7bc38ece774c39a01,UNKNOWN_WALLET,,,,,,,,MEDIUM,,,LOW_TO_MEDIUM,UNKNOWN_BOTH,MORALIS_RECONCILIATION,,2026-05-04,2026-05-04,Address from Moralis reconciliation — no entity label yet
ethereum,0.000587571579024015,UNKNOWN_WALLET,,,,,,,,MEDIUM,,,LOW_TO_MEDIUM,UNKNOWN_BOTH,MORALIS_RECONCILIATION,,2026-05-04,2026-05-04,Address from Moralis reconciliation — no entity label yet
ethereum,0.000426514856398936,UNKNOWN_WALLET,,,,,,,,MEDIUM,,,LOW_TO_MEDIUM,UNKNOWN_BOTH,MORALIS_RECONCILIATION,,2026-05-04,2026-05-04,Address from Moralis reconciliation — no entity label yet
ethereum,0x7b5822f15ccc66349e3315c9e5a5bbb4567b8589,UNKNOWN_WALLET,,,,,,,,MEDIUM,,,LOW_TO_MEDIUM,UNKNOWN_BOTH,MORALIS_RECONCILIATION,,2026-05-04,2026-05-04,Address from Moralis reconciliation — no entity label yet
ethereum,0.000020430524866743,UNKNOWN_WALLET,,,,,,,,MEDIUM,,,LOW_TO_MEDIUM,UNKNOWN_BOTH,MORALIS_RECONCILIATION,,2026-05-04,2026-05-04,Address from Moralis reconciliation — no entity label yet
ethereum,0.633435982,UNKNOWN_WALLET,,,,,,,,MEDIUM,,,LOW_TO_MEDIUM,UNKNOWN_BOTH,MORALIS_RECONCILIATION,,2026-05-04,2026-05-04,Address from Moralis reconciliation — no entity label yet
ethereum,0x1a6af9e6026b21edd8b61c149c0d2a496c379bdf,UNKNOWN_WALLET,,,,,,,,MEDIUM,,,LOW_TO_MEDIUM,UNKNOWN_BOTH,MORALIS_RECONCILIATION,,2026-05-04,2026-05-04,Address from Moralis reconciliation — no entity label yet
ethereum,0.000568686475198582,UNKNOWN_WALLET,,,,,,,,MEDIUM,,,LOW_TO_MEDIUM,UNKNOWN_BOTH,MORALIS_RECONCILIATION,,2026-05-04,2026-05-04,Address from Moralis reconciliation — no entity label yet
ethereum,0.007460559708459712,UNKNOWN_WALLET,,,,,,,,MEDIUM,,,LOW_TO_MEDIUM,UNKNOWN_BOTH,MORALIS_RECONCILIATION,,2026-05-04,2026-05-04,Address from Moralis reconciliation — no entity label yet
ethereum,0.000022449026203991,UNKNOWN_WALLET,,,,,,,,MEDIUM,,,LOW_TO_MEDIUM,UNKNOWN_BOTH,MORALIS_RECONCILIATION,,2026-05-04,2026-05-04,Address from Moralis reconciliation — no entity label yet
ethereum,0.000019045872179453,UNKNOWN_WALLET,,,,,,,,MEDIUM,,,LOW_TO_MEDIUM,UNKNOWN_BOTH,MORALIS_RECONCILIATION,,2026-05-04,2026-05-04,Address from Moralis reconciliation — no entity label yet
ethereum,0.000171412849615086,UNKNOWN_WALLET,,,,,,,,MEDIUM,,,LOW_TO_MEDIUM,UNKNOWN_BOTH,MORALIS_RECONCILIATION,,2026-05-04,2026-05-04,Address from Moralis reconciliation — no entity label yet
ethereum,0.06329578187638545,UNKNOWN_WALLET,,,,,,,,MEDIUM,,,LOW_TO_MEDIUM,UNKNOWN_BOTH,MORALIS_RECONCILIATION,,2026-05-04,2026-05-04,Address from Moralis reconciliation — no entity label yet
ethereum,0.000190458721794539,UNKNOWN_WALLET,,,,,,,,MEDIUM,,,LOW_TO_MEDIUM,UNKNOWN_BOTH,MORALIS_RECONCILIATION,,2026-05-04,2026-05-04,Address from Moralis reconciliation — no entity label yet
ethereum,5.7205769032e-8,UNKNOWN_WALLET,,,,,,,,MEDIUM,,,LOW_TO_MEDIUM,UNKNOWN_BOTH,MORALIS_RECONCILIATION,,2026-05-04,2026-05-04,Address from Moralis reconciliation — no entity label yet
ethereum,5.1485192129e-7,UNKNOWN_WALLET,,,,,,,,MEDIUM,,,LOW_TO_MEDIUM,UNKNOWN_BOTH,MORALIS_RECONCILIATION,,2026-05-04,2026-05-04,Address from Moralis reconciliation — no entity label yet
ethereum,0xe6574013ddc4c1f753930325900b6f0bcdb036fe,UNKNOWN_WALLET,,,,,,,,MEDIUM,,,LOW_TO_MEDIUM,UNKNOWN_BOTH,MORALIS_RECONCILIATION,,2026-05-04,2026-05-04,Address from Moralis reconciliation — no entity label yet
ethereum,0.0010058349399812,UNKNOWN_WALLET,,,,,,,,MEDIUM,,,LOW_TO_MEDIUM,UNKNOWN_BOTH,MORALIS_RECONCILIATION,,2026-05-04,2026-05-04,Address from Moralis reconciliation — no entity label yet
ethereum,0.000190113839083685,UNKNOWN_WALLET,,,,,,,,MEDIUM,,,LOW_TO_MEDIUM,UNKNOWN_BOTH,MORALIS_RECONCILIATION,,2026-05-04,2026-05-04,Address from Moralis reconciliation — no entity label yet
ethereum,5.72057690322e-7,UNKNOWN_WALLET,,,,,,,,MEDIUM,,,LOW_TO_MEDIUM,UNKNOWN_BOTH,MORALIS_RECONCILIATION,,2026-05-04,2026-05-04,Address from Moralis reconciliation — no entity label yet
ethereum,0.00000919228473,UNKNOWN_WALLET,,,,,,,,MEDIUM,,,LOW_TO_MEDIUM,UNKNOWN_BOTH,MORALIS_RECONCILIATION,,2026-05-04,2026-05-04,Address from Moralis reconciliation — no entity label yet
ethereum,0.00008273056257,UNKNOWN_WALLET,,,,,,,,MEDIUM,,,LOW_TO_MEDIUM,UNKNOWN_BOTH,MORALIS_RECONCILIATION,,2026-05-04,2026-05-04,Address from Moralis reconciliation — no entity label yet
ethereum,0xb4b74d63f30076870d54ab9e8e6a7d18293273c3,UNKNOWN_WALLET,,,,,,,,MEDIUM,,,LOW_TO_MEDIUM,UNKNOWN_BOTH,MORALIS_RECONCILIATION,,2026-05-04,2026-05-04,Address from Moralis reconciliation — no entity label yet
ethereum,0xb471837f03d01b628bff32a515baf679ccdfabb8,UNKNOWN_WALLET,,,,,,,,MEDIUM,,,LOW_TO_MEDIUM,UNKNOWN_BOTH,MORALIS_RECONCILIATION,,2026-05-04,2026-05-04,Address from Moralis reconciliation — no entity label yet
ethereum,0x7cfd8d2d8626b287bea569b5e65ab5cbb75e9265,UNKNOWN_WALLET,,,,,,,,MEDIUM,,,LOW_TO_MEDIUM,UNKNOWN_BOTH,MORALIS_RECONCILIATION,,2026-05-04,2026-05-04,Address from Moralis reconciliation — no entity label yet
ethereum,0x78a79d0fa0eaf58741f5bde7e05b5cc8f33d24d3,UNKNOWN_WALLET,,,,,,,,MEDIUM,,,LOW_TO_MEDIUM,UNKNOWN_BOTH,MORALIS_RECONCILIATION,,2026-05-04,2026-05-04,Address from Moralis reconciliation — no entity label yet
ethereum,0xf79ff8a5052e969a6d13e18c4e439fe5202b02fa,UNKNOWN_WALLET,,,,,,,,MEDIUM,,,LOW_TO_MEDIUM,UNKNOWN_BOTH,MORALIS_RECONCILIATION,,2026-05-04,2026-05-04,Address from Moralis reconciliation — no entity label yet
ethereum,0x0d0707963952f2fba59dd06f2b425ace40b492fe,UNKNOWN_WALLET,,,,,,,,MEDIUM,,,LOW_TO_MEDIUM,UNKNOWN_BOTH,MORALIS_RECONCILIATION,,2026-05-04,2026-05-04,Address from Moralis reconciliation — no entity label yet
ethereum,0x36fc85ec486c254c9564d66de8c4210a1a20c291,UNKNOWN_WALLET,,,,,,,,MEDIUM,,,LOW_TO_MEDIUM,UNKNOWN_BOTH,MORALIS_RECONCILIATION,,2026-05-04,2026-05-04,Address from Moralis reconciliation — no entity label yet
ethereum,0x4982085c9e2f89f2ecb8131eca71afad896e89cb,UNKNOWN_WALLET,,,,,,,,MEDIUM,,,LOW_TO_MEDIUM,UNKNOWN_BOTH,MORALIS_RECONCILIATION,,2026-05-04,2026-05-04,Address from Moralis reconciliation — no entity label yet
ethereum,0x69be413d648ae00f0fbd9856f1355e22b36ee5e0,UNKNOWN_WALLET,,,,,,,,MEDIUM,,,LOW_TO_MEDIUM,UNKNOWN_BOTH,MORALIS_RECONCILIATION,,2026-05-04,2026-05-04,Address from Moralis reconciliation — no entity label yet
ethereum,0x53f78a071d04224b8e254e243fffc6d9f2f3fa23,UNKNOWN_WALLET,,,,,,,,MEDIUM,,,LOW_TO_MEDIUM,UNKNOWN_BOTH,MORALIS_RECONCILIATION,,2026-05-04,2026-05-04,Address from Moralis reconciliation — no entity label yet
ethereum,0x8dac80ce96f69f9762bc450faa4d7fbd5891ae18,UNKNOWN_WALLET,,,,,,,,MEDIUM,,,LOW_TO_MEDIUM,UNKNOWN_BOTH,MORALIS_RECONCILIATION,,2026-05-04,2026-05-04,Address from Moralis reconciliation — no entity label yet
ethereum,0xd5da17a84314194e348649c89a65143a061f7190,UNKNOWN_WALLET,,,,,,,,MEDIUM,,,LOW_TO_MEDIUM,UNKNOWN_BOTH,MORALIS_RECONCILIATION,,2026-05-04,2026-05-04,Address from Moralis reconciliation — no entity label yet
ethereum,0x6455327f820edd69c4cd665b995e0fec679d7f9e,UNKNOWN_WALLET,,,,,,,,MEDIUM,,,LOW_TO_MEDIUM,UNKNOWN_BOTH,MORALIS_RECONCILIATION,,2026-05-04,2026-05-04,Address from Moralis reconciliation — no entity label yet
ethereum,0x17c0ae0ac1f0c00a771364af8f4ead290b4c02ae,UNKNOWN_WALLET,,,,,,,,MEDIUM,,,LOW_TO_MEDIUM,UNKNOWN_BOTH,MORALIS_RECONCILIATION,,2026-05-04,2026-05-04,Address from Moralis reconciliation — no entity label yet
ethereum,0x035ae7d933dcbfe617ffba194a88af0c2867b90c,UNKNOWN_WALLET,,,,,,,,MEDIUM,,,LOW_TO_MEDIUM,UNKNOWN_BOTH,MORALIS_RECONCILIATION,,2026-05-04,2026-05-04,Address from Moralis reconciliation — no entity label yet
ethereum,0x17a30350771d02409046a683b18fe1c13ccfc4a8,UNKNOWN_WALLET,,,,,,,,MEDIUM,,,LOW_TO_MEDIUM,UNKNOWN_BOTH,MORALIS_RECONCILIATION,,2026-05-04,2026-05-04,Address from Moralis reconciliation — no entity label yet
ethereum,0xbb37e9c98b68a0dafa802e71a47d737b7864faad,UNKNOWN_WALLET,,,,,,,,MEDIUM,,,LOW_TO_MEDIUM,UNKNOWN_BOTH,MORALIS_RECONCILIATION,,2026-05-04,2026-05-04,Address from Moralis reconciliation — no entity label yet
ethereum,0xc82c31b242d49db07f9282295b6e8e391771a588,UNKNOWN_WALLET,,,,,,,,MEDIUM,,,LOW_TO_MEDIUM,UNKNOWN_BOTH,MORALIS_RECONCILIATION,,2026-05-04,2026-05-04,Address from Moralis reconciliation — no entity label yet
ethereum,0xa5849fe818f0ee0675347f6018da9a49c93814ee,UNKNOWN_WALLET,,,,,,,,MEDIUM,,,LOW_TO_MEDIUM,UNKNOWN_BOTH,MORALIS_RECONCILIATION,,2026-05-04,2026-05-04,Address from Moralis reconciliation — no entity label yet
ethereum,0xb8e6d31e7b212b2b7250ee9c26c56cebbfbe6b23,UNKNOWN_WALLET,,,,,,,,MEDIUM,,,LOW_TO_MEDIUM,UNKNOWN_BOTH,MORALIS_RECONCILIATION,,2026-05-04,2026-05-04,Address from Moralis reconciliation — no entity label yet
ethereum,51yzydsnec4xnuv7xlrvycdyv4x3wutzrdcraybmqu5j,UNKNOWN_WALLET,,,,,,,,MEDIUM,,,LOW_TO_MEDIUM,UNKNOWN_BOTH,MORALIS_RECONCILIATION,,2026-05-04,2026-05-04,Address from Moralis reconciliation — no entity label yet
ethereum,9wzdxwbbmkg8ztbnmquxvqrayrzzdsgydlvl9zytawwm,UNKNOWN_WALLET,,,,,,,,MEDIUM,,,LOW_TO_MEDIUM,UNKNOWN_BOTH,MORALIS_RECONCILIATION,,2026-05-04,2026-05-04,Address from Moralis reconciliation — no entity label yet
ethereum,4xlpwxgyupwpvtqje94rls4wz4ad8njyykr2ajk99qdg,UNKNOWN_WALLET,,,,,,,,MEDIUM,,,LOW_TO_MEDIUM,UNKNOWN_BOTH,MORALIS_RECONCILIATION,,2026-05-04,2026-05-04,Address from Moralis reconciliation — no entity label yet
ethereum,3gd3dqgtj4jwfbflytx67dalfetjc5is72scgrhckw2u,UNKNOWN_WALLET,,,,,,,,MEDIUM,,,LOW_TO_MEDIUM,UNKNOWN_BOTH,MORALIS_RECONCILIATION,,2026-05-04,2026-05-04,Address from Moralis reconciliation — no entity label yet
ethereum,5z7gxl5u4jcw9d6acu28lew4rktibsg1emxbtcx7efg2,UNKNOWN_WALLET,,,,,,,,MEDIUM,,,LOW_TO_MEDIUM,UNKNOWN_BOTH,MORALIS_RECONCILIATION,,2026-05-04,2026-05-04,Address from Moralis reconciliation — no entity label yet
ethereum,cbeadkb8tzaxhjve3zwad4l995gze7rjcacj7asebkvg,UNKNOWN_WALLET,,,,,,,,MEDIUM,,,LOW_TO_MEDIUM,UNKNOWN_BOTH,MORALIS_RECONCILIATION,,2026-05-04,2026-05-04,Address from Moralis reconciliation — no entity label yet
ethereum,5nudhyusfhpahh1ut2faotfxmh6qqju5xpvaxz1z1vme,UNKNOWN_WALLET,,,,,,,,MEDIUM,,,LOW_TO_MEDIUM,UNKNOWN_BOTH,MORALIS_RECONCILIATION,,2026-05-04,2026-05-04,Address from Moralis reconciliation — no entity label yet
ethereum,3b7xaqrloemdegvx8569f9grb9pcxxocjmj5wvhhei9z,UNKNOWN_WALLET,,,,,,,,MEDIUM,,,LOW_TO_MEDIUM,UNKNOWN_BOTH,MORALIS_RECONCILIATION,,2026-05-04,2026-05-04,Address from Moralis reconciliation — no entity label yet
ethereum,6ly1jzafvzsp2a2xkrtu6znqmq5h4i7tocwdgrkzzkzf,UNKNOWN_WALLET,,,,,,,,MEDIUM,,,LOW_TO_MEDIUM,UNKNOWN_BOTH,MORALIS_RECONCILIATION,,2026-05-04,2026-05-04,Address from Moralis reconciliation — no entity label yet
ethereum,e2rvjg2mywpkcbkhbuf81gfhyr6kvmncdbsmr5qnatyy,UNKNOWN_WALLET,,,,,,,,MEDIUM,,,LOW_TO_MEDIUM,UNKNOWN_BOTH,MORALIS_RECONCILIATION,,2026-05-04,2026-05-04,Address from Moralis reconciliation — no entity label yet
ethereum,5q544fkrfoe6tsebd7s8emxgtjyakttvhaw5q5pge4j1,UNKNOWN_WALLET,,,,,,,,MEDIUM,,,LOW_TO_MEDIUM,UNKNOWN_BOTH,MORALIS_RECONCILIATION,,2026-05-04,2026-05-04,Address from Moralis reconciliation — no entity label yet
ethereum,ck8i4zfxkde2kwfyg7g9s748r6mwxajbckcyghqmr3qq,UNKNOWN_WALLET,,,,,,,,MEDIUM,,,LOW_TO_MEDIUM,UNKNOWN_BOTH,MORALIS_RECONCILIATION,,2026-05-04,2026-05-04,Address from Moralis reconciliation — no entity label yet
ethereum,42bragavnzmbp7aaktpvambspekehnfqejizc53epjfd,UNKNOWN_WALLET,,,,,,,,MEDIUM,,,LOW_TO_MEDIUM,UNKNOWN_BOTH,MORALIS_RECONCILIATION,,2026-05-04,2026-05-04,Address from Moralis reconciliation — no entity label yet
ethereum,gbrurzmtwujjrta3bkvo7zgwuzylmmwpcwre7bejjxnk,UNKNOWN_WALLET,,,,,,,,MEDIUM,,,LOW_TO_MEDIUM,UNKNOWN_BOTH,MORALIS_RECONCILIATION,,2026-05-04,2026-05-04,Address from Moralis reconciliation — no entity label yet
ethereum,efe3j1pcsp1pauza86zw7989zjsfp2j7ginyuqo4ewqr,UNKNOWN_WALLET,,,,,,,,MEDIUM,,,LOW_TO_MEDIUM,UNKNOWN_BOTH,MORALIS_RECONCILIATION,,2026-05-04,2026-05-04,Address from Moralis reconciliation — no entity label yet
ethereum,cmivunnbdhxlq9chv1bsuiqe5yczf6jvvffdepmhhhyk,UNKNOWN_WALLET,,,,,,,,MEDIUM,,,LOW_TO_MEDIUM,UNKNOWN_BOTH,MORALIS_RECONCILIATION,,2026-05-04,2026-05-04,Address from Moralis reconciliation — no entity label yet
ethereum,7twnq4weycwqwbcwkeex2q9xqvtthpgkb7adnvueuvuh,UNKNOWN_WALLET,,,,,,,,MEDIUM,,,LOW_TO_MEDIUM,UNKNOWN_BOTH,MORALIS_RECONCILIATION,,2026-05-04,2026-05-04,Address from Moralis reconciliation — no entity label yet
ethereum,5dsarcafnyy3ahwymay7vt7grebyzsj4tdfu7jyesbb8,UNKNOWN_WALLET,,,,,,,,MEDIUM,,,LOW_TO_MEDIUM,UNKNOWN_BOTH,MORALIS_RECONCILIATION,,2026-05-04,2026-05-04,Address from Moralis reconciliation — no entity label yet
ethereum,agkgwk1r669kdt4fcqgdgk7pgahgjpjd4j9xmvjul9kn,UNKNOWN_WALLET,,,,,,,,MEDIUM,,,LOW_TO_MEDIUM,UNKNOWN_BOTH,MORALIS_RECONCILIATION,,2026-05-04,2026-05-04,Address from Moralis reconciliation — no entity label yet
ethereum,7lp4jbapgnhxoxpjtr2twufh7oaqyqngqjpy7hfjcn7h,UNKNOWN_WALLET,,,,,,,,MEDIUM,,,LOW_TO_MEDIUM,UNKNOWN_BOTH,MORALIS_RECONCILIATION,,2026-05-04,2026-05-04,Address from Moralis reconciliation — no entity label yet
ethereum,9adee8aam1xgjrpes4zktpozr3o4u5igbgvpwkndldj3,UNKNOWN_WALLET,,,,,,,,MEDIUM,,,LOW_TO_MEDIUM,UNKNOWN_BOTH,MORALIS_RECONCILIATION,,2026-05-04,2026-05-04,Address from Moralis reconciliation — no entity label yet
ethereum,9rpzafh4j8f6qg1gjnhrhsp9exdvdjseszxe53qp7ubb,UNKNOWN_WALLET,,,,,,,,MEDIUM,,,LOW_TO_MEDIUM,UNKNOWN_BOTH,MORALIS_RECONCILIATION,,2026-05-04,2026-05-04,Address from Moralis reconciliation — no entity label yet
ethereum,eblm4ztrqdftrqnzammvnwckjk5ef5vm1hg3sapv3tki,UNKNOWN_WALLET,,,,,,,,MEDIUM,,,LOW_TO_MEDIUM,UNKNOWN_BOTH,MORALIS_RECONCILIATION,,2026-05-04,2026-05-04,Address from Moralis reconciliation — no entity label yet
ethereum,8mm46csqxiyaputdup2cxhg41he3bfyntembdwzrmzqh,UNKNOWN_WALLET,,,,,,,,MEDIUM,,,LOW_TO_MEDIUM,UNKNOWN_BOTH,MORALIS_RECONCILIATION,,2026-05-04,2026-05-04,Address from Moralis reconciliation — no entity label yet
ethereum,f18jtyiqivkmuy3zysjrjmbpghab4is16betyfey67wf,UNKNOWN_WALLET,,,,,,,,MEDIUM,,,LOW_TO_MEDIUM,UNKNOWN_BOTH,MORALIS_RECONCILIATION,,2026-05-04,2026-05-04,Address from Moralis reconciliation — no entity label yet
ethereum,gugu1tp7doletw9hqp51xrjys8da1fwxuiy2rvrnmd2m,UNKNOWN_WALLET,,,,,,,,MEDIUM,,,LOW_TO_MEDIUM,UNKNOWN_BOTH,MORALIS_RECONCILIATION,,2026-05-04,2026-05-04,Address from Moralis reconciliation — no entity label yet