token,date,sample_group,event_rel_day,metric_id,value
LAB,2026-03-05,P0,-49,PV_001,-0.07436687866486015
LAB,2026-03-05,P0,-49,PV_002,0.8662415472174374
LAB,2026-03-05,P0,-49,PV_003,0
LAB,2026-03-05,P0,-49,PV_004,0
LAB,2026-03-06,P0,-48,PV_001,0.0334103594535994
LAB,2026-03-06,P0,-48,PV_002,0.9605419134524883
LAB,2026-03-06,P0,-48,PV_003,0
LAB,2026-03-06,P0,-48,PV_004,0
LAB,2026-03-07,P0,-47,PV_001,-0.0462895063007573
LAB,2026-03-07,P0,-47,PV_002,0.7748826178427529
LAB,2026-03-07,P0,-47,PV_003,0
LAB,2026-03-07,P0,-47,PV_004,0
LAB,2026-03-08,P0,-46,PV_001,-0.09008747943262368
LAB,2026-03-08,P0,-46,PV_002,0.7224226024491366
LAB,2026-03-08,P0,-46,PV_003,0
LAB,2026-03-08,P0,-46,PV_004,0
LAB,2026-03-09,P0,-45,PV_001,-0.09411234676597907
LAB,2026-03-09,P0,-45,PV_002,0.7510444144218807
LAB,2026-03-09,P0,-45,PV_003,1
LAB,2026-03-09,P0,-45,PV_004,0
LAB,2026-03-10,P0,-44,PV_001,-0.15881927238073001
LAB,2026-03-10,P0,-44,PV_002,0.9232744563986097
LAB,2026-03-10,P0,-44,PV_003,1
LAB,2026-03-10,P0,-44,PV_004,0
LAB,2026-03-11,P0,-43,PV_001,-0.21532739109426052
LAB,2026-03-11,P0,-43,PV_002,0.7847966908923009
LAB,2026-03-11,P0,-43,PV_003,0
LAB,2026-03-11,P0,-43,PV_004,0
LAB,2026-03-12,P0,-42,PV_001,0.09376922479019872
LAB,2026-03-12,P0,-42,PV_002,0.593669002473256
LAB,2026-03-12,P0,-42,PV_003,0
LAB,2026-03-12,P0,-42,PV_004,0
LAB,2026-03-13,P0,-41,PV_001,0.036506407332178484
LAB,2026-03-13,P0,-41,PV_002,0.516967303742063
LAB,2026-03-13,P0,-41,PV_003,0
LAB,2026-03-13,P0,-41,PV_004,1
LAB,2026-03-14,P0,-40,PV_001,0.2619934693755772
LAB,2026-03-14,P0,-40,PV_002,0.7703526583845783
LAB,2026-03-14,P0,-40,PV_003,0
LAB,2026-03-14,P0,-40,PV_004,1
LAB,2026-03-15,P0,-39,PV_001,0.31152861012360056
LAB,2026-03-15,P0,-39,PV_002,1.0209202203692345
LAB,2026-03-15,P0,-39,PV_003,0
LAB,2026-03-15,P0,-39,PV_004,1
LAB,2026-03-16,P0,-38,PV_001,0.3488297522461029
LAB,2026-03-16,P0,-38,PV_002,1.2001663727897192
LAB,2026-03-16,P0,-38,PV_003,0
LAB,2026-03-16,P0,-38,PV_004,1
LAB,2026-03-17,P0,-37,PV_001,0.29768347482745555
LAB,2026-03-17,P0,-37,PV_002,0.9376727524937438
LAB,2026-03-17,P0,-37,PV_003,1
LAB,2026-03-17,P0,-37,PV_004,0
LAB,2026-03-18,P0,-36,PV_001,0.34462085473339765
LAB,2026-03-18,P0,-36,PV_002,0.9523568137855271
LAB,2026-03-18,P0,-36,PV_003,1
LAB,2026-03-18,P0,-36,PV_004,0
LAB,2026-03-19,P0,-35,PV_001,0.19787980257023075
LAB,2026-03-19,P0,-35,PV_002,0.8381486087092905
LAB,2026-03-19,P0,-35,PV_003,0
LAB,2026-03-19,P0,-35,PV_004,0
LAB,2026-03-20,P0,-34,PV_001,0.08797980089741028
LAB,2026-03-20,P0,-34,PV_002,0.6406317272400919
LAB,2026-03-20,P0,-34,PV_003,0
LAB,2026-03-20,P0,-34,PV_004,0
LAB,2026-03-21,P0,-33,PV_001,0.1247325795185979
LAB,2026-03-21,P0,-33,PV_002,0.5490820718415715
LAB,2026-03-21,P0,-33,PV_003,0
LAB,2026-03-21,P0,-33,PV_004,1
LAB,2026-03-22,P0,-32,PV_001,0.07296447250435358
LAB,2026-03-22,P0,-32,PV_002,0.5987983992402556
LAB,2026-03-22,P0,-32,PV_003,0
LAB,2026-03-22,P0,-32,PV_004,1
LAB,2026-03-23,P0,-31,PV_001,0.017736527142903413
LAB,2026-03-23,P0,-31,PV_002,0.4108020774327089
LAB,2026-03-23,P0,-31,PV_003,1
LAB,2026-03-23,P0,-31,PV_004,1
LAB,2026-03-24,P0,-30,PV_001,-0.021751003458542834
LAB,2026-03-24,P0,-30,PV_002,0.3019369702112997
LAB,2026-03-24,P0,-30,PV_003,0
LAB,2026-03-24,P0,-30,PV_004,0
LAB,2026-03-25,P0,-29,PV_001,-0.025626481682087976
LAB,2026-03-25,P0,-29,PV_002,0.22161948223256903
LAB,2026-03-25,P0,-29,PV_003,0
LAB,2026-03-25,P0,-29,PV_004,0
LAB,2026-03-26,P0,-28,PV_001,0.01718010452986996
LAB,2026-03-26,P0,-28,PV_002,0.1803673595342078
LAB,2026-03-26,P0,-28,PV_003,1
LAB,2026-03-26,P0,-28,PV_004,0
LAB,2026-03-27,P0,-27,PV_001,0.07966556611106018
LAB,2026-03-27,P0,-27,PV_002,0.22643136661705765
LAB,2026-03-27,P0,-27,PV_003,1
LAB,2026-03-27,P0,-27,PV_004,0
LAB,2026-03-28,P0,-26,PV_001,0.021791117958391254
LAB,2026-03-28,P0,-26,PV_002,0.12219020600649105
LAB,2026-03-28,P0,-26,PV_003,0
LAB,2026-03-28,P0,-26,PV_004,1
LAB,2026-03-29,P0,-25,PV_001,-0.004348691734532987
LAB,2026-03-29,P0,-25,PV_002,-0.32680991634114953
LAB,2026-03-29,P0,-25,PV_003,0
LAB,2026-03-29,P0,-25,PV_004,1
LAB,2026-03-30,P0,-24,PV_001,0.05997067762084
LAB,2026-03-30,P0,-24,PV_002,-0.48968437357484146
LAB,2026-03-30,P0,-24,PV_003,1
LAB,2026-03-30,P0,-24,PV_004,1
LAB,2026-03-31,P0,-23,PV_001,0.08377576716703407
LAB,2026-03-31,P0,-23,PV_002,-0.4687468240774526
LAB,2026-03-31,P0,-23,PV_003,1
LAB,2026-03-31,P0,-23,PV_004,0
LAB,2026-04-01,P0,-22,PV_001,0.05840767261460949
LAB,2026-04-01,P0,-22,PV_002,-0.4813095895287281
LAB,2026-04-01,P0,-22,PV_003,0
LAB,2026-04-01,P0,-22,PV_004,0
LAB,2026-04-02,P0,-21,PV_001,-0.0023782780938809006
LAB,2026-04-02,P0,-21,PV_002,-0.4885491075323267
LAB,2026-04-02,P0,-21,PV_003,0
LAB,2026-04-02,P0,-21,PV_004,0
LAB,2026-04-03,P0,-20,PV_001,0.002090093178120041
LAB,2026-04-03,P0,-20,PV_002,-0.5880557723475358
LAB,2026-04-03,P0,-20,PV_003,0
LAB,2026-04-03,P0,-20,PV_004,0
LAB,2026-04-04,P0,-19,PV_001,-0.0037201263634047293
LAB,2026-04-04,P0,-19,PV_002,-0.6749254503243995
LAB,2026-04-04,P0,-19,PV_003,0
LAB,2026-04-04,P0,-19,PV_004,0
LAB,2026-04-05,P0,-18,PV_001,0.1609950677760987
LAB,2026-04-05,P0,-18,PV_002,-0.4542167124265315
LAB,2026-04-05,P0,-18,PV_003,0
LAB,2026-04-05,P0,-18,PV_004,1
LAB,2026-04-06,P0,-17,PV_001,0.3595296659143632
LAB,2026-04-06,P0,-17,PV_002,0.20633794058604193
LAB,2026-04-06,P0,-17,PV_003,0
LAB,2026-04-06,P0,-17,PV_004,1
LAB,2026-04-07,P0,-16,PV_001,0.7950219991430204
LAB,2026-04-07,P0,-16,PV_002,0.5949713756593864
LAB,2026-04-07,P0,-16,PV_003,0
LAB,2026-04-07,P0,-16,PV_004,1
LAB,2026-04-08,P0,-15,PV_001,0.8503547970109058
LAB,2026-04-08,P0,-15,PV_002,0.8516912908991393
LAB,2026-04-08,P0,-15,PV_003,0
LAB,2026-04-08,P0,-15,PV_004,1
LAB,2026-04-09,P0,-14,PV_001,1.2000043509475922
LAB,2026-04-09,P0,-14,PV_002,1.0625580304515083
LAB,2026-04-09,P0,-14,PV_003,0
LAB,2026-04-09,P0,-14,PV_004,1
LAB,2026-04-10,P0,-13,PV_001,1.551416320496288
LAB,2026-04-10,P0,-13,PV_002,1.285860641313299
LAB,2026-04-10,P0,-13,PV_003,0
LAB,2026-04-10,P0,-13,PV_004,1
LAB,2026-04-11,P0,-12,PV_001,1.015256765396807
LAB,2026-04-11,P0,-12,PV_002,1.4531728456157853
LAB,2026-04-11,P0,-12,PV_003,0
LAB,2026-04-11,P0,-12,PV_004,1
LAB,2026-04-12,P0,-11,PV_001,1.1863288674433634
LAB,2026-04-12,P0,-11,PV_002,1.5558658309691595
LAB,2026-04-12,P0,-11,PV_003,0
LAB,2026-04-12,P0,-11,PV_004,1
LAB,2026-04-13,P0,-10,PV_001,0.9847459640166505
LAB,2026-04-13,P0,-10,PV_002,1.5393282965971409
LAB,2026-04-13,P0,-10,PV_003,0
LAB,2026-04-13,P0,-10,PV_004,1
LAB,2026-04-14,P0,-9,PV_001,0.287030089568962
LAB,2026-04-14,P0,-9,PV_002,1.4771661274485965
LAB,2026-04-14,P0,-9,PV_003,0
LAB,2026-04-14,P0,-9,PV_004,1
LAB,2026-04-15,P0,-8,PV_001,0.31006422144862483
LAB,2026-04-15,P0,-8,PV_002,1.3750712780548067
LAB,2026-04-15,P0,-8,PV_003,0
LAB,2026-04-15,P0,-8,PV_004,0
LAB,2026-04-16,P0,-7,PV_001,0.15076725223438306
LAB,2026-04-16,P0,-7,PV_002,1.3509247111058504
LAB,2026-04-16,P0,-7,PV_003,1
LAB,2026-04-16,P0,-7,PV_004,0
LAB,2026-04-17,P0,-6,PV_001,0.1357207148170207
LAB,2026-04-17,P0,-6,PV_002,1.2606881689105347
LAB,2026-04-17,P0,-6,PV_003,0
LAB,2026-04-17,P0,-6,PV_004,1
LAB,2026-04-18,P0,-5,PV_001,0.14337056378363436
LAB,2026-04-18,P0,-5,PV_002,1.2473195915246504
LAB,2026-04-18,P0,-5,PV_003,0
LAB,2026-04-18,P0,-5,PV_004,0
LAB,2026-04-19,P0,-4,PV_001,0.011564540029897642
LAB,2026-04-19,P0,-4,PV_002,1.0701908875430697
LAB,2026-04-19,P0,-4,PV_003,0
LAB,2026-04-19,P0,-4,PV_004,1
LAB,2026-04-20,P0,-3,PV_001,-0.0370172989695886
LAB,2026-04-20,P0,-3,PV_002,0.7443876817161773
LAB,2026-04-20,P0,-3,PV_003,0
LAB,2026-04-20,P0,-3,PV_004,0
LAB,2026-04-21,P0,-2,PV_001,0.16589923206040846
LAB,2026-04-21,P0,-2,PV_002,0.1693432252866467
LAB,2026-04-21,P0,-2,PV_003,1
LAB,2026-04-21,P0,-2,PV_004,1
LAB,2026-04-22,P0,-1,PV_001,0.17532129079149195
LAB,2026-04-22,P0,-1,PV_002,-0.021673787876930653
LAB,2026-04-22,P0,-1,PV_003,1
LAB,2026-04-22,P0,-1,PV_004,0
LAB,2026-04-23,P0,0,PV_001,0.4664477611280569
LAB,2026-04-23,P0,0,PV_002,-0.011551892432516373
LAB,2026-04-23,P0,0,PV_003,0
LAB,2026-04-23,P0,0,PV_004,1
LAB,2026-04-24,P0,1,PV_001,0.25472495369552617
LAB,2026-04-24,P0,1,PV_002,0.3017583044722167
LAB,2026-04-24,P0,1,PV_003,0
LAB,2026-04-24,P0,1,PV_004,1
LAB,2026-04-25,P0,2,PV_001,0.6093481413967852
LAB,2026-04-25,P0,2,PV_002,0.5412159229301472
LAB,2026-04-25,P0,2,PV_003,0
LAB,2026-04-25,P0,2,PV_004,1
LAB,2026-04-26,P0,3,PV_001,0.41920130891834345
LAB,2026-04-26,P0,3,PV_002,0.6926110452963021
LAB,2026-04-26,P0,3,PV_003,1
LAB,2026-04-26,P0,3,PV_004,1
LAB,2026-04-27,P0,4,PV_001,0.26927480212145616
LAB,2026-04-27,P0,4,PV_002,0.8539570471571457
LAB,2026-04-27,P0,4,PV_003,0
LAB,2026-04-27,P0,4,PV_004,0
LAB,2026-04-28,P0,5,PV_001,0.16533175215186746
LAB,2026-04-28,P0,5,PV_002,0.9062588714361828
LAB,2026-04-28,P0,5,PV_003,0
LAB,2026-04-28,P0,5,PV_004,0
LAB,2026-04-29,P0,6,PV_001,0.18510867079498577
LAB,2026-04-29,P0,6,PV_002,0.9063059523035248
LAB,2026-04-29,P0,6,PV_003,1
LAB,2026-04-29,P0,6,PV_004,0
LAB,2026-04-30,P0,7,PV_001,0.01388202898360453
LAB,2026-04-30,P0,7,PV_002,0.8428272229472397
LAB,2026-04-30,P0,7,PV_003,1
LAB,2026-04-30,P0,7,PV_004,0
LAB,2026-05-01,P0,8,PV_001,0.3301666186726917
LAB,2026-05-01,P0,8,PV_002,0.4529083476476481
LAB,2026-05-01,P0,8,PV_003,0
LAB,2026-05-01,P0,8,PV_004,1
LAB,2026-05-02,P0,9,PV_001,1.9993697428806205
LAB,2026-05-02,P0,9,PV_002,0.5903247630144272
LAB,2026-05-02,P0,9,PV_003,0
LAB,2026-05-02,P0,9,PV_004,1
LAB,2026-05-03,P0,10,PV_001,2.0675754058502642
LAB,2026-05-03,P0,10,PV_002,0.7935035661237756
LAB,2026-05-03,P0,10,PV_003,0
LAB,2026-05-03,P0,10,PV_004,1
LAB,2026-05-04,P0,11,PV_001,1.7535232440244202
LAB,2026-05-04,P0,11,PV_002,0.9390557867877192
LAB,2026-05-04,P0,11,PV_003,0
LAB,2026-05-04,P0,11,PV_004,1
UB,2026-03-05,P0,-54,PV_001,-0.10872901533312397
UB,2026-03-05,P0,-54,PV_002,-0.003156025810056556
UB,2026-03-05,P0,-54,PV_003,0
UB,2026-03-05,P0,-54,PV_004,0
UB,2026-03-06,P0,-53,PV_001,0.006746483584417965
UB,2026-03-06,P0,-53,PV_002,0.11440600511598771
UB,2026-03-06,P0,-53,PV_003,0
UB,2026-03-06,P0,-53,PV_004,1
UB,2026-03-07,P0,-52,PV_001,-0.04271413739901263
UB,2026-03-07,P0,-52,PV_002,0.011056216290721746
UB,2026-03-07,P0,-52,PV_003,0
UB,2026-03-07,P0,-52,PV_004,0
UB,2026-03-08,P0,-51,PV_001,-0.02868974473553404
UB,2026-03-08,P0,-51,PV_002,-0.11475513526581577
UB,2026-03-08,P0,-51,PV_003,0
UB,2026-03-08,P0,-51,PV_004,0
UB,2026-03-09,P0,-50,PV_001,-0.0801061498269946
UB,2026-03-09,P0,-50,PV_002,-0.24310123407682616
UB,2026-03-09,P0,-50,PV_003,0
UB,2026-03-09,P0,-50,PV_004,0
UB,2026-03-10,P0,-49,PV_001,-0.015579993891465258
UB,2026-03-10,P0,-49,PV_002,-0.3746783959128484
UB,2026-03-10,P0,-49,PV_003,1
UB,2026-03-10,P0,-49,PV_004,0
UB,2026-03-11,P0,-48,PV_001,-0.02339944134873138
UB,2026-03-11,P0,-48,PV_002,-0.4795614886565886
UB,2026-03-11,P0,-48,PV_003,1
UB,2026-03-11,P0,-48,PV_004,0
UB,2026-03-12,P0,-47,PV_001,-0.10549736199091427
UB,2026-03-12,P0,-47,PV_002,-0.4185696898344362
UB,2026-03-12,P0,-47,PV_003,1
UB,2026-03-12,P0,-47,PV_004,0
UB,2026-03-13,P0,-46,PV_001,-0.16564171101664807
UB,2026-03-13,P0,-46,PV_002,-0.8303570708163509
UB,2026-03-13,P0,-46,PV_003,1
UB,2026-03-13,P0,-46,PV_004,0
UB,2026-03-14,P0,-45,PV_001,-0.06529247798742233
UB,2026-03-14,P0,-45,PV_002,-0.9640523015414667
UB,2026-03-14,P0,-45,PV_003,1
UB,2026-03-14,P0,-45,PV_004,0
UB,2026-03-15,P0,-44,PV_001,0.01823728622422885
UB,2026-03-15,P0,-44,PV_002,-0.9513723912482157
UB,2026-03-15,P0,-44,PV_003,1
UB,2026-03-15,P0,-44,PV_004,0
UB,2026-03-16,P0,-43,PV_001,0.012948756844677589
UB,2026-03-16,P0,-43,PV_002,-0.9759977795710442
UB,2026-03-16,P0,-43,PV_003,1
UB,2026-03-16,P0,-43,PV_004,0
UB,2026-03-17,P0,-42,PV_001,-0.0028347405473009564
UB,2026-03-17,P0,-42,PV_002,-0.8909112191013044
UB,2026-03-17,P0,-42,PV_003,1
UB,2026-03-17,P0,-42,PV_004,0
UB,2026-03-18,P0,-41,PV_001,-0.018394911591287234
UB,2026-03-18,P0,-41,PV_002,-0.7863215710068244
UB,2026-03-18,P0,-41,PV_003,1
UB,2026-03-18,P0,-41,PV_004,0
UB,2026-03-19,P0,-40,PV_001,0.042454257652621036
UB,2026-03-19,P0,-40,PV_002,-0.7793106280499063
UB,2026-03-19,P0,-40,PV_003,0
UB,2026-03-19,P0,-40,PV_004,0
UB,2026-03-20,P0,-39,PV_001,0.031034536751177365
UB,2026-03-20,P0,-39,PV_002,-0.6780178052217628
UB,2026-03-20,P0,-39,PV_003,1
UB,2026-03-20,P0,-39,PV_004,0
UB,2026-03-21,P0,-38,PV_001,-0.024682282869132093
UB,2026-03-21,P0,-38,PV_002,-0.49323304726035433
UB,2026-03-21,P0,-38,PV_003,0
UB,2026-03-21,P0,-38,PV_004,0
UB,2026-03-22,P0,-37,PV_001,-0.029129430548852683
UB,2026-03-22,P0,-37,PV_002,-0.5524521103265891
UB,2026-03-22,P0,-37,PV_003,1
UB,2026-03-22,P0,-37,PV_004,0
UB,2026-03-23,P0,-36,PV_001,0.07516078502803857
UB,2026-03-23,P0,-36,PV_002,-0.4718390754504055
UB,2026-03-23,P0,-36,PV_003,0
UB,2026-03-23,P0,-36,PV_004,0
UB,2026-03-24,P0,-35,PV_001,0.04349003247513327
UB,2026-03-24,P0,-35,PV_002,-0.415402704314585
UB,2026-03-24,P0,-35,PV_003,0
UB,2026-03-24,P0,-35,PV_004,0
UB,2026-03-25,P0,-34,PV_001,0.15151936322618156
UB,2026-03-25,P0,-34,PV_002,-0.4960593935323241
UB,2026-03-25,P0,-34,PV_003,0
UB,2026-03-25,P0,-34,PV_004,1
UB,2026-03-26,P0,-33,PV_001,-0.09268496103569902
UB,2026-03-26,P0,-33,PV_002,0.2530509615669418
UB,2026-03-26,P0,-33,PV_003,0
UB,2026-03-26,P0,-33,PV_004,0
UB,2026-03-27,P0,-32,PV_001,-0.10168116837535308
UB,2026-03-27,P0,-32,PV_002,0.4933325168224352
UB,2026-03-27,P0,-32,PV_003,0
UB,2026-03-27,P0,-32,PV_004,0
UB,2026-03-28,P0,-31,PV_001,-0.17927197215550816
UB,2026-03-28,P0,-31,PV_002,0.8119621642033324
UB,2026-03-28,P0,-31,PV_003,0
UB,2026-03-28,P0,-31,PV_004,0
UB,2026-03-29,P0,-30,PV_001,-0.09066223457973416
UB,2026-03-29,P0,-30,PV_002,1.1264654043377094
UB,2026-03-29,P0,-30,PV_003,0
UB,2026-03-29,P0,-30,PV_004,0
UB,2026-03-30,P0,-29,PV_001,-0.2619637122532208
UB,2026-03-30,P0,-29,PV_002,1.295906607159627
UB,2026-03-30,P0,-29,PV_003,0
UB,2026-03-30,P0,-29,PV_004,0
UB,2026-03-31,P0,-28,PV_001,-0.2683566520946604
UB,2026-03-31,P0,-28,PV_002,1.4478590865254866
UB,2026-03-31,P0,-28,PV_003,0
UB,2026-03-31,P0,-28,PV_004,0
UB,2026-04-01,P0,-27,PV_001,-0.3212981198213781
UB,2026-04-01,P0,-27,PV_002,1.5302481096147709
UB,2026-04-01,P0,-27,PV_003,0
UB,2026-04-01,P0,-27,PV_004,0
UB,2026-04-02,P0,-26,PV_001,-0.2873973613140334
UB,2026-04-02,P0,-26,PV_002,1.0875648423521618
UB,2026-04-02,P0,-26,PV_003,0
UB,2026-04-02,P0,-26,PV_004,0
UB,2026-04-03,P0,-25,PV_001,-0.16820468554387932
UB,2026-04-03,P0,-25,PV_002,0.7697274741167409
UB,2026-04-03,P0,-25,PV_003,0
UB,2026-04-03,P0,-25,PV_004,0
UB,2026-04-04,P0,-24,PV_001,-0.15494289900202937
UB,2026-04-04,P0,-24,PV_002,0.4833117968519126
UB,2026-04-04,P0,-24,PV_003,0
UB,2026-04-04,P0,-24,PV_004,0
UB,2026-04-05,P0,-23,PV_001,-0.23476819016439868
UB,2026-04-05,P0,-23,PV_002,0.27079229456552073
UB,2026-04-05,P0,-23,PV_003,0
UB,2026-04-05,P0,-23,PV_004,0
UB,2026-04-06,P0,-22,PV_001,-0.24311877568220258
UB,2026-04-06,P0,-22,PV_002,-0.049770268659519036
UB,2026-04-06,P0,-22,PV_003,0
UB,2026-04-06,P0,-22,PV_004,0
UB,2026-04-07,P0,-21,PV_001,-0.07644072368201521
UB,2026-04-07,P0,-21,PV_002,-0.24295000981117051
UB,2026-04-07,P0,-21,PV_003,0
UB,2026-04-07,P0,-21,PV_004,0
UB,2026-04-08,P0,-20,PV_001,-0.1535665660556211
UB,2026-04-08,P0,-20,PV_002,-0.4246665607389609
UB,2026-04-08,P0,-20,PV_003,0
UB,2026-04-08,P0,-20,PV_004,0
UB,2026-04-09,P0,-19,PV_001,-0.13784245707553205
UB,2026-04-09,P0,-19,PV_002,-0.44647912868468925
UB,2026-04-09,P0,-19,PV_003,0
UB,2026-04-09,P0,-19,PV_004,0
UB,2026-04-10,P0,-18,PV_001,-0.0896784976863567
UB,2026-04-10,P0,-18,PV_002,-0.4310354947492808
UB,2026-04-10,P0,-18,PV_003,0
UB,2026-04-10,P0,-18,PV_004,0
UB,2026-04-11,P0,-17,PV_001,0.061011421821560934
UB,2026-04-11,P0,-17,PV_002,-0.4075999745890365
UB,2026-04-11,P0,-17,PV_003,0
UB,2026-04-11,P0,-17,PV_004,1
UB,2026-04-12,P0,-16,PV_001,0.04117704346726159
UB,2026-04-12,P0,-16,PV_002,-0.3549559664934135
UB,2026-04-12,P0,-16,PV_003,1
UB,2026-04-12,P0,-16,PV_004,1
UB,2026-04-13,P0,-15,PV_001,0.2528619699460005
UB,2026-04-13,P0,-15,PV_002,-0.30297225046611925
UB,2026-04-13,P0,-15,PV_003,1
UB,2026-04-13,P0,-15,PV_004,1
UB,2026-04-14,P0,-14,PV_001,0.10594439726850921
UB,2026-04-14,P0,-14,PV_002,-0.2553454428860121
UB,2026-04-14,P0,-14,PV_003,0
UB,2026-04-14,P0,-14,PV_004,0
UB,2026-04-15,P0,-13,PV_001,0.29375156315207657
UB,2026-04-15,P0,-13,PV_002,-0.1339764637202066
UB,2026-04-15,P0,-13,PV_003,0
UB,2026-04-15,P0,-13,PV_004,1
UB,2026-04-16,P0,-12,PV_001,0.909034520089153
UB,2026-04-16,P0,-12,PV_002,-0.00711505433440937
UB,2026-04-16,P0,-12,PV_003,0
UB,2026-04-16,P0,-12,PV_004,1
UB,2026-04-17,P0,-11,PV_001,0.8113885359819181
UB,2026-04-17,P0,-11,PV_002,0.34021372962400387
UB,2026-04-17,P0,-11,PV_003,0
UB,2026-04-17,P0,-11,PV_004,1
UB,2026-04-18,P0,-10,PV_001,0.8163823749050527
UB,2026-04-18,P0,-10,PV_002,0.295304154876126
UB,2026-04-18,P0,-10,PV_003,0
UB,2026-04-18,P0,-10,PV_004,1
UB,2026-04-19,P0,-9,PV_001,0.8368852084551445
UB,2026-04-19,P0,-9,PV_002,0.27914452032862647
UB,2026-04-19,P0,-9,PV_003,1
UB,2026-04-19,P0,-9,PV_004,1
UB,2026-04-20,P0,-8,PV_001,0.6892364662196713
UB,2026-04-20,P0,-8,PV_002,0.16974945675629835
UB,2026-04-20,P0,-8,PV_003,1
UB,2026-04-20,P0,-8,PV_004,0
UB,2026-04-21,P0,-7,PV_001,0.9548193088185251
UB,2026-04-21,P0,-7,PV_002,0.10000082986605466
UB,2026-04-21,P0,-7,PV_003,0
UB,2026-04-21,P0,-7,PV_004,1
UB,2026-04-22,P0,-6,PV_001,1.6526996626530543
UB,2026-04-22,P0,-6,PV_002,0.5353977246735577
UB,2026-04-22,P0,-6,PV_003,0
UB,2026-04-22,P0,-6,PV_004,1
UB,2026-04-23,P0,-5,PV_001,0.4893963223965502
UB,2026-04-23,P0,-5,PV_002,0.7654008927636142
UB,2026-04-23,P0,-5,PV_003,0
UB,2026-04-23,P0,-5,PV_004,1
UB,2026-04-24,P0,-4,PV_001,0.17456793393340178
UB,2026-04-24,P0,-4,PV_002,0.8064876125118408
UB,2026-04-24,P0,-4,PV_003,0
UB,2026-04-24,P0,-4,PV_004,0
UB,2026-04-25,P0,-3,PV_001,0.11635452972009748
UB,2026-04-25,P0,-3,PV_002,0.9586283003027843
UB,2026-04-25,P0,-3,PV_003,1
UB,2026-04-25,P0,-3,PV_004,0
UB,2026-04-26,P0,-2,PV_001,0.2248102188272614
UB,2026-04-26,P0,-2,PV_002,1.1123302354368207
UB,2026-04-26,P0,-2,PV_003,1
UB,2026-04-26,P0,-2,PV_004,0
UB,2026-04-27,P0,-1,PV_001,0.2130584222933217
UB,2026-04-27,P0,-1,PV_002,1.2169919165024248
UB,2026-04-27,P0,-1,PV_003,1
UB,2026-04-27,P0,-1,PV_004,0
UB,2026-04-28,P0,0,PV_001,0.16143983591649952
UB,2026-04-28,P0,0,PV_002,1.2710435877620136
UB,2026-04-28,P0,0,PV_003,0
UB,2026-04-28,P0,0,PV_004,1
UB,2026-04-29,P0,1,PV_001,-0.11171724298682979
UB,2026-04-29,P0,1,PV_002,1.0274791819371296
UB,2026-04-29,P0,1,PV_003,0
UB,2026-04-29,P0,1,PV_004,1
UB,2026-04-30,P0,2,PV_001,0.36617335583724503
UB,2026-04-30,P0,2,PV_002,0.7011521988806412
UB,2026-04-30,P0,2,PV_003,0
UB,2026-04-30,P0,2,PV_004,1
UB,2026-05-01,P0,3,PV_001,1.4868572697669693
UB,2026-05-01,P0,3,PV_002,0.7599332312404768
UB,2026-05-01,P0,3,PV_003,0
UB,2026-05-01,P0,3,PV_004,1
UB,2026-05-02,P0,4,PV_001,2.33235138602199
UB,2026-05-02,P0,4,PV_002,0.9599249573462704
UB,2026-05-02,P0,4,PV_003,0
UB,2026-05-02,P0,4,PV_004,1
UB,2026-05-03,P0,5,PV_001,1.2386457709196
UB,2026-05-03,P0,5,PV_002,1.0766887119879405
UB,2026-05-03,P0,5,PV_003,0
UB,2026-05-03,P0,5,PV_004,1
UB,2026-05-04,P0,6,PV_001,1.6153711127494126
UB,2026-05-04,P0,6,PV_002,1.1991700443060724
UB,2026-05-04,P0,6,PV_003,0
UB,2026-05-04,P0,6,PV_004,1
BSB,2026-04-03,P0,-22,PV_001,0.04436699487779523
BSB,2026-04-03,P0,-22,PV_002,-0.4169513906487928
BSB,2026-04-03,P0,-22,PV_003,1
BSB,2026-04-03,P0,-22,PV_004,0
BSB,2026-04-04,P0,-21,PV_001,0.029448944943503277
BSB,2026-04-04,P0,-21,PV_002,-0.3835296464168792
BSB,2026-04-04,P0,-21,PV_003,1
BSB,2026-04-04,P0,-21,PV_004,0
BSB,2026-04-05,P0,-20,PV_001,-0.05632148701655818
BSB,2026-04-05,P0,-20,PV_002,-0.3720288688752486
BSB,2026-04-05,P0,-20,PV_003,0
BSB,2026-04-05,P0,-20,PV_004,1
BSB,2026-04-06,P0,-19,PV_001,-0.12668801635016172
BSB,2026-04-06,P0,-19,PV_002,-0.2640683848858886
BSB,2026-04-06,P0,-19,PV_003,0
BSB,2026-04-06,P0,-19,PV_004,0
BSB,2026-04-07,P0,-18,PV_001,-0.18229321278127247
BSB,2026-04-07,P0,-18,PV_002,-0.05297241346141852
BSB,2026-04-07,P0,-18,PV_003,0
BSB,2026-04-07,P0,-18,PV_004,0
BSB,2026-04-08,P0,-17,PV_001,-0.244682546967656
BSB,2026-04-08,P0,-17,PV_002,-0.0074091311241672
BSB,2026-04-08,P0,-17,PV_003,0
BSB,2026-04-08,P0,-17,PV_004,0
BSB,2026-04-09,P0,-16,PV_001,-0.234916383337881
BSB,2026-04-09,P0,-16,PV_002,-0.07658527124696769
BSB,2026-04-09,P0,-16,PV_003,1
BSB,2026-04-09,P0,-16,PV_004,0
BSB,2026-04-10,P0,-15,PV_001,-0.15611971371810535
BSB,2026-04-10,P0,-15,PV_002,-0.15477527735146318
BSB,2026-04-10,P0,-15,PV_003,0
BSB,2026-04-10,P0,-15,PV_004,0
BSB,2026-04-11,P0,-14,PV_001,-0.2280979221433108
BSB,2026-04-11,P0,-14,PV_002,-0.22290513169640733
BSB,2026-04-11,P0,-14,PV_003,0
BSB,2026-04-11,P0,-14,PV_004,0
BSB,2026-04-12,P0,-13,PV_001,-0.17186661430673955
BSB,2026-04-12,P0,-13,PV_002,-0.36557557876022284
BSB,2026-04-12,P0,-13,PV_003,0
BSB,2026-04-12,P0,-13,PV_004,1
BSB,2026-04-13,P0,-12,PV_001,0.07238454947626759
BSB,2026-04-13,P0,-12,PV_002,-0.5823516630771213
BSB,2026-04-13,P0,-12,PV_003,0
BSB,2026-04-13,P0,-12,PV_004,1
BSB,2026-04-14,P0,-11,PV_001,0.22481254101748444
BSB,2026-04-14,P0,-11,PV_002,-0.7366194571652859
BSB,2026-04-14,P0,-11,PV_003,1
BSB,2026-04-14,P0,-11,PV_004,1
BSB,2026-04-15,P0,-10,PV_001,0.4113423115453618
BSB,2026-04-15,P0,-10,PV_002,-0.8287775080210125
BSB,2026-04-15,P0,-10,PV_003,0
BSB,2026-04-15,P0,-10,PV_004,1
BSB,2026-04-16,P0,-9,PV_001,0.4037851982897745
BSB,2026-04-16,P0,-9,PV_002,-0.9001333803669174
BSB,2026-04-16,P0,-9,PV_003,0
BSB,2026-04-16,P0,-9,PV_004,1
BSB,2026-04-17,P0,-8,PV_001,0.24650069408279152
BSB,2026-04-17,P0,-8,PV_002,-0.8880195614783101
BSB,2026-04-17,P0,-8,PV_003,1
BSB,2026-04-17,P0,-8,PV_004,1
BSB,2026-04-18,P0,-7,PV_001,0.2130963362229144
BSB,2026-04-18,P0,-7,PV_002,-0.8137430275715611
BSB,2026-04-18,P0,-7,PV_003,0
BSB,2026-04-18,P0,-7,PV_004,0
BSB,2026-04-19,P0,-6,PV_001,0.10951604658489655
BSB,2026-04-19,P0,-6,PV_002,-0.8074181489019261
BSB,2026-04-19,P0,-6,PV_003,1
BSB,2026-04-19,P0,-6,PV_004,0
BSB,2026-04-20,P0,-5,PV_001,0.2285716490346202
BSB,2026-04-20,P0,-5,PV_002,-0.6656847721769582
BSB,2026-04-20,P0,-5,PV_003,0
BSB,2026-04-20,P0,-5,PV_004,1
BSB,2026-04-21,P0,-4,PV_001,0.5367312776682266
BSB,2026-04-21,P0,-4,PV_002,-0.712243780616397
BSB,2026-04-21,P0,-4,PV_003,0
BSB,2026-04-21,P0,-4,PV_004,1
BSB,2026-04-22,P0,-3,PV_001,0.5046998804343802
BSB,2026-04-22,P0,-3,PV_002,-0.5194537950168502
BSB,2026-04-22,P0,-3,PV_003,0
BSB,2026-04-22,P0,-3,PV_004,1
BSB,2026-04-23,P0,-2,PV_001,0.675828299801115
BSB,2026-04-23,P0,-2,PV_002,-0.30914740645339794
BSB,2026-04-23,P0,-2,PV_003,0
BSB,2026-04-23,P0,-2,PV_004,1
BSB,2026-04-24,P0,-1,PV_001,0.8265357712937091
BSB,2026-04-24,P0,-1,PV_002,0.09528547658018006
BSB,2026-04-24,P0,-1,PV_003,0
BSB,2026-04-24,P0,-1,PV_004,1
BSB,2026-04-25,P0,0,PV_001,2.2247278167583793
BSB,2026-04-25,P0,0,PV_002,0.44554135164807185
BSB,2026-04-25,P0,0,PV_003,0
BSB,2026-04-25,P0,0,PV_004,1
BSB,2026-04-26,P0,1,PV_001,2.1305567203054374
BSB,2026-04-26,P0,1,PV_002,0.8196215053204974
BSB,2026-04-26,P0,1,PV_003,0
BSB,2026-04-26,P0,1,PV_004,1
BSB,2026-04-27,P0,2,PV_001,1.752332692293364
BSB,2026-04-27,P0,2,PV_002,1.010596346352198
BSB,2026-04-27,P0,2,PV_003,1
BSB,2026-04-27,P0,2,PV_004,1
BSB,2026-04-28,P0,3,PV_001,1.5878830880313934
BSB,2026-04-28,P0,3,PV_002,1.2025667564694356
BSB,2026-04-28,P0,3,PV_003,0
BSB,2026-04-28,P0,3,PV_004,1
BSB,2026-04-29,P0,4,PV_001,0.2253532763178958
BSB,2026-04-29,P0,4,PV_002,1.2885175627930765
BSB,2026-04-29,P0,4,PV_003,0
BSB,2026-04-29,P0,4,PV_004,0
BSB,2026-04-30,P0,5,PV_001,0.484443082762936
BSB,2026-04-30,P0,5,PV_002,1.4006448373024
BSB,2026-04-30,P0,5,PV_003,0
BSB,2026-04-30,P0,5,PV_004,0
BSB,2026-05-01,P0,6,PV_001,0.18823321496387024
BSB,2026-05-01,P0,6,PV_002,1.2967472211245117
BSB,2026-05-01,P0,6,PV_003,0
BSB,2026-05-01,P0,6,PV_004,0
BSB,2026-05-02,P0,7,PV_001,-0.056921793608136144
BSB,2026-05-02,P0,7,PV_002,1.2577104446009313
BSB,2026-05-02,P0,7,PV_003,0
BSB,2026-05-02,P0,7,PV_004,1
BSB,2026-05-03,P0,8,PV_001,0.06950011760675931
BSB,2026-05-03,P0,8,PV_002,1.056779594770296
BSB,2026-05-03,P0,8,PV_003,0
BSB,2026-05-03,P0,8,PV_004,1
BSB,2026-05-04,P0,9,PV_001,0.41941401249397686
BSB,2026-05-04,P0,9,PV_002,0.7961552195810756
BSB,2026-05-04,P0,9,PV_003,0
BSB,2026-05-04,P0,9,PV_004,1
SIREN,2026-03-05,P2,-57,PV_001,0.4158489007276276
SIREN,2026-03-05,P2,-57,PV_002,-0.13843032059305746
SIREN,2026-03-05,P2,-57,PV_003,0
SIREN,2026-03-05,P2,-57,PV_004,1
SIREN,2026-03-06,P2,-56,PV_001,0.2964140731003363
SIREN,2026-03-06,P2,-56,PV_002,-0.1555514565193581
SIREN,2026-03-06,P2,-56,PV_003,0
SIREN,2026-03-06,P2,-56,PV_004,1
SIREN,2026-03-07,P2,-55,PV_001,0.44865300829975907
SIREN,2026-03-07,P2,-55,PV_002,-0.17796287527556828
SIREN,2026-03-07,P2,-55,PV_003,0
SIREN,2026-03-07,P2,-55,PV_004,1
SIREN,2026-03-08,P2,-54,PV_001,0.7013573171845036
SIREN,2026-03-08,P2,-54,PV_002,-0.18050778791874156
SIREN,2026-03-08,P2,-54,PV_003,0
SIREN,2026-03-08,P2,-54,PV_004,0
SIREN,2026-03-09,P2,-53,PV_001,0.07221274991985717
SIREN,2026-03-09,P2,-53,PV_002,-0.17899775167736964
SIREN,2026-03-09,P2,-53,PV_003,1
SIREN,2026-03-09,P2,-53,PV_004,0
SIREN,2026-03-10,P2,-52,PV_001,0.19130250968011758
SIREN,2026-03-10,P2,-52,PV_002,-0.07117497264324034
SIREN,2026-03-10,P2,-52,PV_003,0
SIREN,2026-03-10,P2,-52,PV_004,1
SIREN,2026-03-11,P2,-51,PV_001,0.3677189499195226
SIREN,2026-03-11,P2,-51,PV_002,-0.16953625488116575
SIREN,2026-03-11,P2,-51,PV_003,0
SIREN,2026-03-11,P2,-51,PV_004,1
SIREN,2026-03-12,P2,-50,PV_001,0.1811564203661921
SIREN,2026-03-12,P2,-50,PV_002,-0.12475552404710968
SIREN,2026-03-12,P2,-50,PV_003,0
SIREN,2026-03-12,P2,-50,PV_004,1
SIREN,2026-03-13,P2,-49,PV_001,0.22374269544020933
SIREN,2026-03-13,P2,-49,PV_002,0.10720894691014299
SIREN,2026-03-13,P2,-49,PV_003,0
SIREN,2026-03-13,P2,-49,PV_004,1
SIREN,2026-03-14,P2,-48,PV_001,0.4308008356372789
SIREN,2026-03-14,P2,-48,PV_002,0.15760621939967492
SIREN,2026-03-14,P2,-48,PV_003,1
SIREN,2026-03-14,P2,-48,PV_004,1
SIREN,2026-03-15,P2,-47,PV_001,0.3769801402770177
SIREN,2026-03-15,P2,-47,PV_002,0.06974465653709966
SIREN,2026-03-15,P2,-47,PV_003,1
SIREN,2026-03-15,P2,-47,PV_004,0
SIREN,2026-03-16,P2,-46,PV_001,0.11323926561628941
SIREN,2026-03-16,P2,-46,PV_002,0.16870259565187734
SIREN,2026-03-16,P2,-46,PV_003,0
SIREN,2026-03-16,P2,-46,PV_004,0
SIREN,2026-03-17,P2,-45,PV_001,0.4869481645996676
SIREN,2026-03-17,P2,-45,PV_002,0.40900389852279617
SIREN,2026-03-17,P2,-45,PV_003,0
SIREN,2026-03-17,P2,-45,PV_004,1
SIREN,2026-03-18,P2,-44,PV_001,0.7413352432771609
SIREN,2026-03-18,P2,-44,PV_002,0.5062281117166461
SIREN,2026-03-18,P2,-44,PV_003,0
SIREN,2026-03-18,P2,-44,PV_004,1
SIREN,2026-03-19,P2,-43,PV_001,0.41651225950473325
SIREN,2026-03-19,P2,-43,PV_002,0.3459992233776582
SIREN,2026-03-19,P2,-43,PV_003,0
SIREN,2026-03-19,P2,-43,PV_004,1
SIREN,2026-03-20,P2,-42,PV_001,0.5801654008764761
SIREN,2026-03-20,P2,-42,PV_002,0.0249029269809729
SIREN,2026-03-20,P2,-42,PV_003,0
SIREN,2026-03-20,P2,-42,PV_004,1
SIREN,2026-03-21,P2,-41,PV_001,0.596666941387301
SIREN,2026-03-21,P2,-41,PV_002,-0.0906433540558794
SIREN,2026-03-21,P2,-41,PV_003,0
SIREN,2026-03-21,P2,-41,PV_004,0
SIREN,2026-03-22,P2,-40,PV_001,2.8523126538686365
SIREN,2026-03-22,P2,-40,PV_002,0.5992149793399789
SIREN,2026-03-22,P2,-40,PV_003,0
SIREN,2026-03-22,P2,-40,PV_004,1
SIREN,2026-03-23,P2,-39,PV_001,3.617788363874472
SIREN,2026-03-23,P2,-39,PV_002,0.6954681937589039
SIREN,2026-03-23,P2,-39,PV_003,0
SIREN,2026-03-23,P2,-39,PV_004,1
SIREN,2026-03-24,P2,-38,PV_001,0.42583032712784796
SIREN,2026-03-24,P2,-38,PV_002,0.7087216864152796
SIREN,2026-03-24,P2,-38,PV_003,0
SIREN,2026-03-24,P2,-38,PV_004,1
SIREN,2026-03-25,P2,-37,PV_001,1.5174552277858242
SIREN,2026-03-25,P2,-37,PV_002,0.8979713337612848
SIREN,2026-03-25,P2,-37,PV_003,0
SIREN,2026-03-25,P2,-37,PV_004,0
SIREN,2026-03-26,P2,-36,PV_001,1.1635506384876515
SIREN,2026-03-26,P2,-36,PV_002,0.9617099676013241
SIREN,2026-03-26,P2,-36,PV_003,0
SIREN,2026-03-26,P2,-36,PV_004,0
SIREN,2026-03-27,P2,-35,PV_001,-0.09667137033770114
SIREN,2026-03-27,P2,-35,PV_002,1.2015549122112301
SIREN,2026-03-27,P2,-35,PV_003,0
SIREN,2026-03-27,P2,-35,PV_004,0
SIREN,2026-03-28,P2,-34,PV_001,0.8219494110309224
SIREN,2026-03-28,P2,-34,PV_002,1.4015582860048752
SIREN,2026-03-28,P2,-34,PV_003,0
SIREN,2026-03-28,P2,-34,PV_004,0
SIREN,2026-03-29,P2,-33,PV_001,-0.23034666596900277
SIREN,2026-03-29,P2,-33,PV_002,0.9806052534677044
SIREN,2026-03-29,P2,-33,PV_003,0
SIREN,2026-03-29,P2,-33,PV_004,0
SIREN,2026-03-30,P2,-32,PV_001,-0.27234212739580815
SIREN,2026-03-30,P2,-32,PV_002,0.8731910476644376
SIREN,2026-03-30,P2,-32,PV_003,1
SIREN,2026-03-30,P2,-32,PV_004,1
SIREN,2026-03-31,P2,-31,PV_001,-0.390698466612865
SIREN,2026-03-31,P2,-31,PV_002,0.9548993662820147
SIREN,2026-03-31,P2,-31,PV_003,0
SIREN,2026-03-31,P2,-31,PV_004,0
SIREN,2026-04-01,P2,-30,PV_001,-0.8735149368432138
SIREN,2026-04-01,P2,-30,PV_002,0.9628531398818939
SIREN,2026-04-01,P2,-30,PV_003,0
SIREN,2026-04-01,P2,-30,PV_004,0
SIREN,2026-04-02,P2,-29,PV_001,-0.890703460013379
SIREN,2026-04-02,P2,-29,PV_002,0.9166993891837225
SIREN,2026-04-02,P2,-29,PV_003,0
SIREN,2026-04-02,P2,-29,PV_004,0
SIREN,2026-04-03,P2,-28,PV_001,-0.8301118061608213
SIREN,2026-04-03,P2,-28,PV_002,0.7189370875655186
SIREN,2026-04-03,P2,-28,PV_003,0
SIREN,2026-04-03,P2,-28,PV_004,0
SIREN,2026-04-04,P2,-27,PV_001,-0.6557511366721949
SIREN,2026-04-04,P2,-27,PV_002,0.636152191176101
SIREN,2026-04-04,P2,-27,PV_003,0
SIREN,2026-04-04,P2,-27,PV_004,1
SIREN,2026-04-05,P2,-26,PV_001,-0.703420964966692
SIREN,2026-04-05,P2,-26,PV_002,0.7347880396761178
SIREN,2026-04-05,P2,-26,PV_003,0
SIREN,2026-04-05,P2,-26,PV_004,1
SIREN,2026-04-06,P2,-25,PV_001,-0.6427970501110687
SIREN,2026-04-06,P2,-25,PV_002,0.7829773317816877
SIREN,2026-04-06,P2,-25,PV_003,1
SIREN,2026-04-06,P2,-25,PV_004,1
SIREN,2026-04-07,P2,-24,PV_001,-0.037687868983574874
SIREN,2026-04-07,P2,-24,PV_002,0.6016968980621227
SIREN,2026-04-07,P2,-24,PV_003,0
SIREN,2026-04-07,P2,-24,PV_004,0
SIREN,2026-04-08,P2,-23,PV_001,1.039338349649595
SIREN,2026-04-08,P2,-23,PV_002,0.3554277889491338
SIREN,2026-04-08,P2,-23,PV_003,1
SIREN,2026-04-08,P2,-23,PV_004,1
SIREN,2026-04-09,P2,-22,PV_001,2.6879332240508647
SIREN,2026-04-09,P2,-22,PV_002,0.39165085623970985
SIREN,2026-04-09,P2,-22,PV_003,0
SIREN,2026-04-09,P2,-22,PV_004,1
SIREN,2026-04-10,P2,-21,PV_001,3.996065594851183
SIREN,2026-04-10,P2,-21,PV_002,0.416786625165316
SIREN,2026-04-10,P2,-21,PV_003,0
SIREN,2026-04-10,P2,-21,PV_004,1
SIREN,2026-04-11,P2,-20,PV_001,0.29151713793383915
SIREN,2026-04-11,P2,-20,PV_002,-0.16070735785788343
SIREN,2026-04-11,P2,-20,PV_003,1
SIREN,2026-04-11,P2,-20,PV_004,1
SIREN,2026-04-12,P2,-19,PV_001,0.5307137946924246
SIREN,2026-04-12,P2,-19,PV_002,-0.3409080310570209
SIREN,2026-04-12,P2,-19,PV_003,1
SIREN,2026-04-12,P2,-19,PV_004,1
SIREN,2026-04-13,P2,-18,PV_001,0.2866907512661416
SIREN,2026-04-13,P2,-18,PV_002,-0.41642823104681725
SIREN,2026-04-13,P2,-18,PV_003,1
SIREN,2026-04-13,P2,-18,PV_004,1
SIREN,2026-04-14,P2,-17,PV_001,0.1417506510887326
SIREN,2026-04-14,P2,-17,PV_002,-0.45504068925617275
SIREN,2026-04-14,P2,-17,PV_003,1
SIREN,2026-04-14,P2,-17,PV_004,0
SIREN,2026-04-15,P2,-16,PV_001,0.38573284491666066
SIREN,2026-04-15,P2,-16,PV_002,-0.4743405014327006
SIREN,2026-04-15,P2,-16,PV_003,0
SIREN,2026-04-15,P2,-16,PV_004,0
SIREN,2026-04-16,P2,-15,PV_001,1.4835979124341023
SIREN,2026-04-16,P2,-15,PV_002,-0.42162597975136207
SIREN,2026-04-16,P2,-15,PV_003,0
SIREN,2026-04-16,P2,-15,PV_004,1
SIREN,2026-04-17,P2,-14,PV_001,-0.044928828555133415
SIREN,2026-04-17,P2,-14,PV_002,-0.27363762400962494
SIREN,2026-04-17,P2,-14,PV_003,0
SIREN,2026-04-17,P2,-14,PV_004,0
SIREN,2026-04-18,P2,-13,PV_001,-0.006438551902725187
SIREN,2026-04-18,P2,-13,PV_002,-0.30109575896367763
SIREN,2026-04-18,P2,-13,PV_003,0
SIREN,2026-04-18,P2,-13,PV_004,0
SIREN,2026-04-19,P2,-12,PV_001,-0.11047565234241508
SIREN,2026-04-19,P2,-12,PV_002,-0.3296318527004902
SIREN,2026-04-19,P2,-12,PV_003,1
SIREN,2026-04-19,P2,-12,PV_004,0
SIREN,2026-04-20,P2,-11,PV_001,-0.09560652433550486
SIREN,2026-04-20,P2,-11,PV_002,-0.3517240887632903
SIREN,2026-04-20,P2,-11,PV_003,1
SIREN,2026-04-20,P2,-11,PV_004,0
SIREN,2026-04-21,P2,-10,PV_001,0.044009563567174705
SIREN,2026-04-21,P2,-10,PV_002,-0.29615582957671205
SIREN,2026-04-21,P2,-10,PV_003,1
SIREN,2026-04-21,P2,-10,PV_004,0
SIREN,2026-04-22,P2,-9,PV_001,-0.1980382947815832
SIREN,2026-04-22,P2,-9,PV_002,-0.3196621040874186
SIREN,2026-04-22,P2,-9,PV_003,1
SIREN,2026-04-22,P2,-9,PV_004,0
SIREN,2026-04-23,P2,-8,PV_001,-0.6221624229840532
SIREN,2026-04-23,P2,-8,PV_002,-0.4837796506414909
SIREN,2026-04-23,P2,-8,PV_003,1
SIREN,2026-04-23,P2,-8,PV_004,0
SIREN,2026-04-24,P2,-7,PV_001,-0.03339047049501379
SIREN,2026-04-24,P2,-7,PV_002,-0.6819969591718308
SIREN,2026-04-24,P2,-7,PV_003,1
SIREN,2026-04-24,P2,-7,PV_004,0
SIREN,2026-04-25,P2,-6,PV_001,-0.06583206947446842
SIREN,2026-04-25,P2,-6,PV_002,-0.7216912488533955
SIREN,2026-04-25,P2,-6,PV_003,1
SIREN,2026-04-25,P2,-6,PV_004,1
SIREN,2026-04-26,P2,-5,PV_001,-0.036651157839968224
SIREN,2026-04-26,P2,-5,PV_002,-0.7047478136242991
SIREN,2026-04-26,P2,-5,PV_003,1
SIREN,2026-04-26,P2,-5,PV_004,0
SIREN,2026-04-27,P2,-4,PV_001,-0.02514243545066408
SIREN,2026-04-27,P2,-4,PV_002,-0.6386332382739063
SIREN,2026-04-27,P2,-4,PV_003,1
SIREN,2026-04-27,P2,-4,PV_004,0
SIREN,2026-04-28,P2,-3,PV_001,-0.06027580594974385
SIREN,2026-04-28,P2,-3,PV_002,-0.6166333985062258
SIREN,2026-04-28,P2,-3,PV_003,1
SIREN,2026-04-28,P2,-3,PV_004,0
SIREN,2026-04-29,P2,-2,PV_001,0.07583892485821107
SIREN,2026-04-29,P2,-2,PV_002,-0.6179735132945522
SIREN,2026-04-29,P2,-2,PV_003,1
SIREN,2026-04-29,P2,-2,PV_004,0
SIREN,2026-04-30,P2,-1,PV_001,0.03050988016837511
SIREN,2026-04-30,P2,-1,PV_002,-0.5804374240485818
SIREN,2026-04-30,P2,-1,PV_003,1
SIREN,2026-04-30,P2,-1,PV_004,0
SIREN,2026-05-01,P2,0,PV_001,0.07616577113096148
SIREN,2026-05-01,P2,0,PV_002,-0.5210801718122658
SIREN,2026-05-01,P2,0,PV_003,1
SIREN,2026-05-01,P2,0,PV_004,0
SIREN,2026-05-02,P2,1,PV_001,-0.02155474099809042
SIREN,2026-05-02,P2,1,PV_002,-0.5444965700059479
SIREN,2026-05-02,P2,1,PV_003,1
SIREN,2026-05-02,P2,1,PV_004,0
SIREN,2026-05-03,P2,2,PV_001,0.09666114132087227
SIREN,2026-05-03,P2,2,PV_002,-0.5316104771907212
SIREN,2026-05-03,P2,2,PV_003,0
SIREN,2026-05-03,P2,2,PV_004,1
SIREN,2026-05-04,P2,3,PV_001,0.13617882940470485
SIREN,2026-05-04,P2,3,PV_002,-0.6937048152863745
SIREN,2026-05-04,P2,3,PV_003,0
SIREN,2026-05-04,P2,3,PV_004,1
PENDLE,2026-03-05,P2,-56,PV_001,-0.015546807400495438
PENDLE,2026-03-05,P2,-56,PV_002,-0.1563281600415168
PENDLE,2026-03-05,P2,-56,PV_003,1
PENDLE,2026-03-05,P2,-56,PV_004,0
PENDLE,2026-03-06,P2,-55,PV_001,-0.018014185073937764
PENDLE,2026-03-06,P2,-55,PV_002,-0.13955999928636742
PENDLE,2026-03-06,P2,-55,PV_003,0
PENDLE,2026-03-06,P2,-55,PV_004,0
PENDLE,2026-03-07,P2,-54,PV_001,-0.07188534788376832
PENDLE,2026-03-07,P2,-54,PV_002,-0.33554828707256545
PENDLE,2026-03-07,P2,-54,PV_003,0
PENDLE,2026-03-07,P2,-54,PV_004,0
PENDLE,2026-03-08,P2,-53,PV_001,-0.05117948807208704
PENDLE,2026-03-08,P2,-53,PV_002,-0.4605604873108282
PENDLE,2026-03-08,P2,-53,PV_003,1
PENDLE,2026-03-08,P2,-53,PV_004,0
PENDLE,2026-03-09,P2,-52,PV_001,-0.08411179358174743
PENDLE,2026-03-09,P2,-52,PV_002,-0.5042677524503211
PENDLE,2026-03-09,P2,-52,PV_003,1
PENDLE,2026-03-09,P2,-52,PV_004,0
PENDLE,2026-03-10,P2,-51,PV_001,0.006419703982264883
PENDLE,2026-03-10,P2,-51,PV_002,-0.46821425454446713
PENDLE,2026-03-10,P2,-51,PV_003,0
PENDLE,2026-03-10,P2,-51,PV_004,0
PENDLE,2026-03-11,P2,-50,PV_001,-0.007560298711708642
PENDLE,2026-03-11,P2,-50,PV_002,-0.6425009771577394
PENDLE,2026-03-11,P2,-50,PV_003,0
PENDLE,2026-03-11,P2,-50,PV_004,1
PENDLE,2026-03-12,P2,-49,PV_001,-0.011514639375413586
PENDLE,2026-03-12,P2,-49,PV_002,-0.4490379359997637
PENDLE,2026-03-12,P2,-49,PV_003,1
PENDLE,2026-03-12,P2,-49,PV_004,0
PENDLE,2026-03-13,P2,-48,PV_001,0.04262975180988283
PENDLE,2026-03-13,P2,-48,PV_002,-0.318233153508586
PENDLE,2026-03-13,P2,-48,PV_003,1
PENDLE,2026-03-13,P2,-48,PV_004,0
PENDLE,2026-03-14,P2,-47,PV_001,0.05136246715080846
PENDLE,2026-03-14,P2,-47,PV_002,-0.37395458054429226
PENDLE,2026-03-14,P2,-47,PV_003,1
PENDLE,2026-03-14,P2,-47,PV_004,0
PENDLE,2026-03-15,P2,-46,PV_001,0.09300091273256612
PENDLE,2026-03-15,P2,-46,PV_002,-0.3389966645707934
PENDLE,2026-03-15,P2,-46,PV_003,0
PENDLE,2026-03-15,P2,-46,PV_004,0
PENDLE,2026-03-16,P2,-45,PV_001,0.13771524574664457
PENDLE,2026-03-16,P2,-45,PV_002,-0.09654226145536433
PENDLE,2026-03-16,P2,-45,PV_003,0
PENDLE,2026-03-16,P2,-45,PV_004,1
PENDLE,2026-03-17,P2,-44,PV_001,0.06616407364719173
PENDLE,2026-03-17,P2,-44,PV_002,-0.18593648371414007
PENDLE,2026-03-17,P2,-44,PV_003,0
PENDLE,2026-03-17,P2,-44,PV_004,0
PENDLE,2026-03-18,P2,-43,PV_001,-0.029326933053326756
PENDLE,2026-03-18,P2,-43,PV_002,-0.13215120462713942
PENDLE,2026-03-18,P2,-43,PV_003,0
PENDLE,2026-03-18,P2,-43,PV_004,0
PENDLE,2026-03-19,P2,-42,PV_001,-0.017986308997264097
PENDLE,2026-03-19,P2,-42,PV_002,-0.4745753197048737
PENDLE,2026-03-19,P2,-42,PV_003,0
PENDLE,2026-03-19,P2,-42,PV_004,0
PENDLE,2026-03-20,P2,-41,PV_001,-0.0024842920895860377
PENDLE,2026-03-20,P2,-41,PV_002,-0.6109580705568209
PENDLE,2026-03-20,P2,-41,PV_003,1
PENDLE,2026-03-20,P2,-41,PV_004,0
PENDLE,2026-03-21,P2,-40,PV_001,-0.007206878511282913
PENDLE,2026-03-21,P2,-40,PV_002,-0.6296218332781113
PENDLE,2026-03-21,P2,-40,PV_003,1
PENDLE,2026-03-21,P2,-40,PV_004,0
PENDLE,2026-03-22,P2,-39,PV_001,-0.10063318053744778
PENDLE,2026-03-22,P2,-39,PV_002,-0.5459167297793002
PENDLE,2026-03-22,P2,-39,PV_003,0
PENDLE,2026-03-22,P2,-39,PV_004,0
PENDLE,2026-03-23,P2,-38,PV_001,-0.10438680023083073
PENDLE,2026-03-23,P2,-38,PV_002,-0.735723337257612
PENDLE,2026-03-23,P2,-38,PV_003,0
PENDLE,2026-03-23,P2,-38,PV_004,0
PENDLE,2026-03-24,P2,-37,PV_001,-0.08520349524341155
PENDLE,2026-03-24,P2,-37,PV_002,-0.7510909208423977
PENDLE,2026-03-24,P2,-37,PV_003,0
PENDLE,2026-03-24,P2,-37,PV_004,0
PENDLE,2026-03-25,P2,-36,PV_001,0.0279530073698904
PENDLE,2026-03-25,P2,-36,PV_002,-0.5669101474021209
PENDLE,2026-03-25,P2,-36,PV_003,0
PENDLE,2026-03-25,P2,-36,PV_004,1
PENDLE,2026-03-26,P2,-35,PV_001,-0.033634545557493345
PENDLE,2026-03-26,P2,-35,PV_002,-0.41985186067470315
PENDLE,2026-03-26,P2,-35,PV_003,0
PENDLE,2026-03-26,P2,-35,PV_004,0
PENDLE,2026-03-27,P2,-34,PV_001,-0.0816289016198291
PENDLE,2026-03-27,P2,-34,PV_002,-0.39354245789016845
PENDLE,2026-03-27,P2,-34,PV_003,0
PENDLE,2026-03-27,P2,-34,PV_004,0
PENDLE,2026-03-28,P2,-33,PV_001,-0.0751466993003673
PENDLE,2026-03-28,P2,-33,PV_002,-0.2640066410957079
PENDLE,2026-03-28,P2,-33,PV_003,0
PENDLE,2026-03-28,P2,-33,PV_004,0
PENDLE,2026-03-29,P2,-32,PV_001,-0.05385864467782942
PENDLE,2026-03-29,P2,-32,PV_002,-0.25827405593990743
PENDLE,2026-03-29,P2,-32,PV_003,0
PENDLE,2026-03-29,P2,-32,PV_004,0
PENDLE,2026-03-30,P2,-31,PV_001,-0.10047750806964496
PENDLE,2026-03-30,P2,-31,PV_002,-0.36852815980527687
PENDLE,2026-03-30,P2,-31,PV_003,0
PENDLE,2026-03-30,P2,-31,PV_004,0
PENDLE,2026-03-31,P2,-30,PV_001,-0.10683475629195295
PENDLE,2026-03-31,P2,-30,PV_002,-0.39113641185925563
PENDLE,2026-03-31,P2,-30,PV_003,1
PENDLE,2026-03-31,P2,-30,PV_004,0
PENDLE,2026-04-01,P2,-29,PV_001,-0.11790849238449479
PENDLE,2026-04-01,P2,-29,PV_002,-0.5897017878328779
PENDLE,2026-04-01,P2,-29,PV_003,1
PENDLE,2026-04-01,P2,-29,PV_004,0
PENDLE,2026-04-02,P2,-28,PV_001,-0.09776997605769966
PENDLE,2026-04-02,P2,-28,PV_002,-0.5820807807754503
PENDLE,2026-04-02,P2,-28,PV_003,0
PENDLE,2026-04-02,P2,-28,PV_004,0
PENDLE,2026-04-03,P2,-27,PV_001,-0.09015811080384982
PENDLE,2026-04-03,P2,-27,PV_002,-0.588239705745459
PENDLE,2026-04-03,P2,-27,PV_003,0
PENDLE,2026-04-03,P2,-27,PV_004,0
PENDLE,2026-04-04,P2,-26,PV_001,-0.08782075778067261
PENDLE,2026-04-04,P2,-26,PV_002,-0.5183110799961868
PENDLE,2026-04-04,P2,-26,PV_003,1
PENDLE,2026-04-04,P2,-26,PV_004,0
PENDLE,2026-04-05,P2,-25,PV_001,-0.08553202720126364
PENDLE,2026-04-05,P2,-25,PV_002,-0.17199628255932922
PENDLE,2026-04-05,P2,-25,PV_003,0
PENDLE,2026-04-05,P2,-25,PV_004,0
PENDLE,2026-04-06,P2,-24,PV_001,-0.08286185614043381
PENDLE,2026-04-06,P2,-24,PV_002,0.2536693381413458
PENDLE,2026-04-06,P2,-24,PV_003,0
PENDLE,2026-04-06,P2,-24,PV_004,0
PENDLE,2026-04-07,P2,-23,PV_001,-0.037315442310931264
PENDLE,2026-04-07,P2,-23,PV_002,0.43696037763399886
PENDLE,2026-04-07,P2,-23,PV_003,0
PENDLE,2026-04-07,P2,-23,PV_004,0
PENDLE,2026-04-08,P2,-22,PV_001,-0.10011588045971469
PENDLE,2026-04-08,P2,-22,PV_002,0.5259741290375517
PENDLE,2026-04-08,P2,-22,PV_003,0
PENDLE,2026-04-08,P2,-22,PV_004,0
PENDLE,2026-04-09,P2,-21,PV_001,-0.010150095326689135
PENDLE,2026-04-09,P2,-21,PV_002,0.5866325667705582
PENDLE,2026-04-09,P2,-21,PV_003,0
PENDLE,2026-04-09,P2,-21,PV_004,0
PENDLE,2026-04-10,P2,-20,PV_001,0.02241115290031321
PENDLE,2026-04-10,P2,-20,PV_002,0.7055757753112508
PENDLE,2026-04-10,P2,-20,PV_003,0
PENDLE,2026-04-10,P2,-20,PV_004,0
PENDLE,2026-04-11,P2,-19,PV_001,0.0695028976775648
PENDLE,2026-04-11,P2,-19,PV_002,1.00634228832729
PENDLE,2026-04-11,P2,-19,PV_003,0
PENDLE,2026-04-11,P2,-19,PV_004,1
PENDLE,2026-04-12,P2,-18,PV_001,0.029804592107607306
PENDLE,2026-04-12,P2,-18,PV_002,0.8660320613465586
PENDLE,2026-04-12,P2,-18,PV_003,0
PENDLE,2026-04-12,P2,-18,PV_004,0
PENDLE,2026-04-13,P2,-17,PV_001,0.07495648807163237
PENDLE,2026-04-13,P2,-17,PV_002,0.4288265845692029
PENDLE,2026-04-13,P2,-17,PV_003,0
PENDLE,2026-04-13,P2,-17,PV_004,0
PENDLE,2026-04-14,P2,-16,PV_001,-0.02121812707125205
PENDLE,2026-04-14,P2,-16,PV_002,0.15212614429605711
PENDLE,2026-04-14,P2,-16,PV_003,0
PENDLE,2026-04-14,P2,-16,PV_004,0
PENDLE,2026-04-15,P2,-15,PV_001,0.07424579420249523
PENDLE,2026-04-15,P2,-15,PV_002,0.09757147442849809
PENDLE,2026-04-15,P2,-15,PV_003,0
PENDLE,2026-04-15,P2,-15,PV_004,0
PENDLE,2026-04-16,P2,-14,PV_001,0.18832040952463525
PENDLE,2026-04-16,P2,-14,PV_002,0.4314347640624667
PENDLE,2026-04-16,P2,-14,PV_003,0
PENDLE,2026-04-16,P2,-14,PV_004,1
PENDLE,2026-04-17,P2,-13,PV_001,0.3590225736478935
PENDLE,2026-04-17,P2,-13,PV_002,0.7489162587902422
PENDLE,2026-04-17,P2,-13,PV_003,0
PENDLE,2026-04-17,P2,-13,PV_004,1
PENDLE,2026-04-18,P2,-12,PV_001,0.22400804620228595
PENDLE,2026-04-18,P2,-12,PV_002,0.9117859539941825
PENDLE,2026-04-18,P2,-12,PV_003,0
PENDLE,2026-04-18,P2,-12,PV_004,1
PENDLE,2026-04-19,P2,-11,PV_001,0.2000329691827554
PENDLE,2026-04-19,P2,-11,PV_002,0.9692010716775582
PENDLE,2026-04-19,P2,-11,PV_003,0
PENDLE,2026-04-19,P2,-11,PV_004,0
PENDLE,2026-04-20,P2,-10,PV_001,0.21616755162436577
PENDLE,2026-04-20,P2,-10,PV_002,1.0517840998951702
PENDLE,2026-04-20,P2,-10,PV_003,0
PENDLE,2026-04-20,P2,-10,PV_004,0
PENDLE,2026-04-21,P2,-9,PV_001,0.2691895622585081
PENDLE,2026-04-21,P2,-9,PV_002,1.1228385974869142
PENDLE,2026-04-21,P2,-9,PV_003,0
PENDLE,2026-04-21,P2,-9,PV_004,0
PENDLE,2026-04-22,P2,-8,PV_001,0.20771355240895292
PENDLE,2026-04-22,P2,-8,PV_002,1.1869115378033046
PENDLE,2026-04-22,P2,-8,PV_003,1
PENDLE,2026-04-22,P2,-8,PV_004,0
PENDLE,2026-04-23,P2,-7,PV_001,0.021531119698861307
PENDLE,2026-04-23,P2,-7,PV_002,0.9561024053908123
PENDLE,2026-04-23,P2,-7,PV_003,1
PENDLE,2026-04-23,P2,-7,PV_004,0
PENDLE,2026-04-24,P2,-6,PV_001,-0.13149078265026495
PENDLE,2026-04-24,P2,-6,PV_002,0.3260506151153595
PENDLE,2026-04-24,P2,-6,PV_003,1
PENDLE,2026-04-24,P2,-6,PV_004,0
PENDLE,2026-04-25,P2,-5,PV_001,-0.07126674848478057
PENDLE,2026-04-25,P2,-5,PV_002,-0.04152834758635909
PENDLE,2026-04-25,P2,-5,PV_003,1
PENDLE,2026-04-25,P2,-5,PV_004,0
PENDLE,2026-04-26,P2,-4,PV_001,0.0667077672538443
PENDLE,2026-04-26,P2,-4,PV_002,-0.12709839378684065
PENDLE,2026-04-26,P2,-4,PV_003,1
PENDLE,2026-04-26,P2,-4,PV_004,0
PENDLE,2026-04-27,P2,-3,PV_001,-0.020905686917962494
PENDLE,2026-04-27,P2,-3,PV_002,-0.20455442761032241
PENDLE,2026-04-27,P2,-3,PV_003,1
PENDLE,2026-04-27,P2,-3,PV_004,0
PENDLE,2026-04-28,P2,-2,PV_001,0.01198861156933091
PENDLE,2026-04-28,P2,-2,PV_002,-0.3402722743998803
PENDLE,2026-04-28,P2,-2,PV_003,1
PENDLE,2026-04-28,P2,-2,PV_004,0
PENDLE,2026-04-29,P2,-1,PV_001,-0.006263601002344524
PENDLE,2026-04-29,P2,-1,PV_002,-0.38433826616566386
PENDLE,2026-04-29,P2,-1,PV_003,1
PENDLE,2026-04-29,P2,-1,PV_004,0
PENDLE,2026-04-30,P2,0,PV_001,0.05882827618290172
PENDLE,2026-04-30,P2,0,PV_002,-0.2987795689295724
PENDLE,2026-04-30,P2,0,PV_003,0
PENDLE,2026-04-30,P2,0,PV_004,0
PENDLE,2026-05-01,P2,1,PV_001,0.23442709411643195
PENDLE,2026-05-01,P2,1,PV_002,0.30353217086485396
PENDLE,2026-05-01,P2,1,PV_003,0
PENDLE,2026-05-01,P2,1,PV_004,1
PENDLE,2026-05-02,P2,2,PV_001,0.2696632899173583
PENDLE,2026-05-02,P2,2,PV_002,0.44977639797501284
PENDLE,2026-05-02,P2,2,PV_003,0
PENDLE,2026-05-02,P2,2,PV_004,1
PENDLE,2026-05-03,P2,3,PV_001,0.2104637796650304
PENDLE,2026-05-03,P2,3,PV_002,0.4962292252029012
PENDLE,2026-05-03,P2,3,PV_003,1
PENDLE,2026-05-03,P2,3,PV_004,1
PENDLE,2026-05-04,P2,4,PV_001,0.29502531191081816
PENDLE,2026-05-04,P2,4,PV_002,0.5307434725355591
PENDLE,2026-05-04,P2,4,PV_003,0
PENDLE,2026-05-04,P2,4,PV_004,0
ONDO,2026-03-05,P2,-57,PV_001,-0.0032659861615301437
ONDO,2026-03-05,P2,-57,PV_002,-0.130982645503774
ONDO,2026-03-05,P2,-57,PV_003,0
ONDO,2026-03-05,P2,-57,PV_004,0
ONDO,2026-03-06,P2,-56,PV_001,0.0009299088832643086
ONDO,2026-03-06,P2,-56,PV_002,-0.06556063641202546
ONDO,2026-03-06,P2,-56,PV_003,0
ONDO,2026-03-06,P2,-56,PV_004,0
ONDO,2026-03-07,P2,-55,PV_001,-0.05751477031104256
ONDO,2026-03-07,P2,-55,PV_002,-0.05456047354971479
ONDO,2026-03-07,P2,-55,PV_003,0
ONDO,2026-03-07,P2,-55,PV_004,0
ONDO,2026-03-08,P2,-54,PV_001,-0.022843300442608853
ONDO,2026-03-08,P2,-54,PV_002,0.033430527268685714
ONDO,2026-03-08,P2,-54,PV_003,0
ONDO,2026-03-08,P2,-54,PV_004,0
ONDO,2026-03-09,P2,-53,PV_001,-0.04184796523685852
ONDO,2026-03-09,P2,-53,PV_002,0.004415349436620482
ONDO,2026-03-09,P2,-53,PV_003,1
ONDO,2026-03-09,P2,-53,PV_004,0
ONDO,2026-03-10,P2,-52,PV_001,-0.0017132950823044019
ONDO,2026-03-10,P2,-52,PV_002,0.011419898244270584
ONDO,2026-03-10,P2,-52,PV_003,1
ONDO,2026-03-10,P2,-52,PV_004,0
ONDO,2026-03-11,P2,-51,PV_001,-0.044659160026241276
ONDO,2026-03-11,P2,-51,PV_002,-0.40649807042125485
ONDO,2026-03-11,P2,-51,PV_003,1
ONDO,2026-03-11,P2,-51,PV_004,0
ONDO,2026-03-12,P2,-50,PV_001,-0.028349772153345932
ONDO,2026-03-12,P2,-50,PV_002,-0.5243548978565902
ONDO,2026-03-12,P2,-50,PV_003,1
ONDO,2026-03-12,P2,-50,PV_004,0
ONDO,2026-03-13,P2,-49,PV_001,0.024719026685718005
ONDO,2026-03-13,P2,-49,PV_002,-0.4468158731502169
ONDO,2026-03-13,P2,-49,PV_003,1
ONDO,2026-03-13,P2,-49,PV_004,0
ONDO,2026-03-14,P2,-48,PV_001,0.04809959352473338
ONDO,2026-03-14,P2,-48,PV_002,-0.44294700874869747
ONDO,2026-03-14,P2,-48,PV_003,1
ONDO,2026-03-14,P2,-48,PV_004,0
ONDO,2026-03-15,P2,-47,PV_001,0.1050324489623258
ONDO,2026-03-15,P2,-47,PV_002,-0.4540224773326358
ONDO,2026-03-15,P2,-47,PV_003,0
ONDO,2026-03-15,P2,-47,PV_004,0
ONDO,2026-03-16,P2,-46,PV_001,0.1556433848695637
ONDO,2026-03-16,P2,-46,PV_002,-0.2355627769382347
ONDO,2026-03-16,P2,-46,PV_003,0
ONDO,2026-03-16,P2,-46,PV_004,1
ONDO,2026-03-17,P2,-45,PV_001,0.11279361389029095
ONDO,2026-03-17,P2,-45,PV_002,-0.18066692337188026
ONDO,2026-03-17,P2,-45,PV_003,0
ONDO,2026-03-17,P2,-45,PV_004,1
ONDO,2026-03-18,P2,-44,PV_001,0.03561192712348225
ONDO,2026-03-18,P2,-44,PV_002,-0.07519974188535417
ONDO,2026-03-18,P2,-44,PV_003,0
ONDO,2026-03-18,P2,-44,PV_004,0
ONDO,2026-03-19,P2,-43,PV_001,-0.0009407578483550734
ONDO,2026-03-19,P2,-43,PV_002,0.009190176532630493
ONDO,2026-03-19,P2,-43,PV_003,0
ONDO,2026-03-19,P2,-43,PV_004,0
ONDO,2026-03-20,P2,-42,PV_001,-0.007069835109819416
ONDO,2026-03-20,P2,-42,PV_002,-0.14778041969922512
ONDO,2026-03-20,P2,-42,PV_003,1
ONDO,2026-03-20,P2,-42,PV_004,0
ONDO,2026-03-21,P2,-41,PV_001,0.00022208223246521067
ONDO,2026-03-21,P2,-41,PV_002,-0.13260135201483247
ONDO,2026-03-21,P2,-41,PV_003,1
ONDO,2026-03-21,P2,-41,PV_004,0
ONDO,2026-03-22,P2,-40,PV_001,-0.09142884574328647
ONDO,2026-03-22,P2,-40,PV_002,-0.07928527637017847
ONDO,2026-03-22,P2,-40,PV_003,0
ONDO,2026-03-22,P2,-40,PV_004,0
ONDO,2026-03-23,P2,-39,PV_001,-0.12683085793970209
ONDO,2026-03-23,P2,-39,PV_002,-0.25957163225343444
ONDO,2026-03-23,P2,-39,PV_003,0
ONDO,2026-03-23,P2,-39,PV_004,0
ONDO,2026-03-24,P2,-38,PV_001,-0.10021321162401935
ONDO,2026-03-24,P2,-38,PV_002,-0.17059624524505015
ONDO,2026-03-24,P2,-38,PV_003,1
ONDO,2026-03-24,P2,-38,PV_004,0
ONDO,2026-03-25,P2,-37,PV_001,-0.003471213498705427
ONDO,2026-03-25,P2,-37,PV_002,-0.01702282004448151
ONDO,2026-03-25,P2,-37,PV_003,0
ONDO,2026-03-25,P2,-37,PV_004,0
ONDO,2026-03-26,P2,-36,PV_001,0.03401413123662515
ONDO,2026-03-26,P2,-36,PV_002,0.3584934743316275
ONDO,2026-03-26,P2,-36,PV_003,0
ONDO,2026-03-26,P2,-36,PV_004,0
ONDO,2026-03-27,P2,-35,PV_001,0.03955087517095538
ONDO,2026-03-27,P2,-35,PV_002,0.7919150068198104
ONDO,2026-03-27,P2,-35,PV_003,1
ONDO,2026-03-27,P2,-35,PV_004,0
ONDO,2026-03-28,P2,-34,PV_001,0.05395400090361086
ONDO,2026-03-28,P2,-34,PV_002,1.0470384989699537
ONDO,2026-03-28,P2,-34,PV_003,1
ONDO,2026-03-28,P2,-34,PV_004,0
ONDO,2026-03-29,P2,-33,PV_001,0.03939644074374137
ONDO,2026-03-29,P2,-33,PV_002,1.0831176203257684
ONDO,2026-03-29,P2,-33,PV_003,0
ONDO,2026-03-29,P2,-33,PV_004,0
ONDO,2026-03-30,P2,-32,PV_001,0.04184156074316698
ONDO,2026-03-30,P2,-32,PV_002,1.0779912731038614
ONDO,2026-03-30,P2,-32,PV_003,0
ONDO,2026-03-30,P2,-32,PV_004,0
ONDO,2026-03-31,P2,-31,PV_001,0.07016413482855174
ONDO,2026-03-31,P2,-31,PV_002,1.078171084178379
ONDO,2026-03-31,P2,-31,PV_003,0
ONDO,2026-03-31,P2,-31,PV_004,0
ONDO,2026-04-01,P2,-30,PV_001,0.018270990510217848
ONDO,2026-04-01,P2,-30,PV_002,1.068631658711063
ONDO,2026-04-01,P2,-30,PV_003,0
ONDO,2026-04-01,P2,-30,PV_004,0
ONDO,2026-04-02,P2,-29,PV_001,-0.03201939133606996
ONDO,2026-04-02,P2,-29,PV_002,0.8449451849586009
ONDO,2026-04-02,P2,-29,PV_003,0
ONDO,2026-04-02,P2,-29,PV_004,0
ONDO,2026-04-03,P2,-28,PV_001,-0.039609670874372435
ONDO,2026-04-03,P2,-28,PV_002,0.15963912642936734
ONDO,2026-04-03,P2,-28,PV_003,0
ONDO,2026-04-03,P2,-28,PV_004,0
ONDO,2026-04-04,P2,-27,PV_001,-0.06496982401550125
ONDO,2026-04-04,P2,-27,PV_002,-0.10865616489278855
ONDO,2026-04-04,P2,-27,PV_003,1
ONDO,2026-04-04,P2,-27,PV_004,0
ONDO,2026-04-05,P2,-26,PV_001,-0.00915644521263157
ONDO,2026-04-05,P2,-26,PV_002,-0.15115831123083212
ONDO,2026-04-05,P2,-26,PV_003,1
ONDO,2026-04-05,P2,-26,PV_004,0
ONDO,2026-04-06,P2,-25,PV_001,-0.02408546761309382
ONDO,2026-04-06,P2,-25,PV_002,-0.15042040674793694
ONDO,2026-04-06,P2,-25,PV_003,1
ONDO,2026-04-06,P2,-25,PV_004,0
ONDO,2026-04-07,P2,-24,PV_001,-0.015817628232084734
ONDO,2026-04-07,P2,-24,PV_002,-0.17464506658382556
ONDO,2026-04-07,P2,-24,PV_003,0
ONDO,2026-04-07,P2,-24,PV_004,0
ONDO,2026-04-08,P2,-23,PV_001,-0.047654490227030825
ONDO,2026-04-08,P2,-23,PV_002,-0.17921239305147826
ONDO,2026-04-08,P2,-23,PV_003,0
ONDO,2026-04-08,P2,-23,PV_004,0
ONDO,2026-04-09,P2,-22,PV_001,0.004323903156751666
ONDO,2026-04-09,P2,-22,PV_002,-0.10647232085628917
ONDO,2026-04-09,P2,-22,PV_003,0
ONDO,2026-04-09,P2,-22,PV_004,0
ONDO,2026-04-10,P2,-21,PV_001,-0.01299267702692853
ONDO,2026-04-10,P2,-21,PV_002,0.013742120499559179
ONDO,2026-04-10,P2,-21,PV_003,1
ONDO,2026-04-10,P2,-21,PV_004,0
ONDO,2026-04-11,P2,-20,PV_001,0.0022241645631880754
ONDO,2026-04-11,P2,-20,PV_002,0.10989735139095472
ONDO,2026-04-11,P2,-20,PV_003,1
ONDO,2026-04-11,P2,-20,PV_004,0
ONDO,2026-04-12,P2,-19,PV_001,-0.04181534663195457
ONDO,2026-04-12,P2,-19,PV_002,0.1904381573175101
ONDO,2026-04-12,P2,-19,PV_003,0
ONDO,2026-04-12,P2,-19,PV_004,0
ONDO,2026-04-13,P2,-18,PV_001,-0.0010470873991913871
ONDO,2026-04-13,P2,-18,PV_002,0.15058542781481363
ONDO,2026-04-13,P2,-18,PV_003,0
ONDO,2026-04-13,P2,-18,PV_004,0
ONDO,2026-04-14,P2,-17,PV_001,-0.06700734249968122
ONDO,2026-04-14,P2,-17,PV_002,0.04728026736367026
ONDO,2026-04-14,P2,-17,PV_003,0
ONDO,2026-04-14,P2,-17,PV_004,0
ONDO,2026-04-15,P2,-16,PV_001,0.00333488607026867
ONDO,2026-04-15,P2,-16,PV_002,-0.02302852154641304
ONDO,2026-04-15,P2,-16,PV_003,1
ONDO,2026-04-15,P2,-16,PV_004,0
ONDO,2026-04-16,P2,-15,PV_001,0.04204638248987964
ONDO,2026-04-16,P2,-15,PV_002,0.00547041524383346
ONDO,2026-04-16,P2,-15,PV_003,0
ONDO,2026-04-16,P2,-15,PV_004,0
ONDO,2026-04-17,P2,-14,PV_001,0.060979327437267195
ONDO,2026-04-17,P2,-14,PV_002,0.08443291438354003
ONDO,2026-04-17,P2,-14,PV_003,0
ONDO,2026-04-17,P2,-14,PV_004,1
ONDO,2026-04-18,P2,-13,PV_001,0.011515570017864064
ONDO,2026-04-18,P2,-13,PV_002,0.07746394795592373
ONDO,2026-04-18,P2,-13,PV_003,0
ONDO,2026-04-18,P2,-13,PV_004,0
ONDO,2026-04-19,P2,-12,PV_001,0.034127309106694065
ONDO,2026-04-19,P2,-12,PV_002,0.10384225462626989
ONDO,2026-04-19,P2,-12,PV_003,0
ONDO,2026-04-19,P2,-12,PV_004,0
ONDO,2026-04-20,P2,-11,PV_001,-0.00508891653059246
ONDO,2026-04-20,P2,-11,PV_002,0.10961757256681871
ONDO,2026-04-20,P2,-11,PV_003,1
ONDO,2026-04-20,P2,-11,PV_004,0
ONDO,2026-04-21,P2,-10,PV_001,0.018798828930192347
ONDO,2026-04-21,P2,-10,PV_002,0.10630010830681207
ONDO,2026-04-21,P2,-10,PV_003,1
ONDO,2026-04-21,P2,-10,PV_004,0
ONDO,2026-04-22,P2,-9,PV_001,0.01858592345373429
ONDO,2026-04-22,P2,-9,PV_002,0.17208213169863112
ONDO,2026-04-22,P2,-9,PV_003,0
ONDO,2026-04-22,P2,-9,PV_004,0
ONDO,2026-04-23,P2,-8,PV_001,-0.030847648309241752
ONDO,2026-04-23,P2,-8,PV_002,0.006109824995197255
ONDO,2026-04-23,P2,-8,PV_003,0
ONDO,2026-04-23,P2,-8,PV_004,0
ONDO,2026-04-24,P2,-7,PV_001,-0.03717978443978309
ONDO,2026-04-24,P2,-7,PV_002,-0.23338980897293055
ONDO,2026-04-24,P2,-7,PV_003,1
ONDO,2026-04-24,P2,-7,PV_004,0
ONDO,2026-04-25,P2,-6,PV_001,0.004345142865691272
ONDO,2026-04-25,P2,-6,PV_002,-0.2613947585575407
ONDO,2026-04-25,P2,-6,PV_003,1
ONDO,2026-04-25,P2,-6,PV_004,0
ONDO,2026-04-26,P2,-5,PV_001,0.06227442233602259
ONDO,2026-04-26,P2,-5,PV_002,-0.2338450162474046
ONDO,2026-04-26,P2,-5,PV_003,1
ONDO,2026-04-26,P2,-5,PV_004,0
ONDO,2026-04-27,P2,-4,PV_001,0.028692291198561076
ONDO,2026-04-27,P2,-4,PV_002,-0.4548768479878154
ONDO,2026-04-27,P2,-4,PV_003,0
ONDO,2026-04-27,P2,-4,PV_004,0
ONDO,2026-04-28,P2,-3,PV_001,0.033146504349315445
ONDO,2026-04-28,P2,-3,PV_002,-0.6110009791644111
ONDO,2026-04-28,P2,-3,PV_003,1
ONDO,2026-04-28,P2,-3,PV_004,0
ONDO,2026-04-29,P2,-2,PV_001,-0.002072920684012117
ONDO,2026-04-29,P2,-2,PV_002,-0.7118530597714563
ONDO,2026-04-29,P2,-2,PV_003,1
ONDO,2026-04-29,P2,-2,PV_004,0
ONDO,2026-04-30,P2,-1,PV_001,0.0028983656797054035
ONDO,2026-04-30,P2,-1,PV_002,-0.7329681652945864
ONDO,2026-04-30,P2,-1,PV_003,1
ONDO,2026-04-30,P2,-1,PV_004,0
ONDO,2026-05-01,P2,0,PV_001,0.02303234018549195
ONDO,2026-05-01,P2,0,PV_002,-0.5611780268346095
ONDO,2026-05-01,P2,0,PV_003,0
ONDO,2026-05-01,P2,0,PV_004,0
ONDO,2026-05-02,P2,1,PV_001,0.09037433656493274
ONDO,2026-05-02,P2,1,PV_002,-0.11322303009836965
ONDO,2026-05-02,P2,1,PV_003,0
ONDO,2026-05-02,P2,1,PV_004,1
ONDO,2026-05-03,P2,2,PV_001,0.07947390160251501
ONDO,2026-05-03,P2,2,PV_002,-0.05764094791614334
ONDO,2026-05-03,P2,2,PV_003,0
ONDO,2026-05-03,P2,2,PV_004,1
ONDO,2026-05-04,P2,3,PV_001,0.16918193179922167
ONDO,2026-05-04,P2,3,PV_002,0.4153086756828104
ONDO,2026-05-04,P2,3,PV_003,0
ONDO,2026-05-04,P2,3,PV_004,1
TAO,2026-03-05,CONTROL,999,PV_001,0.026688877696766374
TAO,2026-03-05,CONTROL,999,PV_002,-0.16062982003947668
TAO,2026-03-05,CONTROL,999,PV_003,1
TAO,2026-03-05,CONTROL,999,PV_004,0
TAO,2026-03-06,CONTROL,999,PV_001,0.013769206980240388
TAO,2026-03-06,CONTROL,999,PV_002,-0.11973686213354598
TAO,2026-03-06,CONTROL,999,PV_003,0
TAO,2026-03-06,CONTROL,999,PV_004,0
TAO,2026-03-07,CONTROL,999,PV_001,-0.05499713231451484
TAO,2026-03-07,CONTROL,999,PV_002,-0.07894416030906125
TAO,2026-03-07,CONTROL,999,PV_003,0
TAO,2026-03-07,CONTROL,999,PV_004,0
TAO,2026-03-08,CONTROL,999,PV_001,0.03633796515770206
TAO,2026-03-08,CONTROL,999,PV_002,0.06602503116115856
TAO,2026-03-08,CONTROL,999,PV_003,0
TAO,2026-03-08,CONTROL,999,PV_004,0
TAO,2026-03-09,CONTROL,999,PV_001,0.01980690989325122
TAO,2026-03-09,CONTROL,999,PV_002,0.20390883983143163
TAO,2026-03-09,CONTROL,999,PV_003,0
TAO,2026-03-09,CONTROL,999,PV_004,1
TAO,2026-03-10,CONTROL,999,PV_001,0.08341996589383607
TAO,2026-03-10,CONTROL,999,PV_002,0.3114647601474814
TAO,2026-03-10,CONTROL,999,PV_003,0
TAO,2026-03-10,CONTROL,999,PV_004,1
TAO,2026-03-11,CONTROL,999,PV_001,0.08337144123007074
TAO,2026-03-11,CONTROL,999,PV_002,0.20019939541506993
TAO,2026-03-11,CONTROL,999,PV_003,0
TAO,2026-03-11,CONTROL,999,PV_004,1
TAO,2026-03-12,CONTROL,999,PV_001,0.15345445892840914
TAO,2026-03-12,CONTROL,999,PV_002,0.329825036051066
TAO,2026-03-12,CONTROL,999,PV_003,0
TAO,2026-03-12,CONTROL,999,PV_004,1
TAO,2026-03-13,CONTROL,999,PV_001,0.31699789658514077
TAO,2026-03-13,CONTROL,999,PV_002,0.6874508758693832
TAO,2026-03-13,CONTROL,999,PV_003,0
TAO,2026-03-13,CONTROL,999,PV_004,1
TAO,2026-03-14,CONTROL,999,PV_001,0.40600014321585504
TAO,2026-03-14,CONTROL,999,PV_002,0.820283971588747
TAO,2026-03-14,CONTROL,999,PV_003,0
TAO,2026-03-14,CONTROL,999,PV_004,1
TAO,2026-03-15,CONTROL,999,PV_001,0.580775645283417
TAO,2026-03-15,CONTROL,999,PV_002,1.0289201854934649
TAO,2026-03-15,CONTROL,999,PV_003,0
TAO,2026-03-15,CONTROL,999,PV_004,1
TAO,2026-03-16,CONTROL,999,PV_001,0.46207001146183824
TAO,2026-03-16,CONTROL,999,PV_002,1.17651179389631
TAO,2026-03-16,CONTROL,999,PV_003,0
TAO,2026-03-16,CONTROL,999,PV_004,1
TAO,2026-03-17,CONTROL,999,PV_001,0.40308384125723423
TAO,2026-03-17,CONTROL,999,PV_002,1.2693020352530349
TAO,2026-03-17,CONTROL,999,PV_003,1
TAO,2026-03-17,CONTROL,999,PV_004,1
TAO,2026-03-18,CONTROL,999,PV_001,0.3234128276511757
TAO,2026-03-18,CONTROL,999,PV_002,1.4913588620239924
TAO,2026-03-18,CONTROL,999,PV_003,0
TAO,2026-03-18,CONTROL,999,PV_004,0
TAO,2026-03-19,CONTROL,999,PV_001,0.26546297792162166
TAO,2026-03-19,CONTROL,999,PV_002,1.5918222360966046
TAO,2026-03-19,CONTROL,999,PV_003,1
TAO,2026-03-19,CONTROL,999,PV_004,0
TAO,2026-03-20,CONTROL,999,PV_001,0.18239594396674583
TAO,2026-03-20,CONTROL,999,PV_002,1.4712020123898106
TAO,2026-03-20,CONTROL,999,PV_003,1
TAO,2026-03-20,CONTROL,999,PV_004,0
TAO,2026-03-21,CONTROL,999,PV_001,0.13237633341996857
TAO,2026-03-21,CONTROL,999,PV_002,1.4848887520242215
TAO,2026-03-21,CONTROL,999,PV_003,1
TAO,2026-03-21,CONTROL,999,PV_004,0
TAO,2026-03-22,CONTROL,999,PV_001,-0.08296902414123473
TAO,2026-03-22,CONTROL,999,PV_002,1.1931739188734583
TAO,2026-03-22,CONTROL,999,PV_003,1
TAO,2026-03-22,CONTROL,999,PV_004,0
TAO,2026-03-23,CONTROL,999,PV_001,0.024010545302115983
TAO,2026-03-23,CONTROL,999,PV_002,1.029876878279277
TAO,2026-03-23,CONTROL,999,PV_003,0
TAO,2026-03-23,CONTROL,999,PV_004,0
TAO,2026-03-24,CONTROL,999,PV_001,0.20330398858150248
TAO,2026-03-24,CONTROL,999,PV_002,1.0981349842394597
TAO,2026-03-24,CONTROL,999,PV_003,0
TAO,2026-03-24,CONTROL,999,PV_004,1
TAO,2026-03-25,CONTROL,999,PV_001,0.2914486171435281
TAO,2026-03-25,CONTROL,999,PV_002,1.2128168206247298
TAO,2026-03-25,CONTROL,999,PV_003,0
TAO,2026-03-25,CONTROL,999,PV_004,1
TAO,2026-03-26,CONTROL,999,PV_001,0.23030503960271778
TAO,2026-03-26,CONTROL,999,PV_002,1.2684459268458685
TAO,2026-03-26,CONTROL,999,PV_003,1
TAO,2026-03-26,CONTROL,999,PV_004,1
TAO,2026-03-27,CONTROL,999,PV_001,0.13956952209395507
TAO,2026-03-27,CONTROL,999,PV_002,1.1173555155530552
TAO,2026-03-27,CONTROL,999,PV_003,0
TAO,2026-03-27,CONTROL,999,PV_004,0
TAO,2026-03-28,CONTROL,999,PV_001,0.15558984543746987
TAO,2026-03-28,CONTROL,999,PV_002,1.141405820936481
TAO,2026-03-28,CONTROL,999,PV_003,0
TAO,2026-03-28,CONTROL,999,PV_004,0
TAO,2026-03-29,CONTROL,999,PV_001,0.18239562659199632
TAO,2026-03-29,CONTROL,999,PV_002,1.1009021770869172
TAO,2026-03-29,CONTROL,999,PV_003,1
TAO,2026-03-29,CONTROL,999,PV_004,0
TAO,2026-03-30,CONTROL,999,PV_001,0.06409124313168253
TAO,2026-03-30,CONTROL,999,PV_002,1.0370785022908724
TAO,2026-03-30,CONTROL,999,PV_003,1
TAO,2026-03-30,CONTROL,999,PV_004,0
TAO,2026-03-31,CONTROL,999,PV_001,-0.0883998409668513
TAO,2026-03-31,CONTROL,999,PV_002,0.6549893607784254
TAO,2026-03-31,CONTROL,999,PV_003,1
TAO,2026-03-31,CONTROL,999,PV_004,0
TAO,2026-04-01,CONTROL,999,PV_001,-0.11345387563140731
TAO,2026-04-01,CONTROL,999,PV_002,0.268557453678711
TAO,2026-04-01,CONTROL,999,PV_003,1
TAO,2026-04-01,CONTROL,999,PV_004,0
TAO,2026-04-02,CONTROL,999,PV_001,-0.10874244312498191
TAO,2026-04-02,CONTROL,999,PV_002,0.03634268911490956
TAO,2026-04-02,CONTROL,999,PV_003,1
TAO,2026-04-02,CONTROL,999,PV_004,0
TAO,2026-04-03,CONTROL,999,PV_001,-0.020338857924954566
TAO,2026-04-03,CONTROL,999,PV_002,-0.16758714443516198
TAO,2026-04-03,CONTROL,999,PV_003,1
TAO,2026-04-03,CONTROL,999,PV_004,0
TAO,2026-04-04,CONTROL,999,PV_001,-0.0461838853734852
TAO,2026-04-04,CONTROL,999,PV_002,-0.295007897994019
TAO,2026-04-04,CONTROL,999,PV_003,1
TAO,2026-04-04,CONTROL,999,PV_004,0
TAO,2026-04-05,CONTROL,999,PV_001,-0.019192758585171034
TAO,2026-04-05,CONTROL,999,PV_002,-0.35590680551285114
TAO,2026-04-05,CONTROL,999,PV_003,1
TAO,2026-04-05,CONTROL,999,PV_004,0
TAO,2026-04-06,CONTROL,999,PV_001,0.012876975469681848
TAO,2026-04-06,CONTROL,999,PV_002,-0.43819814761152376
TAO,2026-04-06,CONTROL,999,PV_003,0
TAO,2026-04-06,CONTROL,999,PV_004,0
TAO,2026-04-07,CONTROL,999,PV_001,0.09206142685962031
TAO,2026-04-07,CONTROL,999,PV_002,-0.3835253994451627
TAO,2026-04-07,CONTROL,999,PV_003,0
TAO,2026-04-07,CONTROL,999,PV_004,1
TAO,2026-04-08,CONTROL,999,PV_001,0.052259350392839514
TAO,2026-04-08,CONTROL,999,PV_002,-0.25890880975531133
TAO,2026-04-08,CONTROL,999,PV_003,0
TAO,2026-04-08,CONTROL,999,PV_004,0
TAO,2026-04-09,CONTROL,999,PV_001,0.10813795286693414
TAO,2026-04-09,CONTROL,999,PV_002,0.11237154850518151
TAO,2026-04-09,CONTROL,999,PV_003,0
TAO,2026-04-09,CONTROL,999,PV_004,0
TAO,2026-04-10,CONTROL,999,PV_001,-0.1684795587407318
TAO,2026-04-10,CONTROL,999,PV_002,0.4534113281745165
TAO,2026-04-10,CONTROL,999,PV_003,0
TAO,2026-04-10,CONTROL,999,PV_004,0
TAO,2026-04-11,CONTROL,999,PV_001,-0.10209260785749391
TAO,2026-04-11,CONTROL,999,PV_002,0.5552379126801572
TAO,2026-04-11,CONTROL,999,PV_003,0
TAO,2026-04-11,CONTROL,999,PV_004,0
TAO,2026-04-12,CONTROL,999,PV_001,-0.1490761401510725
TAO,2026-04-12,CONTROL,999,PV_002,0.6447149958764021
TAO,2026-04-12,CONTROL,999,PV_003,0
TAO,2026-04-12,CONTROL,999,PV_004,0
TAO,2026-04-13,CONTROL,999,PV_001,-0.1632674678159689
TAO,2026-04-13,CONTROL,999,PV_002,0.6169173152573972
TAO,2026-04-13,CONTROL,999,PV_003,0
TAO,2026-04-13,CONTROL,999,PV_004,0
TAO,2026-04-14,CONTROL,999,PV_001,-0.2846637589364253
TAO,2026-04-14,CONTROL,999,PV_002,0.5571304902943027
TAO,2026-04-14,CONTROL,999,PV_003,0
TAO,2026-04-14,CONTROL,999,PV_004,0
TAO,2026-04-15,CONTROL,999,PV_001,-0.2510499811030254
TAO,2026-04-15,CONTROL,999,PV_002,0.3239465518087058
TAO,2026-04-15,CONTROL,999,PV_003,0
TAO,2026-04-15,CONTROL,999,PV_004,0
TAO,2026-04-16,CONTROL,999,PV_001,-0.2594885304192393
TAO,2026-04-16,CONTROL,999,PV_002,-0.14083345367296
TAO,2026-04-16,CONTROL,999,PV_003,0
TAO,2026-04-16,CONTROL,999,PV_004,0
TAO,2026-04-17,CONTROL,999,PV_001,0.016588984669834113
TAO,2026-04-17,CONTROL,999,PV_002,-0.5494917276456063
TAO,2026-04-17,CONTROL,999,PV_003,0
TAO,2026-04-17,CONTROL,999,PV_004,1
TAO,2026-04-18,CONTROL,999,PV_001,-0.09798883201263352
TAO,2026-04-18,CONTROL,999,PV_002,-0.603288553129651
TAO,2026-04-18,CONTROL,999,PV_003,0
TAO,2026-04-18,CONTROL,999,PV_004,0
TAO,2026-04-19,CONTROL,999,PV_001,-0.08056342614801543
TAO,2026-04-19,CONTROL,999,PV_002,-0.5900309539587226
TAO,2026-04-19,CONTROL,999,PV_003,0
TAO,2026-04-19,CONTROL,999,PV_004,0
TAO,2026-04-20,CONTROL,999,PV_001,-0.06118671589183192
TAO,2026-04-20,CONTROL,999,PV_002,-0.6242848262564629
TAO,2026-04-20,CONTROL,999,PV_003,1
TAO,2026-04-20,CONTROL,999,PV_004,0
TAO,2026-04-21,CONTROL,999,PV_001,0.01700922696286608
TAO,2026-04-21,CONTROL,999,PV_002,-0.6872384769212844
TAO,2026-04-21,CONTROL,999,PV_003,1
TAO,2026-04-21,CONTROL,999,PV_004,0
TAO,2026-04-22,CONTROL,999,PV_001,0.021265287984341005
TAO,2026-04-22,CONTROL,999,PV_002,-0.6833019185971559
TAO,2026-04-22,CONTROL,999,PV_003,1
TAO,2026-04-22,CONTROL,999,PV_004,0
TAO,2026-04-23,CONTROL,999,PV_001,0.019302538562200877
TAO,2026-04-23,CONTROL,999,PV_002,-0.6639878219843893
TAO,2026-04-23,CONTROL,999,PV_003,0
TAO,2026-04-23,CONTROL,999,PV_004,0
TAO,2026-04-24,CONTROL,999,PV_001,-0.04312030734070638
TAO,2026-04-24,CONTROL,999,PV_002,-0.720982109459266
TAO,2026-04-24,CONTROL,999,PV_003,1
TAO,2026-04-24,CONTROL,999,PV_004,0
TAO,2026-04-25,CONTROL,999,PV_001,0.0032607628940915213
TAO,2026-04-25,CONTROL,999,PV_002,-0.7110817379207144
TAO,2026-04-25,CONTROL,999,PV_003,1
TAO,2026-04-25,CONTROL,999,PV_004,0
TAO,2026-04-26,CONTROL,999,PV_001,0.04795164902743901
TAO,2026-04-26,CONTROL,999,PV_002,-0.7159976746070879
TAO,2026-04-26,CONTROL,999,PV_003,1
TAO,2026-04-26,CONTROL,999,PV_004,0
TAO,2026-04-27,CONTROL,999,PV_001,0.007667541145968173
TAO,2026-04-27,CONTROL,999,PV_002,-0.6983290298812909
TAO,2026-04-27,CONTROL,999,PV_003,1
TAO,2026-04-27,CONTROL,999,PV_004,0
TAO,2026-04-28,CONTROL,999,PV_001,0.058956972161495876
TAO,2026-04-28,CONTROL,999,PV_002,-0.6661377324817455
TAO,2026-04-28,CONTROL,999,PV_003,0
TAO,2026-04-28,CONTROL,999,PV_004,0
TAO,2026-04-29,CONTROL,999,PV_001,0.03073014136067632
TAO,2026-04-29,CONTROL,999,PV_002,-0.615716553474322
TAO,2026-04-29,CONTROL,999,PV_003,0
TAO,2026-04-29,CONTROL,999,PV_004,0
TAO,2026-04-30,CONTROL,999,PV_001,-0.012986732498369654
TAO,2026-04-30,CONTROL,999,PV_002,-0.6045706457249879
TAO,2026-04-30,CONTROL,999,PV_003,0
TAO,2026-04-30,CONTROL,999,PV_004,0
TAO,2026-05-01,CONTROL,999,PV_001,0.08477723049382752
TAO,2026-05-01,CONTROL,999,PV_002,-0.5212647819863558
TAO,2026-05-01,CONTROL,999,PV_003,0
TAO,2026-05-01,CONTROL,999,PV_004,0
TAO,2026-05-02,CONTROL,999,PV_001,0.1600254169566534
TAO,2026-05-02,CONTROL,999,PV_002,-0.44663912215897067
TAO,2026-05-02,CONTROL,999,PV_003,0
TAO,2026-05-02,CONTROL,999,PV_004,1
TAO,2026-05-03,CONTROL,999,PV_001,0.1579743158027508
TAO,2026-05-03,CONTROL,999,PV_002,-0.39143723759708066
TAO,2026-05-03,CONTROL,999,PV_003,0
TAO,2026-05-03,CONTROL,999,PV_004,1
TAO,2026-05-04,CONTROL,999,PV_001,0.17176236494458672
TAO,2026-05-04,CONTROL,999,PV_002,-0.3628731416851608
TAO,2026-05-04,CONTROL,999,PV_003,1
TAO,2026-05-04,CONTROL,999,PV_004,0
DOGE,2026-03-05,CONTROL,999,PV_001,-0.030780420494475633
DOGE,2026-03-05,CONTROL,999,PV_002,0.21367262439944304
DOGE,2026-03-05,CONTROL,999,PV_003,0
DOGE,2026-03-05,CONTROL,999,PV_004,0
DOGE,2026-03-06,CONTROL,999,PV_001,-0.018471450385751625
DOGE,2026-03-06,CONTROL,999,PV_002,0.2564441178167999
DOGE,2026-03-06,CONTROL,999,PV_003,0
DOGE,2026-03-06,CONTROL,999,PV_004,0
DOGE,2026-03-07,CONTROL,999,PV_001,-0.04588146171794181
DOGE,2026-03-07,CONTROL,999,PV_002,0.20758301708373944
DOGE,2026-03-07,CONTROL,999,PV_003,0
DOGE,2026-03-07,CONTROL,999,PV_004,0
DOGE,2026-03-08,CONTROL,999,PV_001,-0.02783670527788934
DOGE,2026-03-08,CONTROL,999,PV_002,0.2938795883814203
DOGE,2026-03-08,CONTROL,999,PV_003,1
DOGE,2026-03-08,CONTROL,999,PV_004,0
DOGE,2026-03-09,CONTROL,999,PV_001,-0.04314242665436517
DOGE,2026-03-09,CONTROL,999,PV_002,0.30073102976503546
DOGE,2026-03-09,CONTROL,999,PV_003,1
DOGE,2026-03-09,CONTROL,999,PV_004,0
DOGE,2026-03-10,CONTROL,999,PV_001,0.04642858005515858
DOGE,2026-03-10,CONTROL,999,PV_002,0.37019997636098045
DOGE,2026-03-10,CONTROL,999,PV_003,0
DOGE,2026-03-10,CONTROL,999,PV_004,0
DOGE,2026-03-11,CONTROL,999,PV_001,-0.05770377143730156
DOGE,2026-03-11,CONTROL,999,PV_002,0.007830270838024168
DOGE,2026-03-11,CONTROL,999,PV_003,0
DOGE,2026-03-11,CONTROL,999,PV_004,0
DOGE,2026-03-12,CONTROL,999,PV_001,0.0044924296338886924
DOGE,2026-03-12,CONTROL,999,PV_002,-0.12093049891936491
DOGE,2026-03-12,CONTROL,999,PV_003,1
DOGE,2026-03-12,CONTROL,999,PV_004,0
DOGE,2026-03-13,CONTROL,999,PV_001,0.04962408677295375
DOGE,2026-03-13,CONTROL,999,PV_002,0.06982706918950228
DOGE,2026-03-13,CONTROL,999,PV_003,1
DOGE,2026-03-13,CONTROL,999,PV_004,0
DOGE,2026-03-14,CONTROL,999,PV_001,0.0601383043469037
DOGE,2026-03-14,CONTROL,999,PV_002,0.12897078321914052
DOGE,2026-03-14,CONTROL,999,PV_003,1
DOGE,2026-03-14,CONTROL,999,PV_004,0
DOGE,2026-03-15,CONTROL,999,PV_001,0.08949152017268548
DOGE,2026-03-15,CONTROL,999,PV_002,0.12210107391755827
DOGE,2026-03-15,CONTROL,999,PV_003,1
DOGE,2026-03-15,CONTROL,999,PV_004,0
DOGE,2026-03-16,CONTROL,999,PV_001,0.13757471789472844
DOGE,2026-03-16,CONTROL,999,PV_002,0.37641617654357157
DOGE,2026-03-16,CONTROL,999,PV_003,0
DOGE,2026-03-16,CONTROL,999,PV_004,0
DOGE,2026-03-17,CONTROL,999,PV_001,0.06886282817661775
DOGE,2026-03-17,CONTROL,999,PV_002,0.33437255999297477
DOGE,2026-03-17,CONTROL,999,PV_003,0
DOGE,2026-03-17,CONTROL,999,PV_004,0
DOGE,2026-03-18,CONTROL,999,PV_001,0.015373499545647743
DOGE,2026-03-18,CONTROL,999,PV_002,0.35531709576871284
DOGE,2026-03-18,CONTROL,999,PV_003,0
DOGE,2026-03-18,CONTROL,999,PV_004,0
DOGE,2026-03-19,CONTROL,999,PV_001,-0.01146454801064795
DOGE,2026-03-19,CONTROL,999,PV_002,0.33244686262420886
DOGE,2026-03-19,CONTROL,999,PV_003,0
DOGE,2026-03-19,CONTROL,999,PV_004,0
DOGE,2026-03-20,CONTROL,999,PV_001,-0.016013521643753834
DOGE,2026-03-20,CONTROL,999,PV_002,-0.015333840922971381
DOGE,2026-03-20,CONTROL,999,PV_003,1
DOGE,2026-03-20,CONTROL,999,PV_004,0
DOGE,2026-03-21,CONTROL,999,PV_001,-0.011797484538626741
DOGE,2026-03-21,CONTROL,999,PV_002,-0.08750780989359162
DOGE,2026-03-21,CONTROL,999,PV_003,1
DOGE,2026-03-21,CONTROL,999,PV_004,0
DOGE,2026-03-22,CONTROL,999,PV_001,-0.07121493322005894
DOGE,2026-03-22,CONTROL,999,PV_002,-0.0475265228844484
DOGE,2026-03-22,CONTROL,999,PV_003,0
DOGE,2026-03-22,CONTROL,999,PV_004,0
DOGE,2026-03-23,CONTROL,999,PV_001,-0.08590972836744318
DOGE,2026-03-23,CONTROL,999,PV_002,-0.36109172274305595
DOGE,2026-03-23,CONTROL,999,PV_003,0
DOGE,2026-03-23,CONTROL,999,PV_004,0
DOGE,2026-03-24,CONTROL,999,PV_001,-0.062135077917804246
DOGE,2026-03-24,CONTROL,999,PV_002,-0.5302284755141241
DOGE,2026-03-24,CONTROL,999,PV_003,0
DOGE,2026-03-24,CONTROL,999,PV_004,0
DOGE,2026-03-25,CONTROL,999,PV_001,0.014864148317350862
DOGE,2026-03-25,CONTROL,999,PV_002,-0.6249082031972304
DOGE,2026-03-25,CONTROL,999,PV_003,1
DOGE,2026-03-25,CONTROL,999,PV_004,0
DOGE,2026-03-26,CONTROL,999,PV_001,-0.013307304913099753
DOGE,2026-03-26,CONTROL,999,PV_002,-0.5821073294933401
DOGE,2026-03-26,CONTROL,999,PV_003,0
DOGE,2026-03-26,CONTROL,999,PV_004,0
DOGE,2026-03-27,CONTROL,999,PV_001,-0.0468730508314478
DOGE,2026-03-27,CONTROL,999,PV_002,-0.4830784289443139
DOGE,2026-03-27,CONTROL,999,PV_003,0
DOGE,2026-03-27,CONTROL,999,PV_004,0
DOGE,2026-03-28,CONTROL,999,PV_001,-0.0254390369779364
DOGE,2026-03-28,CONTROL,999,PV_002,-0.301666463796988
DOGE,2026-03-28,CONTROL,999,PV_003,1
DOGE,2026-03-28,CONTROL,999,PV_004,0
DOGE,2026-03-29,CONTROL,999,PV_001,-0.009709879597822081
DOGE,2026-03-29,CONTROL,999,PV_002,-0.3570915849286884
DOGE,2026-03-29,CONTROL,999,PV_003,1
DOGE,2026-03-29,CONTROL,999,PV_004,0
DOGE,2026-03-30,CONTROL,999,PV_001,-0.03487587835255497
DOGE,2026-03-30,CONTROL,999,PV_002,-0.44030066540505247
DOGE,2026-03-30,CONTROL,999,PV_003,1
DOGE,2026-03-30,CONTROL,999,PV_004,0
DOGE,2026-03-31,CONTROL,999,PV_001,-0.031058168001670466
DOGE,2026-03-31,CONTROL,999,PV_002,-0.41300655438375106
DOGE,2026-03-31,CONTROL,999,PV_003,0
DOGE,2026-03-31,CONTROL,999,PV_004,0
DOGE,2026-04-01,CONTROL,999,PV_001,-0.04094146455455877
DOGE,2026-04-01,CONTROL,999,PV_002,-0.4513474462537171
DOGE,2026-04-01,CONTROL,999,PV_003,1
DOGE,2026-04-01,CONTROL,999,PV_004,0
DOGE,2026-04-02,CONTROL,999,PV_001,-0.016916005737845526
DOGE,2026-04-02,CONTROL,999,PV_002,-0.47492028917091783
DOGE,2026-04-02,CONTROL,999,PV_003,1
DOGE,2026-04-02,CONTROL,999,PV_004,0
DOGE,2026-04-03,CONTROL,999,PV_001,0.018562162949201044
DOGE,2026-04-03,CONTROL,999,PV_002,-0.45730521501663657
DOGE,2026-04-03,CONTROL,999,PV_003,1
DOGE,2026-04-03,CONTROL,999,PV_004,0
DOGE,2026-04-04,CONTROL,999,PV_001,0.004757782523154702
DOGE,2026-04-04,CONTROL,999,PV_002,-0.5295708376632996
DOGE,2026-04-04,CONTROL,999,PV_003,1
DOGE,2026-04-04,CONTROL,999,PV_004,0
DOGE,2026-04-05,CONTROL,999,PV_001,0.01891763914109732
DOGE,2026-04-05,CONTROL,999,PV_002,-0.5366868639789506
DOGE,2026-04-05,CONTROL,999,PV_003,1
DOGE,2026-04-05,CONTROL,999,PV_004,0
DOGE,2026-04-06,CONTROL,999,PV_001,-0.00403939613520415
DOGE,2026-04-06,CONTROL,999,PV_002,-0.6326082878664062
DOGE,2026-04-06,CONTROL,999,PV_003,1
DOGE,2026-04-06,CONTROL,999,PV_004,0
DOGE,2026-04-07,CONTROL,999,PV_001,0.03494993596333213
DOGE,2026-04-07,CONTROL,999,PV_002,-0.5818721071668509
DOGE,2026-04-07,CONTROL,999,PV_003,0
DOGE,2026-04-07,CONTROL,999,PV_004,0
DOGE,2026-04-08,CONTROL,999,PV_001,0.0038200596351245938
DOGE,2026-04-08,CONTROL,999,PV_002,-0.43120425817484725
DOGE,2026-04-08,CONTROL,999,PV_003,0
DOGE,2026-04-08,CONTROL,999,PV_004,0
DOGE,2026-04-09,CONTROL,999,PV_001,0.03326705256888216
DOGE,2026-04-09,CONTROL,999,PV_002,-0.281522517806337
DOGE,2026-04-09,CONTROL,999,PV_003,0
DOGE,2026-04-09,CONTROL,999,PV_004,0
DOGE,2026-04-10,CONTROL,999,PV_001,0.022624195927547643
DOGE,2026-04-10,CONTROL,999,PV_002,-0.08230510517599525
DOGE,2026-04-10,CONTROL,999,PV_003,1
DOGE,2026-04-10,CONTROL,999,PV_004,0
DOGE,2026-04-11,CONTROL,999,PV_001,0.010731069692331138
DOGE,2026-04-11,CONTROL,999,PV_002,0.09138609621331588
DOGE,2026-04-11,CONTROL,999,PV_003,1
DOGE,2026-04-11,CONTROL,999,PV_004,0
DOGE,2026-04-12,CONTROL,999,PV_001,-0.003529130111060897
DOGE,2026-04-12,CONTROL,999,PV_002,0.3877264641725604
DOGE,2026-04-12,CONTROL,999,PV_003,0
DOGE,2026-04-12,CONTROL,999,PV_004,0
DOGE,2026-04-13,CONTROL,999,PV_001,0.037227444564856965
DOGE,2026-04-13,CONTROL,999,PV_002,0.45580245248978224
DOGE,2026-04-13,CONTROL,999,PV_003,0
DOGE,2026-04-13,CONTROL,999,PV_004,0
DOGE,2026-04-14,CONTROL,999,PV_001,-0.021991520396911362
DOGE,2026-04-14,CONTROL,999,PV_002,0.6107484753638966
DOGE,2026-04-14,CONTROL,999,PV_003,0
DOGE,2026-04-14,CONTROL,999,PV_004,0
DOGE,2026-04-15,CONTROL,999,PV_001,0.026022803534079868
DOGE,2026-04-15,CONTROL,999,PV_002,0.7385769875127868
DOGE,2026-04-15,CONTROL,999,PV_003,0
DOGE,2026-04-15,CONTROL,999,PV_004,0
DOGE,2026-04-16,CONTROL,999,PV_001,0.058575344133146474
DOGE,2026-04-16,CONTROL,999,PV_002,0.9046304984408403
DOGE,2026-04-16,CONTROL,999,PV_003,0
DOGE,2026-04-16,CONTROL,999,PV_004,0
DOGE,2026-04-17,CONTROL,999,PV_001,0.07164593955806423
DOGE,2026-04-17,CONTROL,999,PV_002,1.0857721025840366
DOGE,2026-04-17,CONTROL,999,PV_003,0
DOGE,2026-04-17,CONTROL,999,PV_004,1
DOGE,2026-04-18,CONTROL,999,PV_001,0.022232331502747484
DOGE,2026-04-18,CONTROL,999,PV_002,1.2079820641468644
DOGE,2026-04-18,CONTROL,999,PV_003,0
DOGE,2026-04-18,CONTROL,999,PV_004,0
DOGE,2026-04-19,CONTROL,999,PV_001,0.02471682494651146
DOGE,2026-04-19,CONTROL,999,PV_002,1.2932961322521266
DOGE,2026-04-19,CONTROL,999,PV_003,0
DOGE,2026-04-19,CONTROL,999,PV_004,0
DOGE,2026-04-20,CONTROL,999,PV_001,0.01738891876717877
DOGE,2026-04-20,CONTROL,999,PV_002,1.283910023811615
DOGE,2026-04-20,CONTROL,999,PV_003,0
DOGE,2026-04-20,CONTROL,999,PV_004,0
DOGE,2026-04-21,CONTROL,999,PV_001,0.017537431660127365
DOGE,2026-04-21,CONTROL,999,PV_002,0.9059901455017579
DOGE,2026-04-21,CONTROL,999,PV_003,0
DOGE,2026-04-21,CONTROL,999,PV_004,0
DOGE,2026-04-22,CONTROL,999,PV_001,0.01332620433757541
DOGE,2026-04-22,CONTROL,999,PV_002,0.9953718685359776
DOGE,2026-04-22,CONTROL,999,PV_003,1
DOGE,2026-04-22,CONTROL,999,PV_004,0
DOGE,2026-04-23,CONTROL,999,PV_001,-0.016743792847928016
DOGE,2026-04-23,CONTROL,999,PV_002,0.6522704649896108
DOGE,2026-04-23,CONTROL,999,PV_003,0
DOGE,2026-04-23,CONTROL,999,PV_004,0
DOGE,2026-04-24,CONTROL,999,PV_001,-0.02408004249953038
DOGE,2026-04-24,CONTROL,999,PV_002,0.3491731652970682
DOGE,2026-04-24,CONTROL,999,PV_003,1
DOGE,2026-04-24,CONTROL,999,PV_004,0
DOGE,2026-04-25,CONTROL,999,PV_001,0.031058478432009054
DOGE,2026-04-25,CONTROL,999,PV_002,0.16454404174857842
DOGE,2026-04-25,CONTROL,999,PV_003,1
DOGE,2026-04-25,CONTROL,999,PV_004,0
DOGE,2026-04-26,CONTROL,999,PV_001,0.064132608823583
DOGE,2026-04-26,CONTROL,999,PV_002,-0.0564318613616125
DOGE,2026-04-26,CONTROL,999,PV_003,1
DOGE,2026-04-26,CONTROL,999,PV_004,0
DOGE,2026-04-27,CONTROL,999,PV_001,0.03241095269902361
DOGE,2026-04-27,CONTROL,999,PV_002,-0.043152461854536285
DOGE,2026-04-27,CONTROL,999,PV_003,1
DOGE,2026-04-27,CONTROL,999,PV_004,0
DOGE,2026-04-28,CONTROL,999,PV_001,0.052841734399885265
DOGE,2026-04-28,CONTROL,999,PV_002,0.0915411499160761
DOGE,2026-04-28,CONTROL,999,PV_003,1
DOGE,2026-04-28,CONTROL,999,PV_004,0
DOGE,2026-04-29,CONTROL,999,PV_001,0.07396630856244506
DOGE,2026-04-29,CONTROL,999,PV_002,0.4621300745344966
DOGE,2026-04-29,CONTROL,999,PV_003,0
DOGE,2026-04-29,CONTROL,999,PV_004,0
DOGE,2026-04-30,CONTROL,999,PV_001,0.09062794583374212
DOGE,2026-04-30,CONTROL,999,PV_002,0.5573478974343716
DOGE,2026-04-30,CONTROL,999,PV_003,0
DOGE,2026-04-30,CONTROL,999,PV_004,0
DOGE,2026-05-01,CONTROL,999,PV_001,0.10604627109832192
DOGE,2026-05-01,CONTROL,999,PV_002,0.6125983410843214
DOGE,2026-05-01,CONTROL,999,PV_003,0
DOGE,2026-05-01,CONTROL,999,PV_004,1
DOGE,2026-05-02,CONTROL,999,PV_001,0.10971158783495304
DOGE,2026-05-02,CONTROL,999,PV_002,0.6621632566220645
DOGE,2026-05-02,CONTROL,999,PV_003,0
DOGE,2026-05-02,CONTROL,999,PV_004,0
DOGE,2026-05-03,CONTROL,999,PV_001,0.10187262758891019
DOGE,2026-05-03,CONTROL,999,PV_002,0.6503412817702369
DOGE,2026-05-03,CONTROL,999,PV_003,1
DOGE,2026-05-03,CONTROL,999,PV_004,0
DOGE,2026-05-04,CONTROL,999,PV_001,0.1361688812221118
DOGE,2026-05-04,CONTROL,999,PV_002,0.6665319926858184
DOGE,2026-05-04,CONTROL,999,PV_003,0
DOGE,2026-05-04,CONTROL,999,PV_004,0
VIRTUAL,2026-03-05,CONTROL,999,PV_001,0.07599200309867749
VIRTUAL,2026-03-05,CONTROL,999,PV_002,0.6186633810159158
VIRTUAL,2026-03-05,CONTROL,999,PV_003,1
VIRTUAL,2026-03-05,CONTROL,999,PV_004,0
VIRTUAL,2026-03-06,CONTROL,999,PV_001,0.03182150166116964
VIRTUAL,2026-03-06,CONTROL,999,PV_002,0.402850392055701
VIRTUAL,2026-03-06,CONTROL,999,PV_003,0
VIRTUAL,2026-03-06,CONTROL,999,PV_004,0
VIRTUAL,2026-03-07,CONTROL,999,PV_001,-0.06830987196016043
VIRTUAL,2026-03-07,CONTROL,999,PV_002,0.1603128071420788
VIRTUAL,2026-03-07,CONTROL,999,PV_003,0
VIRTUAL,2026-03-07,CONTROL,999,PV_004,0
VIRTUAL,2026-03-08,CONTROL,999,PV_001,-0.07214370828248519
VIRTUAL,2026-03-08,CONTROL,999,PV_002,0.06659599818017686
VIRTUAL,2026-03-08,CONTROL,999,PV_003,0
VIRTUAL,2026-03-08,CONTROL,999,PV_004,0
VIRTUAL,2026-03-09,CONTROL,999,PV_001,-0.15187345947987774
VIRTUAL,2026-03-09,CONTROL,999,PV_002,-0.1410425304744541
VIRTUAL,2026-03-09,CONTROL,999,PV_003,1
VIRTUAL,2026-03-09,CONTROL,999,PV_004,0
VIRTUAL,2026-03-10,CONTROL,999,PV_001,-0.05276897037563438
VIRTUAL,2026-03-10,CONTROL,999,PV_002,-0.2023614214561237
VIRTUAL,2026-03-10,CONTROL,999,PV_003,0
VIRTUAL,2026-03-10,CONTROL,999,PV_004,0
VIRTUAL,2026-03-11,CONTROL,999,PV_001,-0.06749714436247096
VIRTUAL,2026-03-11,CONTROL,999,PV_002,-0.468345091411951
VIRTUAL,2026-03-11,CONTROL,999,PV_003,0
VIRTUAL,2026-03-11,CONTROL,999,PV_004,1
VIRTUAL,2026-03-12,CONTROL,999,PV_001,-0.012898019702054443
VIRTUAL,2026-03-12,CONTROL,999,PV_002,-0.5735184416090133
VIRTUAL,2026-03-12,CONTROL,999,PV_003,1
VIRTUAL,2026-03-12,CONTROL,999,PV_004,0
VIRTUAL,2026-03-13,CONTROL,999,PV_001,0.03729796142921727
VIRTUAL,2026-03-13,CONTROL,999,PV_002,-0.5095167211803368
VIRTUAL,2026-03-13,CONTROL,999,PV_003,1
VIRTUAL,2026-03-13,CONTROL,999,PV_004,0
VIRTUAL,2026-03-14,CONTROL,999,PV_001,0.07145162750672268
VIRTUAL,2026-03-14,CONTROL,999,PV_002,-0.4257664805497946
VIRTUAL,2026-03-14,CONTROL,999,PV_003,1
VIRTUAL,2026-03-14,CONTROL,999,PV_004,0
VIRTUAL,2026-03-15,CONTROL,999,PV_001,0.17894433742996732
VIRTUAL,2026-03-15,CONTROL,999,PV_002,-0.3717511619157403
VIRTUAL,2026-03-15,CONTROL,999,PV_003,0
VIRTUAL,2026-03-15,CONTROL,999,PV_004,0
VIRTUAL,2026-03-16,CONTROL,999,PV_001,0.21191480617745206
VIRTUAL,2026-03-16,CONTROL,999,PV_002,-0.318968555994474
VIRTUAL,2026-03-16,CONTROL,999,PV_003,0
VIRTUAL,2026-03-16,CONTROL,999,PV_004,1
VIRTUAL,2026-03-17,CONTROL,999,PV_001,0.13127458138973636
VIRTUAL,2026-03-17,CONTROL,999,PV_002,-0.4086984623441806
VIRTUAL,2026-03-17,CONTROL,999,PV_003,0
VIRTUAL,2026-03-17,CONTROL,999,PV_004,1
VIRTUAL,2026-03-18,CONTROL,999,PV_001,0.0463504804829526
VIRTUAL,2026-03-18,CONTROL,999,PV_002,-0.2643580022731458
VIRTUAL,2026-03-18,CONTROL,999,PV_003,0
VIRTUAL,2026-03-18,CONTROL,999,PV_004,0
VIRTUAL,2026-03-19,CONTROL,999,PV_001,-0.008293065718750287
VIRTUAL,2026-03-19,CONTROL,999,PV_002,-0.27192977922430117
VIRTUAL,2026-03-19,CONTROL,999,PV_003,0
VIRTUAL,2026-03-19,CONTROL,999,PV_004,0
VIRTUAL,2026-03-20,CONTROL,999,PV_001,-0.01776580731095244
VIRTUAL,2026-03-20,CONTROL,999,PV_002,-0.3756035302424507
VIRTUAL,2026-03-20,CONTROL,999,PV_003,1
VIRTUAL,2026-03-20,CONTROL,999,PV_004,0
VIRTUAL,2026-03-21,CONTROL,999,PV_001,-0.020122903210837095
VIRTUAL,2026-03-21,CONTROL,999,PV_002,-0.39090400736496994
VIRTUAL,2026-03-21,CONTROL,999,PV_003,1
VIRTUAL,2026-03-21,CONTROL,999,PV_004,0
VIRTUAL,2026-03-22,CONTROL,999,PV_001,-0.11779175967641817
VIRTUAL,2026-03-22,CONTROL,999,PV_002,-0.41658771864036215
VIRTUAL,2026-03-22,CONTROL,999,PV_003,0
VIRTUAL,2026-03-22,CONTROL,999,PV_004,0
VIRTUAL,2026-03-23,CONTROL,999,PV_001,-0.14750937826740487
VIRTUAL,2026-03-23,CONTROL,999,PV_002,-0.4403644984336999
VIRTUAL,2026-03-23,CONTROL,999,PV_003,0
VIRTUAL,2026-03-23,CONTROL,999,PV_004,0
VIRTUAL,2026-03-24,CONTROL,999,PV_001,-0.07929464537389198
VIRTUAL,2026-03-24,CONTROL,999,PV_002,-0.46475397984368133
VIRTUAL,2026-03-24,CONTROL,999,PV_003,0
VIRTUAL,2026-03-24,CONTROL,999,PV_004,0
VIRTUAL,2026-03-25,CONTROL,999,PV_001,0.0029531733112749424
VIRTUAL,2026-03-25,CONTROL,999,PV_002,-0.6955588309745931
VIRTUAL,2026-03-25,CONTROL,999,PV_003,0
VIRTUAL,2026-03-25,CONTROL,999,PV_004,1
VIRTUAL,2026-03-26,CONTROL,999,PV_001,-0.029757733179354037
VIRTUAL,2026-03-26,CONTROL,999,PV_002,-0.6849776851188227
VIRTUAL,2026-03-26,CONTROL,999,PV_003,0
VIRTUAL,2026-03-26,CONTROL,999,PV_004,0
VIRTUAL,2026-03-27,CONTROL,999,PV_001,-0.07962760337100858
VIRTUAL,2026-03-27,CONTROL,999,PV_002,-0.6659399677550234
VIRTUAL,2026-03-27,CONTROL,999,PV_003,0
VIRTUAL,2026-03-27,CONTROL,999,PV_004,0
VIRTUAL,2026-03-28,CONTROL,999,PV_001,-0.044617284957193235
VIRTUAL,2026-03-28,CONTROL,999,PV_002,-0.5302005995202285
VIRTUAL,2026-03-28,CONTROL,999,PV_003,1
VIRTUAL,2026-03-28,CONTROL,999,PV_004,0
VIRTUAL,2026-03-29,CONTROL,999,PV_001,-0.031821018931329985
VIRTUAL,2026-03-29,CONTROL,999,PV_002,-0.5219935424266144
VIRTUAL,2026-03-29,CONTROL,999,PV_003,1
VIRTUAL,2026-03-29,CONTROL,999,PV_004,0
VIRTUAL,2026-03-30,CONTROL,999,PV_001,-0.05279042677878487
VIRTUAL,2026-03-30,CONTROL,999,PV_002,-0.6109802952398972
VIRTUAL,2026-03-30,CONTROL,999,PV_003,1
VIRTUAL,2026-03-30,CONTROL,999,PV_004,0
VIRTUAL,2026-03-31,CONTROL,999,PV_001,-0.10304013020482133
VIRTUAL,2026-03-31,CONTROL,999,PV_002,-0.7754107363041502
VIRTUAL,2026-03-31,CONTROL,999,PV_003,1
VIRTUAL,2026-03-31,CONTROL,999,PV_004,0
VIRTUAL,2026-04-01,CONTROL,999,PV_001,-0.10194938564636129
VIRTUAL,2026-04-01,CONTROL,999,PV_002,-0.46845066622135095
VIRTUAL,2026-04-01,CONTROL,999,PV_003,1
VIRTUAL,2026-04-01,CONTROL,999,PV_004,0
VIRTUAL,2026-04-02,CONTROL,999,PV_001,-0.07093223585898412
VIRTUAL,2026-04-02,CONTROL,999,PV_002,-0.4835993008048167
VIRTUAL,2026-04-02,CONTROL,999,PV_003,1
VIRTUAL,2026-04-02,CONTROL,999,PV_004,0
VIRTUAL,2026-04-03,CONTROL,999,PV_001,-0.023808531333601793
VIRTUAL,2026-04-03,CONTROL,999,PV_002,-0.6089368304210211
VIRTUAL,2026-04-03,CONTROL,999,PV_003,1
VIRTUAL,2026-04-03,CONTROL,999,PV_004,0
VIRTUAL,2026-04-04,CONTROL,999,PV_001,-0.04191153773656308
VIRTUAL,2026-04-04,CONTROL,999,PV_002,-0.6610840145016638
VIRTUAL,2026-04-04,CONTROL,999,PV_003,1
VIRTUAL,2026-04-04,CONTROL,999,PV_004,0
VIRTUAL,2026-04-05,CONTROL,999,PV_001,-0.02107782392320515
VIRTUAL,2026-04-05,CONTROL,999,PV_002,-0.6397166548891897
VIRTUAL,2026-04-05,CONTROL,999,PV_003,1
VIRTUAL,2026-04-05,CONTROL,999,PV_004,0
VIRTUAL,2026-04-06,CONTROL,999,PV_001,-0.021759466210809788
VIRTUAL,2026-04-06,CONTROL,999,PV_002,-0.6696912204828251
VIRTUAL,2026-04-06,CONTROL,999,PV_003,1
VIRTUAL,2026-04-06,CONTROL,999,PV_004,0
VIRTUAL,2026-04-07,CONTROL,999,PV_001,0.03877950399718391
VIRTUAL,2026-04-07,CONTROL,999,PV_002,-0.5768020823055191
VIRTUAL,2026-04-07,CONTROL,999,PV_003,0
VIRTUAL,2026-04-07,CONTROL,999,PV_004,0
VIRTUAL,2026-04-08,CONTROL,999,PV_001,0.006771866348003291
VIRTUAL,2026-04-08,CONTROL,999,PV_002,-0.4939270475271646
VIRTUAL,2026-04-08,CONTROL,999,PV_003,0
VIRTUAL,2026-04-08,CONTROL,999,PV_004,0
VIRTUAL,2026-04-09,CONTROL,999,PV_001,0.06432061191126537
VIRTUAL,2026-04-09,CONTROL,999,PV_002,-0.47778326094549717
VIRTUAL,2026-04-09,CONTROL,999,PV_003,1
VIRTUAL,2026-04-09,CONTROL,999,PV_004,0
VIRTUAL,2026-04-10,CONTROL,999,PV_001,0.06600338610224027
VIRTUAL,2026-04-10,CONTROL,999,PV_002,-0.3962650730614887
VIRTUAL,2026-04-10,CONTROL,999,PV_003,1
VIRTUAL,2026-04-10,CONTROL,999,PV_004,0
VIRTUAL,2026-04-11,CONTROL,999,PV_001,0.07912171649469235
VIRTUAL,2026-04-11,CONTROL,999,PV_002,-0.23161301508211388
VIRTUAL,2026-04-11,CONTROL,999,PV_003,1
VIRTUAL,2026-04-11,CONTROL,999,PV_004,0
VIRTUAL,2026-04-12,CONTROL,999,PV_001,0.035039515765337224
VIRTUAL,2026-04-12,CONTROL,999,PV_002,0.013559410877420883
VIRTUAL,2026-04-12,CONTROL,999,PV_003,0
VIRTUAL,2026-04-12,CONTROL,999,PV_004,0
VIRTUAL,2026-04-13,CONTROL,999,PV_001,0.10284600523629439
VIRTUAL,2026-04-13,CONTROL,999,PV_002,0.10889820240555696
VIRTUAL,2026-04-13,CONTROL,999,PV_003,0
VIRTUAL,2026-04-13,CONTROL,999,PV_004,0
VIRTUAL,2026-04-14,CONTROL,999,PV_001,-0.014040608404936759
VIRTUAL,2026-04-14,CONTROL,999,PV_002,0.026972161395117464
VIRTUAL,2026-04-14,CONTROL,999,PV_003,0
VIRTUAL,2026-04-14,CONTROL,999,PV_004,0
VIRTUAL,2026-04-15,CONTROL,999,PV_001,0.036865793250399
VIRTUAL,2026-04-15,CONTROL,999,PV_002,-0.028233665810016066
VIRTUAL,2026-04-15,CONTROL,999,PV_003,0
VIRTUAL,2026-04-15,CONTROL,999,PV_004,0
VIRTUAL,2026-04-16,CONTROL,999,PV_001,0.08563107191217524
VIRTUAL,2026-04-16,CONTROL,999,PV_002,0.37671966102811993
VIRTUAL,2026-04-16,CONTROL,999,PV_003,0
VIRTUAL,2026-04-16,CONTROL,999,PV_004,0
VIRTUAL,2026-04-17,CONTROL,999,PV_001,0.11397317919324731
VIRTUAL,2026-04-17,CONTROL,999,PV_002,0.6603368940918112
VIRTUAL,2026-04-17,CONTROL,999,PV_003,0
VIRTUAL,2026-04-17,CONTROL,999,PV_004,1
VIRTUAL,2026-04-18,CONTROL,999,PV_001,0.03212154374673692
VIRTUAL,2026-04-18,CONTROL,999,PV_002,0.8325592264214452
VIRTUAL,2026-04-18,CONTROL,999,PV_003,0
VIRTUAL,2026-04-18,CONTROL,999,PV_004,0
VIRTUAL,2026-04-19,CONTROL,999,PV_001,0.039955878712285155
VIRTUAL,2026-04-19,CONTROL,999,PV_002,0.9392416746709182
VIRTUAL,2026-04-19,CONTROL,999,PV_003,0
VIRTUAL,2026-04-19,CONTROL,999,PV_004,0
VIRTUAL,2026-04-20,CONTROL,999,PV_001,-0.005909774583575445
VIRTUAL,2026-04-20,CONTROL,999,PV_002,0.9925390628227192
VIRTUAL,2026-04-20,CONTROL,999,PV_003,0
VIRTUAL,2026-04-20,CONTROL,999,PV_004,0
VIRTUAL,2026-04-21,CONTROL,999,PV_001,0.007730546454686366
VIRTUAL,2026-04-21,CONTROL,999,PV_002,1.0242203064019249
VIRTUAL,2026-04-21,CONTROL,999,PV_003,1
VIRTUAL,2026-04-21,CONTROL,999,PV_004,0
VIRTUAL,2026-04-22,CONTROL,999,PV_001,0.014185702562685528
VIRTUAL,2026-04-22,CONTROL,999,PV_002,1.169336490410325
VIRTUAL,2026-04-22,CONTROL,999,PV_003,0
VIRTUAL,2026-04-22,CONTROL,999,PV_004,0
VIRTUAL,2026-04-23,CONTROL,999,PV_001,-0.047835933475102614
VIRTUAL,2026-04-23,CONTROL,999,PV_002,1.0256923537509712
VIRTUAL,2026-04-23,CONTROL,999,PV_003,0
VIRTUAL,2026-04-23,CONTROL,999,PV_004,0
VIRTUAL,2026-04-24,CONTROL,999,PV_001,-0.07291603720455345
VIRTUAL,2026-04-24,CONTROL,999,PV_002,0.6848903042281635
VIRTUAL,2026-04-24,CONTROL,999,PV_003,1
VIRTUAL,2026-04-24,CONTROL,999,PV_004,0
VIRTUAL,2026-04-25,CONTROL,999,PV_001,-0.012771939261371523
VIRTUAL,2026-04-25,CONTROL,999,PV_002,0.41359929345053215
VIRTUAL,2026-04-25,CONTROL,999,PV_003,1
VIRTUAL,2026-04-25,CONTROL,999,PV_004,0
VIRTUAL,2026-04-26,CONTROL,999,PV_001,0.06030841788072142
VIRTUAL,2026-04-26,CONTROL,999,PV_002,0.20974164254820524
VIRTUAL,2026-04-26,CONTROL,999,PV_003,1
VIRTUAL,2026-04-26,CONTROL,999,PV_004,0
VIRTUAL,2026-04-27,CONTROL,999,PV_001,0.006696328829554148
VIRTUAL,2026-04-27,CONTROL,999,PV_002,0.023931492985470856
VIRTUAL,2026-04-27,CONTROL,999,PV_003,0
VIRTUAL,2026-04-27,CONTROL,999,PV_004,0
VIRTUAL,2026-04-28,CONTROL,999,PV_001,0.02542715782214745
VIRTUAL,2026-04-28,CONTROL,999,PV_002,-0.15785106855015335
VIRTUAL,2026-04-28,CONTROL,999,PV_003,0
VIRTUAL,2026-04-28,CONTROL,999,PV_004,0
VIRTUAL,2026-04-29,CONTROL,999,PV_001,-0.03130296222609653
VIRTUAL,2026-04-29,CONTROL,999,PV_002,-0.5435668436698842
VIRTUAL,2026-04-29,CONTROL,999,PV_003,0
VIRTUAL,2026-04-29,CONTROL,999,PV_004,0
VIRTUAL,2026-04-30,CONTROL,999,PV_001,-0.023795485172224223
VIRTUAL,2026-04-30,CONTROL,999,PV_002,-0.6280064854062962
VIRTUAL,2026-04-30,CONTROL,999,PV_003,1
VIRTUAL,2026-04-30,CONTROL,999,PV_004,0
VIRTUAL,2026-05-01,CONTROL,999,PV_001,-0.0015351258055142144
VIRTUAL,2026-05-01,CONTROL,999,PV_002,-0.688347009787067
VIRTUAL,2026-05-01,CONTROL,999,PV_003,0
VIRTUAL,2026-05-01,CONTROL,999,PV_004,0
VIRTUAL,2026-05-02,CONTROL,999,PV_001,0.08017268224874928
VIRTUAL,2026-05-02,CONTROL,999,PV_002,-0.5569153012388367
VIRTUAL,2026-05-02,CONTROL,999,PV_003,0
VIRTUAL,2026-05-02,CONTROL,999,PV_004,1
VIRTUAL,2026-05-03,CONTROL,999,PV_001,0.06969028006143915
VIRTUAL,2026-05-03,CONTROL,999,PV_002,-0.4761220261520398
VIRTUAL,2026-05-03,CONTROL,999,PV_003,0
VIRTUAL,2026-05-03,CONTROL,999,PV_004,1
VIRTUAL,2026-05-04,CONTROL,999,PV_001,0.10427099928471682
VIRTUAL,2026-05-04,CONTROL,999,PV_002,-0.5232684744659624
VIRTUAL,2026-05-04,CONTROL,999,PV_003,1
VIRTUAL,2026-05-04,CONTROL,999,PV_004,1
PEPE,2026-03-05,CONTROL,999,PV_001,-0.08947163731555316
PEPE,2026-03-05,CONTROL,999,PV_002,-0.11702704986649214
PEPE,2026-03-05,CONTROL,999,PV_003,0
PEPE,2026-03-05,CONTROL,999,PV_004,0
PEPE,2026-03-06,CONTROL,999,PV_001,-0.07548432344438095
PEPE,2026-03-06,CONTROL,999,PV_002,-0.12170523678704408
PEPE,2026-03-06,CONTROL,999,PV_003,0
PEPE,2026-03-06,CONTROL,999,PV_004,0
PEPE,2026-03-07,CONTROL,999,PV_001,-0.12186799195985108
PEPE,2026-03-07,CONTROL,999,PV_002,-0.1315244177545979
PEPE,2026-03-07,CONTROL,999,PV_003,0
PEPE,2026-03-07,CONTROL,999,PV_004,0
PEPE,2026-03-08,CONTROL,999,PV_001,-0.06584385277377636
PEPE,2026-03-08,CONTROL,999,PV_002,-0.1406665743272707
PEPE,2026-03-08,CONTROL,999,PV_003,0
PEPE,2026-03-08,CONTROL,999,PV_004,0
PEPE,2026-03-09,CONTROL,999,PV_001,-0.0867207208329507
PEPE,2026-03-09,CONTROL,999,PV_002,-0.2015576346133647
PEPE,2026-03-09,CONTROL,999,PV_003,1
PEPE,2026-03-09,CONTROL,999,PV_004,0
PEPE,2026-03-10,CONTROL,999,PV_001,-0.05043887162136005
PEPE,2026-03-10,CONTROL,999,PV_002,-0.2247310841864951
PEPE,2026-03-10,CONTROL,999,PV_003,1
PEPE,2026-03-10,CONTROL,999,PV_004,0
PEPE,2026-03-11,CONTROL,999,PV_001,-0.08222356532214897
PEPE,2026-03-11,CONTROL,999,PV_002,-0.44000451820734054
PEPE,2026-03-11,CONTROL,999,PV_003,1
PEPE,2026-03-11,CONTROL,999,PV_004,0
PEPE,2026-03-12,CONTROL,999,PV_001,-0.0427793541232385
PEPE,2026-03-12,CONTROL,999,PV_002,-0.5243673819887865
PEPE,2026-03-12,CONTROL,999,PV_003,1
PEPE,2026-03-12,CONTROL,999,PV_004,0
PEPE,2026-03-13,CONTROL,999,PV_001,-0.006069350107588341
PEPE,2026-03-13,CONTROL,999,PV_002,-0.40417972253721685
PEPE,2026-03-13,CONTROL,999,PV_003,1
PEPE,2026-03-13,CONTROL,999,PV_004,0
PEPE,2026-03-14,CONTROL,999,PV_001,0.03415101343366029
PEPE,2026-03-14,CONTROL,999,PV_002,-0.3953548902892984
PEPE,2026-03-14,CONTROL,999,PV_003,1
PEPE,2026-03-14,CONTROL,999,PV_004,0
PEPE,2026-03-15,CONTROL,999,PV_001,0.07333991885500307
PEPE,2026-03-15,CONTROL,999,PV_002,-0.39820265754377887
PEPE,2026-03-15,CONTROL,999,PV_003,0
PEPE,2026-03-15,CONTROL,999,PV_004,0
PEPE,2026-03-16,CONTROL,999,PV_001,0.23196163387821014
PEPE,2026-03-16,CONTROL,999,PV_002,0.17828191670161808
PEPE,2026-03-16,CONTROL,999,PV_003,0
PEPE,2026-03-16,CONTROL,999,PV_004,1
PEPE,2026-03-17,CONTROL,999,PV_001,0.1240824953811368
PEPE,2026-03-17,CONTROL,999,PV_002,0.41784855339725663
PEPE,2026-03-17,CONTROL,999,PV_003,0
PEPE,2026-03-17,CONTROL,999,PV_004,1
PEPE,2026-03-18,CONTROL,999,PV_001,0.050280569534883884
PEPE,2026-03-18,CONTROL,999,PV_002,0.5848974001757905
PEPE,2026-03-18,CONTROL,999,PV_003,0
PEPE,2026-03-18,CONTROL,999,PV_004,0
PEPE,2026-03-19,CONTROL,999,PV_001,0.01838645053908641
PEPE,2026-03-19,CONTROL,999,PV_002,0.6162290277777361
PEPE,2026-03-19,CONTROL,999,PV_003,0
PEPE,2026-03-19,CONTROL,999,PV_004,0
PEPE,2026-03-20,CONTROL,999,PV_001,0.01985244767274815
PEPE,2026-03-20,CONTROL,999,PV_002,0.3954247809599279
PEPE,2026-03-20,CONTROL,999,PV_003,0
PEPE,2026-03-20,CONTROL,999,PV_004,0
PEPE,2026-03-21,CONTROL,999,PV_001,0.02909115647510037
PEPE,2026-03-21,CONTROL,999,PV_002,0.359494786666824
PEPE,2026-03-21,CONTROL,999,PV_003,1
PEPE,2026-03-21,CONTROL,999,PV_004,0
PEPE,2026-03-22,CONTROL,999,PV_001,-0.04306450801655136
PEPE,2026-03-22,CONTROL,999,PV_002,0.4092935368566602
PEPE,2026-03-22,CONTROL,999,PV_003,0
PEPE,2026-03-22,CONTROL,999,PV_004,0
PEPE,2026-03-23,CONTROL,999,PV_001,-0.1393490002953555
PEPE,2026-03-23,CONTROL,999,PV_002,-0.16613739101427408
PEPE,2026-03-23,CONTROL,999,PV_003,0
PEPE,2026-03-23,CONTROL,999,PV_004,0
PEPE,2026-03-24,CONTROL,999,PV_001,-0.055434581174856626
PEPE,2026-03-24,CONTROL,999,PV_002,-0.4393209325890854
PEPE,2026-03-24,CONTROL,999,PV_003,0
PEPE,2026-03-24,CONTROL,999,PV_004,0
PEPE,2026-03-25,CONTROL,999,PV_001,0.005320895984319369
PEPE,2026-03-25,CONTROL,999,PV_002,-0.5506322886116064
PEPE,2026-03-25,CONTROL,999,PV_003,1
PEPE,2026-03-25,CONTROL,999,PV_004,0
PEPE,2026-03-26,CONTROL,999,PV_001,0.0058998982131930715
PEPE,2026-03-26,CONTROL,999,PV_002,-0.607939002424986
PEPE,2026-03-26,CONTROL,999,PV_003,0
PEPE,2026-03-26,CONTROL,999,PV_004,0
PEPE,2026-03-27,CONTROL,999,PV_001,-0.04905514106244649
PEPE,2026-03-27,CONTROL,999,PV_002,-0.5424986195775444
PEPE,2026-03-27,CONTROL,999,PV_003,0
PEPE,2026-03-27,CONTROL,999,PV_004,0
PEPE,2026-03-28,CONTROL,999,PV_001,-0.034694600684696215
PEPE,2026-03-28,CONTROL,999,PV_002,-0.44032001940081106
PEPE,2026-03-28,CONTROL,999,PV_003,0
PEPE,2026-03-28,CONTROL,999,PV_004,0
PEPE,2026-03-29,CONTROL,999,PV_001,-0.01804699447760825
PEPE,2026-03-29,CONTROL,999,PV_002,-0.47288622340083813
PEPE,2026-03-29,CONTROL,999,PV_003,1
PEPE,2026-03-29,CONTROL,999,PV_004,0
PEPE,2026-03-30,CONTROL,999,PV_001,-0.034610615955457905
PEPE,2026-03-30,CONTROL,999,PV_002,-0.5979320816900423
PEPE,2026-03-30,CONTROL,999,PV_003,0
PEPE,2026-03-30,CONTROL,999,PV_004,0
PEPE,2026-03-31,CONTROL,999,PV_001,-0.03379605476824221
PEPE,2026-03-31,CONTROL,999,PV_002,-0.5908695317973529
PEPE,2026-03-31,CONTROL,999,PV_003,0
PEPE,2026-03-31,CONTROL,999,PV_004,0
PEPE,2026-04-01,CONTROL,999,PV_001,-0.035737170232031025
PEPE,2026-04-01,CONTROL,999,PV_002,-0.5862045133560301
PEPE,2026-04-01,CONTROL,999,PV_003,1
PEPE,2026-04-01,CONTROL,999,PV_004,0
PEPE,2026-04-02,CONTROL,999,PV_001,-0.022793466719975976
PEPE,2026-04-02,CONTROL,999,PV_002,-0.5340114273826086
PEPE,2026-04-02,CONTROL,999,PV_003,1
PEPE,2026-04-02,CONTROL,999,PV_004,0
PEPE,2026-04-03,CONTROL,999,PV_001,0.045161496350085324
PEPE,2026-04-03,CONTROL,999,PV_002,-0.48880196653323793
PEPE,2026-04-03,CONTROL,999,PV_003,1
PEPE,2026-04-03,CONTROL,999,PV_004,0
PEPE,2026-04-04,CONTROL,999,PV_001,0.027089758959557283
PEPE,2026-04-04,CONTROL,999,PV_002,-0.45333697672059764
PEPE,2026-04-04,CONTROL,999,PV_003,1
PEPE,2026-04-04,CONTROL,999,PV_004,0
PEPE,2026-04-05,CONTROL,999,PV_001,0.047016160286945
PEPE,2026-04-05,CONTROL,999,PV_002,-0.42125634759464653
PEPE,2026-04-05,CONTROL,999,PV_003,1
PEPE,2026-04-05,CONTROL,999,PV_004,0
PEPE,2026-04-06,CONTROL,999,PV_001,0.0020430530031069847
PEPE,2026-04-06,CONTROL,999,PV_002,-0.3365575721254438
PEPE,2026-04-06,CONTROL,999,PV_003,1
PEPE,2026-04-06,CONTROL,999,PV_004,0
PEPE,2026-04-07,CONTROL,999,PV_001,0.10379369177534324
PEPE,2026-04-07,CONTROL,999,PV_002,-0.247856230058082
PEPE,2026-04-07,CONTROL,999,PV_003,0
PEPE,2026-04-07,CONTROL,999,PV_004,1
PEPE,2026-04-08,CONTROL,999,PV_001,0.044970597639956825
PEPE,2026-04-08,CONTROL,999,PV_002,-0.15399527559142606
PEPE,2026-04-08,CONTROL,999,PV_003,0
PEPE,2026-04-08,CONTROL,999,PV_004,0
PEPE,2026-04-09,CONTROL,999,PV_001,0.06924536561178277
PEPE,2026-04-09,CONTROL,999,PV_002,-0.11100452073559972
PEPE,2026-04-09,CONTROL,999,PV_003,0
PEPE,2026-04-09,CONTROL,999,PV_004,0
PEPE,2026-04-10,CONTROL,999,PV_001,0.06435096742623571
PEPE,2026-04-10,CONTROL,999,PV_002,-0.07624805654969521
PEPE,2026-04-10,CONTROL,999,PV_003,0
PEPE,2026-04-10,CONTROL,999,PV_004,0
PEPE,2026-04-11,CONTROL,999,PV_001,0.07166131008990971
PEPE,2026-04-11,CONTROL,999,PV_002,0.030732896770901078
PEPE,2026-04-11,CONTROL,999,PV_003,1
PEPE,2026-04-11,CONTROL,999,PV_004,0
PEPE,2026-04-12,CONTROL,999,PV_001,0.026170602936384124
PEPE,2026-04-12,CONTROL,999,PV_002,0.15140096365256386
PEPE,2026-04-12,CONTROL,999,PV_003,0
PEPE,2026-04-12,CONTROL,999,PV_004,0
PEPE,2026-04-13,CONTROL,999,PV_001,0.10798258157169782
PEPE,2026-04-13,CONTROL,999,PV_002,0.0715982224146535
PEPE,2026-04-13,CONTROL,999,PV_003,0
PEPE,2026-04-13,CONTROL,999,PV_004,0
PEPE,2026-04-14,CONTROL,999,PV_001,-0.03985026879490441
PEPE,2026-04-14,CONTROL,999,PV_002,0.07067842206573416
PEPE,2026-04-14,CONTROL,999,PV_003,0
PEPE,2026-04-14,CONTROL,999,PV_004,0
PEPE,2026-04-15,CONTROL,999,PV_001,0.05062284461395349
PEPE,2026-04-15,CONTROL,999,PV_002,0.2772733567506764
PEPE,2026-04-15,CONTROL,999,PV_003,0
PEPE,2026-04-15,CONTROL,999,PV_004,0
PEPE,2026-04-16,CONTROL,999,PV_001,0.10537886117741253
PEPE,2026-04-16,CONTROL,999,PV_002,0.741021498304287
PEPE,2026-04-16,CONTROL,999,PV_003,0
PEPE,2026-04-16,CONTROL,999,PV_004,0
PEPE,2026-04-17,CONTROL,999,PV_001,0.10535888946787007
PEPE,2026-04-17,CONTROL,999,PV_002,0.964408541571204
PEPE,2026-04-17,CONTROL,999,PV_003,0
PEPE,2026-04-17,CONTROL,999,PV_004,1
PEPE,2026-04-18,CONTROL,999,PV_001,0.04359176218433667
PEPE,2026-04-18,CONTROL,999,PV_002,1.0014682364189251
PEPE,2026-04-18,CONTROL,999,PV_003,0
PEPE,2026-04-18,CONTROL,999,PV_004,0
PEPE,2026-04-19,CONTROL,999,PV_001,0.05432154959240091
PEPE,2026-04-19,CONTROL,999,PV_002,1.0936721353606735
PEPE,2026-04-19,CONTROL,999,PV_003,0
PEPE,2026-04-19,CONTROL,999,PV_004,0
PEPE,2026-04-20,CONTROL,999,PV_001,0.020094359362389295
PEPE,2026-04-20,CONTROL,999,PV_002,1.1437937337403858
PEPE,2026-04-20,CONTROL,999,PV_003,0
PEPE,2026-04-20,CONTROL,999,PV_004,0
PEPE,2026-04-21,CONTROL,999,PV_001,0.053157357608254005
PEPE,2026-04-21,CONTROL,999,PV_002,1.0062440712373435
PEPE,2026-04-21,CONTROL,999,PV_003,0
PEPE,2026-04-21,CONTROL,999,PV_004,0
PEPE,2026-04-22,CONTROL,999,PV_001,0.02743513666391467
PEPE,2026-04-22,CONTROL,999,PV_002,1.0770643978478283
PEPE,2026-04-22,CONTROL,999,PV_003,1
PEPE,2026-04-22,CONTROL,999,PV_004,0
PEPE,2026-04-23,CONTROL,999,PV_001,-0.034437267884804786
PEPE,2026-04-23,CONTROL,999,PV_002,0.5282295802455017
PEPE,2026-04-23,CONTROL,999,PV_003,1
PEPE,2026-04-23,CONTROL,999,PV_004,0
PEPE,2026-04-24,CONTROL,999,PV_001,-0.03773859373247908
PEPE,2026-04-24,CONTROL,999,PV_002,0.16734220861546614
PEPE,2026-04-24,CONTROL,999,PV_003,1
PEPE,2026-04-24,CONTROL,999,PV_004,0
PEPE,2026-04-25,CONTROL,999,PV_001,0.009672158898127125
PEPE,2026-04-25,CONTROL,999,PV_002,0.014760472121105709
PEPE,2026-04-25,CONTROL,999,PV_003,1
PEPE,2026-04-25,CONTROL,999,PV_004,0
PEPE,2026-04-26,CONTROL,999,PV_001,0.061338020246453726
PEPE,2026-04-26,CONTROL,999,PV_002,-0.13566576254757598
PEPE,2026-04-26,CONTROL,999,PV_003,1
PEPE,2026-04-26,CONTROL,999,PV_004,0
PEPE,2026-04-27,CONTROL,999,PV_001,0.0265360025206176
PEPE,2026-04-27,CONTROL,999,PV_002,-0.23709491391216267
PEPE,2026-04-27,CONTROL,999,PV_003,1
PEPE,2026-04-27,CONTROL,999,PV_004,0
PEPE,2026-04-28,CONTROL,999,PV_001,0.029687932421507607
PEPE,2026-04-28,CONTROL,999,PV_002,-0.3466591633602422
PEPE,2026-04-28,CONTROL,999,PV_003,1
PEPE,2026-04-28,CONTROL,999,PV_004,0
PEPE,2026-04-29,CONTROL,999,PV_001,0.0023916073051453574
PEPE,2026-04-29,CONTROL,999,PV_002,-0.2178870202938813
PEPE,2026-04-29,CONTROL,999,PV_003,1
PEPE,2026-04-29,CONTROL,999,PV_004,0
PEPE,2026-04-30,CONTROL,999,PV_001,0.010185225096130896
PEPE,2026-04-30,CONTROL,999,PV_002,-0.23899647011906638
PEPE,2026-04-30,CONTROL,999,PV_003,1
PEPE,2026-04-30,CONTROL,999,PV_004,0
PEPE,2026-05-01,CONTROL,999,PV_001,0.020336667347962273
PEPE,2026-05-01,CONTROL,999,PV_002,-0.24836427543782746
PEPE,2026-05-01,CONTROL,999,PV_003,0
PEPE,2026-05-01,CONTROL,999,PV_004,0
PEPE,2026-05-02,CONTROL,999,PV_001,0.04035086429433825
PEPE,2026-05-02,CONTROL,999,PV_002,-0.2166649878681766
PEPE,2026-05-02,CONTROL,999,PV_003,0
PEPE,2026-05-02,CONTROL,999,PV_004,0
PEPE,2026-05-03,CONTROL,999,PV_001,0.025461370530035464
PEPE,2026-05-03,CONTROL,999,PV_002,-0.23680343976709797
PEPE,2026-05-03,CONTROL,999,PV_003,1
PEPE,2026-05-03,CONTROL,999,PV_004,0
PEPE,2026-05-04,CONTROL,999,PV_001,0.04101335790265619
PEPE,2026-05-04,CONTROL,999,PV_002,-0.34031648321428226
PEPE,2026-05-04,CONTROL,999,PV_003,1
PEPE,2026-05-04,CONTROL,999,PV_004,0
WIF,2026-03-05,CONTROL,999,PV_001,0.0279907677523794
WIF,2026-03-05,CONTROL,999,PV_002,-0.12100109868398233
WIF,2026-03-05,CONTROL,999,PV_003,1
WIF,2026-03-05,CONTROL,999,PV_004,0
WIF,2026-03-06,CONTROL,999,PV_001,-0.06737461839573682
WIF,2026-03-06,CONTROL,999,PV_002,0.04898923526595339
WIF,2026-03-06,CONTROL,999,PV_003,0
WIF,2026-03-06,CONTROL,999,PV_004,0
WIF,2026-03-07,CONTROL,999,PV_001,-0.10128965123382151
WIF,2026-03-07,CONTROL,999,PV_002,-0.03810288778837868
WIF,2026-03-07,CONTROL,999,PV_003,0
WIF,2026-03-07,CONTROL,999,PV_004,0
WIF,2026-03-08,CONTROL,999,PV_001,-0.050855627143699865
WIF,2026-03-08,CONTROL,999,PV_002,-0.032825770687951054
WIF,2026-03-08,CONTROL,999,PV_003,0
WIF,2026-03-08,CONTROL,999,PV_004,0
WIF,2026-03-09,CONTROL,999,PV_001,-0.1415650874663144
WIF,2026-03-09,CONTROL,999,PV_002,0.06279214314326456
WIF,2026-03-09,CONTROL,999,PV_003,1
WIF,2026-03-09,CONTROL,999,PV_004,0
WIF,2026-03-10,CONTROL,999,PV_001,-0.19914895888343753
WIF,2026-03-10,CONTROL,999,PV_002,0.13598786925934003
WIF,2026-03-10,CONTROL,999,PV_003,0
WIF,2026-03-10,CONTROL,999,PV_004,0
WIF,2026-03-11,CONTROL,999,PV_001,-0.22242763880388514
WIF,2026-03-11,CONTROL,999,PV_002,-0.020124492880993383
WIF,2026-03-11,CONTROL,999,PV_003,0
WIF,2026-03-11,CONTROL,999,PV_004,0
WIF,2026-03-12,CONTROL,999,PV_001,-0.21393957704711744
WIF,2026-03-12,CONTROL,999,PV_002,-0.05802443285137474
WIF,2026-03-12,CONTROL,999,PV_003,1
WIF,2026-03-12,CONTROL,999,PV_004,0
WIF,2026-03-13,CONTROL,999,PV_001,-0.11830050669038118
WIF,2026-03-13,CONTROL,999,PV_002,-0.14991458219470669
WIF,2026-03-13,CONTROL,999,PV_003,1
WIF,2026-03-13,CONTROL,999,PV_004,0
WIF,2026-03-14,CONTROL,999,PV_001,-0.06262958106969005
WIF,2026-03-14,CONTROL,999,PV_002,-0.09216726594498595
WIF,2026-03-14,CONTROL,999,PV_003,1
WIF,2026-03-14,CONTROL,999,PV_004,0
WIF,2026-03-15,CONTROL,999,PV_001,-0.05644341466579316
WIF,2026-03-15,CONTROL,999,PV_002,-0.09274008070254598
WIF,2026-03-15,CONTROL,999,PV_003,1
WIF,2026-03-15,CONTROL,999,PV_004,0
WIF,2026-03-16,CONTROL,999,PV_001,0.086898425794079
WIF,2026-03-16,CONTROL,999,PV_002,0.2749078748967702
WIF,2026-03-16,CONTROL,999,PV_003,0
WIF,2026-03-16,CONTROL,999,PV_004,1
WIF,2026-03-17,CONTROL,999,PV_001,0.16047581950780945
WIF,2026-03-17,CONTROL,999,PV_002,0.2189157566504216
WIF,2026-03-17,CONTROL,999,PV_003,0
WIF,2026-03-17,CONTROL,999,PV_004,1
WIF,2026-03-18,CONTROL,999,PV_001,0.08750929493275231
WIF,2026-03-18,CONTROL,999,PV_002,0.2790173379474855
WIF,2026-03-18,CONTROL,999,PV_003,1
WIF,2026-03-18,CONTROL,999,PV_004,0
WIF,2026-03-19,CONTROL,999,PV_001,0.0178878992367545
WIF,2026-03-19,CONTROL,999,PV_002,0.27869632441053505
WIF,2026-03-19,CONTROL,999,PV_003,0
WIF,2026-03-19,CONTROL,999,PV_004,0
WIF,2026-03-20,CONTROL,999,PV_001,0.07121278344176518
WIF,2026-03-20,CONTROL,999,PV_002,0.19454782788561156
WIF,2026-03-20,CONTROL,999,PV_003,1
WIF,2026-03-20,CONTROL,999,PV_004,0
WIF,2026-03-21,CONTROL,999,PV_001,0.09422021382681431
WIF,2026-03-21,CONTROL,999,PV_002,0.1991308869268377
WIF,2026-03-21,CONTROL,999,PV_003,0
WIF,2026-03-21,CONTROL,999,PV_004,0
WIF,2026-03-22,CONTROL,999,PV_001,0.015927107786585116
WIF,2026-03-22,CONTROL,999,PV_002,0.35173413542780124
WIF,2026-03-22,CONTROL,999,PV_003,0
WIF,2026-03-22,CONTROL,999,PV_004,0
WIF,2026-03-23,CONTROL,999,PV_001,-0.020728201969281462
WIF,2026-03-23,CONTROL,999,PV_002,-0.13447537015887706
WIF,2026-03-23,CONTROL,999,PV_003,0
WIF,2026-03-23,CONTROL,999,PV_004,0
WIF,2026-03-24,CONTROL,999,PV_001,0.016840987195802522
WIF,2026-03-24,CONTROL,999,PV_002,-0.3161908799014174
WIF,2026-03-24,CONTROL,999,PV_003,0
WIF,2026-03-24,CONTROL,999,PV_004,0
WIF,2026-03-25,CONTROL,999,PV_001,0.05850674447244177
WIF,2026-03-25,CONTROL,999,PV_002,-0.4294062814093455
WIF,2026-03-25,CONTROL,999,PV_003,1
WIF,2026-03-25,CONTROL,999,PV_004,1
WIF,2026-03-26,CONTROL,999,PV_001,0.08801535906655647
WIF,2026-03-26,CONTROL,999,PV_002,-0.4921411428043777
WIF,2026-03-26,CONTROL,999,PV_003,1
WIF,2026-03-26,CONTROL,999,PV_004,0
WIF,2026-03-27,CONTROL,999,PV_001,-0.048374938149761675
WIF,2026-03-27,CONTROL,999,PV_002,-0.4441506910632946
WIF,2026-03-27,CONTROL,999,PV_003,0
WIF,2026-03-27,CONTROL,999,PV_004,0
WIF,2026-03-28,CONTROL,999,PV_001,-0.021824565581209144
WIF,2026-03-28,CONTROL,999,PV_002,-0.38795040376029
WIF,2026-03-28,CONTROL,999,PV_003,0
WIF,2026-03-28,CONTROL,999,PV_004,0
WIF,2026-03-29,CONTROL,999,PV_001,-0.011085406459759457
WIF,2026-03-29,CONTROL,999,PV_002,-0.6083020591746061
WIF,2026-03-29,CONTROL,999,PV_003,1
WIF,2026-03-29,CONTROL,999,PV_004,0
WIF,2026-03-30,CONTROL,999,PV_001,-0.04099870825542541
WIF,2026-03-30,CONTROL,999,PV_002,-0.8135503467697573
WIF,2026-03-30,CONTROL,999,PV_003,0
WIF,2026-03-30,CONTROL,999,PV_004,0
WIF,2026-03-31,CONTROL,999,PV_001,-0.07702632097016011
WIF,2026-03-31,CONTROL,999,PV_002,-0.8530373406135188
WIF,2026-03-31,CONTROL,999,PV_003,0
WIF,2026-03-31,CONTROL,999,PV_004,0
WIF,2026-04-01,CONTROL,999,PV_001,-0.048810072673970875
WIF,2026-04-01,CONTROL,999,PV_002,-0.8979604804219987
WIF,2026-04-01,CONTROL,999,PV_003,1
WIF,2026-04-01,CONTROL,999,PV_004,0
WIF,2026-04-02,CONTROL,999,PV_001,-0.04200055288669718
WIF,2026-04-02,CONTROL,999,PV_002,-0.8382324222395703
WIF,2026-04-02,CONTROL,999,PV_003,1
WIF,2026-04-02,CONTROL,999,PV_004,0
WIF,2026-04-03,CONTROL,999,PV_001,0.06435039015341223
WIF,2026-04-03,CONTROL,999,PV_002,-0.9046071868485823
WIF,2026-04-03,CONTROL,999,PV_003,1
WIF,2026-04-03,CONTROL,999,PV_004,0
WIF,2026-04-04,CONTROL,999,PV_001,0.0241948344598083
WIF,2026-04-04,CONTROL,999,PV_002,-0.896340695306379
WIF,2026-04-04,CONTROL,999,PV_003,1
WIF,2026-04-04,CONTROL,999,PV_004,0
WIF,2026-04-05,CONTROL,999,PV_001,0.05133764655363467
WIF,2026-04-05,CONTROL,999,PV_002,-0.8174500596123903
WIF,2026-04-05,CONTROL,999,PV_003,1
WIF,2026-04-05,CONTROL,999,PV_004,0
WIF,2026-04-06,CONTROL,999,PV_001,0.016596755462028767
WIF,2026-04-06,CONTROL,999,PV_002,-0.7752835337987691
WIF,2026-04-06,CONTROL,999,PV_003,1
WIF,2026-04-06,CONTROL,999,PV_004,0
WIF,2026-04-07,CONTROL,999,PV_001,0.126595743696886
WIF,2026-04-07,CONTROL,999,PV_002,-0.7232177321284748
WIF,2026-04-07,CONTROL,999,PV_003,0
WIF,2026-04-07,CONTROL,999,PV_004,1
WIF,2026-04-08,CONTROL,999,PV_001,0.08118947701994259
WIF,2026-04-08,CONTROL,999,PV_002,-0.6150474527446217
WIF,2026-04-08,CONTROL,999,PV_003,0
WIF,2026-04-08,CONTROL,999,PV_004,1
WIF,2026-04-09,CONTROL,999,PV_001,0.1176204754793085
WIF,2026-04-09,CONTROL,999,PV_002,-0.5491602398264626
WIF,2026-04-09,CONTROL,999,PV_003,1
WIF,2026-04-09,CONTROL,999,PV_004,1
WIF,2026-04-10,CONTROL,999,PV_001,0.09205879943226308
WIF,2026-04-10,CONTROL,999,PV_002,-0.5190865222781685
WIF,2026-04-10,CONTROL,999,PV_003,1
WIF,2026-04-10,CONTROL,999,PV_004,0
WIF,2026-04-11,CONTROL,999,PV_001,0.09904824839420663
WIF,2026-04-11,CONTROL,999,PV_002,-0.456330069759739
WIF,2026-04-11,CONTROL,999,PV_003,1
WIF,2026-04-11,CONTROL,999,PV_004,0
WIF,2026-04-12,CONTROL,999,PV_001,0.054849110061681215
WIF,2026-04-12,CONTROL,999,PV_002,-0.36576535901041335
WIF,2026-04-12,CONTROL,999,PV_003,0
WIF,2026-04-12,CONTROL,999,PV_004,0
WIF,2026-04-13,CONTROL,999,PV_001,0.108007196499583
WIF,2026-04-13,CONTROL,999,PV_002,-0.3835886181651693
WIF,2026-04-13,CONTROL,999,PV_003,0
WIF,2026-04-13,CONTROL,999,PV_004,0
WIF,2026-04-14,CONTROL,999,PV_001,-0.039078394551943584
WIF,2026-04-14,CONTROL,999,PV_002,-0.3751910149488338
WIF,2026-04-14,CONTROL,999,PV_003,0
WIF,2026-04-14,CONTROL,999,PV_004,0
WIF,2026-04-15,CONTROL,999,PV_001,0.013548232906446262
WIF,2026-04-15,CONTROL,999,PV_002,-0.40359894961528475
WIF,2026-04-15,CONTROL,999,PV_003,0
WIF,2026-04-15,CONTROL,999,PV_004,0
WIF,2026-04-16,CONTROL,999,PV_001,0.09222732165935908
WIF,2026-04-16,CONTROL,999,PV_002,0.1907652690727317
WIF,2026-04-16,CONTROL,999,PV_003,0
WIF,2026-04-16,CONTROL,999,PV_004,1
WIF,2026-04-17,CONTROL,999,PV_001,0.09799974976135574
WIF,2026-04-17,CONTROL,999,PV_002,0.4528815994185589
WIF,2026-04-17,CONTROL,999,PV_003,0
WIF,2026-04-17,CONTROL,999,PV_004,1
WIF,2026-04-18,CONTROL,999,PV_001,0.023094689951991355
WIF,2026-04-18,CONTROL,999,PV_002,0.595676801377661
WIF,2026-04-18,CONTROL,999,PV_003,0
WIF,2026-04-18,CONTROL,999,PV_004,0
WIF,2026-04-19,CONTROL,999,PV_001,0.036666500237517996
WIF,2026-04-19,CONTROL,999,PV_002,0.7689357852323822
WIF,2026-04-19,CONTROL,999,PV_003,0
WIF,2026-04-19,CONTROL,999,PV_004,0
WIF,2026-04-20,CONTROL,999,PV_001,-0.0015965819715491089
WIF,2026-04-20,CONTROL,999,PV_002,0.7737003887143143
WIF,2026-04-20,CONTROL,999,PV_003,0
WIF,2026-04-20,CONTROL,999,PV_004,0
WIF,2026-04-21,CONTROL,999,PV_001,0.008615302891670312
WIF,2026-04-21,CONTROL,999,PV_002,0.7373543804639604
WIF,2026-04-21,CONTROL,999,PV_003,0
WIF,2026-04-21,CONTROL,999,PV_004,0
WIF,2026-04-22,CONTROL,999,PV_001,-0.033015378983834234
WIF,2026-04-22,CONTROL,999,PV_002,0.8567948348493947
WIF,2026-04-22,CONTROL,999,PV_003,0
WIF,2026-04-22,CONTROL,999,PV_004,0
WIF,2026-04-23,CONTROL,999,PV_001,-0.18258926689758354
WIF,2026-04-23,CONTROL,999,PV_002,0.42976245223144177
WIF,2026-04-23,CONTROL,999,PV_003,0
WIF,2026-04-23,CONTROL,999,PV_004,0
WIF,2026-04-24,CONTROL,999,PV_001,-0.17961532652685036
WIF,2026-04-24,CONTROL,999,PV_002,0.29295228627188113
WIF,2026-04-24,CONTROL,999,PV_003,0
WIF,2026-04-24,CONTROL,999,PV_004,0
WIF,2026-04-25,CONTROL,999,PV_001,-0.12570287174058123
WIF,2026-04-25,CONTROL,999,PV_002,0.1949774430592112
WIF,2026-04-25,CONTROL,999,PV_003,1
WIF,2026-04-25,CONTROL,999,PV_004,0
WIF,2026-04-26,CONTROL,999,PV_001,-0.08796003700915325
WIF,2026-04-26,CONTROL,999,PV_002,0.061532387443907675
WIF,2026-04-26,CONTROL,999,PV_003,1
WIF,2026-04-26,CONTROL,999,PV_004,0
WIF,2026-04-27,CONTROL,999,PV_001,-0.1192256335682733
WIF,2026-04-27,CONTROL,999,PV_002,0.06539770381255758
WIF,2026-04-27,CONTROL,999,PV_003,1
WIF,2026-04-27,CONTROL,999,PV_004,0
WIF,2026-04-28,CONTROL,999,PV_001,-0.08055233460649554
WIF,2026-04-28,CONTROL,999,PV_002,0.004116862183010755
WIF,2026-04-28,CONTROL,999,PV_003,1
WIF,2026-04-28,CONTROL,999,PV_004,0
WIF,2026-04-29,CONTROL,999,PV_001,-0.07673155732374722
WIF,2026-04-29,CONTROL,999,PV_002,-0.05109298362165666
WIF,2026-04-29,CONTROL,999,PV_003,1
WIF,2026-04-29,CONTROL,999,PV_004,0
WIF,2026-04-30,CONTROL,999,PV_001,0.018706122412409282
WIF,2026-04-30,CONTROL,999,PV_002,-0.2116865037038231
WIF,2026-04-30,CONTROL,999,PV_003,0
WIF,2026-04-30,CONTROL,999,PV_004,0
WIF,2026-05-01,CONTROL,999,PV_001,0.05873698404479586
WIF,2026-05-01,CONTROL,999,PV_002,-0.2519817526141958
WIF,2026-05-01,CONTROL,999,PV_003,0
WIF,2026-05-01,CONTROL,999,PV_004,0
WIF,2026-05-02,CONTROL,999,PV_001,0.0682748094677881
WIF,2026-05-02,CONTROL,999,PV_002,-0.21144335625161917
WIF,2026-05-02,CONTROL,999,PV_003,0
WIF,2026-05-02,CONTROL,999,PV_004,0
WIF,2026-05-03,CONTROL,999,PV_001,0.06428658965727863
WIF,2026-05-03,CONTROL,999,PV_002,-0.21841737539057232
WIF,2026-05-03,CONTROL,999,PV_003,1
WIF,2026-05-03,CONTROL,999,PV_004,0
WIF,2026-05-04,CONTROL,999,PV_001,0.08473047908717171
WIF,2026-05-04,CONTROL,999,PV_002,-0.3147107478540267
WIF,2026-05-04,CONTROL,999,PV_003,1
WIF,2026-05-04,CONTROL,999,PV_004,0
FLOKI,2026-03-05,CONTROL,999,PV_001,0.004265247463724973
FLOKI,2026-03-05,CONTROL,999,PV_002,0.015329966438624078
FLOKI,2026-03-05,CONTROL,999,PV_003,0
FLOKI,2026-03-05,CONTROL,999,PV_004,0
FLOKI,2026-03-06,CONTROL,999,PV_001,-0.00507509039290772
FLOKI,2026-03-06,CONTROL,999,PV_002,-0.010062118643528968
FLOKI,2026-03-06,CONTROL,999,PV_003,1
FLOKI,2026-03-06,CONTROL,999,PV_004,0
FLOKI,2026-03-07,CONTROL,999,PV_001,-0.01252234573903521
FLOKI,2026-03-07,CONTROL,999,PV_002,-0.167965928170271
FLOKI,2026-03-07,CONTROL,999,PV_003,0
FLOKI,2026-03-07,CONTROL,999,PV_004,0
FLOKI,2026-03-08,CONTROL,999,PV_001,0.023590082442491046
FLOKI,2026-03-08,CONTROL,999,PV_002,-0.23571304031295537
FLOKI,2026-03-08,CONTROL,999,PV_003,1
FLOKI,2026-03-08,CONTROL,999,PV_004,0
FLOKI,2026-03-09,CONTROL,999,PV_001,-0.004811258021606249
FLOKI,2026-03-09,CONTROL,999,PV_002,-0.3557925724637374
FLOKI,2026-03-09,CONTROL,999,PV_003,1
FLOKI,2026-03-09,CONTROL,999,PV_004,0
FLOKI,2026-03-10,CONTROL,999,PV_001,0.029488106924167694
FLOKI,2026-03-10,CONTROL,999,PV_002,-0.34758691459555946
FLOKI,2026-03-10,CONTROL,999,PV_003,0
FLOKI,2026-03-10,CONTROL,999,PV_004,0
FLOKI,2026-03-11,CONTROL,999,PV_001,-0.001457837059542941
FLOKI,2026-03-11,CONTROL,999,PV_002,-0.6071179261878168
FLOKI,2026-03-11,CONTROL,999,PV_003,1
FLOKI,2026-03-11,CONTROL,999,PV_004,0
FLOKI,2026-03-12,CONTROL,999,PV_001,0.026482266136995388
FLOKI,2026-03-12,CONTROL,999,PV_002,-0.7112686178552753
FLOKI,2026-03-12,CONTROL,999,PV_003,1
FLOKI,2026-03-12,CONTROL,999,PV_004,0
FLOKI,2026-03-13,CONTROL,999,PV_001,0.058870429088865535
FLOKI,2026-03-13,CONTROL,999,PV_002,-0.5024501644778147
FLOKI,2026-03-13,CONTROL,999,PV_003,1
FLOKI,2026-03-13,CONTROL,999,PV_004,0
FLOKI,2026-03-14,CONTROL,999,PV_001,0.06309538976419327
FLOKI,2026-03-14,CONTROL,999,PV_002,-0.4541434483490005
FLOKI,2026-03-14,CONTROL,999,PV_003,1
FLOKI,2026-03-14,CONTROL,999,PV_004,0
FLOKI,2026-03-15,CONTROL,999,PV_001,0.09390199923799251
FLOKI,2026-03-15,CONTROL,999,PV_002,-0.4652798745493147
FLOKI,2026-03-15,CONTROL,999,PV_003,1
FLOKI,2026-03-15,CONTROL,999,PV_004,0
FLOKI,2026-03-16,CONTROL,999,PV_001,0.15322478131002473
FLOKI,2026-03-16,CONTROL,999,PV_002,-0.11576217352805772
FLOKI,2026-03-16,CONTROL,999,PV_003,0
FLOKI,2026-03-16,CONTROL,999,PV_004,1
FLOKI,2026-03-17,CONTROL,999,PV_001,0.08078568442683365
FLOKI,2026-03-17,CONTROL,999,PV_002,-0.100025524942128
FLOKI,2026-03-17,CONTROL,999,PV_003,0
FLOKI,2026-03-17,CONTROL,999,PV_004,0
FLOKI,2026-03-18,CONTROL,999,PV_001,0.0147503344301848
FLOKI,2026-03-18,CONTROL,999,PV_002,-0.040448628136483256
FLOKI,2026-03-18,CONTROL,999,PV_003,0
FLOKI,2026-03-18,CONTROL,999,PV_004,0
FLOKI,2026-03-19,CONTROL,999,PV_001,-0.011607040360962594
FLOKI,2026-03-19,CONTROL,999,PV_002,-0.042748332788128375
FLOKI,2026-03-19,CONTROL,999,PV_003,0
FLOKI,2026-03-19,CONTROL,999,PV_004,0
FLOKI,2026-03-20,CONTROL,999,PV_001,-0.0018417555442848295
FLOKI,2026-03-20,CONTROL,999,PV_002,-0.30764569567592176
FLOKI,2026-03-20,CONTROL,999,PV_003,1
FLOKI,2026-03-20,CONTROL,999,PV_004,0
FLOKI,2026-03-21,CONTROL,999,PV_001,0.017359302205008934
FLOKI,2026-03-21,CONTROL,999,PV_002,-0.2793878096251115
FLOKI,2026-03-21,CONTROL,999,PV_003,1
FLOKI,2026-03-21,CONTROL,999,PV_004,0
FLOKI,2026-03-22,CONTROL,999,PV_001,-0.06118664760647923
FLOKI,2026-03-22,CONTROL,999,PV_002,-0.16654768895982264
FLOKI,2026-03-22,CONTROL,999,PV_003,0
FLOKI,2026-03-22,CONTROL,999,PV_004,0
FLOKI,2026-03-23,CONTROL,999,PV_001,-0.09585160061752086
FLOKI,2026-03-23,CONTROL,999,PV_002,-0.5414215509038404
FLOKI,2026-03-23,CONTROL,999,PV_003,0
FLOKI,2026-03-23,CONTROL,999,PV_004,0
FLOKI,2026-03-24,CONTROL,999,PV_001,-0.048751090430244996
FLOKI,2026-03-24,CONTROL,999,PV_002,-0.6797522430184638
FLOKI,2026-03-24,CONTROL,999,PV_003,0
FLOKI,2026-03-24,CONTROL,999,PV_004,0
FLOKI,2026-03-25,CONTROL,999,PV_001,0.01626254248815777
FLOKI,2026-03-25,CONTROL,999,PV_002,-0.7127498539464802
FLOKI,2026-03-25,CONTROL,999,PV_003,1
FLOKI,2026-03-25,CONTROL,999,PV_004,0
FLOKI,2026-03-26,CONTROL,999,PV_001,-0.025654477567798352
FLOKI,2026-03-26,CONTROL,999,PV_002,-0.7027364206463285
FLOKI,2026-03-26,CONTROL,999,PV_003,0
FLOKI,2026-03-26,CONTROL,999,PV_004,0
FLOKI,2026-03-27,CONTROL,999,PV_001,-0.07102341659561016
FLOKI,2026-03-27,CONTROL,999,PV_002,-0.636415680725353
FLOKI,2026-03-27,CONTROL,999,PV_003,0
FLOKI,2026-03-27,CONTROL,999,PV_004,0
FLOKI,2026-03-28,CONTROL,999,PV_001,-0.06838764442304318
FLOKI,2026-03-28,CONTROL,999,PV_002,-0.528406781493828
FLOKI,2026-03-28,CONTROL,999,PV_003,0
FLOKI,2026-03-28,CONTROL,999,PV_004,0
FLOKI,2026-03-29,CONTROL,999,PV_001,-0.05156816783139248
FLOKI,2026-03-29,CONTROL,999,PV_002,-0.5409457197936707
FLOKI,2026-03-29,CONTROL,999,PV_003,0
FLOKI,2026-03-29,CONTROL,999,PV_004,0
FLOKI,2026-03-30,CONTROL,999,PV_001,-0.06309590950364456
FLOKI,2026-03-30,CONTROL,999,PV_002,-0.626750399724785
FLOKI,2026-03-30,CONTROL,999,PV_003,0
FLOKI,2026-03-30,CONTROL,999,PV_004,0
FLOKI,2026-03-31,CONTROL,999,PV_001,-0.07319740312713166
FLOKI,2026-03-31,CONTROL,999,PV_002,-0.6514151908234646
FLOKI,2026-03-31,CONTROL,999,PV_003,1
FLOKI,2026-03-31,CONTROL,999,PV_004,0
FLOKI,2026-04-01,CONTROL,999,PV_001,-0.08444445227116125
FLOKI,2026-04-01,CONTROL,999,PV_002,-0.6828889684521113
FLOKI,2026-04-01,CONTROL,999,PV_003,1
FLOKI,2026-04-01,CONTROL,999,PV_004,0
FLOKI,2026-04-02,CONTROL,999,PV_001,-0.08166193042514533
FLOKI,2026-04-02,CONTROL,999,PV_002,-0.6392957837143696
FLOKI,2026-04-02,CONTROL,999,PV_003,0
FLOKI,2026-04-02,CONTROL,999,PV_004,0
FLOKI,2026-04-03,CONTROL,999,PV_001,-0.03502774698374037
FLOKI,2026-04-03,CONTROL,999,PV_002,-0.620008269259603
FLOKI,2026-04-03,CONTROL,999,PV_003,0
FLOKI,2026-04-03,CONTROL,999,PV_004,0
FLOKI,2026-04-04,CONTROL,999,PV_001,-0.026255459406748855
FLOKI,2026-04-04,CONTROL,999,PV_002,-0.5424883070651366
FLOKI,2026-04-04,CONTROL,999,PV_003,1
FLOKI,2026-04-04,CONTROL,999,PV_004,0
FLOKI,2026-04-05,CONTROL,999,PV_001,-0.007665881818644993
FLOKI,2026-04-05,CONTROL,999,PV_002,-0.5228484798177035
FLOKI,2026-04-05,CONTROL,999,PV_003,1
FLOKI,2026-04-05,CONTROL,999,PV_004,0
FLOKI,2026-04-06,CONTROL,999,PV_001,-0.023187073643653938
FLOKI,2026-04-06,CONTROL,999,PV_002,-0.5100139446154227
FLOKI,2026-04-06,CONTROL,999,PV_003,1
FLOKI,2026-04-06,CONTROL,999,PV_004,0
FLOKI,2026-04-07,CONTROL,999,PV_001,0.036305779417824084
FLOKI,2026-04-07,CONTROL,999,PV_002,-0.4891680381692524
FLOKI,2026-04-07,CONTROL,999,PV_003,0
FLOKI,2026-04-07,CONTROL,999,PV_004,0
FLOKI,2026-04-08,CONTROL,999,PV_001,-0.0011107520004379119
FLOKI,2026-04-08,CONTROL,999,PV_002,-0.43685590383017353
FLOKI,2026-04-08,CONTROL,999,PV_003,0
FLOKI,2026-04-08,CONTROL,999,PV_004,0
FLOKI,2026-04-09,CONTROL,999,PV_001,0.08721557540575291
FLOKI,2026-04-09,CONTROL,999,PV_002,-0.44727966039606887
FLOKI,2026-04-09,CONTROL,999,PV_003,0
FLOKI,2026-04-09,CONTROL,999,PV_004,0
FLOKI,2026-04-10,CONTROL,999,PV_001,0.09945776721272073
FLOKI,2026-04-10,CONTROL,999,PV_002,-0.22786976464915576
FLOKI,2026-04-10,CONTROL,999,PV_003,0
FLOKI,2026-04-10,CONTROL,999,PV_004,0
FLOKI,2026-04-11,CONTROL,999,PV_001,0.08202466238832984
FLOKI,2026-04-11,CONTROL,999,PV_002,-0.12159940849448059
FLOKI,2026-04-11,CONTROL,999,PV_003,1
FLOKI,2026-04-11,CONTROL,999,PV_004,0
FLOKI,2026-04-12,CONTROL,999,PV_001,0.036316459181099374
FLOKI,2026-04-12,CONTROL,999,PV_002,0.09306085816140104
FLOKI,2026-04-12,CONTROL,999,PV_003,0
FLOKI,2026-04-12,CONTROL,999,PV_004,0
FLOKI,2026-04-13,CONTROL,999,PV_001,0.08804101738529409
FLOKI,2026-04-13,CONTROL,999,PV_002,0.044480358686282126
FLOKI,2026-04-13,CONTROL,999,PV_003,0
FLOKI,2026-04-13,CONTROL,999,PV_004,0
FLOKI,2026-04-14,CONTROL,999,PV_001,-0.02482530883729879
FLOKI,2026-04-14,CONTROL,999,PV_002,0.2070681857159341
FLOKI,2026-04-14,CONTROL,999,PV_003,0
FLOKI,2026-04-14,CONTROL,999,PV_004,0
FLOKI,2026-04-15,CONTROL,999,PV_001,0.046634747830212674
FLOKI,2026-04-15,CONTROL,999,PV_002,0.5856184091305293
FLOKI,2026-04-15,CONTROL,999,PV_003,0
FLOKI,2026-04-15,CONTROL,999,PV_004,0
FLOKI,2026-04-16,CONTROL,999,PV_001,0.11116949571929223
FLOKI,2026-04-16,CONTROL,999,PV_002,0.8735912107398212
FLOKI,2026-04-16,CONTROL,999,PV_003,0
FLOKI,2026-04-16,CONTROL,999,PV_004,1
FLOKI,2026-04-17,CONTROL,999,PV_001,0.11107481700329468
FLOKI,2026-04-17,CONTROL,999,PV_002,0.9780517342103406
FLOKI,2026-04-17,CONTROL,999,PV_003,0
FLOKI,2026-04-17,CONTROL,999,PV_004,1
FLOKI,2026-04-18,CONTROL,999,PV_001,0.053352010858295294
FLOKI,2026-04-18,CONTROL,999,PV_002,1.0900371854692625
FLOKI,2026-04-18,CONTROL,999,PV_003,0
FLOKI,2026-04-18,CONTROL,999,PV_004,0
FLOKI,2026-04-19,CONTROL,999,PV_001,0.10357634634604294
FLOKI,2026-04-19,CONTROL,999,PV_002,1.2710250829224812
FLOKI,2026-04-19,CONTROL,999,PV_003,0
FLOKI,2026-04-19,CONTROL,999,PV_004,0
FLOKI,2026-04-20,CONTROL,999,PV_001,0.07421883517952062
FLOKI,2026-04-20,CONTROL,999,PV_002,1.3824246722878555
FLOKI,2026-04-20,CONTROL,999,PV_003,1
FLOKI,2026-04-20,CONTROL,999,PV_004,0
FLOKI,2026-04-21,CONTROL,999,PV_001,0.10456357470808096
FLOKI,2026-04-21,CONTROL,999,PV_002,1.2817978784972306
FLOKI,2026-04-21,CONTROL,999,PV_003,1
FLOKI,2026-04-21,CONTROL,999,PV_004,0
FLOKI,2026-04-22,CONTROL,999,PV_001,0.12433959413591945
FLOKI,2026-04-22,CONTROL,999,PV_002,1.4407653246658596
FLOKI,2026-04-22,CONTROL,999,PV_003,0
FLOKI,2026-04-22,CONTROL,999,PV_004,0
FLOKI,2026-04-23,CONTROL,999,PV_001,0.047959147202745196
FLOKI,2026-04-23,CONTROL,999,PV_002,1.0795592880904472
FLOKI,2026-04-23,CONTROL,999,PV_003,0
FLOKI,2026-04-23,CONTROL,999,PV_004,0
FLOKI,2026-04-24,CONTROL,999,PV_001,0.010122007245843693
FLOKI,2026-04-24,CONTROL,999,PV_002,0.8156530279902426
FLOKI,2026-04-24,CONTROL,999,PV_003,1
FLOKI,2026-04-24,CONTROL,999,PV_004,0
FLOKI,2026-04-25,CONTROL,999,PV_001,0.043334248770690746
FLOKI,2026-04-25,CONTROL,999,PV_002,0.6791234099783441
FLOKI,2026-04-25,CONTROL,999,PV_003,0
FLOKI,2026-04-25,CONTROL,999,PV_004,0
FLOKI,2026-04-26,CONTROL,999,PV_001,0.08053708107359209
FLOKI,2026-04-26,CONTROL,999,PV_002,0.339838816891768
FLOKI,2026-04-26,CONTROL,999,PV_003,1
FLOKI,2026-04-26,CONTROL,999,PV_004,0
FLOKI,2026-04-27,CONTROL,999,PV_001,0.015874617819256063
FLOKI,2026-04-27,CONTROL,999,PV_002,0.24089916448255783
FLOKI,2026-04-27,CONTROL,999,PV_003,1
FLOKI,2026-04-27,CONTROL,999,PV_004,0
FLOKI,2026-04-28,CONTROL,999,PV_001,0.03496488056628767
FLOKI,2026-04-28,CONTROL,999,PV_002,0.18672160998946433
FLOKI,2026-04-28,CONTROL,999,PV_003,0
FLOKI,2026-04-28,CONTROL,999,PV_004,0
FLOKI,2026-04-29,CONTROL,999,PV_001,-0.01348766423823709
FLOKI,2026-04-29,CONTROL,999,PV_002,0.06727754146228747
FLOKI,2026-04-29,CONTROL,999,PV_003,1
FLOKI,2026-04-29,CONTROL,999,PV_004,0
FLOKI,2026-04-30,CONTROL,999,PV_001,-0.049925891691766304
FLOKI,2026-04-30,CONTROL,999,PV_002,-0.2147267069918726
FLOKI,2026-04-30,CONTROL,999,PV_003,1
FLOKI,2026-04-30,CONTROL,999,PV_004,0
FLOKI,2026-05-01,CONTROL,999,PV_001,-0.022732632514960514
FLOKI,2026-05-01,CONTROL,999,PV_002,-0.2800618881611692
FLOKI,2026-05-01,CONTROL,999,PV_003,1
FLOKI,2026-05-01,CONTROL,999,PV_004,0
FLOKI,2026-05-02,CONTROL,999,PV_001,0.0066541625950550165
FLOKI,2026-05-02,CONTROL,999,PV_002,-0.28389969625263717
FLOKI,2026-05-02,CONTROL,999,PV_003,1
FLOKI,2026-05-02,CONTROL,999,PV_004,0
FLOKI,2026-05-03,CONTROL,999,PV_001,-0.02301822285665252
FLOKI,2026-05-03,CONTROL,999,PV_002,-0.31454690447817735
FLOKI,2026-05-03,CONTROL,999,PV_003,1
FLOKI,2026-05-03,CONTROL,999,PV_004,0
FLOKI,2026-05-04,CONTROL,999,PV_001,0.010378847019452759
FLOKI,2026-05-04,CONTROL,999,PV_002,-0.42793678797597395
FLOKI,2026-05-04,CONTROL,999,PV_003,1
FLOKI,2026-05-04,CONTROL,999,PV_004,0
BONK,2026-03-05,CONTROL,999,PV_001,0.004455240612960453
BONK,2026-03-05,CONTROL,999,PV_002,-0.21435063217905745
BONK,2026-03-05,CONTROL,999,PV_003,0
BONK,2026-03-05,CONTROL,999,PV_004,0
BONK,2026-03-06,CONTROL,999,PV_001,-0.0015933194537248929
BONK,2026-03-06,CONTROL,999,PV_002,-0.18891655925250178
BONK,2026-03-06,CONTROL,999,PV_003,0
BONK,2026-03-06,CONTROL,999,PV_004,0
BONK,2026-03-07,CONTROL,999,PV_001,-0.06369253831409744
BONK,2026-03-07,CONTROL,999,PV_002,-0.23302703881483583
BONK,2026-03-07,CONTROL,999,PV_003,0
BONK,2026-03-07,CONTROL,999,PV_004,0
BONK,2026-03-08,CONTROL,999,PV_001,-0.03153132730609339
BONK,2026-03-08,CONTROL,999,PV_002,-0.2656546916437294
BONK,2026-03-08,CONTROL,999,PV_003,1
BONK,2026-03-08,CONTROL,999,PV_004,0
BONK,2026-03-09,CONTROL,999,PV_001,-0.038909173808771916
BONK,2026-03-09,CONTROL,999,PV_002,-0.264764347691919
BONK,2026-03-09,CONTROL,999,PV_003,1
BONK,2026-03-09,CONTROL,999,PV_004,0
BONK,2026-03-10,CONTROL,999,PV_001,-0.009596817804469552
BONK,2026-03-10,CONTROL,999,PV_002,-0.27853407942630315
BONK,2026-03-10,CONTROL,999,PV_003,0
BONK,2026-03-10,CONTROL,999,PV_004,0
BONK,2026-03-11,CONTROL,999,PV_001,-0.044676176853799925
BONK,2026-03-11,CONTROL,999,PV_002,-0.4862197808328709
BONK,2026-03-11,CONTROL,999,PV_003,1
BONK,2026-03-11,CONTROL,999,PV_004,0
BONK,2026-03-12,CONTROL,999,PV_001,-0.015708849957494407
BONK,2026-03-12,CONTROL,999,PV_002,-0.5561597009738992
BONK,2026-03-12,CONTROL,999,PV_003,1
BONK,2026-03-12,CONTROL,999,PV_004,0
BONK,2026-03-13,CONTROL,999,PV_001,0.04172381558625284
BONK,2026-03-13,CONTROL,999,PV_002,-0.32971135856375816
BONK,2026-03-13,CONTROL,999,PV_003,1
BONK,2026-03-13,CONTROL,999,PV_004,0
BONK,2026-03-14,CONTROL,999,PV_001,0.06088776686428696
BONK,2026-03-14,CONTROL,999,PV_002,-0.26803872150720587
BONK,2026-03-14,CONTROL,999,PV_003,1
BONK,2026-03-14,CONTROL,999,PV_004,0
BONK,2026-03-15,CONTROL,999,PV_001,0.08163116702555259
BONK,2026-03-15,CONTROL,999,PV_002,-0.22860224027913456
BONK,2026-03-15,CONTROL,999,PV_003,1
BONK,2026-03-15,CONTROL,999,PV_004,0
BONK,2026-03-16,CONTROL,999,PV_001,0.14289074272126076
BONK,2026-03-16,CONTROL,999,PV_002,0.23924777642395284
BONK,2026-03-16,CONTROL,999,PV_003,0
BONK,2026-03-16,CONTROL,999,PV_004,1
BONK,2026-03-17,CONTROL,999,PV_001,0.1247694794869899
BONK,2026-03-17,CONTROL,999,PV_002,0.4534962033148535
BONK,2026-03-17,CONTROL,999,PV_003,0
BONK,2026-03-17,CONTROL,999,PV_004,1
BONK,2026-03-18,CONTROL,999,PV_001,0.02775833142374767
BONK,2026-03-18,CONTROL,999,PV_002,0.8083599423312384
BONK,2026-03-18,CONTROL,999,PV_003,0
BONK,2026-03-18,CONTROL,999,PV_004,0
BONK,2026-03-19,CONTROL,999,PV_001,-0.015000227746501052
BONK,2026-03-19,CONTROL,999,PV_002,0.8699327321279572
BONK,2026-03-19,CONTROL,999,PV_003,0
BONK,2026-03-19,CONTROL,999,PV_004,0
BONK,2026-03-20,CONTROL,999,PV_001,-0.02758525082742621
BONK,2026-03-20,CONTROL,999,PV_002,0.6542322200127476
BONK,2026-03-20,CONTROL,999,PV_003,1
BONK,2026-03-20,CONTROL,999,PV_004,0
BONK,2026-03-21,CONTROL,999,PV_001,-0.008638580551178996
BONK,2026-03-21,CONTROL,999,PV_002,0.6171836243167084
BONK,2026-03-21,CONTROL,999,PV_003,1
BONK,2026-03-21,CONTROL,999,PV_004,0
BONK,2026-03-22,CONTROL,999,PV_001,-0.06173621884443547
BONK,2026-03-22,CONTROL,999,PV_002,0.6172745182544161
BONK,2026-03-22,CONTROL,999,PV_003,0
BONK,2026-03-22,CONTROL,999,PV_004,0
BONK,2026-03-23,CONTROL,999,PV_001,-0.10646630175669868
BONK,2026-03-23,CONTROL,999,PV_002,0.14030136213670816
BONK,2026-03-23,CONTROL,999,PV_003,0
BONK,2026-03-23,CONTROL,999,PV_004,0
BONK,2026-03-24,CONTROL,999,PV_001,-0.08122344873027008
BONK,2026-03-24,CONTROL,999,PV_002,-0.09449026171416443
BONK,2026-03-24,CONTROL,999,PV_003,0
BONK,2026-03-24,CONTROL,999,PV_004,0
BONK,2026-03-25,CONTROL,999,PV_001,0.010317647842900344
BONK,2026-03-25,CONTROL,999,PV_002,-0.4748793135219552
BONK,2026-03-25,CONTROL,999,PV_003,0
BONK,2026-03-25,CONTROL,999,PV_004,1
BONK,2026-03-26,CONTROL,999,PV_001,-0.0054868193723776135
BONK,2026-03-26,CONTROL,999,PV_002,-0.5160716489284672
BONK,2026-03-26,CONTROL,999,PV_003,0
BONK,2026-03-26,CONTROL,999,PV_004,0
BONK,2026-03-27,CONTROL,999,PV_001,-0.03843836536307867
BONK,2026-03-27,CONTROL,999,PV_002,-0.4852116660980803
BONK,2026-03-27,CONTROL,999,PV_003,0
BONK,2026-03-27,CONTROL,999,PV_004,0
BONK,2026-03-28,CONTROL,999,PV_001,-0.026989481699779504
BONK,2026-03-28,CONTROL,999,PV_002,-0.4100356442177669
BONK,2026-03-28,CONTROL,999,PV_003,1
BONK,2026-03-28,CONTROL,999,PV_004,0
BONK,2026-03-29,CONTROL,999,PV_001,-0.01928315239476008
BONK,2026-03-29,CONTROL,999,PV_002,-0.4369602675123159
BONK,2026-03-29,CONTROL,999,PV_003,1
BONK,2026-03-29,CONTROL,999,PV_004,0
BONK,2026-03-30,CONTROL,999,PV_001,-0.02454798624829563
BONK,2026-03-30,CONTROL,999,PV_002,-0.4306706707857233
BONK,2026-03-30,CONTROL,999,PV_003,0
BONK,2026-03-30,CONTROL,999,PV_004,0
BONK,2026-03-31,CONTROL,999,PV_001,-0.04498892313186415
BONK,2026-03-31,CONTROL,999,PV_002,-0.4107888800715877
BONK,2026-03-31,CONTROL,999,PV_003,0
BONK,2026-03-31,CONTROL,999,PV_004,0
BONK,2026-04-01,CONTROL,999,PV_001,-0.05210432480229365
BONK,2026-04-01,CONTROL,999,PV_002,-0.5288981862625795
BONK,2026-04-01,CONTROL,999,PV_003,1
BONK,2026-04-01,CONTROL,999,PV_004,0
BONK,2026-04-02,CONTROL,999,PV_001,-0.04380710204085702
BONK,2026-04-02,CONTROL,999,PV_002,-0.545838741500771
BONK,2026-04-02,CONTROL,999,PV_003,0
BONK,2026-04-02,CONTROL,999,PV_004,0
BONK,2026-04-03,CONTROL,999,PV_001,-0.001833306656194202
BONK,2026-04-03,CONTROL,999,PV_002,-0.5256985476109326
BONK,2026-04-03,CONTROL,999,PV_003,0
BONK,2026-04-03,CONTROL,999,PV_004,0
BONK,2026-04-04,CONTROL,999,PV_001,-0.012725451777517946
BONK,2026-04-04,CONTROL,999,PV_002,-0.49110056036670696
BONK,2026-04-04,CONTROL,999,PV_003,1
BONK,2026-04-04,CONTROL,999,PV_004,0
BONK,2026-04-05,CONTROL,999,PV_001,-0.008987510050935496
BONK,2026-04-05,CONTROL,999,PV_002,-0.4248550955352043
BONK,2026-04-05,CONTROL,999,PV_003,1
BONK,2026-04-05,CONTROL,999,PV_004,0
BONK,2026-04-06,CONTROL,999,PV_001,-0.018920645733206364
BONK,2026-04-06,CONTROL,999,PV_002,-0.4248248689938554
BONK,2026-04-06,CONTROL,999,PV_003,0
BONK,2026-04-06,CONTROL,999,PV_004,0
BONK,2026-04-07,CONTROL,999,PV_001,0.04608612818078757
BONK,2026-04-07,CONTROL,999,PV_002,-0.34627544219191503
BONK,2026-04-07,CONTROL,999,PV_003,0
BONK,2026-04-07,CONTROL,999,PV_004,0
BONK,2026-04-08,CONTROL,999,PV_001,-0.007703021134487373
BONK,2026-04-08,CONTROL,999,PV_002,-0.2331011354523819
BONK,2026-04-08,CONTROL,999,PV_003,0
BONK,2026-04-08,CONTROL,999,PV_004,0
BONK,2026-04-09,CONTROL,999,PV_001,0.05407124897839717
BONK,2026-04-09,CONTROL,999,PV_002,-0.16513575389692034
BONK,2026-04-09,CONTROL,999,PV_003,0
BONK,2026-04-09,CONTROL,999,PV_004,0
BONK,2026-04-10,CONTROL,999,PV_001,0.049030901226630653
BONK,2026-04-10,CONTROL,999,PV_002,-0.10383358469317666
BONK,2026-04-10,CONTROL,999,PV_003,1
BONK,2026-04-10,CONTROL,999,PV_004,0
BONK,2026-04-11,CONTROL,999,PV_001,0.045434446972794286
BONK,2026-04-11,CONTROL,999,PV_002,-0.04023531955711207
BONK,2026-04-11,CONTROL,999,PV_003,1
BONK,2026-04-11,CONTROL,999,PV_004,0
BONK,2026-04-12,CONTROL,999,PV_001,0.022238074899844768
BONK,2026-04-12,CONTROL,999,PV_002,0.03658295587909758
BONK,2026-04-12,CONTROL,999,PV_003,0
BONK,2026-04-12,CONTROL,999,PV_004,0
BONK,2026-04-13,CONTROL,999,PV_001,0.046150884087469785
BONK,2026-04-13,CONTROL,999,PV_002,-0.080443856556597
BONK,2026-04-13,CONTROL,999,PV_003,0
BONK,2026-04-13,CONTROL,999,PV_004,0
BONK,2026-04-14,CONTROL,999,PV_001,-0.04479199294964247
BONK,2026-04-14,CONTROL,999,PV_002,-0.012360900654804868
BONK,2026-04-14,CONTROL,999,PV_003,0
BONK,2026-04-14,CONTROL,999,PV_004,0
BONK,2026-04-15,CONTROL,999,PV_001,0.0430322832735956
BONK,2026-04-15,CONTROL,999,PV_002,0.06174139552348508
BONK,2026-04-15,CONTROL,999,PV_003,0
BONK,2026-04-15,CONTROL,999,PV_004,0
BONK,2026-04-16,CONTROL,999,PV_001,0.09000179177099561
BONK,2026-04-16,CONTROL,999,PV_002,0.43686463829101985
BONK,2026-04-16,CONTROL,999,PV_003,0
BONK,2026-04-16,CONTROL,999,PV_004,1
BONK,2026-04-17,CONTROL,999,PV_001,0.08641490923268931
BONK,2026-04-17,CONTROL,999,PV_002,0.9088463102727401
BONK,2026-04-17,CONTROL,999,PV_003,0
BONK,2026-04-17,CONTROL,999,PV_004,1
BONK,2026-04-18,CONTROL,999,PV_001,0.018374913304459634
BONK,2026-04-18,CONTROL,999,PV_002,0.9642420417209059
BONK,2026-04-18,CONTROL,999,PV_003,0
BONK,2026-04-18,CONTROL,999,PV_004,0
BONK,2026-04-19,CONTROL,999,PV_001,0.047813025646735244
BONK,2026-04-19,CONTROL,999,PV_002,1.010326085617572
BONK,2026-04-19,CONTROL,999,PV_003,0
BONK,2026-04-19,CONTROL,999,PV_004,0
BONK,2026-04-20,CONTROL,999,PV_001,0.027709986403345953
BONK,2026-04-20,CONTROL,999,PV_002,1.0070850563286207
BONK,2026-04-20,CONTROL,999,PV_003,1
BONK,2026-04-20,CONTROL,999,PV_004,0
BONK,2026-04-21,CONTROL,999,PV_001,0.04533819493485418
BONK,2026-04-21,CONTROL,999,PV_002,0.8073778993402669
BONK,2026-04-21,CONTROL,999,PV_003,1
BONK,2026-04-21,CONTROL,999,PV_004,0
BONK,2026-04-22,CONTROL,999,PV_001,0.05179158677229746
BONK,2026-04-22,CONTROL,999,PV_002,0.9558113523767326
BONK,2026-04-22,CONTROL,999,PV_003,0
BONK,2026-04-22,CONTROL,999,PV_004,1
BONK,2026-04-23,CONTROL,999,PV_001,-0.025847960492691995
BONK,2026-04-23,CONTROL,999,PV_002,0.44189051114593386
BONK,2026-04-23,CONTROL,999,PV_003,0
BONK,2026-04-23,CONTROL,999,PV_004,0
BONK,2026-04-24,CONTROL,999,PV_001,-0.02903129753258095
BONK,2026-04-24,CONTROL,999,PV_002,0.10097560547378333
BONK,2026-04-24,CONTROL,999,PV_003,1
BONK,2026-04-24,CONTROL,999,PV_004,0
BONK,2026-04-25,CONTROL,999,PV_001,0.021709531773051294
BONK,2026-04-25,CONTROL,999,PV_002,0.013809524034940545
BONK,2026-04-25,CONTROL,999,PV_003,1
BONK,2026-04-25,CONTROL,999,PV_004,0
BONK,2026-04-26,CONTROL,999,PV_001,0.05915223003478805
BONK,2026-04-26,CONTROL,999,PV_002,-0.16413316009714163
BONK,2026-04-26,CONTROL,999,PV_003,1
BONK,2026-04-26,CONTROL,999,PV_004,0
BONK,2026-04-27,CONTROL,999,PV_001,0.010304918313133597
BONK,2026-04-27,CONTROL,999,PV_002,-0.22488539105297872
BONK,2026-04-27,CONTROL,999,PV_003,1
BONK,2026-04-27,CONTROL,999,PV_004,0
BONK,2026-04-28,CONTROL,999,PV_001,0.02210705935999209
BONK,2026-04-28,CONTROL,999,PV_002,-0.281951867474694
BONK,2026-04-28,CONTROL,999,PV_003,1
BONK,2026-04-28,CONTROL,999,PV_004,0
BONK,2026-04-29,CONTROL,999,PV_001,-0.03980783040191117
BONK,2026-04-29,CONTROL,999,PV_002,-0.3456853639281113
BONK,2026-04-29,CONTROL,999,PV_003,1
BONK,2026-04-29,CONTROL,999,PV_004,0
BONK,2026-04-30,CONTROL,999,PV_001,-0.03333393858953447
BONK,2026-04-30,CONTROL,999,PV_002,-0.49987545187662086
BONK,2026-04-30,CONTROL,999,PV_003,1
BONK,2026-04-30,CONTROL,999,PV_004,0
BONK,2026-05-01,CONTROL,999,PV_001,-0.012203109469781597
BONK,2026-05-01,CONTROL,999,PV_002,-0.5601580237091134
BONK,2026-05-01,CONTROL,999,PV_003,1
BONK,2026-05-01,CONTROL,999,PV_004,0
BONK,2026-05-02,CONTROL,999,PV_001,0.017319937840508396
BONK,2026-05-02,CONTROL,999,PV_002,-0.5589962597238429
BONK,2026-05-02,CONTROL,999,PV_003,0
BONK,2026-05-02,CONTROL,999,PV_004,0
BONK,2026-05-03,CONTROL,999,PV_001,0.004949328365126012
BONK,2026-05-03,CONTROL,999,PV_002,-0.5792945120646907
BONK,2026-05-03,CONTROL,999,PV_003,1
BONK,2026-05-03,CONTROL,999,PV_004,0
BONK,2026-05-04,CONTROL,999,PV_001,0.02635016577810669
BONK,2026-05-04,CONTROL,999,PV_002,-0.671054238139186
BONK,2026-05-04,CONTROL,999,PV_003,1
BONK,2026-05-04,CONTROL,999,PV_004,0
SHIB,2026-03-05,CONTROL,999,PV_001,-0.0693166832091665
SHIB,2026-03-05,CONTROL,999,PV_002,-0.026941735890502787
SHIB,2026-03-05,CONTROL,999,PV_003,1
SHIB,2026-03-05,CONTROL,999,PV_004,0
SHIB,2026-03-06,CONTROL,999,PV_001,-0.06048541867565693
SHIB,2026-03-06,CONTROL,999,PV_002,-0.032855466363356955
SHIB,2026-03-06,CONTROL,999,PV_003,0
SHIB,2026-03-06,CONTROL,999,PV_004,0
SHIB,2026-03-07,CONTROL,999,PV_001,-0.08556180908266259
SHIB,2026-03-07,CONTROL,999,PV_002,-0.09675884915497614
SHIB,2026-03-07,CONTROL,999,PV_003,0
SHIB,2026-03-07,CONTROL,999,PV_004,0
SHIB,2026-03-08,CONTROL,999,PV_001,-0.03622669732612201
SHIB,2026-03-08,CONTROL,999,PV_002,-0.0802859069959213
SHIB,2026-03-08,CONTROL,999,PV_003,1
SHIB,2026-03-08,CONTROL,999,PV_004,0
SHIB,2026-03-09,CONTROL,999,PV_001,-0.026744604199770507
SHIB,2026-03-09,CONTROL,999,PV_002,-0.18386138202270294
SHIB,2026-03-09,CONTROL,999,PV_003,1
SHIB,2026-03-09,CONTROL,999,PV_004,0
SHIB,2026-03-10,CONTROL,999,PV_001,0.025155350057296237
SHIB,2026-03-10,CONTROL,999,PV_002,-0.129845870829087
SHIB,2026-03-10,CONTROL,999,PV_003,0
SHIB,2026-03-10,CONTROL,999,PV_004,0
SHIB,2026-03-11,CONTROL,999,PV_001,0.009730388725320173
SHIB,2026-03-11,CONTROL,999,PV_002,-0.32608838833670806
SHIB,2026-03-11,CONTROL,999,PV_003,0
SHIB,2026-03-11,CONTROL,999,PV_004,1
SHIB,2026-03-12,CONTROL,999,PV_001,0.05728359071653435
SHIB,2026-03-12,CONTROL,999,PV_002,-0.24864844037692313
SHIB,2026-03-12,CONTROL,999,PV_003,0
SHIB,2026-03-12,CONTROL,999,PV_004,1
SHIB,2026-03-13,CONTROL,999,PV_001,0.09253601355195247
SHIB,2026-03-13,CONTROL,999,PV_002,-0.09503191387470356
SHIB,2026-03-13,CONTROL,999,PV_003,1
SHIB,2026-03-13,CONTROL,999,PV_004,0
SHIB,2026-03-14,CONTROL,999,PV_001,0.10152218295519269
SHIB,2026-03-14,CONTROL,999,PV_002,-0.037359842839919895
SHIB,2026-03-14,CONTROL,999,PV_003,1
SHIB,2026-03-14,CONTROL,999,PV_004,0
SHIB,2026-03-15,CONTROL,999,PV_001,0.1186136015397446
SHIB,2026-03-15,CONTROL,999,PV_002,-0.02147813201682353
SHIB,2026-03-15,CONTROL,999,PV_003,1
SHIB,2026-03-15,CONTROL,999,PV_004,0
SHIB,2026-03-16,CONTROL,999,PV_001,0.14236887444739701
SHIB,2026-03-16,CONTROL,999,PV_002,0.23134785583558978
SHIB,2026-03-16,CONTROL,999,PV_003,0
SHIB,2026-03-16,CONTROL,999,PV_004,0
SHIB,2026-03-17,CONTROL,999,PV_001,0.08063166332129142
SHIB,2026-03-17,CONTROL,999,PV_002,0.003112461497983818
SHIB,2026-03-17,CONTROL,999,PV_003,0
SHIB,2026-03-17,CONTROL,999,PV_004,0
SHIB,2026-03-18,CONTROL,999,PV_001,0.011554439133603652
SHIB,2026-03-18,CONTROL,999,PV_002,0.12186334666855916
SHIB,2026-03-18,CONTROL,999,PV_003,0
SHIB,2026-03-18,CONTROL,999,PV_004,0
SHIB,2026-03-19,CONTROL,999,PV_001,-0.018629346399984422
SHIB,2026-03-19,CONTROL,999,PV_002,0.02736549532649486
SHIB,2026-03-19,CONTROL,999,PV_003,0
SHIB,2026-03-19,CONTROL,999,PV_004,0
SHIB,2026-03-20,CONTROL,999,PV_001,0.007926543706024356
SHIB,2026-03-20,CONTROL,999,PV_002,0.08327524345502524
SHIB,2026-03-20,CONTROL,999,PV_003,0
SHIB,2026-03-20,CONTROL,999,PV_004,0
SHIB,2026-03-21,CONTROL,999,PV_001,0.025805812959884475
SHIB,2026-03-21,CONTROL,999,PV_002,0.1775230831503799
SHIB,2026-03-21,CONTROL,999,PV_003,0
SHIB,2026-03-21,CONTROL,999,PV_004,0
SHIB,2026-03-22,CONTROL,999,PV_001,-0.03838501817879942
SHIB,2026-03-22,CONTROL,999,PV_002,0.31015457357123705
SHIB,2026-03-22,CONTROL,999,PV_003,0
SHIB,2026-03-22,CONTROL,999,PV_004,0
SHIB,2026-03-23,CONTROL,999,PV_001,-0.012219849576045856
SHIB,2026-03-23,CONTROL,999,PV_002,0.2755761549850752
SHIB,2026-03-23,CONTROL,999,PV_003,0
SHIB,2026-03-23,CONTROL,999,PV_004,0
SHIB,2026-03-24,CONTROL,999,PV_001,0.015187595120715713
SHIB,2026-03-24,CONTROL,999,PV_002,0.22569343132006417
SHIB,2026-03-24,CONTROL,999,PV_003,0
SHIB,2026-03-24,CONTROL,999,PV_004,0
SHIB,2026-03-25,CONTROL,999,PV_001,0.056922234442234196
SHIB,2026-03-25,CONTROL,999,PV_002,0.02773426927049127
SHIB,2026-03-25,CONTROL,999,PV_003,1
SHIB,2026-03-25,CONTROL,999,PV_004,0
SHIB,2026-03-26,CONTROL,999,PV_001,0.028963593970527203
SHIB,2026-03-26,CONTROL,999,PV_002,-0.033868786662203
SHIB,2026-03-26,CONTROL,999,PV_003,0
SHIB,2026-03-26,CONTROL,999,PV_004,0
SHIB,2026-03-27,CONTROL,999,PV_001,-0.031940916746056355
SHIB,2026-03-27,CONTROL,999,PV_002,-0.30945736259167733
SHIB,2026-03-27,CONTROL,999,PV_003,0
SHIB,2026-03-27,CONTROL,999,PV_004,0
SHIB,2026-03-28,CONTROL,999,PV_001,-0.020232429993648333
SHIB,2026-03-28,CONTROL,999,PV_002,-0.2640260354766268
SHIB,2026-03-28,CONTROL,999,PV_003,1
SHIB,2026-03-28,CONTROL,999,PV_004,0
SHIB,2026-03-29,CONTROL,999,PV_001,0.0010319917819537445
SHIB,2026-03-29,CONTROL,999,PV_002,-0.29997847141471135
SHIB,2026-03-29,CONTROL,999,PV_003,1
SHIB,2026-03-29,CONTROL,999,PV_004,0
SHIB,2026-03-30,CONTROL,999,PV_001,-0.026138934035779226
SHIB,2026-03-30,CONTROL,999,PV_002,-0.562180182107838
SHIB,2026-03-30,CONTROL,999,PV_003,0
SHIB,2026-03-30,CONTROL,999,PV_004,0
SHIB,2026-03-31,CONTROL,999,PV_001,-0.04256555672220479
SHIB,2026-03-31,CONTROL,999,PV_002,-0.6639680989350487
SHIB,2026-03-31,CONTROL,999,PV_003,0
SHIB,2026-03-31,CONTROL,999,PV_004,0
SHIB,2026-04-01,CONTROL,999,PV_001,-0.02325674457851244
SHIB,2026-04-01,CONTROL,999,PV_002,-0.6435604564595476
SHIB,2026-04-01,CONTROL,999,PV_003,1
SHIB,2026-04-01,CONTROL,999,PV_004,0
SHIB,2026-04-02,CONTROL,999,PV_001,-0.011776445744700607
SHIB,2026-04-02,CONTROL,999,PV_002,-0.5713304231673294
SHIB,2026-04-02,CONTROL,999,PV_003,1
SHIB,2026-04-02,CONTROL,999,PV_004,0
SHIB,2026-04-03,CONTROL,999,PV_001,0.03846992648771328
SHIB,2026-04-03,CONTROL,999,PV_002,-0.5390653376468098
SHIB,2026-04-03,CONTROL,999,PV_003,1
SHIB,2026-04-03,CONTROL,999,PV_004,0
SHIB,2026-04-04,CONTROL,999,PV_001,0.017259904335165735
SHIB,2026-04-04,CONTROL,999,PV_002,-0.5254686426303224
SHIB,2026-04-04,CONTROL,999,PV_003,1
SHIB,2026-04-04,CONTROL,999,PV_004,0
SHIB,2026-04-05,CONTROL,999,PV_001,0.03080787502794975
SHIB,2026-04-05,CONTROL,999,PV_002,-0.47937410983205897
SHIB,2026-04-05,CONTROL,999,PV_003,1
SHIB,2026-04-05,CONTROL,999,PV_004,0
SHIB,2026-04-06,CONTROL,999,PV_001,-0.019046404120290933
SHIB,2026-04-06,CONTROL,999,PV_002,-0.566237139267766
SHIB,2026-04-06,CONTROL,999,PV_003,1
SHIB,2026-04-06,CONTROL,999,PV_004,0
SHIB,2026-04-07,CONTROL,999,PV_001,0.03366911589721058
SHIB,2026-04-07,CONTROL,999,PV_002,-0.5207368961627854
SHIB,2026-04-07,CONTROL,999,PV_003,0
SHIB,2026-04-07,CONTROL,999,PV_004,0
SHIB,2026-04-08,CONTROL,999,PV_001,-0.0045040010761648935
SHIB,2026-04-08,CONTROL,999,PV_002,-0.4835765505118157
SHIB,2026-04-08,CONTROL,999,PV_003,0
SHIB,2026-04-08,CONTROL,999,PV_004,0
SHIB,2026-04-09,CONTROL,999,PV_001,0.01790511139401645
SHIB,2026-04-09,CONTROL,999,PV_002,-0.40400357541217097
SHIB,2026-04-09,CONTROL,999,PV_003,0
SHIB,2026-04-09,CONTROL,999,PV_004,0
SHIB,2026-04-10,CONTROL,999,PV_001,-0.004500071519091341
SHIB,2026-04-10,CONTROL,999,PV_002,-0.28237333620521265
SHIB,2026-04-10,CONTROL,999,PV_003,1
SHIB,2026-04-10,CONTROL,999,PV_004,0
SHIB,2026-04-11,CONTROL,999,PV_001,-0.005021996065259524
SHIB,2026-04-11,CONTROL,999,PV_002,-0.14929196608423867
SHIB,2026-04-11,CONTROL,999,PV_003,1
SHIB,2026-04-11,CONTROL,999,PV_004,0
SHIB,2026-04-12,CONTROL,999,PV_001,-0.022057030030803663
SHIB,2026-04-12,CONTROL,999,PV_002,-0.02599200575475834
SHIB,2026-04-12,CONTROL,999,PV_003,0
SHIB,2026-04-12,CONTROL,999,PV_004,0
SHIB,2026-04-13,CONTROL,999,PV_001,0.01918455288298892
SHIB,2026-04-13,CONTROL,999,PV_002,-0.11632676557990487
SHIB,2026-04-13,CONTROL,999,PV_003,0
SHIB,2026-04-13,CONTROL,999,PV_004,0
SHIB,2026-04-14,CONTROL,999,PV_001,-0.04826991829310222
SHIB,2026-04-14,CONTROL,999,PV_002,-0.16977639556598442
SHIB,2026-04-14,CONTROL,999,PV_003,0
SHIB,2026-04-14,CONTROL,999,PV_004,0
SHIB,2026-04-15,CONTROL,999,PV_001,-0.0013133616149432772
SHIB,2026-04-15,CONTROL,999,PV_002,-0.13863661981288972
SHIB,2026-04-15,CONTROL,999,PV_003,1
SHIB,2026-04-15,CONTROL,999,PV_004,0
SHIB,2026-04-16,CONTROL,999,PV_001,0.04792150303292778
SHIB,2026-04-16,CONTROL,999,PV_002,0.06780593360755083
SHIB,2026-04-16,CONTROL,999,PV_003,0
SHIB,2026-04-16,CONTROL,999,PV_004,0
SHIB,2026-04-17,CONTROL,999,PV_001,0.0660638382171298
SHIB,2026-04-17,CONTROL,999,PV_002,0.26203124829443725
SHIB,2026-04-17,CONTROL,999,PV_003,0
SHIB,2026-04-17,CONTROL,999,PV_004,1
SHIB,2026-04-18,CONTROL,999,PV_001,0.02362181985029806
SHIB,2026-04-18,CONTROL,999,PV_002,0.33636678784121565
SHIB,2026-04-18,CONTROL,999,PV_003,0
SHIB,2026-04-18,CONTROL,999,PV_004,0
SHIB,2026-04-19,CONTROL,999,PV_001,0.023294467350720827
SHIB,2026-04-19,CONTROL,999,PV_002,0.46822464857461427
SHIB,2026-04-19,CONTROL,999,PV_003,0
SHIB,2026-04-19,CONTROL,999,PV_004,0
SHIB,2026-04-20,CONTROL,999,PV_001,0.008743222506927963
SHIB,2026-04-20,CONTROL,999,PV_002,0.39977786983537567
SHIB,2026-04-20,CONTROL,999,PV_003,0
SHIB,2026-04-20,CONTROL,999,PV_004,0
SHIB,2026-04-21,CONTROL,999,PV_001,0.03540363057652431
SHIB,2026-04-21,CONTROL,999,PV_002,0.20428082136276907
SHIB,2026-04-21,CONTROL,999,PV_003,1
SHIB,2026-04-21,CONTROL,999,PV_004,0
SHIB,2026-04-22,CONTROL,999,PV_001,0.032396901840665286
SHIB,2026-04-22,CONTROL,999,PV_002,0.3648861050715039
SHIB,2026-04-22,CONTROL,999,PV_003,0
SHIB,2026-04-22,CONTROL,999,PV_004,0
SHIB,2026-04-23,CONTROL,999,PV_001,-0.017389327561769148
SHIB,2026-04-23,CONTROL,999,PV_002,-0.16630249731145627
SHIB,2026-04-23,CONTROL,999,PV_003,1
SHIB,2026-04-23,CONTROL,999,PV_004,0
SHIB,2026-04-24,CONTROL,999,PV_001,-0.024309082042114308
SHIB,2026-04-24,CONTROL,999,PV_002,-0.6095852997878498
SHIB,2026-04-24,CONTROL,999,PV_003,1
SHIB,2026-04-24,CONTROL,999,PV_004,0
SHIB,2026-04-25,CONTROL,999,PV_001,0.011357789889831264
SHIB,2026-04-25,CONTROL,999,PV_002,-0.777440156908892
SHIB,2026-04-25,CONTROL,999,PV_003,1
SHIB,2026-04-25,CONTROL,999,PV_004,0
SHIB,2026-04-26,CONTROL,999,PV_001,0.05351833025456325
SHIB,2026-04-26,CONTROL,999,PV_002,-0.8886946009220108
SHIB,2026-04-26,CONTROL,999,PV_003,1
SHIB,2026-04-26,CONTROL,999,PV_004,0
SHIB,2026-04-27,CONTROL,999,PV_001,0.016269375647368734
SHIB,2026-04-27,CONTROL,999,PV_002,-0.880771752537979
SHIB,2026-04-27,CONTROL,999,PV_003,1
SHIB,2026-04-27,CONTROL,999,PV_004,0
SHIB,2026-04-28,CONTROL,999,PV_001,0.015590811637451268
SHIB,2026-04-28,CONTROL,999,PV_002,-0.9739736096803648
SHIB,2026-04-28,CONTROL,999,PV_003,1
SHIB,2026-04-28,CONTROL,999,PV_004,0
SHIB,2026-04-29,CONTROL,999,PV_001,-0.0014703901318393034
SHIB,2026-04-29,CONTROL,999,PV_002,-0.5083952455753247
SHIB,2026-04-29,CONTROL,999,PV_003,1
SHIB,2026-04-29,CONTROL,999,PV_004,0
SHIB,2026-04-30,CONTROL,999,PV_001,0.012570453610483272
SHIB,2026-04-30,CONTROL,999,PV_002,-0.28101845613664145
SHIB,2026-04-30,CONTROL,999,PV_003,1
SHIB,2026-04-30,CONTROL,999,PV_004,0
SHIB,2026-05-01,CONTROL,999,PV_001,0.01124098314921285
SHIB,2026-05-01,CONTROL,999,PV_002,-0.0732679157346038
SHIB,2026-05-01,CONTROL,999,PV_003,0
SHIB,2026-05-01,CONTROL,999,PV_004,0
SHIB,2026-05-02,CONTROL,999,PV_001,0.02184730709333709
SHIB,2026-05-02,CONTROL,999,PV_002,0.04018453002573512
SHIB,2026-05-02,CONTROL,999,PV_003,1
SHIB,2026-05-02,CONTROL,999,PV_004,0
SHIB,2026-05-03,CONTROL,999,PV_001,0.0012003269612698001
SHIB,2026-05-03,CONTROL,999,PV_002,0.20707845680789175
SHIB,2026-05-03,CONTROL,999,PV_003,1
SHIB,2026-05-03,CONTROL,999,PV_004,0
SHIB,2026-05-04,CONTROL,999,PV_001,0.02325555651454758
SHIB,2026-05-04,CONTROL,999,PV_002,0.2855919281135593
SHIB,2026-05-04,CONTROL,999,PV_003,1
SHIB,2026-05-04,CONTROL,999,PV_004,0
ENA,2026-03-05,CONTROL,999,PV_001,0.09829482988997293
ENA,2026-03-05,CONTROL,999,PV_002,0.06943982866941172
ENA,2026-03-05,CONTROL,999,PV_003,0
ENA,2026-03-05,CONTROL,999,PV_004,0
ENA,2026-03-06,CONTROL,999,PV_001,0.02972635127907162
ENA,2026-03-06,CONTROL,999,PV_002,0.10812029892380215
ENA,2026-03-06,CONTROL,999,PV_003,0
ENA,2026-03-06,CONTROL,999,PV_004,0
ENA,2026-03-07,CONTROL,999,PV_001,-0.038642479436492884
ENA,2026-03-07,CONTROL,999,PV_002,0.15108916853988136
ENA,2026-03-07,CONTROL,999,PV_003,0
ENA,2026-03-07,CONTROL,999,PV_004,0
ENA,2026-03-08,CONTROL,999,PV_001,-0.03373221000750794
ENA,2026-03-08,CONTROL,999,PV_002,0.37633059867028595
ENA,2026-03-08,CONTROL,999,PV_003,1
ENA,2026-03-08,CONTROL,999,PV_004,0
ENA,2026-03-09,CONTROL,999,PV_001,-0.12630415726359112
ENA,2026-03-09,CONTROL,999,PV_002,0.18187777492104673
ENA,2026-03-09,CONTROL,999,PV_003,1
ENA,2026-03-09,CONTROL,999,PV_004,0
ENA,2026-03-10,CONTROL,999,PV_001,-0.07450174995960548
ENA,2026-03-10,CONTROL,999,PV_002,0.11288503049569915
ENA,2026-03-10,CONTROL,999,PV_003,1
ENA,2026-03-10,CONTROL,999,PV_004,0
ENA,2026-03-11,CONTROL,999,PV_001,-0.106809941388966
ENA,2026-03-11,CONTROL,999,PV_002,-0.3038255045658889
ENA,2026-03-11,CONTROL,999,PV_003,1
ENA,2026-03-11,CONTROL,999,PV_004,0
ENA,2026-03-12,CONTROL,999,PV_001,-0.08637211164760067
ENA,2026-03-12,CONTROL,999,PV_002,-0.44266867706900165
ENA,2026-03-12,CONTROL,999,PV_003,1
ENA,2026-03-12,CONTROL,999,PV_004,0
ENA,2026-03-13,CONTROL,999,PV_001,0.0334440362862136
ENA,2026-03-13,CONTROL,999,PV_002,-0.366125573132018
ENA,2026-03-13,CONTROL,999,PV_003,1
ENA,2026-03-13,CONTROL,999,PV_004,0
ENA,2026-03-14,CONTROL,999,PV_001,0.07069230517028528
ENA,2026-03-14,CONTROL,999,PV_002,-0.4078565123697395
ENA,2026-03-14,CONTROL,999,PV_003,1
ENA,2026-03-14,CONTROL,999,PV_004,0
ENA,2026-03-15,CONTROL,999,PV_001,0.11710983311766583
ENA,2026-03-15,CONTROL,999,PV_002,-0.38534682880020577
ENA,2026-03-15,CONTROL,999,PV_003,0
ENA,2026-03-15,CONTROL,999,PV_004,0
ENA,2026-03-16,CONTROL,999,PV_001,0.18793354993315495
ENA,2026-03-16,CONTROL,999,PV_002,-0.17405598846485115
ENA,2026-03-16,CONTROL,999,PV_003,0
ENA,2026-03-16,CONTROL,999,PV_004,1
ENA,2026-03-17,CONTROL,999,PV_001,0.1517477710862526
ENA,2026-03-17,CONTROL,999,PV_002,-0.19653226412572206
ENA,2026-03-17,CONTROL,999,PV_003,0
ENA,2026-03-17,CONTROL,999,PV_004,1
ENA,2026-03-18,CONTROL,999,PV_001,0.03119647487414455
ENA,2026-03-18,CONTROL,999,PV_002,-0.12553704693714168
ENA,2026-03-18,CONTROL,999,PV_003,0
ENA,2026-03-18,CONTROL,999,PV_004,0
ENA,2026-03-19,CONTROL,999,PV_001,-0.030064812042406547
ENA,2026-03-19,CONTROL,999,PV_002,-0.17482109207847643
ENA,2026-03-19,CONTROL,999,PV_003,0
ENA,2026-03-19,CONTROL,999,PV_004,0
ENA,2026-03-20,CONTROL,999,PV_001,-0.05496158782275241
ENA,2026-03-20,CONTROL,999,PV_002,-0.38928354284463895
ENA,2026-03-20,CONTROL,999,PV_003,0
ENA,2026-03-20,CONTROL,999,PV_004,0
ENA,2026-03-21,CONTROL,999,PV_001,-0.04614061301607252
ENA,2026-03-21,CONTROL,999,PV_002,-0.3253136533129436
ENA,2026-03-21,CONTROL,999,PV_003,1
ENA,2026-03-21,CONTROL,999,PV_004,0
ENA,2026-03-22,CONTROL,999,PV_001,-0.13726426057875368
ENA,2026-03-22,CONTROL,999,PV_002,-0.21001490385500723
ENA,2026-03-22,CONTROL,999,PV_003,0
ENA,2026-03-22,CONTROL,999,PV_004,0
ENA,2026-03-23,CONTROL,999,PV_001,-0.22308764035500245
ENA,2026-03-23,CONTROL,999,PV_002,-0.22495413841748832
ENA,2026-03-23,CONTROL,999,PV_003,0
ENA,2026-03-23,CONTROL,999,PV_004,0
ENA,2026-03-24,CONTROL,999,PV_001,-0.19555017934110472
ENA,2026-03-24,CONTROL,999,PV_002,-0.13736610994986487
ENA,2026-03-24,CONTROL,999,PV_003,1
ENA,2026-03-24,CONTROL,999,PV_004,0
ENA,2026-03-25,CONTROL,999,PV_001,-0.04617192641703545
ENA,2026-03-25,CONTROL,999,PV_002,0.03248510474719887
ENA,2026-03-25,CONTROL,999,PV_003,0
ENA,2026-03-25,CONTROL,999,PV_004,0
ENA,2026-03-26,CONTROL,999,PV_001,-0.059260909209107517
ENA,2026-03-26,CONTROL,999,PV_002,0.3286326489763246
ENA,2026-03-26,CONTROL,999,PV_003,0
ENA,2026-03-26,CONTROL,999,PV_004,0
ENA,2026-03-27,CONTROL,999,PV_001,-0.12944244578388342
ENA,2026-03-27,CONTROL,999,PV_002,0.4275299853653932
ENA,2026-03-27,CONTROL,999,PV_003,0
ENA,2026-03-27,CONTROL,999,PV_004,0
ENA,2026-03-28,CONTROL,999,PV_001,-0.09492635366921061
ENA,2026-03-28,CONTROL,999,PV_002,0.6634306645289195
ENA,2026-03-28,CONTROL,999,PV_003,0
ENA,2026-03-28,CONTROL,999,PV_004,0
ENA,2026-03-29,CONTROL,999,PV_001,-0.07388583963523979
ENA,2026-03-29,CONTROL,999,PV_002,0.6127193909804863
ENA,2026-03-29,CONTROL,999,PV_003,0
ENA,2026-03-29,CONTROL,999,PV_004,0
ENA,2026-03-30,CONTROL,999,PV_001,-0.01619992377316595
ENA,2026-03-30,CONTROL,999,PV_002,0.3083230066756233
ENA,2026-03-30,CONTROL,999,PV_003,0
ENA,2026-03-30,CONTROL,999,PV_004,0
ENA,2026-03-31,CONTROL,999,PV_001,-0.05163719730123579
ENA,2026-03-31,CONTROL,999,PV_002,0.12429714821836707
ENA,2026-03-31,CONTROL,999,PV_003,1
ENA,2026-03-31,CONTROL,999,PV_004,0
ENA,2026-04-01,CONTROL,999,PV_001,-0.13054122480590297
ENA,2026-04-01,CONTROL,999,PV_002,-0.04897105829216165
ENA,2026-04-01,CONTROL,999,PV_003,1
ENA,2026-04-01,CONTROL,999,PV_004,0
ENA,2026-04-02,CONTROL,999,PV_001,-0.16167573020294695
ENA,2026-04-02,CONTROL,999,PV_002,-0.20680763683672213
ENA,2026-04-02,CONTROL,999,PV_003,0
ENA,2026-04-02,CONTROL,999,PV_004,0
ENA,2026-04-03,CONTROL,999,PV_001,-0.11054877381779958
ENA,2026-04-03,CONTROL,999,PV_002,-0.25939743631638307
ENA,2026-04-03,CONTROL,999,PV_003,0
ENA,2026-04-03,CONTROL,999,PV_004,0
ENA,2026-04-04,CONTROL,999,PV_001,-0.1340120338282804
ENA,2026-04-04,CONTROL,999,PV_002,-0.3421930829967039
ENA,2026-04-04,CONTROL,999,PV_003,1
ENA,2026-04-04,CONTROL,999,PV_004,0
ENA,2026-04-05,CONTROL,999,PV_001,-0.11013284551769398
ENA,2026-04-05,CONTROL,999,PV_002,-0.2673756591003127
ENA,2026-04-05,CONTROL,999,PV_003,1
ENA,2026-04-05,CONTROL,999,PV_004,0
ENA,2026-04-06,CONTROL,999,PV_001,-0.10850471064775433
ENA,2026-04-06,CONTROL,999,PV_002,-0.16137985578324945
ENA,2026-04-06,CONTROL,999,PV_003,0
ENA,2026-04-06,CONTROL,999,PV_004,0
ENA,2026-04-07,CONTROL,999,PV_001,-0.014388329718151452
ENA,2026-04-07,CONTROL,999,PV_002,-0.04697650879239083
ENA,2026-04-07,CONTROL,999,PV_003,0
ENA,2026-04-07,CONTROL,999,PV_004,1
ENA,2026-04-08,CONTROL,999,PV_001,-0.007807606263024251
ENA,2026-04-08,CONTROL,999,PV_002,0.09446769025357402
ENA,2026-04-08,CONTROL,999,PV_003,0
ENA,2026-04-08,CONTROL,999,PV_004,1
ENA,2026-04-09,CONTROL,999,PV_001,0.1267753894398985
ENA,2026-04-09,CONTROL,999,PV_002,-0.08343482656076331
ENA,2026-04-09,CONTROL,999,PV_003,1
ENA,2026-04-09,CONTROL,999,PV_004,1
ENA,2026-04-10,CONTROL,999,PV_001,0.1925639472949009
ENA,2026-04-10,CONTROL,999,PV_002,0.29336126729475936
ENA,2026-04-10,CONTROL,999,PV_003,0
ENA,2026-04-10,CONTROL,999,PV_004,0
ENA,2026-04-11,CONTROL,999,PV_001,0.20137872365123738
ENA,2026-04-11,CONTROL,999,PV_002,0.45869006216154923
ENA,2026-04-11,CONTROL,999,PV_003,0
ENA,2026-04-11,CONTROL,999,PV_004,0
ENA,2026-04-12,CONTROL,999,PV_001,0.15561320786294636
ENA,2026-04-12,CONTROL,999,PV_002,0.5552421022121443
ENA,2026-04-12,CONTROL,999,PV_003,0
ENA,2026-04-12,CONTROL,999,PV_004,0
ENA,2026-04-13,CONTROL,999,PV_001,0.22176576011089158
ENA,2026-04-13,CONTROL,999,PV_002,0.5529868345427643
ENA,2026-04-13,CONTROL,999,PV_003,0
ENA,2026-04-13,CONTROL,999,PV_004,0
ENA,2026-04-14,CONTROL,999,PV_001,0.07128864349085415
ENA,2026-04-14,CONTROL,999,PV_002,0.4366548036478234
ENA,2026-04-14,CONTROL,999,PV_003,0
ENA,2026-04-14,CONTROL,999,PV_004,0
ENA,2026-04-15,CONTROL,999,PV_001,0.1197825650521237
ENA,2026-04-15,CONTROL,999,PV_002,0.2509271733702768
ENA,2026-04-15,CONTROL,999,PV_003,0
ENA,2026-04-15,CONTROL,999,PV_004,1
ENA,2026-04-16,CONTROL,999,PV_001,0.2375210723904875
ENA,2026-04-16,CONTROL,999,PV_002,0.41999255274421077
ENA,2026-04-16,CONTROL,999,PV_003,0
ENA,2026-04-16,CONTROL,999,PV_004,1
ENA,2026-04-17,CONTROL,999,PV_001,0.3727960602075759
ENA,2026-04-17,CONTROL,999,PV_002,0.4407916933022929
ENA,2026-04-17,CONTROL,999,PV_003,0
ENA,2026-04-17,CONTROL,999,PV_004,1
ENA,2026-04-18,CONTROL,999,PV_001,0.25960471682854575
ENA,2026-04-18,CONTROL,999,PV_002,0.5701228743796589
ENA,2026-04-18,CONTROL,999,PV_003,0
ENA,2026-04-18,CONTROL,999,PV_004,1
ENA,2026-04-19,CONTROL,999,PV_001,0.24013989367539942
ENA,2026-04-19,CONTROL,999,PV_002,0.666758162093962
ENA,2026-04-19,CONTROL,999,PV_003,0
ENA,2026-04-19,CONTROL,999,PV_004,0
ENA,2026-04-20,CONTROL,999,PV_001,0.13029837083132176
ENA,2026-04-20,CONTROL,999,PV_002,0.5606103863413805
ENA,2026-04-20,CONTROL,999,PV_003,0
ENA,2026-04-20,CONTROL,999,PV_004,0
ENA,2026-04-21,CONTROL,999,PV_001,0.1567953596266368
ENA,2026-04-21,CONTROL,999,PV_002,0.5608427938870473
ENA,2026-04-21,CONTROL,999,PV_003,1
ENA,2026-04-21,CONTROL,999,PV_004,0
ENA,2026-04-22,CONTROL,999,PV_001,0.08234954371710743
ENA,2026-04-22,CONTROL,999,PV_002,0.6386588501381306
ENA,2026-04-22,CONTROL,999,PV_003,0
ENA,2026-04-22,CONTROL,999,PV_004,0
ENA,2026-04-23,CONTROL,999,PV_001,-0.029975171093203547
ENA,2026-04-23,CONTROL,999,PV_002,0.4461370410938942
ENA,2026-04-23,CONTROL,999,PV_003,1
ENA,2026-04-23,CONTROL,999,PV_004,0
ENA,2026-04-24,CONTROL,999,PV_001,-0.16885663561860403
ENA,2026-04-24,CONTROL,999,PV_002,-0.09759162169227702
ENA,2026-04-24,CONTROL,999,PV_003,1
ENA,2026-04-24,CONTROL,999,PV_004,0
ENA,2026-04-25,CONTROL,999,PV_001,-0.11459700173021181
ENA,2026-04-25,CONTROL,999,PV_002,-0.3270990106996567
ENA,2026-04-25,CONTROL,999,PV_003,1
ENA,2026-04-25,CONTROL,999,PV_004,0
ENA,2026-04-26,CONTROL,999,PV_001,-0.03416534236986706
ENA,2026-04-26,CONTROL,999,PV_002,-0.47812958827262897
ENA,2026-04-26,CONTROL,999,PV_003,1
ENA,2026-04-26,CONTROL,999,PV_004,0
ENA,2026-04-27,CONTROL,999,PV_001,-0.0560730895888233
ENA,2026-04-27,CONTROL,999,PV_002,-0.4836013651148632
ENA,2026-04-27,CONTROL,999,PV_003,1
ENA,2026-04-27,CONTROL,999,PV_004,0
ENA,2026-04-28,CONTROL,999,PV_001,-0.04160334320000381
ENA,2026-04-28,CONTROL,999,PV_002,-0.5967277442513784
ENA,2026-04-28,CONTROL,999,PV_003,0
ENA,2026-04-28,CONTROL,999,PV_004,0
ENA,2026-04-29,CONTROL,999,PV_001,-0.04065844075944871
ENA,2026-04-29,CONTROL,999,PV_002,-0.6507405355445872
ENA,2026-04-29,CONTROL,999,PV_003,0
ENA,2026-04-29,CONTROL,999,PV_004,0
ENA,2026-04-30,CONTROL,999,PV_001,-0.07013175332414166
ENA,2026-04-30,CONTROL,999,PV_002,-0.757197799879854
ENA,2026-04-30,CONTROL,999,PV_003,0
ENA,2026-04-30,CONTROL,999,PV_004,0
ENA,2026-05-01,CONTROL,999,PV_001,-0.048924228357588515
ENA,2026-05-01,CONTROL,999,PV_002,-0.7262691372738445
ENA,2026-05-01,CONTROL,999,PV_003,1
ENA,2026-05-01,CONTROL,999,PV_004,0
ENA,2026-05-02,CONTROL,999,PV_001,-0.03969199607149134
ENA,2026-05-02,CONTROL,999,PV_002,-0.6330293634991532
ENA,2026-05-02,CONTROL,999,PV_003,1
ENA,2026-05-02,CONTROL,999,PV_004,0
ENA,2026-05-03,CONTROL,999,PV_001,-0.06375073412420135
ENA,2026-05-03,CONTROL,999,PV_002,-0.6540440136145423
ENA,2026-05-03,CONTROL,999,PV_003,1
ENA,2026-05-03,CONTROL,999,PV_004,0
ENA,2026-05-04,CONTROL,999,PV_001,-0.014694329125727735
ENA,2026-05-04,CONTROL,999,PV_002,-0.7466276479621687
ENA,2026-05-04,CONTROL,999,PV_003,0
ENA,2026-05-04,CONTROL,999,PV_004,0
JUP,2026-03-05,CONTROL,999,PV_001,0.21664921558705466
JUP,2026-03-05,CONTROL,999,PV_002,0.3791583000244113
JUP,2026-03-05,CONTROL,999,PV_003,0
JUP,2026-03-05,CONTROL,999,PV_004,0
JUP,2026-03-06,CONTROL,999,PV_001,0.17334692394250897
JUP,2026-03-06,CONTROL,999,PV_002,0.38136372886136194
JUP,2026-03-06,CONTROL,999,PV_003,0
JUP,2026-03-06,CONTROL,999,PV_004,0
JUP,2026-03-07,CONTROL,999,PV_001,0.06683000123191667
JUP,2026-03-07,CONTROL,999,PV_002,0.2833195300058211
JUP,2026-03-07,CONTROL,999,PV_003,0
JUP,2026-03-07,CONTROL,999,PV_004,0
JUP,2026-03-08,CONTROL,999,PV_001,0.002315409671081484
JUP,2026-03-08,CONTROL,999,PV_002,0.08529862657216078
JUP,2026-03-08,CONTROL,999,PV_003,0
JUP,2026-03-08,CONTROL,999,PV_004,0
JUP,2026-03-09,CONTROL,999,PV_001,-0.09747877888740186
JUP,2026-03-09,CONTROL,999,PV_002,-0.2003450300836063
JUP,2026-03-09,CONTROL,999,PV_003,0
JUP,2026-03-09,CONTROL,999,PV_004,0
JUP,2026-03-10,CONTROL,999,PV_001,-0.06400050065866152
JUP,2026-03-10,CONTROL,999,PV_002,-0.046989606809833766
JUP,2026-03-10,CONTROL,999,PV_003,1
JUP,2026-03-10,CONTROL,999,PV_004,0
JUP,2026-03-11,CONTROL,999,PV_001,-0.13032136115238757
JUP,2026-03-11,CONTROL,999,PV_002,-0.3128898517670129
JUP,2026-03-11,CONTROL,999,PV_003,1
JUP,2026-03-11,CONTROL,999,PV_004,0
JUP,2026-03-12,CONTROL,999,PV_001,-0.1427525550737244
JUP,2026-03-12,CONTROL,999,PV_002,-0.5146995814397792
JUP,2026-03-12,CONTROL,999,PV_003,1
JUP,2026-03-12,CONTROL,999,PV_004,0
JUP,2026-03-13,CONTROL,999,PV_001,-0.07328355121547808
JUP,2026-03-13,CONTROL,999,PV_002,-0.38609300281676906
JUP,2026-03-13,CONTROL,999,PV_003,1
JUP,2026-03-13,CONTROL,999,PV_004,0
JUP,2026-03-14,CONTROL,999,PV_001,-0.07303958426315449
JUP,2026-03-14,CONTROL,999,PV_002,-0.27492787336470126
JUP,2026-03-14,CONTROL,999,PV_003,1
JUP,2026-03-14,CONTROL,999,PV_004,0
JUP,2026-03-15,CONTROL,999,PV_001,-0.006177252825339683
JUP,2026-03-15,CONTROL,999,PV_002,-0.2091950588802071
JUP,2026-03-15,CONTROL,999,PV_003,1
JUP,2026-03-15,CONTROL,999,PV_004,0
JUP,2026-03-16,CONTROL,999,PV_001,0.06118124464342211
JUP,2026-03-16,CONTROL,999,PV_002,-0.06461986268292894
JUP,2026-03-16,CONTROL,999,PV_003,0
JUP,2026-03-16,CONTROL,999,PV_004,0
JUP,2026-03-17,CONTROL,999,PV_001,0.04295805983571744
JUP,2026-03-17,CONTROL,999,PV_002,-0.26143729963669315
JUP,2026-03-17,CONTROL,999,PV_003,0
JUP,2026-03-17,CONTROL,999,PV_004,1
JUP,2026-03-18,CONTROL,999,PV_001,-0.01965605253446071
JUP,2026-03-18,CONTROL,999,PV_002,-0.279072145328192
JUP,2026-03-18,CONTROL,999,PV_003,0
JUP,2026-03-18,CONTROL,999,PV_004,0
JUP,2026-03-19,CONTROL,999,PV_001,-0.01324029375027739
JUP,2026-03-19,CONTROL,999,PV_002,-0.2687446698727853
JUP,2026-03-19,CONTROL,999,PV_003,0
JUP,2026-03-19,CONTROL,999,PV_004,0
JUP,2026-03-20,CONTROL,999,PV_001,-0.029008519358547192
JUP,2026-03-20,CONTROL,999,PV_002,-0.5031207845754649
JUP,2026-03-20,CONTROL,999,PV_003,1
JUP,2026-03-20,CONTROL,999,PV_004,0
JUP,2026-03-21,CONTROL,999,PV_001,-0.0018187123552935074
JUP,2026-03-21,CONTROL,999,PV_002,-0.47429231581057424
JUP,2026-03-21,CONTROL,999,PV_003,1
JUP,2026-03-21,CONTROL,999,PV_004,0
JUP,2026-03-22,CONTROL,999,PV_001,-0.06790210531595475
JUP,2026-03-22,CONTROL,999,PV_002,-0.4395002649292442
JUP,2026-03-22,CONTROL,999,PV_003,1
JUP,2026-03-22,CONTROL,999,PV_004,0
JUP,2026-03-23,CONTROL,999,PV_001,-0.09710102580268543
JUP,2026-03-23,CONTROL,999,PV_002,-0.6261098938810512
JUP,2026-03-23,CONTROL,999,PV_003,1
JUP,2026-03-23,CONTROL,999,PV_004,0
JUP,2026-03-24,CONTROL,999,PV_001,-0.11157623777330511
JUP,2026-03-24,CONTROL,999,PV_002,-0.8108520388993631
JUP,2026-03-24,CONTROL,999,PV_003,1
JUP,2026-03-24,CONTROL,999,PV_004,0
JUP,2026-03-25,CONTROL,999,PV_001,-0.04829153440267892
JUP,2026-03-25,CONTROL,999,PV_002,-0.7903803621454211
JUP,2026-03-25,CONTROL,999,PV_003,1
JUP,2026-03-25,CONTROL,999,PV_004,0
JUP,2026-03-26,CONTROL,999,PV_001,-0.06398388128147323
JUP,2026-03-26,CONTROL,999,PV_002,-0.6907925968834564
JUP,2026-03-26,CONTROL,999,PV_003,1
JUP,2026-03-26,CONTROL,999,PV_004,0
JUP,2026-03-27,CONTROL,999,PV_001,-0.11309367196248295
JUP,2026-03-27,CONTROL,999,PV_002,-0.6296133575000559
JUP,2026-03-27,CONTROL,999,PV_003,0
JUP,2026-03-27,CONTROL,999,PV_004,0
JUP,2026-03-28,CONTROL,999,PV_001,-0.08511117959665522
JUP,2026-03-28,CONTROL,999,PV_002,-0.5476320057870974
JUP,2026-03-28,CONTROL,999,PV_003,0
JUP,2026-03-28,CONTROL,999,PV_004,0
JUP,2026-03-29,CONTROL,999,PV_001,-0.0769583821264728
JUP,2026-03-29,CONTROL,999,PV_002,-0.5323853010424932
JUP,2026-03-29,CONTROL,999,PV_003,1
JUP,2026-03-29,CONTROL,999,PV_004,0
JUP,2026-03-30,CONTROL,999,PV_001,-0.013400216883898322
JUP,2026-03-30,CONTROL,999,PV_002,-0.49195098934513254
JUP,2026-03-30,CONTROL,999,PV_003,0
JUP,2026-03-30,CONTROL,999,PV_004,0
JUP,2026-03-31,CONTROL,999,PV_001,0.015427565326046675
JUP,2026-03-31,CONTROL,999,PV_002,-0.43507652175405304
JUP,2026-03-31,CONTROL,999,PV_003,0
JUP,2026-03-31,CONTROL,999,PV_004,0
JUP,2026-04-01,CONTROL,999,PV_001,0.008844577252543662
JUP,2026-04-01,CONTROL,999,PV_002,-0.2217220517507502
JUP,2026-04-01,CONTROL,999,PV_003,0
JUP,2026-04-01,CONTROL,999,PV_004,1
JUP,2026-04-02,CONTROL,999,PV_001,0.039937462772386925
JUP,2026-04-02,CONTROL,999,PV_002,-0.24579455416296062
JUP,2026-04-02,CONTROL,999,PV_003,1
JUP,2026-04-02,CONTROL,999,PV_004,0
JUP,2026-04-03,CONTROL,999,PV_001,0.1474951762834107
JUP,2026-04-03,CONTROL,999,PV_002,-0.0678840167894207
JUP,2026-04-03,CONTROL,999,PV_003,0
JUP,2026-04-03,CONTROL,999,PV_004,0
JUP,2026-04-04,CONTROL,999,PV_001,0.11773652013823871
JUP,2026-04-04,CONTROL,999,PV_002,0.020424223075106763
JUP,2026-04-04,CONTROL,999,PV_003,0
JUP,2026-04-04,CONTROL,999,PV_004,0
JUP,2026-04-05,CONTROL,999,PV_001,0.1359325982112549
JUP,2026-04-05,CONTROL,999,PV_002,0.01533839985592651
JUP,2026-04-05,CONTROL,999,PV_003,1
JUP,2026-04-05,CONTROL,999,PV_004,0
JUP,2026-04-06,CONTROL,999,PV_001,0.06236768266757409
JUP,2026-04-06,CONTROL,999,PV_002,-0.1716683653141988
JUP,2026-04-06,CONTROL,999,PV_003,1
JUP,2026-04-06,CONTROL,999,PV_004,0
JUP,2026-04-07,CONTROL,999,PV_001,0.057123517182709194
JUP,2026-04-07,CONTROL,999,PV_002,-0.17565651953483283
JUP,2026-04-07,CONTROL,999,PV_003,0
JUP,2026-04-07,CONTROL,999,PV_004,0
JUP,2026-04-08,CONTROL,999,PV_001,0.03464321083865597
JUP,2026-04-08,CONTROL,999,PV_002,-0.41034979553443635
JUP,2026-04-08,CONTROL,999,PV_003,0
JUP,2026-04-08,CONTROL,999,PV_004,0
JUP,2026-04-09,CONTROL,999,PV_001,0.057698401094015014
JUP,2026-04-09,CONTROL,999,PV_002,-0.44723059553975136
JUP,2026-04-09,CONTROL,999,PV_003,1
JUP,2026-04-09,CONTROL,999,PV_004,0
JUP,2026-04-10,CONTROL,999,PV_001,0.019004531732925302
JUP,2026-04-10,CONTROL,999,PV_002,-0.5122173719466504
JUP,2026-04-10,CONTROL,999,PV_003,1
JUP,2026-04-10,CONTROL,999,PV_004,0
JUP,2026-04-11,CONTROL,999,PV_001,0.019016020923587625
JUP,2026-04-11,CONTROL,999,PV_002,-0.34727932215607715
JUP,2026-04-11,CONTROL,999,PV_003,1
JUP,2026-04-11,CONTROL,999,PV_004,0
JUP,2026-04-12,CONTROL,999,PV_001,0.0009754196870945224
JUP,2026-04-12,CONTROL,999,PV_002,-0.16704672901755516
JUP,2026-04-12,CONTROL,999,PV_003,0
JUP,2026-04-12,CONTROL,999,PV_004,0
JUP,2026-04-13,CONTROL,999,PV_001,0.05864395367460755
JUP,2026-04-13,CONTROL,999,PV_002,-0.08243099365744018
JUP,2026-04-13,CONTROL,999,PV_003,0
JUP,2026-04-13,CONTROL,999,PV_004,0
JUP,2026-04-14,CONTROL,999,PV_001,-0.005325033981891346
JUP,2026-04-14,CONTROL,999,PV_002,-0.0715078871023238
JUP,2026-04-14,CONTROL,999,PV_003,0
JUP,2026-04-14,CONTROL,999,PV_004,0
JUP,2026-04-15,CONTROL,999,PV_001,0.04959853327312929
JUP,2026-04-15,CONTROL,999,PV_002,-0.1979235384208217
JUP,2026-04-15,CONTROL,999,PV_003,0
JUP,2026-04-15,CONTROL,999,PV_004,0
JUP,2026-04-16,CONTROL,999,PV_001,0.09721418318366092
JUP,2026-04-16,CONTROL,999,PV_002,0.03208222641839512
JUP,2026-04-16,CONTROL,999,PV_003,0
JUP,2026-04-16,CONTROL,999,PV_004,0
JUP,2026-04-17,CONTROL,999,PV_001,0.12528974297408088
JUP,2026-04-17,CONTROL,999,PV_002,0.29397616266935567
JUP,2026-04-17,CONTROL,999,PV_003,0
JUP,2026-04-17,CONTROL,999,PV_004,1
JUP,2026-04-18,CONTROL,999,PV_001,0.08570289661241964
JUP,2026-04-18,CONTROL,999,PV_002,0.32759096288874257
JUP,2026-04-18,CONTROL,999,PV_003,0
JUP,2026-04-18,CONTROL,999,PV_004,0
JUP,2026-04-19,CONTROL,999,PV_001,0.051314672243194255
JUP,2026-04-19,CONTROL,999,PV_002,0.37177754161907917
JUP,2026-04-19,CONTROL,999,PV_003,0
JUP,2026-04-19,CONTROL,999,PV_004,0
JUP,2026-04-20,CONTROL,999,PV_001,0.004553396309068533
JUP,2026-04-20,CONTROL,999,PV_002,0.31111134834531623
JUP,2026-04-20,CONTROL,999,PV_003,0
JUP,2026-04-20,CONTROL,999,PV_004,0
JUP,2026-04-21,CONTROL,999,PV_001,0.0264025347089153
JUP,2026-04-21,CONTROL,999,PV_002,0.1860979359051372
JUP,2026-04-21,CONTROL,999,PV_003,1
JUP,2026-04-21,CONTROL,999,PV_004,0
JUP,2026-04-22,CONTROL,999,PV_001,0.025746328867645177
JUP,2026-04-22,CONTROL,999,PV_002,0.26968988095974067
JUP,2026-04-22,CONTROL,999,PV_003,1
JUP,2026-04-22,CONTROL,999,PV_004,0
JUP,2026-04-23,CONTROL,999,PV_001,-0.040126103978324855
JUP,2026-04-23,CONTROL,999,PV_002,0.07055224731302512
JUP,2026-04-23,CONTROL,999,PV_003,1
JUP,2026-04-23,CONTROL,999,PV_004,0
JUP,2026-04-24,CONTROL,999,PV_001,-0.0726069896724252
JUP,2026-04-24,CONTROL,999,PV_002,-0.3822286948543412
JUP,2026-04-24,CONTROL,999,PV_003,1
JUP,2026-04-24,CONTROL,999,PV_004,0
JUP,2026-04-25,CONTROL,999,PV_001,-0.04364228296741494
JUP,2026-04-25,CONTROL,999,PV_002,-0.5027028141029756
JUP,2026-04-25,CONTROL,999,PV_003,1
JUP,2026-04-25,CONTROL,999,PV_004,0
JUP,2026-04-26,CONTROL,999,PV_001,0.08558599701675204
JUP,2026-04-26,CONTROL,999,PV_002,-0.3327214177259036
JUP,2026-04-26,CONTROL,999,PV_003,0
JUP,2026-04-26,CONTROL,999,PV_004,0
JUP,2026-04-27,CONTROL,999,PV_001,0.1352191950248988
JUP,2026-04-27,CONTROL,999,PV_002,0.24927107129450174
JUP,2026-04-27,CONTROL,999,PV_003,0
JUP,2026-04-27,CONTROL,999,PV_004,1
JUP,2026-04-28,CONTROL,999,PV_001,0.11254573884099707
JUP,2026-04-28,CONTROL,999,PV_002,0.41315303952500915
JUP,2026-04-28,CONTROL,999,PV_003,0
JUP,2026-04-28,CONTROL,999,PV_004,1
JUP,2026-04-29,CONTROL,999,PV_001,0.03642916498081193
JUP,2026-04-29,CONTROL,999,PV_002,0.5423981849295844
JUP,2026-04-29,CONTROL,999,PV_003,0
JUP,2026-04-29,CONTROL,999,PV_004,0
JUP,2026-04-30,CONTROL,999,PV_001,0.032778576972324974
JUP,2026-04-30,CONTROL,999,PV_002,0.5750981843654914
JUP,2026-04-30,CONTROL,999,PV_003,0
JUP,2026-04-30,CONTROL,999,PV_004,0
JUP,2026-05-01,CONTROL,999,PV_001,0.033367773235955134
JUP,2026-05-01,CONTROL,999,PV_002,0.7164352696959086
JUP,2026-05-01,CONTROL,999,PV_003,1
JUP,2026-05-01,CONTROL,999,PV_004,0
JUP,2026-05-02,CONTROL,999,PV_001,0.04982306924432066
JUP,2026-05-02,CONTROL,999,PV_002,0.7872165444948183
JUP,2026-05-02,CONTROL,999,PV_003,1
JUP,2026-05-02,CONTROL,999,PV_004,0
JUP,2026-05-03,CONTROL,999,PV_001,-0.022962470599838084
JUP,2026-05-03,CONTROL,999,PV_002,0.6219839092390943
JUP,2026-05-03,CONTROL,999,PV_003,1
JUP,2026-05-03,CONTROL,999,PV_004,0
JUP,2026-05-04,CONTROL,999,PV_001,-0.0765726195061672
JUP,2026-05-04,CONTROL,999,PV_002,-0.05287146802975585
JUP,2026-05-04,CONTROL,999,PV_003,1
JUP,2026-05-04,CONTROL,999,PV_004,0
TIA,2026-03-05,CONTROL,999,PV_001,0.013381051721070434
TIA,2026-03-05,CONTROL,999,PV_002,-0.0014145727829801827
TIA,2026-03-05,CONTROL,999,PV_003,1
TIA,2026-03-05,CONTROL,999,PV_004,0
TIA,2026-03-06,CONTROL,999,PV_001,0.04187738147245071
TIA,2026-03-06,CONTROL,999,PV_002,-0.011686122306966473
TIA,2026-03-06,CONTROL,999,PV_003,1
TIA,2026-03-06,CONTROL,999,PV_004,0
TIA,2026-03-07,CONTROL,999,PV_001,-0.025930905828809702
TIA,2026-03-07,CONTROL,999,PV_002,-0.08247834124582243
TIA,2026-03-07,CONTROL,999,PV_003,0
TIA,2026-03-07,CONTROL,999,PV_004,0
TIA,2026-03-08,CONTROL,999,PV_001,-0.005953306209436855
TIA,2026-03-08,CONTROL,999,PV_002,-0.05869241682288312
TIA,2026-03-08,CONTROL,999,PV_003,0
TIA,2026-03-08,CONTROL,999,PV_004,0
TIA,2026-03-09,CONTROL,999,PV_001,-0.019185755728321794
TIA,2026-03-09,CONTROL,999,PV_002,-0.13100260806278344
TIA,2026-03-09,CONTROL,999,PV_003,1
TIA,2026-03-09,CONTROL,999,PV_004,0
TIA,2026-03-10,CONTROL,999,PV_001,-0.011281354440543904
TIA,2026-03-10,CONTROL,999,PV_002,-0.24759269373733972
TIA,2026-03-10,CONTROL,999,PV_003,1
TIA,2026-03-10,CONTROL,999,PV_004,0
TIA,2026-03-11,CONTROL,999,PV_001,0.00048355635166358974
TIA,2026-03-11,CONTROL,999,PV_002,-0.42009041900690536
TIA,2026-03-11,CONTROL,999,PV_003,0
TIA,2026-03-11,CONTROL,999,PV_004,0
TIA,2026-03-12,CONTROL,999,PV_001,-0.005329802533621116
TIA,2026-03-12,CONTROL,999,PV_002,-0.4318401014151351
TIA,2026-03-12,CONTROL,999,PV_003,1
TIA,2026-03-12,CONTROL,999,PV_004,0
TIA,2026-03-13,CONTROL,999,PV_001,0.04510171599720257
TIA,2026-03-13,CONTROL,999,PV_002,-0.2980702265593146
TIA,2026-03-13,CONTROL,999,PV_003,1
TIA,2026-03-13,CONTROL,999,PV_004,0
TIA,2026-03-14,CONTROL,999,PV_001,0.08527175400325249
TIA,2026-03-14,CONTROL,999,PV_002,-0.2662756302624845
TIA,2026-03-14,CONTROL,999,PV_003,1
TIA,2026-03-14,CONTROL,999,PV_004,0
TIA,2026-03-15,CONTROL,999,PV_001,0.13098017206163406
TIA,2026-03-15,CONTROL,999,PV_002,-0.22466330177073676
TIA,2026-03-15,CONTROL,999,PV_003,1
TIA,2026-03-15,CONTROL,999,PV_004,0
TIA,2026-03-16,CONTROL,999,PV_001,0.19232870111672493
TIA,2026-03-16,CONTROL,999,PV_002,0.03279486019954846
TIA,2026-03-16,CONTROL,999,PV_003,0
TIA,2026-03-16,CONTROL,999,PV_004,1
TIA,2026-03-17,CONTROL,999,PV_001,0.13583031911638016
TIA,2026-03-17,CONTROL,999,PV_002,0.08318897592143411
TIA,2026-03-17,CONTROL,999,PV_003,0
TIA,2026-03-17,CONTROL,999,PV_004,0
TIA,2026-03-18,CONTROL,999,PV_001,0.024307609120062853
TIA,2026-03-18,CONTROL,999,PV_002,0.12165504022040004
TIA,2026-03-18,CONTROL,999,PV_003,0
TIA,2026-03-18,CONTROL,999,PV_004,0
TIA,2026-03-19,CONTROL,999,PV_001,-0.025303691108998702
TIA,2026-03-19,CONTROL,999,PV_002,0.0243351181950528
TIA,2026-03-19,CONTROL,999,PV_003,0
TIA,2026-03-19,CONTROL,999,PV_004,0
TIA,2026-03-20,CONTROL,999,PV_001,-0.033179942106049624
TIA,2026-03-20,CONTROL,999,PV_002,-0.23397072818259293
TIA,2026-03-20,CONTROL,999,PV_003,0
TIA,2026-03-20,CONTROL,999,PV_004,0
TIA,2026-03-21,CONTROL,999,PV_001,-0.04015939519758814
TIA,2026-03-21,CONTROL,999,PV_002,-0.2649220996464854
TIA,2026-03-21,CONTROL,999,PV_003,1
TIA,2026-03-21,CONTROL,999,PV_004,0
TIA,2026-03-22,CONTROL,999,PV_001,-0.11823411781852339
TIA,2026-03-22,CONTROL,999,PV_002,-0.3198442608605202
TIA,2026-03-22,CONTROL,999,PV_003,0
TIA,2026-03-22,CONTROL,999,PV_004,0
TIA,2026-03-23,CONTROL,999,PV_001,-0.15133415597955283
TIA,2026-03-23,CONTROL,999,PV_002,-0.5032769087764462
TIA,2026-03-23,CONTROL,999,PV_003,0
TIA,2026-03-23,CONTROL,999,PV_004,0
TIA,2026-03-24,CONTROL,999,PV_001,-0.10927061271530465
TIA,2026-03-24,CONTROL,999,PV_002,-0.5822700760278636
TIA,2026-03-24,CONTROL,999,PV_003,0
TIA,2026-03-24,CONTROL,999,PV_004,0
TIA,2026-03-25,CONTROL,999,PV_001,-0.04687300171320066
TIA,2026-03-25,CONTROL,999,PV_002,-0.6044527389602063
TIA,2026-03-25,CONTROL,999,PV_003,1
TIA,2026-03-25,CONTROL,999,PV_004,0
TIA,2026-03-26,CONTROL,999,PV_001,-0.0501208378177361
TIA,2026-03-26,CONTROL,999,PV_002,-0.5579194268684595
TIA,2026-03-26,CONTROL,999,PV_003,0
TIA,2026-03-26,CONTROL,999,PV_004,0
TIA,2026-03-27,CONTROL,999,PV_001,-0.10522794955956878
TIA,2026-03-27,CONTROL,999,PV_002,-0.5544814390988984
TIA,2026-03-27,CONTROL,999,PV_003,0
TIA,2026-03-27,CONTROL,999,PV_004,0
TIA,2026-03-28,CONTROL,999,PV_001,-0.09872630053564296
TIA,2026-03-28,CONTROL,999,PV_002,-0.32277232643873977
TIA,2026-03-28,CONTROL,999,PV_003,0
TIA,2026-03-28,CONTROL,999,PV_004,0
TIA,2026-03-29,CONTROL,999,PV_001,-0.08242417068350245
TIA,2026-03-29,CONTROL,999,PV_002,-0.3878686930589058
TIA,2026-03-29,CONTROL,999,PV_003,0
TIA,2026-03-29,CONTROL,999,PV_004,0
TIA,2026-03-30,CONTROL,999,PV_001,-0.09864697227937738
TIA,2026-03-30,CONTROL,999,PV_002,-0.5332375692228256
TIA,2026-03-30,CONTROL,999,PV_003,0
TIA,2026-03-30,CONTROL,999,PV_004,0
TIA,2026-03-31,CONTROL,999,PV_001,-0.11048243493586735
TIA,2026-03-31,CONTROL,999,PV_002,-0.6385382961944779
TIA,2026-03-31,CONTROL,999,PV_003,1
TIA,2026-03-31,CONTROL,999,PV_004,0
TIA,2026-04-01,CONTROL,999,PV_001,-0.10261468465266553
TIA,2026-04-01,CONTROL,999,PV_002,-0.6316650926571867
TIA,2026-04-01,CONTROL,999,PV_003,1
TIA,2026-04-01,CONTROL,999,PV_004,0
TIA,2026-04-02,CONTROL,999,PV_001,-0.09450051204264442
TIA,2026-04-02,CONTROL,999,PV_002,-0.6515682331069941
TIA,2026-04-02,CONTROL,999,PV_003,0
TIA,2026-04-02,CONTROL,999,PV_004,0
TIA,2026-04-03,CONTROL,999,PV_001,-0.03149678043983387
TIA,2026-04-03,CONTROL,999,PV_002,-0.7204678134044094
TIA,2026-04-03,CONTROL,999,PV_003,0
TIA,2026-04-03,CONTROL,999,PV_004,0
TIA,2026-04-04,CONTROL,999,PV_001,-0.03054375320296316
TIA,2026-04-04,CONTROL,999,PV_002,-0.770300563900109
TIA,2026-04-04,CONTROL,999,PV_003,1
TIA,2026-04-04,CONTROL,999,PV_004,0
TIA,2026-04-05,CONTROL,999,PV_001,-0.013913953262218828
TIA,2026-04-05,CONTROL,999,PV_002,-0.724120931508571
TIA,2026-04-05,CONTROL,999,PV_003,1
TIA,2026-04-05,CONTROL,999,PV_004,0
TIA,2026-04-06,CONTROL,999,PV_001,-0.021307619841270376
TIA,2026-04-06,CONTROL,999,PV_002,-0.6897045990352623
TIA,2026-04-06,CONTROL,999,PV_003,1
TIA,2026-04-06,CONTROL,999,PV_004,0
TIA,2026-04-07,CONTROL,999,PV_001,0.0441716325129589
TIA,2026-04-07,CONTROL,999,PV_002,-0.6398094302529936
TIA,2026-04-07,CONTROL,999,PV_003,0
TIA,2026-04-07,CONTROL,999,PV_004,0
TIA,2026-04-08,CONTROL,999,PV_001,0.016637056734794237
TIA,2026-04-08,CONTROL,999,PV_002,-0.4853703358203782
TIA,2026-04-08,CONTROL,999,PV_003,0
TIA,2026-04-08,CONTROL,999,PV_004,0
TIA,2026-04-09,CONTROL,999,PV_001,0.07918248578671713
TIA,2026-04-09,CONTROL,999,PV_002,-0.503538865722182
TIA,2026-04-09,CONTROL,999,PV_003,1
TIA,2026-04-09,CONTROL,999,PV_004,0
TIA,2026-04-10,CONTROL,999,PV_001,0.06425172773942404
TIA,2026-04-10,CONTROL,999,PV_002,-0.5292303070524573
TIA,2026-04-10,CONTROL,999,PV_003,1
TIA,2026-04-10,CONTROL,999,PV_004,0
TIA,2026-04-11,CONTROL,999,PV_001,0.06256723161822861
TIA,2026-04-11,CONTROL,999,PV_002,-0.3958132780751205
TIA,2026-04-11,CONTROL,999,PV_003,1
TIA,2026-04-11,CONTROL,999,PV_004,0
TIA,2026-04-12,CONTROL,999,PV_001,0.03122670716184238
TIA,2026-04-12,CONTROL,999,PV_002,-0.2581096317702072
TIA,2026-04-12,CONTROL,999,PV_003,0
TIA,2026-04-12,CONTROL,999,PV_004,0
TIA,2026-04-13,CONTROL,999,PV_001,0.08618190660581748
TIA,2026-04-13,CONTROL,999,PV_002,-0.2762665682311823
TIA,2026-04-13,CONTROL,999,PV_003,0
TIA,2026-04-13,CONTROL,999,PV_004,0
TIA,2026-04-14,CONTROL,999,PV_001,-0.009120814947934236
TIA,2026-04-14,CONTROL,999,PV_002,-0.31506466408012995
TIA,2026-04-14,CONTROL,999,PV_003,0
TIA,2026-04-14,CONTROL,999,PV_004,0
TIA,2026-04-15,CONTROL,999,PV_001,0.09460204890276586
TIA,2026-04-15,CONTROL,999,PV_002,-0.2669642702315817
TIA,2026-04-15,CONTROL,999,PV_003,0
TIA,2026-04-15,CONTROL,999,PV_004,1
TIA,2026-04-16,CONTROL,999,PV_001,0.30709311378766757
TIA,2026-04-16,CONTROL,999,PV_002,0.5703905317011826
TIA,2026-04-16,CONTROL,999,PV_003,0
TIA,2026-04-16,CONTROL,999,PV_004,1
TIA,2026-04-17,CONTROL,999,PV_001,0.4049678167576339
TIA,2026-04-17,CONTROL,999,PV_002,0.846794097257172
TIA,2026-04-17,CONTROL,999,PV_003,0
TIA,2026-04-17,CONTROL,999,PV_004,1
TIA,2026-04-18,CONTROL,999,PV_001,0.2763509758638152
TIA,2026-04-18,CONTROL,999,PV_002,1.0335052288070345
TIA,2026-04-18,CONTROL,999,PV_003,0
TIA,2026-04-18,CONTROL,999,PV_004,1
TIA,2026-04-19,CONTROL,999,PV_001,0.2801865330358006
TIA,2026-04-19,CONTROL,999,PV_002,1.1509794862229388
TIA,2026-04-19,CONTROL,999,PV_003,0
TIA,2026-04-19,CONTROL,999,PV_004,0
TIA,2026-04-20,CONTROL,999,PV_001,0.21316103932538766
TIA,2026-04-20,CONTROL,999,PV_002,1.2315886702796262
TIA,2026-04-20,CONTROL,999,PV_003,0
TIA,2026-04-20,CONTROL,999,PV_004,0
TIA,2026-04-21,CONTROL,999,PV_001,0.22181307206895418
TIA,2026-04-21,CONTROL,999,PV_002,1.2593963534420767
TIA,2026-04-21,CONTROL,999,PV_003,1
TIA,2026-04-21,CONTROL,999,PV_004,0
TIA,2026-04-22,CONTROL,999,PV_001,0.12623543403935059
TIA,2026-04-22,CONTROL,999,PV_002,1.2716477126062264
TIA,2026-04-22,CONTROL,999,PV_003,1
TIA,2026-04-22,CONTROL,999,PV_004,0
TIA,2026-04-23,CONTROL,999,PV_001,-0.09939576489271
TIA,2026-04-23,CONTROL,999,PV_002,0.7200187977402993
TIA,2026-04-23,CONTROL,999,PV_003,0
TIA,2026-04-23,CONTROL,999,PV_004,0
TIA,2026-04-24,CONTROL,999,PV_001,-0.1737634644004221
TIA,2026-04-24,CONTROL,999,PV_002,0.2473202218096357
TIA,2026-04-24,CONTROL,999,PV_003,0
TIA,2026-04-24,CONTROL,999,PV_004,0
TIA,2026-04-25,CONTROL,999,PV_001,-0.1096450626020833
TIA,2026-04-25,CONTROL,999,PV_002,-0.021430742483199993
TIA,2026-04-25,CONTROL,999,PV_003,0
TIA,2026-04-25,CONTROL,999,PV_004,0
TIA,2026-04-26,CONTROL,999,PV_001,-0.047499217682142075
TIA,2026-04-26,CONTROL,999,PV_002,-0.1434487414080315
TIA,2026-04-26,CONTROL,999,PV_003,0
TIA,2026-04-26,CONTROL,999,PV_004,0
TIA,2026-04-27,CONTROL,999,PV_001,-0.0747281818421413
TIA,2026-04-27,CONTROL,999,PV_002,-0.24839026071220013
TIA,2026-04-27,CONTROL,999,PV_003,1
TIA,2026-04-27,CONTROL,999,PV_004,0
TIA,2026-04-28,CONTROL,999,PV_001,-0.02488083986223703
TIA,2026-04-28,CONTROL,999,PV_002,-0.2133705163276291
TIA,2026-04-28,CONTROL,999,PV_003,0
TIA,2026-04-28,CONTROL,999,PV_004,0
TIA,2026-04-29,CONTROL,999,PV_001,-0.07154744530224487
TIA,2026-04-29,CONTROL,999,PV_002,-0.18752701363456106
TIA,2026-04-29,CONTROL,999,PV_003,0
TIA,2026-04-29,CONTROL,999,PV_004,0
TIA,2026-04-30,CONTROL,999,PV_001,-0.03949298899556089
TIA,2026-04-30,CONTROL,999,PV_002,-0.22084319789284082
TIA,2026-04-30,CONTROL,999,PV_003,0
TIA,2026-04-30,CONTROL,999,PV_004,0
TIA,2026-05-01,CONTROL,999,PV_001,-0.01862807444323762
TIA,2026-05-01,CONTROL,999,PV_002,-0.24102811378227806
TIA,2026-05-01,CONTROL,999,PV_003,1
TIA,2026-05-01,CONTROL,999,PV_004,0
TIA,2026-05-02,CONTROL,999,PV_001,0.02465836971745509
TIA,2026-05-02,CONTROL,999,PV_002,-0.22441423014131093
TIA,2026-05-02,CONTROL,999,PV_003,0
TIA,2026-05-02,CONTROL,999,PV_004,0
TIA,2026-05-03,CONTROL,999,PV_001,-0.01212528022630174
TIA,2026-05-03,CONTROL,999,PV_002,-0.250489895897749
TIA,2026-05-03,CONTROL,999,PV_003,1
TIA,2026-05-03,CONTROL,999,PV_004,0
TIA,2026-05-04,CONTROL,999,PV_001,0.00538011543912898
TIA,2026-05-04,CONTROL,999,PV_002,-0.2629491230643882
TIA,2026-05-04,CONTROL,999,PV_003,1
TIA,2026-05-04,CONTROL,999,PV_004,0