token,chain,tx_hash,timestamp,from_address,to_address,value,from_entity,to_entity,from_label,to_label,direction,source_channel
BSB,eth,0x3756a6bc12bf606468ea9555ac5bf0e13949f9293c56b87337fb77c770962516,2026-05-04T11:56:23.000Z,0xcc644d2ea4cdefdfde73b659c0f74f742342b677,0xbda2754bba59b2f364db013947c3c5546843e94b,1,,,,,BETWEEN_UNKNOWN_WALLETS,MORALIS_CHANNEL
BSB,eth,0xba506c27d3b3e98a903d79a715ba7cd1c6c30cd76b36fbc8f4ecf9f98f90c235,2026-05-04T11:56:11.000Z,0x8ed03baeec2709685eec3dcb46ca30cb55c7e4cf,0xaf2c9332398118a024bf56df286e5825dc929bcb,125,,,,,BETWEEN_UNKNOWN_WALLETS,MORALIS_CHANNEL
BSB,eth,0xa47365ba5e5b028ae7ef4afe27ddfd56a68950e8dc9103d486563f80c98a74c5,2026-05-04T11:54:35.000Z,0x83cc43713e28a9758e112d39b76edd7a7fac4ad1,0x000000000004444c5dc75cb358380d2e3de08a90,24.86325356408305,,Uniswap,,Uniswap v4,TO_DEX_POOL,MORALIS_CHANNEL
BSB,eth,0x8afdcb45b0a7dc6e96b2e3d8653546e1d4b2ca47a36fe4095d95829a0a92647e,2026-05-04T11:52:59.000Z,0xb65677b0f895b16b8a35e9b407d94252978b4341,0x2fbc5155c08ee39607965bd47f18320c95dc4d80,125,,,,,BETWEEN_UNKNOWN_WALLETS,MORALIS_CHANNEL
BSB,eth,0x365092c331e25c10472e90464d825aa1acca22a4bd185a0e878b30d9a63be89c,2026-05-04T11:51:35.000Z,0x3d3ca3f5d64c9bcbf056e2837544cbd86a351184,0x65256908fad62707b78e978efa29b1b7ada7054b,125,,,,,BETWEEN_UNKNOWN_WALLETS,MORALIS_CHANNEL
BSB,eth,0x0d8a88bd33a2553b90ffc143111a27f7e01ebc1c04b037bd8b2f127304f559a5,2026-05-04T11:51:23.000Z,0xff335b2f93e9b50f025f1672b5751c87651bfb89,0xdcf9cb5496684c73f9623cfe69a5169c3bf1dbaf,6.96293084230582,,,,,BETWEEN_UNKNOWN_WALLETS,MORALIS_CHANNEL
BSB,eth,0x3c69ce46d101dc496f0e6c89594e00e39ea9c13f08959a19d8ee6874ea501ed4,2026-05-04T11:49:35.000Z,0x25a2f97c066a716974297399647d27bc0ec2c94a,0x1ab4973a48dc892cd9971ece8e01dcc7688f8f23,125,,Bitget,,Bitget: Hot Wallet,BETWEEN_LABELED_ENTITIES,MORALIS_CHANNEL
BSB,eth,0x5a4c28849326f71802270d6c633dc8987375e5871f170ca7ee2920ceadc600e0,2026-05-04T11:49:23.000Z,0x4e35f6e2b131b1f987568b4c962d6198d9365614,0x4f3879110135f1f4f85541be3cbbfc6081d7712c,125,,,,,BETWEEN_UNKNOWN_WALLETS,MORALIS_CHANNEL
BSB,eth,0x1376329627924bb12edadfc0e1d9f95d55cfb5c20e366e3d0919f0d4f7030b0b,2026-05-04T11:46:59.000Z,0x5118fa4f801214223351aa8dfe120de82b56b4d8,0x8e1068373f3ea504961ba65105a3dfaa4cecaf0a,12.710263547203702,,,,,BETWEEN_UNKNOWN_WALLETS,MORALIS_CHANNEL
BSB,eth,0x15867bf50b7e821a37f0eab547287c9e050d501c7845ddb1cb1c6d1028fd9762,2026-05-04T11:44:59.000Z,0x974b08e3ca65406451cb5867c032eb276fcf90b4,0xff335b2f93e9b50f025f1672b5751c87651bfb89,6.96293084230582,,,,,BETWEEN_UNKNOWN_WALLETS,MORALIS_CHANNEL
BSB,eth,0x0881bc5a2ba0e57c28584139a5e2a770ac17593fe59c6f2012e2c29f75fca61d,2026-05-04T11:43:23.000Z,0xb094813fdf35da36c2b5250c9598f20d376e9e89,0x25a2f97c066a716974297399647d27bc0ec2c94a,125,,,,,BETWEEN_UNKNOWN_WALLETS,MORALIS_CHANNEL
BSB,eth,0x823d75387d8bada243186d68c6fee45a6dbd2b04da46187c4ea29bb01ed5ac27,2026-05-04T11:41:35.000Z,0x8c80a47ed0ca3e41df78db2c29e8c89f2f04dee2,0xf89d7b9c864f589bbf53a82105107622b35eaa40,1428.4812106935822,,Bybit,,Bybit: Hot Wallet,TO_MORALIS_LABELED_CEX_PROXY,MORALIS_CHANNEL
BSB,eth,0xbac04d0c415f80ea1ddcdf162b9fe467ffaca42d5e72130b8bb0bdc1a77361be,2026-05-04T11:37:47.000Z,0xa89718f32d705ccd04179171d40c0cf7d8d27128,0x1ab4973a48dc892cd9971ece8e01dcc7688f8f23,125,,Bitget,,Bitget: Hot Wallet,BETWEEN_LABELED_ENTITIES,MORALIS_CHANNEL
BSB,eth,0xb279f9c2fe79f376dfb34453f883eb7473ff268f14893523b41c8b3794ffb366,2026-05-04T11:30:23.000Z,0x4f0eb17ceceb7c08a0f92c4b65fbcec634078c05,0xe9fb2a6665b1cefc35fcae291e08fe23799828f8,125,,,,,BETWEEN_UNKNOWN_WALLETS,MORALIS_CHANNEL
BSB,eth,0xbe58d68da3c9d830772054d2fbf83a8e49252f46005d4e751cdb456c4555c45b,2026-05-04T11:30:11.000Z,0xbdc06b108cca05ada85e6dce6eb7c5be45ef29be,0xa89718f32d705ccd04179171d40c0cf7d8d27128,125,,,,,BETWEEN_UNKNOWN_WALLETS,MORALIS_CHANNEL
BSB,eth,0x956a3e608e06a55fc21b66f6597d12490d81cd827b2293c6f7df74f5767a4192,2026-05-04T11:29:59.000Z,0xbecb96c1b2ef344109431edc27134bb2b463443d,0x1ab4973a48dc892cd9971ece8e01dcc7688f8f23,125,,Bitget,,Bitget: Hot Wallet,BETWEEN_LABELED_ENTITIES,MORALIS_CHANNEL
BSB,eth,0xbef7ed6a66e64fb6b9e71634c5583bfa206bf170ac4fd542a4605f0cfde4b3c7,2026-05-04T11:26:47.000Z,0x6c4d27f46026f7cbe8142f09c73b4f7b804beaa9,0x000000000004444c5dc75cb358380d2e3de08a90,1,,Uniswap,,Uniswap v4,TO_DEX_POOL,MORALIS_CHANNEL
BSB,eth,0xc235fa6b87a2c716a1b87b4c9fe8d2adcb41c1f58201df7ca0c2bde8bd63d363,2026-05-04T11:21:23.000Z,0x3abe063ea7a27ccf300d30bb14514d84e944e4b2,0xbecb96c1b2ef344109431edc27134bb2b463443d,125,,,,,BETWEEN_UNKNOWN_WALLETS,MORALIS_CHANNEL
BSB,eth,0x73719cf5b92f8c003a516b8ca0f9f4c3c6a7fdf99c17fe821ca9c9abde841e66,2026-05-04T11:19:47.000Z,0xeadab66c14a183fa8850cfcd185df987f242ef1c,0x1ab4973a48dc892cd9971ece8e01dcc7688f8f23,125,,Bitget,,Bitget: Hot Wallet,BETWEEN_LABELED_ENTITIES,MORALIS_CHANNEL
BSB,eth,0x0447c22294452c8f829c1816153ca2f149ad0e1216ddda2d62f087c13535aaca,2026-05-04T11:18:47.000Z,0xfb60ef241afbae68e0605cabc5369c893b2eb61f,0x1ab4973a48dc892cd9971ece8e01dcc7688f8f23,125,,Bitget,,Bitget: Hot Wallet,BETWEEN_LABELED_ENTITIES,MORALIS_CHANNEL
BSB,eth,0xe7c676cb56129cc3645f488f7aeca9506697b8469f833ad67be0140d6f3ce93a,2026-05-04T11:18:23.000Z,0x87dc94617f4a77ea311a81ffcf99e70d536b6f28,0x63331460c36da1494d0b2ef4bf9f0d8d5f065545,125,,,,,BETWEEN_UNKNOWN_WALLETS,MORALIS_CHANNEL
BSB,eth,0xba463739c2d91265ac85db1f75bd9d2718284a65b6c99d0d772ad719802803a0,2026-05-04T11:15:11.000Z,0x8deaf52c103eb79875e96d7169f767ab5f5e1608,0x44282ce11c9b20c17436f39ddcc8d986ae8ea552,125,,,,,BETWEEN_UNKNOWN_WALLETS,MORALIS_CHANNEL
BSB,eth,0xe362a5b311514b63458ce52c10c8c4dd08e5b9495f1c2b3a2fcee8b78779c218,2026-05-04T11:13:35.000Z,0x516e2690ac865561b7e79136ce9d3231121b2b38,0x1ab4973a48dc892cd9971ece8e01dcc7688f8f23,6667,,Bitget,,Bitget: Hot Wallet,BETWEEN_LABELED_ENTITIES,MORALIS_CHANNEL
BSB,eth,0x3c42cc62cb2e20845e5de6097deb21eddd30dd91dd523dd30e0131eca2718be4,2026-05-04T11:13:35.000Z,0x74de5d4fcbf63e00296fd95d33236b9794016631,0x000000000004444c5dc75cb358380d2e3de08a90,18.194728313705934,MetaMask,Uniswap,MetaMask: Spender,Uniswap v4,TO_DEX_POOL,MORALIS_CHANNEL
BSB,eth,0x3c42cc62cb2e20845e5de6097deb21eddd30dd91dd523dd30e0131eca2718be4,2026-05-04T11:13:35.000Z,0x2fdb53366b19b97d3ebdb294457790044555ee0f,0x74de5d4fcbf63e00296fd95d33236b9794016631,18.194728313705934,,MetaMask,,MetaMask: Spender,BETWEEN_LABELED_ENTITIES,MORALIS_CHANNEL
BSB,eth,0x174d03481f7112d3505e0980a01e2c3fd5ab6845c117dea8c3d279dad0b2fbf3,2026-05-04T11:13:23.000Z,0xa12928ebffdd991fc6ffcebd36253baffa2f0a80,0xeadab66c14a183fa8850cfcd185df987f242ef1c,125,,,,,BETWEEN_UNKNOWN_WALLETS,MORALIS_CHANNEL
BSB,eth,0xeb64a4e4be3126154d4a6dc1122b39f7a64dc0bb496a0e080ab7a9690b97fce7,2026-05-04T11:11:35.000Z,0x089da87c38053cdc10fcf3209792602664dd5474,0xfb60ef241afbae68e0605cabc5369c893b2eb61f,125,,,,,BETWEEN_UNKNOWN_WALLETS,MORALIS_CHANNEL
BSB,eth,0x00a9abf55b0c2054adc8ea458df602102ff772d87c3b44eff62a29f3216f3c35,2026-05-04T11:10:11.000Z,0x58b40be048ad88e906268fe504066c7d7ca0393f,0x01e4e86db5f15b914c27ce808774b3a07f27a899,125,,,,,BETWEEN_UNKNOWN_WALLETS,MORALIS_CHANNEL
BSB,eth,0x14fa88b30d5a64796f51e8e7cd8b29b6faa0bce8ceb887571f585fd2f8b49e39,2026-05-04T11:08:11.000Z,0x9642b23ed1e01df1092b92641051881a322f5d4e,0x516e2690ac865561b7e79136ce9d3231121b2b38,6667,,,,,BETWEEN_UNKNOWN_WALLETS,MORALIS_CHANNEL
BSB,eth,0xc8ea30913ef254db062fbee2725401f4b9d4ef159da4fe3b39df50def9788c45,2026-05-04T11:05:47.000Z,0x54a8b65a8ba7712a7dd84d4eac8edd2e3bfeae61,0x4a532fbaa8e31fab0362281cc6a1ca1328b5b1ff,125,,,,,BETWEEN_UNKNOWN_WALLETS,MORALIS_CHANNEL
BSB,eth,0x672a4c428bdfca6a5dca63f9b8f714a89e338396c9bc1fc5d462a63d7de93fcd,2026-05-04T11:05:11.000Z,0x02591b4fb2cdbac1a95f488c4fd74612335d37db,0x1ab4973a48dc892cd9971ece8e01dcc7688f8f23,2818.7477640000006,,Bitget,,Bitget: Hot Wallet,BETWEEN_LABELED_ENTITIES,MORALIS_CHANNEL
BSB,eth,0xdad9447bc57a2ab5e896df2df8176846fa55717784d68f6fc09865d0f33b741a,2026-05-04T11:05:11.000Z,0x000000000004444c5dc75cb358380d2e3de08a90,0x8c80a47ed0ca3e41df78db2c29e8c89f2f04dee2,165.83182030723194,Uniswap,,Uniswap v4,,FROM_DEX_POOL,MORALIS_CHANNEL
BSB,eth,0xf8965cd7a36acc57e05dad7c37a8d8ae7126de2146a6eeb44d34d01cb873344d,2026-05-04T11:02:11.000Z,0x974b08e3ca65406451cb5867c032eb276fcf90b4,0x2fdb53366b19b97d3ebdb294457790044555ee0f,18.194728313705934,,,,,BETWEEN_UNKNOWN_WALLETS,MORALIS_CHANNEL
BSB,eth,0x6954f29650f365bcfd5cec107911e1a4c21dd791122e69c0ac082e7095393e7f,2026-05-04T10:59:59.000Z,0x5fe4e84969b88122168bd524b19094c4bfbb4671,0x4f31093c224c5133e53875d4963873b1476147de,125,,,,,BETWEEN_UNKNOWN_WALLETS,MORALIS_CHANNEL
BSB,eth,0xa277159ddfd609b9f4b5eee2951955d42d15be6dc2d0a1832f7449e7fc79b88a,2026-05-04T10:59:35.000Z,0xdea47bd4054bfed32ce679768562342bcb587d7c,0x43078158881ec9bbc63b1126d1213f7162512436,125,,,,,BETWEEN_UNKNOWN_WALLETS,MORALIS_CHANNEL
BSB,eth,0xbc204bb8628809e4406705cb601d8e5163c2373534082f1f3b63273fbe0da295,2026-05-04T10:57:11.000Z,0xcaccd906389c10a78a6d582c2c39f354c9baf3f9,0x02591b4fb2cdbac1a95f488c4fd74612335d37db,2818.747764,,,,,BETWEEN_UNKNOWN_WALLETS,MORALIS_CHANNEL
BSB,eth,0x500e39e28cbf44c66971deecb0f79ff72facfecebf34d2876df9739dbdef2eb9,2026-05-04T10:56:59.000Z,0xa8a86390f65dc99a2459b6c835f2e36212c509ce,0xf89d7b9c864f589bbf53a82105107622b35eaa40,1900.228206,,Bybit,,Bybit: Hot Wallet,TO_MORALIS_LABELED_CEX_PROXY,MORALIS_CHANNEL
BSB,eth,0xf9d52264e10b6da13ab93b6f2dc16fe878bb81fed215177ccad1fdfb45c7f7ca,2026-05-04T10:56:47.000Z,0x468b08f3cb200412f44cac7ec0ae5a2109264435,0xcaccd906389c10a78a6d582c2c39f354c9baf3f9,2818.7477639999997,,,,,BETWEEN_UNKNOWN_WALLETS,MORALIS_CHANNEL
BSB,eth,0x38484c6f51f3e04a318e2de1ad8e0c2cca20358417f1151e10d2fd75e7fe4378,2026-05-04T10:53:23.000Z,0xf2bc68a498746b311d210a1468ae1508da011a5e,0xf69e08177be68d6a347220d647f05c0b3113c1a7,1,,,,,BETWEEN_UNKNOWN_WALLETS,MORALIS_CHANNEL
BSB,eth,0xccc69a021e337ad09b5eb4de8d1f5fe777f2ca1373ed4ba71975dbb1f871a1a1,2026-05-04T10:53:11.000Z,0x5642198745a7552f44474639943d1c00fd2a1a41,0x1ab4973a48dc892cd9971ece8e01dcc7688f8f23,125,,Bitget,,Bitget: Hot Wallet,BETWEEN_LABELED_ENTITIES,MORALIS_CHANNEL
BSB,eth,0x2931c091cf6f59a9c420dece6253bd317fd1993161d24882b6b1da9ebf267a7c,2026-05-04T10:49:59.000Z,0x66a9893cc07d91d95644aedd05d03f95e1dba8af,0x000000000004444c5dc75cb358380d2e3de08a90,3.8194678118267227,Uniswap,Uniswap,Uniswap: UniversalRouter,Uniswap v4,TO_DEX_POOL,MORALIS_CHANNEL
BSB,eth,0x2931c091cf6f59a9c420dece6253bd317fd1993161d24882b6b1da9ebf267a7c,2026-05-04T10:49:59.000Z,0x38cee69b5eb9d18f0be140a7d758277b211c0483,0x66a9893cc07d91d95644aedd05d03f95e1dba8af,3.8194678118267227,,Uniswap,,Uniswap: UniversalRouter,TO_DEX_POOL,MORALIS_CHANNEL
BSB,eth,0xca9678cc0e922e7ce17892984f74ac92fe9e62b49f0deadc3435eeee42951424,2026-05-04T10:45:47.000Z,0x5a3eadd80e319767ac28b8ed02ad381bcd8da06b,0x5642198745a7552f44474639943d1c00fd2a1a41,125,,,,,BETWEEN_UNKNOWN_WALLETS,MORALIS_CHANNEL
BSB,eth,0x501731e573aebf65cb7df81e61424228c895af22ae4c027849ab9bd5d43730cb,2026-05-04T10:39:47.000Z,0xeb6328f677b5dddebb4599eb6f32a9343a881704,0xf5a72cee4320d1c30fcefbf6ba476a3cfa627004,8.349380056959124,,,,,BETWEEN_UNKNOWN_WALLETS,MORALIS_CHANNEL
BSB,eth,0xbe38659e5b78a1c74327e9e0778036fb1852ffe36261f184a0423e2e9a737667,2026-05-04T10:38:23.000Z,0x27a60f6af1fb49ba4d8dfcfce880a6581655c64b,0x1ab4973a48dc892cd9971ece8e01dcc7688f8f23,125,,Bitget,,Bitget: Hot Wallet,BETWEEN_LABELED_ENTITIES,MORALIS_CHANNEL
BSB,eth,0x3b2be27418821eaede77f84bc62a8b658d1c9a4b62463413a9fcd69df0c3ecbc,2026-05-04T10:37:59.000Z,0x974b08e3ca65406451cb5867c032eb276fcf90b4,0xe2a1b8fab756ab4f8f2246cca35fa0835df6f20f,3.4409620290777148,,,,,BETWEEN_UNKNOWN_WALLETS,MORALIS_CHANNEL
BSB,eth,0xb966c2f22544ad8e7cf1387e6492aa754c630368c4dca3c561c2453a79c7ffaa,2026-05-04T10:37:59.000Z,0x1ab4973a48dc892cd9971ece8e01dcc7688f8f23,0xa8a86390f65dc99a2459b6c835f2e36212c509ce,1900.228206,Bitget,,Bitget: Hot Wallet,,BETWEEN_LABELED_ENTITIES,MORALIS_CHANNEL
BSB,eth,0x55df1266a79d1d01fa31924f1ec58fb2ff591b18f88f30aaeecb336202935f51,2026-05-04T10:36:47.000Z,0x25b948c7a5f095d6c0d8247104fa7e5a89fa7e3f,0x1ab4973a48dc892cd9971ece8e01dcc7688f8f23,102.093471248933,,Bitget,,Bitget: Hot Wallet,BETWEEN_LABELED_ENTITIES,MORALIS_CHANNEL
BSB,eth,0xa7089677d660e05447956841449e1c7461cc5689626fe9ba9ee01e7408937a1a,2026-05-04T10:35:59.000Z,0x6a93ef5f666eebe84ba130f8404ad56ee197006c,0x000000000004444c5dc75cb358380d2e3de08a90,117.14876908421277,,Uniswap,,Uniswap v4,TO_DEX_POOL,MORALIS_CHANNEL
BSB,eth,0xa7089677d660e05447956841449e1c7461cc5689626fe9ba9ee01e7408937a1a,2026-05-04T10:35:59.000Z,0xb300000b72deaeb607a12d5f54773d1c19c7028d,0x6a93ef5f666eebe84ba130f8404ad56ee197006c,117.14876908421277,Binance Wallet,,Binance Wallet: DEX Router,,FROM_MORALIS_LABELED_CEX_PROXY,MORALIS_CHANNEL
BSB,eth,0xa7089677d660e05447956841449e1c7461cc5689626fe9ba9ee01e7408937a1a,2026-05-04T10:35:59.000Z,0x43a46b6886dccf0c2c9dc464fd6a95dc05abe05d,0xb300000b72deaeb607a12d5f54773d1c19c7028d,117.14876908421277,,Binance Wallet,,Binance Wallet: DEX Router,TO_MORALIS_LABELED_CEX_PROXY,MORALIS_CHANNEL
BSB,eth,0xe0d5e05cc061ad45ca2c242d15f80168525e27e4a0a8fa1e1e94a639379f0240,2026-05-04T10:34:59.000Z,0xcc917188a23883cbfa8bdca3d1705289d363d26d,0x1ab4973a48dc892cd9971ece8e01dcc7688f8f23,125,,Bitget,,Bitget: Hot Wallet,BETWEEN_LABELED_ENTITIES,MORALIS_CHANNEL
BSB,eth,0xe4fc2f518dcbc776622b96f70059aba46845e95e18a8e211dd3b1541f0350c46,2026-05-04T10:34:59.000Z,0x04ce218ead72401702dd5f3e56cedb7d2d477777,0x000000000004444c5dc75cb358380d2e3de08a90,149.12774514195598,,Uniswap,,Uniswap v4,TO_DEX_POOL,MORALIS_CHANNEL
BSB,eth,0xe4fc2f518dcbc776622b96f70059aba46845e95e18a8e211dd3b1541f0350c46,2026-05-04T10:34:59.000Z,0x04ce218ead72401702dd5f3e56cedb7d2d477777,0x000000000004444c5dc75cb358380d2e3de08a90,69.64068770734801,,Uniswap,,Uniswap v4,TO_DEX_POOL,MORALIS_CHANNEL
BSB,eth,0xe4fc2f518dcbc776622b96f70059aba46845e95e18a8e211dd3b1541f0350c46,2026-05-04T10:34:59.000Z,0x04ce218ead72401702dd5f3e56cedb7d2d477777,0x000000000004444c5dc75cb358380d2e3de08a90,228.793827480696,,Uniswap,,Uniswap v4,TO_DEX_POOL,MORALIS_CHANNEL
BSB,eth,0xe4fc2f518dcbc776622b96f70059aba46845e95e18a8e211dd3b1541f0350c46,2026-05-04T10:34:59.000Z,0x5d98f54d829708eeb2aa555badb96bcb5400def1,0x04ce218ead72401702dd5f3e56cedb7d2d477777,447.56226033,,,,,BETWEEN_UNKNOWN_WALLETS,MORALIS_CHANNEL
BSB,eth,0xe4fc2f518dcbc776622b96f70059aba46845e95e18a8e211dd3b1541f0350c46,2026-05-04T10:34:59.000Z,0x3ee18b2214aff97000d974cf647e7c347e8fa585,0x5d98f54d829708eeb2aa555badb96bcb5400def1,447.56226033,Wormhole,,Wormhole: Token Bridge,,BETWEEN_LABELED_ENTITIES,MORALIS_CHANNEL
BSB,eth,0xa2ec61ca7fcd9bdf555f3bd223c9068450d4f2c1ba63a6d59039938a6f2c68ea,2026-05-04T10:32:35.000Z,0xf2b04346e01b72b3b33a12f8a2b5c0736239e624,0x27a60f6af1fb49ba4d8dfcfce880a6581655c64b,125,,,,,BETWEEN_UNKNOWN_WALLETS,MORALIS_CHANNEL
BSB,eth,0x8bad18d2b7fb1a062420a17475040a5427edab67a578f5a775b497a3738865cf,2026-05-04T10:29:59.000Z,0x7acb3acf646637589f28612b490901bb104ad1f6,0x25b948c7a5f095d6c0d8247104fa7e5a89fa7e3f,102.09347124893357,,,,,BETWEEN_UNKNOWN_WALLETS,MORALIS_CHANNEL
BSB,eth,0x7396b9798ad992d3dedd0b72600d7a61bde8b43925fc8e6c6156a31bc88a8013,2026-05-04T10:29:23.000Z,0x50be8f30f3c7a522eef5def8cc646af1b4a7c538,0x1ab4973a48dc892cd9971ece8e01dcc7688f8f23,125,,Bitget,,Bitget: Hot Wallet,BETWEEN_LABELED_ENTITIES,MORALIS_CHANNEL
BSB,eth,0x3e24b370dabd7776e3d02b6ccdb6a54c78b5bc64155d15b853ea551cb14c1027,2026-05-04T10:29:23.000Z,0x6872cd884ce8d002cce5156e1cd6b31fa1d81dcc,0x000000000004444c5dc75cb358380d2e3de08a90,62.06435477,,Uniswap,,Uniswap v4,TO_DEX_POOL,MORALIS_CHANNEL
BSB,eth,0x74315e447edc8c3ec297129ea4a5973b687fc78b08cdaf142e269b896a20782c,2026-05-04T10:29:11.000Z,0x019086cb581a21adcac495cec372227de953954e,0xcc917188a23883cbfa8bdca3d1705289d363d26d,125,,,,,BETWEEN_UNKNOWN_WALLETS,MORALIS_CHANNEL
BSB,eth,0x292b92bad2038b033a3b697bbb900d3cd9d5e1990270f2768623fb7111209940,2026-05-04T10:25:59.000Z,0x0180927b59fc9435723e974da015bc722456139d,0x43a46b6886dccf0c2c9dc464fd6a95dc05abe05d,28.905928937299112,,,,,BETWEEN_UNKNOWN_WALLETS,MORALIS_CHANNEL
BSB,eth,0x30fb10c483402eb536db8d26a3932e3f977cada5f7225e400170cd654eb6c31f,2026-05-04T10:25:47.000Z,0xb9e10ea437ab83417d05fcb83d7fae61e27ba066,0x1ab4973a48dc892cd9971ece8e01dcc7688f8f23,28.118344207125,,Bitget,,Bitget: Hot Wallet,BETWEEN_LABELED_ENTITIES,MORALIS_CHANNEL
BSB,eth,0x227854f2ea2e7e26f2de08a0a3cc762dc178fac32ab6ebff97f8f5eba664cc05,2026-05-04T10:23:47.000Z,0xdbc9c696dafd0995f129c81ec7341afce6f54d88,0x43a46b6886dccf0c2c9dc464fd6a95dc05abe05d,29.147917540905063,,,,,BETWEEN_UNKNOWN_WALLETS,MORALIS_CHANNEL
BSB,eth,0x2f0efc0f743166aa82ff08fa2ebcabdc08acd66ffc2ae273fde92b5b2cf3c12e,2026-05-04T10:23:23.000Z,0x02f28b41221b95660f87783efdbb26ad054af484,0x1ab4973a48dc892cd9971ece8e01dcc7688f8f23,125,,Bitget,,Bitget: Hot Wallet,BETWEEN_LABELED_ENTITIES,MORALIS_CHANNEL
BSB,eth,0x7012796a9f5e590ac715b04c7089ac2a537644711457dd9b60e430d030aa5bb8,2026-05-04T10:22:47.000Z,0x9fdedfb94ef848bc3c20eefe95b7623baccdc3a8,0x1ab4973a48dc892cd9971ece8e01dcc7688f8f23,16.528708685773,,Bitget,,Bitget: Hot Wallet,BETWEEN_LABELED_ENTITIES,MORALIS_CHANNEL
BSB,eth,0x252700d08ae0de92fcc50937b5d5ee1243fb360a24fdcdaabb80297ee7e9844e,2026-05-04T10:22:47.000Z,0xe16b157763c96842e0c4efb3535d97db0edc28e1,0x1ab4973a48dc892cd9971ece8e01dcc7688f8f23,18.203939681631,,Bitget,,Bitget: Hot Wallet,BETWEEN_LABELED_ENTITIES,MORALIS_CHANNEL
BSB,eth,0x8241a9e4c0bc00c263cdf7e282385933877fbbb3d57d4d6a9a25e77df58d36c6,2026-05-04T10:22:35.000Z,0x69e0132d730dea1c2b826613e3981975136eb27a,0x50be8f30f3c7a522eef5def8cc646af1b4a7c538,125,,,,,BETWEEN_UNKNOWN_WALLETS,MORALIS_CHANNEL
BSB,eth,0x846209330426f4b2e9ef6cf1bc6ee37fb49619f9968eef60e99fe32eaf3ceae8,2026-05-04T10:21:59.000Z,0x9008d19f58aabd9ed0d60971565aa8510560ab41,0x000000000004444c5dc75cb358380d2e3de08a90,16.820500832477073,CoW Protocol,Uniswap,CoW Protocol: GPv2Settlement,Uniswap v4,TO_DEX_POOL,MORALIS_CHANNEL
BSB,eth,0x846209330426f4b2e9ef6cf1bc6ee37fb49619f9968eef60e99fe32eaf3ceae8,2026-05-04T10:21:59.000Z,0xb461c2a94371a945958d485b8fba7c8135e25d1d,0x9008d19f58aabd9ed0d60971565aa8510560ab41,21.360863200361457,,CoW Protocol,,CoW Protocol: GPv2Settlement,BETWEEN_LABELED_ENTITIES,MORALIS_CHANNEL
BSB,eth,0xb4b321e33cf58abf3a3ed2dbe21e9700d2640caaea40f5a6e74d7966166332ae,2026-05-04T10:21:47.000Z,0x77627945db73209496310a8125674e9be35eab4e,0x1ab4973a48dc892cd9971ece8e01dcc7688f8f23,15.818658726779,,Bitget,,Bitget: Hot Wallet,BETWEEN_LABELED_ENTITIES,MORALIS_CHANNEL
BSB,eth,0x201be643006b6edc2ff339286cd2d7aff843e97ff7d4af724c235b5691d51a0f,2026-05-04T10:21:47.000Z,0x67d42ee22dc1dff603366301363d2d0b56f8d5f3,0x1ab4973a48dc892cd9971ece8e01dcc7688f8f23,19.38085054528,,Bitget,,Bitget: Hot Wallet,BETWEEN_LABELED_ENTITIES,MORALIS_CHANNEL
BSB,eth,0x01e64f3dfda287b200223f7b4ec6471ef556a7b4f32f54082ce0548eb1b48f58,2026-05-04T10:19:59.000Z,0x6b1cf0970df32b562e69f1422361e4ae351aeca3,0xb9e10ea437ab83417d05fcb83d7fae61e27ba066,28.118344207125716,,,,,BETWEEN_UNKNOWN_WALLETS,MORALIS_CHANNEL
BSB,eth,0x20faa40cafb81002f6dc3ca0fa73e7c74f3d194eb183e7d6a41b8a23554b7185,2026-05-04T10:18:47.000Z,0xccb22016d21db3ed16933af7024eb2bf243fbc49,0x1ab4973a48dc892cd9971ece8e01dcc7688f8f23,16.561136955632,,Bitget,,Bitget: Hot Wallet,BETWEEN_LABELED_ENTITIES,MORALIS_CHANNEL
BSB,eth,0xcb5764c7ec35fbc9d1ebd9a34be78e869b07fa5426f42b56547fd69ce0ea8965,2026-05-04T10:18:47.000Z,0x4161e27b748938ed179b8b01ba0d08837fee9882,0x1ab4973a48dc892cd9971ece8e01dcc7688f8f23,19.58393011138,,Bitget,,Bitget: Hot Wallet,BETWEEN_LABELED_ENTITIES,MORALIS_CHANNEL
BSB,eth,0x11358aa16c714087eefff0b878f8570731219ad1616a3d0ddb68fd7d5e200a81,2026-05-04T10:17:11.000Z,0xb7cb0e03034a264bd7357ef9dd33b2a6445c3a35,0x1ab4973a48dc892cd9971ece8e01dcc7688f8f23,19.877886191038,,Bitget,,Bitget: Hot Wallet,BETWEEN_LABELED_ENTITIES,MORALIS_CHANNEL
BSB,eth,0x4777e7d4349546c95953ffd7627ed9977b40955d42b700caeb2f8c297b5661dc,2026-05-04T10:17:11.000Z,0xbc5f626ae6d129b95bbee1ed4af7d61e47bb506a,0x1ab4973a48dc892cd9971ece8e01dcc7688f8f23,15.572386967267999,,Bitget,,Bitget: Hot Wallet,BETWEEN_LABELED_ENTITIES,MORALIS_CHANNEL
BSB,eth,0xa3f934283a8a772dfeda2df27d9c04e8d117b6947c30658269ce1ba41dd5edcd,2026-05-04T10:17:11.000Z,0xd8ed70ce4281067fc64fcbdd0b71ee8feee66bbe,0x1ab4973a48dc892cd9971ece8e01dcc7688f8f23,19.104685143325998,,Bitget,,Bitget: Hot Wallet,BETWEEN_LABELED_ENTITIES,MORALIS_CHANNEL
BSB,eth,0xc6d63e7c554e306ceb4fdcf5324aa030e43551891929144ce8395fafcbf9c699,2026-05-04T10:17:11.000Z,0x856b3e68d0431ac02493f33e43fe0224710453d6,0x1ab4973a48dc892cd9971ece8e01dcc7688f8f23,19.405039021613998,,Bitget,,Bitget: Hot Wallet,BETWEEN_LABELED_ENTITIES,MORALIS_CHANNEL
BSB,eth,0x6bd513f181952cc936a75a0f97fae1f8c3efbd17d28f2cbe11b32080c7f7355d,2026-05-04T10:16:35.000Z,0xbba58b57da6c6a89aa64fc0d534db505366dc5b9,0x43a46b6886dccf0c2c9dc464fd6a95dc05abe05d,31.894451407601807,,,,,BETWEEN_UNKNOWN_WALLETS,MORALIS_CHANNEL
BSB,eth,0xc110594271e5c7c201f65de5770541646b93ecd2681254bb7eefe9f5638eb4ed,2026-05-04T10:16:35.000Z,0x1894bd45a09aed3666830963cf5d48df6753956c,0x02f28b41221b95660f87783efdbb26ad054af484,125,,,,,BETWEEN_UNKNOWN_WALLETS,MORALIS_CHANNEL
BSB,eth,0x2e683eeab98b72d95adc7496584d438cd4651c8ad3869b348f3562187e012792,2026-05-04T10:14:35.000Z,0x89720c063dc9f8d193f21a205656cd8ff9bfc998,0x71a8563d011dd2df7973d79eaa226d61692ec85f,125,,,,,BETWEEN_UNKNOWN_WALLETS,MORALIS_CHANNEL
BSB,eth,0x51af03c11b54fd9d10c4de511c7300e0d5aeea6b8bb978fe2ab5ee9813940bdd,2026-05-04T10:13:35.000Z,0xc35382de76606aa31277aa4b19550760fac903d5,0x1ab4973a48dc892cd9971ece8e01dcc7688f8f23,125,,Bitget,,Bitget: Hot Wallet,BETWEEN_LABELED_ENTITIES,MORALIS_CHANNEL
BSB,eth,0x387b02b9f1f1b9be10bede29f3955a03f1ba7e90a9f1fe6e579b78973cb435ac,2026-05-04T10:13:11.000Z,0xfc8768d536700af5b4c71bb48fca7bc284c55a5e,0x1ab4973a48dc892cd9971ece8e01dcc7688f8f23,125,,Bitget,,Bitget: Hot Wallet,BETWEEN_LABELED_ENTITIES,MORALIS_CHANNEL
BSB,eth,0x51268fac42e2a2b3597ac5728b8987c7fa33593e8285155faf177c79405a11c6,2026-05-04T10:12:35.000Z,0x4f04195129a23ae3fa443e8253a553658c4d2413,0x1ab4973a48dc892cd9971ece8e01dcc7688f8f23,125,,Bitget,,Bitget: Hot Wallet,BETWEEN_LABELED_ENTITIES,MORALIS_CHANNEL
BSB,eth,0x3bb8a2af7051f38b58c5af74732e1cf722d638e35fa884ce2b06b7f9bfa05d32,2026-05-04T10:07:47.000Z,0x9008d19f58aabd9ed0d60971565aa8510560ab41,0x000000000004444c5dc75cb358380d2e3de08a90,18.204062783581733,CoW Protocol,Uniswap,CoW Protocol: GPv2Settlement,Uniswap v4,TO_DEX_POOL,MORALIS_CHANNEL
BSB,eth,0x3bb8a2af7051f38b58c5af74732e1cf722d638e35fa884ce2b06b7f9bfa05d32,2026-05-04T10:07:47.000Z,0x4e7b28e9105fd7eb7309d5e529ccf04df05cc629,0x9008d19f58aabd9ed0d60971565aa8510560ab41,22.442882468707488,,CoW Protocol,,CoW Protocol: GPv2Settlement,BETWEEN_LABELED_ENTITIES,MORALIS_CHANNEL
BSB,eth,0xcd53e898b6c824ae328ac2030dd3bf40d8fcf31b72c21802f6dbd94e0b16854d,2026-05-04T10:05:23.000Z,0x70af03b4af0437af80fa7840789498aa6f954c54,0x4f04195129a23ae3fa443e8253a553658c4d2413,125,,,,,BETWEEN_UNKNOWN_WALLETS,MORALIS_CHANNEL
BSB,eth,0x512f543adc4ab813acd916b903f9fde0fc3d4baa5aa3ce6283295e65ccfc337c,2026-05-04T10:05:23.000Z,0x9008d19f58aabd9ed0d60971565aa8510560ab41,0x000000000004444c5dc75cb358380d2e3de08a90,18.068784428106092,CoW Protocol,Uniswap,CoW Protocol: GPv2Settlement,Uniswap v4,TO_DEX_POOL,MORALIS_CHANNEL
BSB,eth,0x512f543adc4ab813acd916b903f9fde0fc3d4baa5aa3ce6283295e65ccfc337c,2026-05-04T10:05:23.000Z,0x585680ec196d6d1d5a77050fbb0c5bdab83ca921,0x9008d19f58aabd9ed0d60971565aa8510560ab41,21.55393,,CoW Protocol,,CoW Protocol: GPv2Settlement,BETWEEN_LABELED_ENTITIES,MORALIS_CHANNEL
BSB,eth,0x02e660e09eacbc4aee309f86903502a219dd8e1681027503929f3b2b8bacbd4d,2026-05-04T10:03:11.000Z,0x974b08e3ca65406451cb5867c032eb276fcf90b4,0xeb6328f677b5dddebb4599eb6f32a9343a881704,8.349380056959124,,,,,BETWEEN_UNKNOWN_WALLETS,MORALIS_CHANNEL
BSB,eth,0x3d9e3f01bb12adbb5951dfbeadb02d1c8ae2dc0dc796fb0df80de246e9301835,2026-05-04T10:01:35.000Z,0x974b08e3ca65406451cb5867c032eb276fcf90b4,0x98133d04281f9c5f6290716d02361d17a18a0517,5.746540647042086,,,,,BETWEEN_UNKNOWN_WALLETS,MORALIS_CHANNEL
BSB,eth,0x9d2449fe12f93158fd3c9fe4625b13c9cde128981739f304d1963e29e7cc76fc,2026-05-04T10:01:35.000Z,0x7f54f05635d15cde17a49502fedb9d1803a3be8a,0x000000000004444c5dc75cb358380d2e3de08a90,13.110071188266106,,Uniswap,,Uniswap v4,TO_DEX_POOL,MORALIS_CHANNEL
BSB,eth,0x9d2449fe12f93158fd3c9fe4625b13c9cde128981739f304d1963e29e7cc76fc,2026-05-04T10:01:35.000Z,0xb92fe925dc43a0ecde6c8b1a2709c170ec4fff4f,0x7f54f05635d15cde17a49502fedb9d1803a3be8a,13.110071188266106,,,,,BETWEEN_UNKNOWN_WALLETS,MORALIS_CHANNEL
BSB,eth,0x9d2449fe12f93158fd3c9fe4625b13c9cde128981739f304d1963e29e7cc76fc,2026-05-04T10:01:35.000Z,0x1ec3b5b8ff3b43ce38f3f6b3cc6944397fbb7bf2,0xb92fe925dc43a0ecde6c8b1a2709c170ec4fff4f,13.110071188266106,,,,,BETWEEN_UNKNOWN_WALLETS,MORALIS_CHANNEL
BSB,eth,0xdde0b9f5ec866f320b8c8bb83733622b8779b8fc2ad484528007f3c136729b07,2026-05-04T10:00:47.000Z,0x7f54f05635d15cde17a49502fedb9d1803a3be8a,0x000000000004444c5dc75cb358380d2e3de08a90,220.45178357340558,,Uniswap,,Uniswap v4,TO_DEX_POOL,MORALIS_CHANNEL
BSB,eth,0xdde0b9f5ec866f320b8c8bb83733622b8779b8fc2ad484528007f3c136729b07,2026-05-04T10:00:47.000Z,0x7f54f05635d15cde17a49502fedb9d1803a3be8a,0x000000000004444c5dc75cb358380d2e3de08a90,94.4793358171738,,Uniswap,,Uniswap v4,TO_DEX_POOL,MORALIS_CHANNEL
BSB,eth,0xdde0b9f5ec866f320b8c8bb83733622b8779b8fc2ad484528007f3c136729b07,2026-05-04T10:00:47.000Z,0xb0f3764ea5383509c7fbe0dfebf5a310616a6e73,0x7f54f05635d15cde17a49502fedb9d1803a3be8a,314.9311193905794,,,,,BETWEEN_UNKNOWN_WALLETS,MORALIS_CHANNEL
BSB,eth,0xf2d5a68c39f1de306447268d1a1937159a4c85a5d66657fa1f8c82fc35799bdb,2026-05-04T10:00:35.000Z,0xfe358b00d55fe5427a11d9107c21df55fa5b5765,0xfc8768d536700af5b4c71bb48fca7bc284c55a5e,125,,,,,BETWEEN_UNKNOWN_WALLETS,MORALIS_CHANNEL
LAB,bsc,0xaeddc7352e237e55f59e09188a6c4a425eb49e7ddadbc06cf5bd9bcac51a4916,2026-05-04T11:49:32.000Z,0x8b844f885672f333bc0042cb669255f93a4c1e6b,0xea27eab0d435e28e2364a6d7abd00c0b35636c27,192.0454955533436,,,,,BETWEEN_UNKNOWN_WALLETS,MORALIS_CHANNEL
LAB,bsc,0xaeddc7352e237e55f59e09188a6c4a425eb49e7ddadbc06cf5bd9bcac51a4916,2026-05-04T11:49:32.000Z,0x28e2ea090877bf75740558f6bfb36a5ffee9e9df,0x8b844f885672f333bc0042cb669255f93a4c1e6b,9.542483894706082,Uniswap,,Uniswap: PoolManager,,FROM_DEX_POOL,MORALIS_CHANNEL
LAB,bsc,0xaeddc7352e237e55f59e09188a6c4a425eb49e7ddadbc06cf5bd9bcac51a4916,2026-05-04T11:49:32.000Z,0x28e2ea090877bf75740558f6bfb36a5ffee9e9df,0x8b844f885672f333bc0042cb669255f93a4c1e6b,9.566530188117374,Uniswap,,Uniswap: PoolManager,,FROM_DEX_POOL,MORALIS_CHANNEL
LAB,bsc,0xaeddc7352e237e55f59e09188a6c4a425eb49e7ddadbc06cf5bd9bcac51a4916,2026-05-04T11:49:32.000Z,0x085f29091ee8a818ede960a89bd578fe4ac8e824,0x8b844f885672f333bc0042cb669255f93a4c1e6b,125.24708346499935,,,,,BETWEEN_UNKNOWN_WALLETS,MORALIS_CHANNEL
LAB,bsc,0xaeddc7352e237e55f59e09188a6c4a425eb49e7ddadbc06cf5bd9bcac51a4916,2026-05-04T11:49:32.000Z,0xc7e3ca54c37f9fc884b588f395e6b60666308f28,0x8b844f885672f333bc0042cb669255f93a4c1e6b,47.68939800552083,,,,,BETWEEN_UNKNOWN_WALLETS,MORALIS_CHANNEL
LAB,bsc,0x9482b99b6935c414f41d88252a424ec7d2d4608edde3d7e8849141e88256c64c,2026-05-04T11:49:32.000Z,0x9999b0cdd35d7f3b281ba02efc0d228486940515,0x7d7106e0bd3ee6d85e88dabf8721175731cd37f2,13.326659897976107,,,,,BETWEEN_UNKNOWN_WALLETS,MORALIS_CHANNEL
LAB,bsc,0x9482b99b6935c414f41d88252a424ec7d2d4608edde3d7e8849141e88256c64c,2026-05-04T11:49:32.000Z,0x085f29091ee8a818ede960a89bd578fe4ac8e824,0x9999b0cdd35d7f3b281ba02efc0d228486940515,13.326659897976107,,,,,BETWEEN_UNKNOWN_WALLETS,MORALIS_CHANNEL
LAB,bsc,0x70d506ede9466f9ec3890545b7674f10ac98e06e422a3188d008862605727b79,2026-05-04T11:49:32.000Z,0x6aba0315493b7e6989041c91181337b662fb1b90,0x73d8bd54f7cf5fab43fe4ef40a62d390644946db,14.403211443322393,Binance Wallet,Binance Wallet,Binance Wallet: Proxy (EIP-1967 Transparent),Binance Wallet: Proxy (EIP-1967 Transparent),TO_MORALIS_LABELED_CEX_PROXY,MORALIS_CHANNEL
LAB,bsc,0x70d506ede9466f9ec3890545b7674f10ac98e06e422a3188d008862605727b79,2026-05-04T11:49:32.000Z,0xb300000b72deaeb607a12d5f54773d1c19c7028d,0x6aba0315493b7e6989041c91181337b662fb1b90,14.403211443322393,,Binance Wallet,,Binance Wallet: Proxy (EIP-1967 Transparent),TO_MORALIS_LABELED_CEX_PROXY,MORALIS_CHANNEL
LAB,bsc,0x70d506ede9466f9ec3890545b7674f10ac98e06e422a3188d008862605727b79,2026-05-04T11:49:32.000Z,0x7d7106e0bd3ee6d85e88dabf8721175731cd37f2,0xb300000b72deaeb607a12d5f54773d1c19c7028d,14.403211443322393,,,,,BETWEEN_UNKNOWN_WALLETS,MORALIS_CHANNEL
LAB,bsc,0x67ad07deaf83840425973c54bd98f44dfea3a6245b255a1c3b5b280651f45519,2026-05-04T11:49:31.000Z,0x98cb8cc0048defc498e7c885619ce2e236664c46,0x238a358808379702088667322f80ac48bad5e6c4,1.638873941388437,,,,,BETWEEN_UNKNOWN_WALLETS,MORALIS_CHANNEL
LAB,bsc,0x67ad07deaf83840425973c54bd98f44dfea3a6245b255a1c3b5b280651f45519,2026-05-04T11:49:31.000Z,0x085f29091ee8a818ede960a89bd578fe4ac8e824,0x98cb8cc0048defc498e7c885619ce2e236664c46,1.638873941388437,,,,,BETWEEN_UNKNOWN_WALLETS,MORALIS_CHANNEL
LAB,bsc,0x7766bffe2249c18db6f4cb9f5d44630c84324ab06b2bb18f896bdb9e7d267a61,2026-05-04T11:49:31.000Z,0x07964f135f276412b3182a3b2407b8dd45000000,0x085f29091ee8a818ede960a89bd578fe4ac8e824,265.202,,,,,BETWEEN_UNKNOWN_WALLETS,MORALIS_CHANNEL
LAB,bsc,0x7766bffe2249c18db6f4cb9f5d44630c84324ab06b2bb18f896bdb9e7d267a61,2026-05-04T11:49:31.000Z,0xe337ebe7ce15b2fa964514404d6a6624353c8c8c,0x07964f135f276412b3182a3b2407b8dd45000000,266,,,,,BETWEEN_UNKNOWN_WALLETS,MORALIS_CHANNEL
LAB,bsc,0xe3a5b3c738b51d69d22d8fb37c4c366260cacd11b89535b599bad354b0355e59,2026-05-04T11:49:30.000Z,0x392dbe92f982a1bfa1c4a315d407b62abd4acde6,0x085f29091ee8a818ede960a89bd578fe4ac8e824,314,,,,,BETWEEN_UNKNOWN_WALLETS,MORALIS_CHANNEL
LAB,bsc,0xe3a5b3c738b51d69d22d8fb37c4c366260cacd11b89535b599bad354b0355e59,2026-05-04T11:49:30.000Z,0x561a3a8f7c97b66248c8a343a2649301740ce7c5,0x392dbe92f982a1bfa1c4a315d407b62abd4acde6,314,,,,,BETWEEN_UNKNOWN_WALLETS,MORALIS_CHANNEL
LAB,bsc,0x0a9772e59e5cebef66ba82ddfcdb85d9ca6ce04b69991a1249a6ac63ebc44c71,2026-05-04T11:49:26.000Z,0x7a7ad9aa93cd0a2d0255326e5fb145cec14997ff,0x085f29091ee8a818ede960a89bd578fe4ac8e824,80,Dex Router (OKX),,Dex Router (OKX): UniversalUniswapV3Adaptor,,FROM_MORALIS_LABELED_CEX_PROXY,MORALIS_CHANNEL
LAB,bsc,0x0a9772e59e5cebef66ba82ddfcdb85d9ca6ce04b69991a1249a6ac63ebc44c71,2026-05-04T11:49:26.000Z,0xe263d8702220ef358b3b6cd3af3960e296b8a25b,0x7a7ad9aa93cd0a2d0255326e5fb145cec14997ff,80,,Dex Router (OKX),,Dex Router (OKX): UniversalUniswapV3Adaptor,TO_MORALIS_LABELED_CEX_PROXY,MORALIS_CHANNEL
LAB,bsc,0x2f8df30f53365b1e371a2c23f898287a48d5afabb9a5b9fb84313b04a2b7ffcf,2026-05-04T11:49:24.000Z,0x7d7106e0bd3ee6d85e88dabf8721175731cd37f2,0x085f29091ee8a818ede960a89bd578fe4ac8e824,5.271055284490487,,,,,BETWEEN_UNKNOWN_WALLETS,MORALIS_CHANNEL
LAB,bsc,0xb14de297e87127c6dd1fd49c38617f3aa1954071e8288913273ce4ae03f3514d,2026-05-04T11:49:24.000Z,0xe94753d6e067d25e0dbe90ed782b7ea21475fc48,0x7d7106e0bd3ee6d85e88dabf8721175731cd37f2,11.266529733787356,,,,,BETWEEN_UNKNOWN_WALLETS,MORALIS_CHANNEL
LAB,bsc,0xdc0762117216936dd1722f7b23a87a29e55d483efada7c04a6d970edf9c73474,2026-05-04T11:49:24.000Z,0x47bdf280e1b247583e11a06f7d7b17b49af5d560,0x085f29091ee8a818ede960a89bd578fe4ac8e824,67.17287221207718,,,,,BETWEEN_UNKNOWN_WALLETS,MORALIS_CHANNEL
LAB,bsc,0xdc0762117216936dd1722f7b23a87a29e55d483efada7c04a6d970edf9c73474,2026-05-04T11:49:24.000Z,0xd8b1bf348f5848c35b9ed8175dfa843f06a98c53,0x47bdf280e1b247583e11a06f7d7b17b49af5d560,67.17287221207718,,,,,BETWEEN_UNKNOWN_WALLETS,MORALIS_CHANNEL
LAB,bsc,0x0b50264e85a338b86b96990eb4e6b197891d076cb21fcbd78fc6b3680d6fd315,2026-05-04T11:49:24.000Z,0xc751ef41f02ca9c87e5c7bbc8a4e1629bbd6df9a,0x085f29091ee8a818ede960a89bd578fe4ac8e824,31.9693094629156,,,,,BETWEEN_UNKNOWN_WALLETS,MORALIS_CHANNEL
LAB,bsc,0x558680f86b9ca4feb2002830ba105d928c0ca0c09a28630402a2936fd0e190b9,2026-05-04T11:49:23.000Z,0x6cd1b8cfcd2ca2bcdb46a2d96bd22b92e16ba427,0x085f29091ee8a818ede960a89bd578fe4ac8e824,65.61896459078918,,,,,BETWEEN_UNKNOWN_WALLETS,MORALIS_CHANNEL
LAB,bsc,0xe713b2fce19ee6a0817a51c4a580c87ecb7bb56e8eace25a372c5978322c2d6e,2026-05-04T11:49:22.000Z,0x6aba0315493b7e6989041c91181337b662fb1b90,0x73d8bd54f7cf5fab43fe4ef40a62d390644946db,70.05255859649574,Binance Wallet,Binance Wallet,Binance Wallet: Proxy (EIP-1967 Transparent),Binance Wallet: Proxy (EIP-1967 Transparent),TO_MORALIS_LABELED_CEX_PROXY,MORALIS_CHANNEL
LAB,bsc,0xe713b2fce19ee6a0817a51c4a580c87ecb7bb56e8eace25a372c5978322c2d6e,2026-05-04T11:49:22.000Z,0xb300000b72deaeb607a12d5f54773d1c19c7028d,0x6aba0315493b7e6989041c91181337b662fb1b90,70.05255859649574,,Binance Wallet,,Binance Wallet: Proxy (EIP-1967 Transparent),TO_MORALIS_LABELED_CEX_PROXY,MORALIS_CHANNEL
LAB,bsc,0xe713b2fce19ee6a0817a51c4a580c87ecb7bb56e8eace25a372c5978322c2d6e,2026-05-04T11:49:22.000Z,0x085f29091ee8a818ede960a89bd578fe4ac8e824,0xb300000b72deaeb607a12d5f54773d1c19c7028d,70.05255859649574,,,,,BETWEEN_UNKNOWN_WALLETS,MORALIS_CHANNEL
LAB,bsc,0x4de89a8a316dcb5bc3c9b9d2c3b6b40f49b7be6ebb224a1556f85be785aff96d,2026-05-04T11:49:19.000Z,0x31d6ea082acc3d4e377528a721ac5c4b891726fb,0x085f29091ee8a818ede960a89bd578fe4ac8e824,1.8847176581956069,,,,,BETWEEN_UNKNOWN_WALLETS,MORALIS_CHANNEL
LAB,bsc,0x4de89a8a316dcb5bc3c9b9d2c3b6b40f49b7be6ebb224a1556f85be785aff96d,2026-05-04T11:49:19.000Z,0x238a358808379702088667322f80ac48bad5e6c4,0x31d6ea082acc3d4e377528a721ac5c4b891726fb,1.8847176581956069,,,,,BETWEEN_UNKNOWN_WALLETS,MORALIS_CHANNEL
LAB,bsc,0x0393ed07965b8908b04457ced180c32aba8343c69c2221a573b6bb973514a0df,2026-05-04T11:49:19.000Z,0x31d6ea082acc3d4e377528a721ac5c4b891726fb,0x085f29091ee8a818ede960a89bd578fe4ac8e824,12.809208352108662,,,,,BETWEEN_UNKNOWN_WALLETS,MORALIS_CHANNEL
LAB,bsc,0x0393ed07965b8908b04457ced180c32aba8343c69c2221a573b6bb973514a0df,2026-05-04T11:49:19.000Z,0x7d7106e0bd3ee6d85e88dabf8721175731cd37f2,0x31d6ea082acc3d4e377528a721ac5c4b891726fb,12.809208352108662,,,,,BETWEEN_UNKNOWN_WALLETS,MORALIS_CHANNEL
LAB,bsc,0x7749db997b536f1710bc6d98660d2ab4af2397d7eadcdf23a1fe313f928e0bab,2026-05-04T11:49:19.000Z,0x31d6ea082acc3d4e377528a721ac5c4b891726fb,0x085f29091ee8a818ede960a89bd578fe4ac8e824,6.681291358450011,,,,,BETWEEN_UNKNOWN_WALLETS,MORALIS_CHANNEL
LAB,bsc,0x7749db997b536f1710bc6d98660d2ab4af2397d7eadcdf23a1fe313f928e0bab,2026-05-04T11:49:19.000Z,0x28e2ea090877bf75740558f6bfb36a5ffee9e9df,0x31d6ea082acc3d4e377528a721ac5c4b891726fb,6.681291358450011,Uniswap,,Uniswap: PoolManager,,FROM_DEX_POOL,MORALIS_CHANNEL
LAB,bsc,0x77cc8f677710a62adc233b19ed2b4612dab83d11aa1e2419d3623e25c0ee2525,2026-05-04T11:49:19.000Z,0x6aba0315493b7e6989041c91181337b662fb1b90,0x73d8bd54f7cf5fab43fe4ef40a62d390644946db,505.3629525275196,Binance Wallet,Binance Wallet,Binance Wallet: Proxy (EIP-1967 Transparent),Binance Wallet: Proxy (EIP-1967 Transparent),TO_MORALIS_LABELED_CEX_PROXY,MORALIS_CHANNEL
LAB,bsc,0x77cc8f677710a62adc233b19ed2b4612dab83d11aa1e2419d3623e25c0ee2525,2026-05-04T11:49:19.000Z,0xb300000b72deaeb607a12d5f54773d1c19c7028d,0x6aba0315493b7e6989041c91181337b662fb1b90,505.3629525275196,,Binance Wallet,,Binance Wallet: Proxy (EIP-1967 Transparent),TO_MORALIS_LABELED_CEX_PROXY,MORALIS_CHANNEL
LAB,bsc,0x77cc8f677710a62adc233b19ed2b4612dab83d11aa1e2419d3623e25c0ee2525,2026-05-04T11:49:19.000Z,0x28e2ea090877bf75740558f6bfb36a5ffee9e9df,0xb300000b72deaeb607a12d5f54773d1c19c7028d,50.675408042331775,Uniswap,,Uniswap: PoolManager,,FROM_DEX_POOL,MORALIS_CHANNEL
LAB,bsc,0x77cc8f677710a62adc233b19ed2b4612dab83d11aa1e2419d3623e25c0ee2525,2026-05-04T11:49:19.000Z,0xc7e3ca54c37f9fc884b588f395e6b60666308f28,0xb300000b72deaeb607a12d5f54773d1c19c7028d,202.29358923220732,,,,,BETWEEN_UNKNOWN_WALLETS,MORALIS_CHANNEL
LAB,bsc,0x77cc8f677710a62adc233b19ed2b4612dab83d11aa1e2419d3623e25c0ee2525,2026-05-04T11:49:19.000Z,0x085f29091ee8a818ede960a89bd578fe4ac8e824,0xb300000b72deaeb607a12d5f54773d1c19c7028d,252.3939552529805,,,,,BETWEEN_UNKNOWN_WALLETS,MORALIS_CHANNEL
LAB,bsc,0xb7ca607959fc7433433cfaf3c1686289ad3a2d0ad56b9e75eb3927737a4bc426,2026-05-04T11:49:19.000Z,0x62ccef0b4545166f721caa9fee13c1d3767e27dc,0xe0881cc50de6a472cd340111e80d70b79d807ac1,199.99647644470542,,,,,BETWEEN_UNKNOWN_WALLETS,MORALIS_CHANNEL
LAB,bsc,0xb7ca607959fc7433433cfaf3c1686289ad3a2d0ad56b9e75eb3927737a4bc426,2026-05-04T11:49:19.000Z,0x62ccef0b4545166f721caa9fee13c1d3767e27dc,0xe0881cc50de6a472cd340111e80d70b79d807ac1,1.99996476644e-7,,,,,BETWEEN_UNKNOWN_WALLETS,MORALIS_CHANNEL
LAB,bsc,0xb7ca607959fc7433433cfaf3c1686289ad3a2d0ad56b9e75eb3927737a4bc426,2026-05-04T11:49:19.000Z,0x3679fcb44596729a9bd52f4f3e6f735020a7a346,0x62ccef0b4545166f721caa9fee13c1d3767e27dc,2.0049359815863497,,,,,BETWEEN_UNKNOWN_WALLETS,MORALIS_CHANNEL
LAB,bsc,0xb7ca607959fc7433433cfaf3c1686289ad3a2d0ad56b9e75eb3927737a4bc426,2026-05-04T11:49:19.000Z,0x085f29091ee8a818ede960a89bd578fe4ac8e824,0x62ccef0b4545166f721caa9fee13c1d3767e27dc,197.99154066311556,,,,,BETWEEN_UNKNOWN_WALLETS,MORALIS_CHANNEL
LAB,bsc,0x36fdc0ab64bb7aa7dc90fe81b02a01eb0178c74cc217590cba377c910d3f3cf1,2026-05-04T11:49:18.000Z,0x28e2ea090877bf75740558f6bfb36a5ffee9e9df,0x3bc367866468d4f80096be899b66ab29d03f2717,4.197287025914897,Uniswap,,Uniswap: PoolManager,,FROM_DEX_POOL,MORALIS_CHANNEL
LAB,bsc,0xf40cbb2accc6984b91009981c7bbaa6787667bd7395d0c998d595fa4a63f7889,2026-05-04T11:49:18.000Z,0x33d66fc0423eb4f69878f38fa2121a4a34a3907e,0x60b97709d633dd4e0f0f44f6102fd50341c0afa6,69,,,,,BETWEEN_UNKNOWN_WALLETS,MORALIS_CHANNEL
LAB,bsc,0xf40cbb2accc6984b91009981c7bbaa6787667bd7395d0c998d595fa4a63f7889,2026-05-04T11:49:18.000Z,0xc7e3ca54c37f9fc884b588f395e6b60666308f28,0x33d66fc0423eb4f69878f38fa2121a4a34a3907e,69,,,,,BETWEEN_UNKNOWN_WALLETS,MORALIS_CHANNEL
LAB,bsc,0x47161479a526b9615683d47900cbab551fe640e22e0c7e788e62844e06bdb7f3,2026-05-04T11:49:14.000Z,0x7a7ad9aa93cd0a2d0255326e5fb145cec14997ff,0x085f29091ee8a818ede960a89bd578fe4ac8e824,1.5223656804418613,Dex Router (OKX),,Dex Router (OKX): UniversalUniswapV3Adaptor,,FROM_MORALIS_LABELED_CEX_PROXY,MORALIS_CHANNEL
LAB,bsc,0x47161479a526b9615683d47900cbab551fe640e22e0c7e788e62844e06bdb7f3,2026-05-04T11:49:14.000Z,0x62ccef0b4545166f721caa9fee13c1d3767e27dc,0x7a7ad9aa93cd0a2d0255326e5fb145cec14997ff,1.5223656804418613,,Dex Router (OKX),,Dex Router (OKX): UniversalUniswapV3Adaptor,TO_MORALIS_LABELED_CEX_PROXY,MORALIS_CHANNEL
LAB,bsc,0x47161479a526b9615683d47900cbab551fe640e22e0c7e788e62844e06bdb7f3,2026-05-04T11:49:14.000Z,0x2a07eeb47234e0a96f427264c61433b7af21b08a,0x62ccef0b4545166f721caa9fee13c1d3767e27dc,1.5223656804418613,,,,,BETWEEN_UNKNOWN_WALLETS,MORALIS_CHANNEL
LAB,bsc,0x31b484bc46a64baa2ed11501d5558a8eb4102de2933d265be322848341378fc4,2026-05-04T11:49:14.000Z,0xc5a1350019fabafe58cb2c3576672b6f7e1fd562,0x085f29091ee8a818ede960a89bd578fe4ac8e824,63.196595542123454,,,,,BETWEEN_UNKNOWN_WALLETS,MORALIS_CHANNEL
LAB,bsc,0xa45f82358c11f23db27e1699851cc9541082ad9553d07ac99a42dde1576967b3,2026-05-04T11:49:14.000Z,0x39682fff3f81cdbed0cdf9356c633f24ca47269a,0x3e0a64501a8981842dc1d722ad6cbcf816aabd1a,127.92377983253078,,,,,BETWEEN_UNKNOWN_WALLETS,MORALIS_CHANNEL
LAB,bsc,0xa45f82358c11f23db27e1699851cc9541082ad9553d07ac99a42dde1576967b3,2026-05-04T11:49:14.000Z,0x085f29091ee8a818ede960a89bd578fe4ac8e824,0x39682fff3f81cdbed0cdf9356c633f24ca47269a,127.92377983253078,,,,,BETWEEN_UNKNOWN_WALLETS,MORALIS_CHANNEL
LAB,bsc,0xb4b2423a0764f923c76d50146d81ec13be89c6259b6dd97a9ce70d1784442645,2026-05-04T11:49:14.000Z,0xb41ae9642f28f4657807004cac7b4b3a85291bca,0xe48f79e7cde558bb205c19d68abfbeb24390c834,385.41369246261354,,,,,BETWEEN_UNKNOWN_WALLETS,MORALIS_CHANNEL
LAB,bsc,0xb4b2423a0764f923c76d50146d81ec13be89c6259b6dd97a9ce70d1784442645,2026-05-04T11:49:14.000Z,0x085f29091ee8a818ede960a89bd578fe4ac8e824,0xb41ae9642f28f4657807004cac7b4b3a85291bca,385.41369246261354,,,,,BETWEEN_UNKNOWN_WALLETS,MORALIS_CHANNEL
LAB,bsc,0xf4afbb1e5ed3da9837d91203f4d00173bd011df42977ed579ea1e71529eebf0d,2026-05-04T11:49:13.000Z,0x9999b0cdd35d7f3b281ba02efc0d228486940515,0x7d7106e0bd3ee6d85e88dabf8721175731cd37f2,7.695450949437189,,,,,BETWEEN_UNKNOWN_WALLETS,MORALIS_CHANNEL
LAB,bsc,0xf4afbb1e5ed3da9837d91203f4d00173bd011df42977ed579ea1e71529eebf0d,2026-05-04T11:49:13.000Z,0x085f29091ee8a818ede960a89bd578fe4ac8e824,0x9999b0cdd35d7f3b281ba02efc0d228486940515,7.695450949437189,,,,,BETWEEN_UNKNOWN_WALLETS,MORALIS_CHANNEL
LAB,bsc,0x2e9a3b966dd1e9a902267058207dfdaa2b6087da3fa7bbbb0e8a458038c70c24,2026-05-04T11:49:13.000Z,0xc5a1350019fabafe58cb2c3576672b6f7e1fd562,0x085f29091ee8a818ede960a89bd578fe4ac8e824,570.4922061464306,,,,,BETWEEN_UNKNOWN_WALLETS,MORALIS_CHANNEL
LAB,bsc,0x73496ac2fa1f4fccd48fee2fa5cf0aab1c50d325bc376660e3c9309197897319,2026-05-04T11:49:13.000Z,0x085f29091ee8a818ede960a89bd578fe4ac8e824,0x7783c3a17589981b14499babc5d59f78a941034f,320.0665608664379,,,,,BETWEEN_UNKNOWN_WALLETS,MORALIS_CHANNEL
LAB,bsc,0x7a1d55e44d870fa693bb967e6e2e2063710058afa1c6e905faacf4b60952f60b,2026-05-04T11:49:13.000Z,0x085f29091ee8a818ede960a89bd578fe4ac8e824,0x689c30597e93dfd0e7877c77bb26ff19c6f9ef07,55.75231243001219,,,,,BETWEEN_UNKNOWN_WALLETS,MORALIS_CHANNEL
LAB,bsc,0x2cf8a31d7da57515858ebf6374ac8320078f69952cfbe981ffc8a9eddd612aa5,2026-05-04T11:49:12.000Z,0x6aba0315493b7e6989041c91181337b662fb1b90,0x73d8bd54f7cf5fab43fe4ef40a62d390644946db,173.52786289415042,Binance Wallet,Binance Wallet,Binance Wallet: Proxy (EIP-1967 Transparent),Binance Wallet: Proxy (EIP-1967 Transparent),TO_MORALIS_LABELED_CEX_PROXY,MORALIS_CHANNEL
LAB,bsc,0x2cf8a31d7da57515858ebf6374ac8320078f69952cfbe981ffc8a9eddd612aa5,2026-05-04T11:49:12.000Z,0xb300000b72deaeb607a12d5f54773d1c19c7028d,0x6aba0315493b7e6989041c91181337b662fb1b90,173.52786289415042,,Binance Wallet,,Binance Wallet: Proxy (EIP-1967 Transparent),TO_MORALIS_LABELED_CEX_PROXY,MORALIS_CHANNEL
LAB,bsc,0x2cf8a31d7da57515858ebf6374ac8320078f69952cfbe981ffc8a9eddd612aa5,2026-05-04T11:49:12.000Z,0x28e2ea090877bf75740558f6bfb36a5ffee9e9df,0xb300000b72deaeb607a12d5f54773d1c19c7028d,17.317260674882082,Uniswap,,Uniswap: PoolManager,,FROM_DEX_POOL,MORALIS_CHANNEL
LAB,bsc,0x2cf8a31d7da57515858ebf6374ac8320078f69952cfbe981ffc8a9eddd612aa5,2026-05-04T11:49:12.000Z,0x7d7106e0bd3ee6d85e88dabf8721175731cd37f2,0xb300000b72deaeb607a12d5f54773d1c19c7028d,17.313505401196302,,,,,BETWEEN_UNKNOWN_WALLETS,MORALIS_CHANNEL
LAB,bsc,0x2cf8a31d7da57515858ebf6374ac8320078f69952cfbe981ffc8a9eddd612aa5,2026-05-04T11:49:12.000Z,0x085f29091ee8a818ede960a89bd578fe4ac8e824,0xb300000b72deaeb607a12d5f54773d1c19c7028d,138.89709681807204,,,,,BETWEEN_UNKNOWN_WALLETS,MORALIS_CHANNEL
LAB,bsc,0x0f2009234fa255f11111295374bf43be48552556213a5c3457bc47f1b41e0342,2026-05-04T11:49:12.000Z,0x28e2ea090877bf75740558f6bfb36a5ffee9e9df,0x689c30597e93dfd0e7877c77bb26ff19c6f9ef07,12.85619633792335,Uniswap,,Uniswap: PoolManager,,FROM_DEX_POOL,MORALIS_CHANNEL
LAB,bsc,0x728f3c8994dc85c1d4f10f982c2902e124b8b66f437be94f64c4e551aa5c45cf,2026-05-04T11:49:12.000Z,0xc5a1350019fabafe58cb2c3576672b6f7e1fd562,0x085f29091ee8a818ede960a89bd578fe4ac8e824,449.5181307456501,,,,,BETWEEN_UNKNOWN_WALLETS,MORALIS_CHANNEL
LAB,bsc,0x15205094a4e776742770878b32cc0ee10a95c67dc012e1e7c54ee429fc09824f,2026-05-04T11:49:12.000Z,0xc7e3ca54c37f9fc884b588f395e6b60666308f28,0x3bc367866468d4f80096be899b66ab29d03f2717,17.942056114826507,,,,,BETWEEN_UNKNOWN_WALLETS,MORALIS_CHANNEL
LAB,bsc,0x4b101db7bbea067d4c01ae26379204e7d6cc733f50b997c84dfa9952c247a83e,2026-05-04T11:49:12.000Z,0x28e2ea090877bf75740558f6bfb36a5ffee9e9df,0x3bc367866468d4f80096be899b66ab29d03f2717,5.973497671178228,Uniswap,,Uniswap: PoolManager,,FROM_DEX_POOL,MORALIS_CHANNEL
LAB,bsc,0xdef82880f84da0167c2ab8cd16edb1fc0fd6aec820309bac025d1d1e7daf0d19,2026-05-04T11:49:12.000Z,0x25c3c965e99223bc450ca059ceab89ce9912a3f3,0x085f29091ee8a818ede960a89bd578fe4ac8e824,2.184381256287491,,,,,BETWEEN_UNKNOWN_WALLETS,MORALIS_CHANNEL
LAB,bsc,0xdef82880f84da0167c2ab8cd16edb1fc0fd6aec820309bac025d1d1e7daf0d19,2026-05-04T11:49:12.000Z,0x28e2ea090877bf75740558f6bfb36a5ffee9e9df,0x25c3c965e99223bc450ca059ceab89ce9912a3f3,2.184381256287491,Uniswap,,Uniswap: PoolManager,,FROM_DEX_POOL,MORALIS_CHANNEL
LAB,bsc,0xdef82880f84da0167c2ab8cd16edb1fc0fd6aec820309bac025d1d1e7daf0d19,2026-05-04T11:49:12.000Z,0x25c3c965e99223bc450ca059ceab89ce9912a3f3,0x085f29091ee8a818ede960a89bd578fe4ac8e824,0.8301442480280465,,,,,BETWEEN_UNKNOWN_WALLETS,MORALIS_CHANNEL
LAB,bsc,0xdef82880f84da0167c2ab8cd16edb1fc0fd6aec820309bac025d1d1e7daf0d19,2026-05-04T11:49:12.000Z,0x28e2ea090877bf75740558f6bfb36a5ffee9e9df,0x25c3c965e99223bc450ca059ceab89ce9912a3f3,0.8301442480280465,Uniswap,,Uniswap: PoolManager,,FROM_DEX_POOL,MORALIS_CHANNEL
LAB,bsc,0xdef82880f84da0167c2ab8cd16edb1fc0fd6aec820309bac025d1d1e7daf0d19,2026-05-04T11:49:12.000Z,0x25c3c965e99223bc450ca059ceab89ce9912a3f3,0x085f29091ee8a818ede960a89bd578fe4ac8e824,7.565856727233997,,,,,BETWEEN_UNKNOWN_WALLETS,MORALIS_CHANNEL
LAB,bsc,0xdef82880f84da0167c2ab8cd16edb1fc0fd6aec820309bac025d1d1e7daf0d19,2026-05-04T11:49:12.000Z,0x7d7106e0bd3ee6d85e88dabf8721175731cd37f2,0x25c3c965e99223bc450ca059ceab89ce9912a3f3,7.565856727233997,,,,,BETWEEN_UNKNOWN_WALLETS,MORALIS_CHANNEL
LAB,bsc,0x4c4b71f4dbd35f1530c075ba941433c390ac538d2fdca950ad7e909698f41413,2026-05-04T11:49:11.000Z,0x085f29091ee8a818ede960a89bd578fe4ac8e824,0xe6451016f095835a0d5ef98a5c0092e47ddf0a93,53.72055815208745,,,,,BETWEEN_UNKNOWN_WALLETS,MORALIS_CHANNEL
LAB,bsc,0xb15a7bd5c1be11c1e2f0abf69fbd755cf93447bc6dbb39371b005f8d40e185a5,2026-05-04T11:49:11.000Z,0x33d66fc0423eb4f69878f38fa2121a4a34a3907e,0x60b97709d633dd4e0f0f44f6102fd50341c0afa6,39,,,,,BETWEEN_UNKNOWN_WALLETS,MORALIS_CHANNEL
LAB,bsc,0xb15a7bd5c1be11c1e2f0abf69fbd755cf93447bc6dbb39371b005f8d40e185a5,2026-05-04T11:49:11.000Z,0xc7e3ca54c37f9fc884b588f395e6b60666308f28,0x33d66fc0423eb4f69878f38fa2121a4a34a3907e,39,,,,,BETWEEN_UNKNOWN_WALLETS,MORALIS_CHANNEL
LAB,bsc,0xee6d98ae314bfdf6c50ead53ab0b976a03a984b121736f7aea20bc73660da2e3,2026-05-04T11:49:11.000Z,0xb41ae9642f28f4657807004cac7b4b3a85291bca,0xe48f79e7cde558bb205c19d68abfbeb24390c834,384.989758574379,,,,,BETWEEN_UNKNOWN_WALLETS,MORALIS_CHANNEL
LAB,bsc,0xee6d98ae314bfdf6c50ead53ab0b976a03a984b121736f7aea20bc73660da2e3,2026-05-04T11:49:11.000Z,0x085f29091ee8a818ede960a89bd578fe4ac8e824,0xb41ae9642f28f4657807004cac7b4b3a85291bca,384.989758574379,,,,,BETWEEN_UNKNOWN_WALLETS,MORALIS_CHANNEL
LAB,bsc,0xd74ac17526c14f77c9979dd00ad37c41694b2b675683ade27fe09149b45f2392,2026-05-04T11:49:11.000Z,0x33d66fc0423eb4f69878f38fa2121a4a34a3907e,0x60b97709d633dd4e0f0f44f6102fd50341c0afa6,31,,,,,BETWEEN_UNKNOWN_WALLETS,MORALIS_CHANNEL
LAB,bsc,0xd74ac17526c14f77c9979dd00ad37c41694b2b675683ade27fe09149b45f2392,2026-05-04T11:49:11.000Z,0xc7e3ca54c37f9fc884b588f395e6b60666308f28,0x33d66fc0423eb4f69878f38fa2121a4a34a3907e,31,,,,,BETWEEN_UNKNOWN_WALLETS,MORALIS_CHANNEL
LAB,bsc,0x69baeba85ae3291b9c19cf2ddd3464c1c83c54d9addad944fa0bbe403f97b30b,2026-05-04T11:49:11.000Z,0x28e2ea090877bf75740558f6bfb36a5ffee9e9df,0x3bc367866468d4f80096be899b66ab29d03f2717,6.387174746964602,Uniswap,,Uniswap: PoolManager,,FROM_DEX_POOL,MORALIS_CHANNEL
LAB,bsc,0xf4fe897f1fb55297d9c6a0c7fee3d87c5da9100de90e58b6fd17ccc3f32d8b3b,2026-05-04T11:49:11.000Z,0xc5a1350019fabafe58cb2c3576672b6f7e1fd562,0x085f29091ee8a818ede960a89bd578fe4ac8e824,372.3926059406552,,,,,BETWEEN_UNKNOWN_WALLETS,MORALIS_CHANNEL
LAB,bsc,0xaa46bd582146a394790cf860301e92888aaa5f3dc2308500ca45ea809b0d86c0,2026-05-04T11:49:11.000Z,0x31d6ea082acc3d4e377528a721ac5c4b891726fb,0x085f29091ee8a818ede960a89bd578fe4ac8e824,2.1321155675998407,,,,,BETWEEN_UNKNOWN_WALLETS,MORALIS_CHANNEL
LAB,bsc,0xaa46bd582146a394790cf860301e92888aaa5f3dc2308500ca45ea809b0d86c0,2026-05-04T11:49:11.000Z,0x238a358808379702088667322f80ac48bad5e6c4,0x31d6ea082acc3d4e377528a721ac5c4b891726fb,2.1321155675998407,,,,,BETWEEN_UNKNOWN_WALLETS,MORALIS_CHANNEL
LAB,bsc,0xc4e2b036410197a7d9fdaaad1fa8eb7cac10f1b9cc29f33c0ce2f46c6cc595bd,2026-05-04T11:49:11.000Z,0x62ccef0b4545166f721caa9fee13c1d3767e27dc,0xb46c4026303ec47fb9f29bf31bffc0b958a359f3,99.48920144531294,,,,,BETWEEN_UNKNOWN_WALLETS,MORALIS_CHANNEL
LAB,bsc,0xc4e2b036410197a7d9fdaaad1fa8eb7cac10f1b9cc29f33c0ce2f46c6cc595bd,2026-05-04T11:49:11.000Z,0x62ccef0b4545166f721caa9fee13c1d3767e27dc,0xb46c4026303ec47fb9f29bf31bffc0b958a359f3,9.9489201544e-8,,,,,BETWEEN_UNKNOWN_WALLETS,MORALIS_CHANNEL
LAB,bsc,0xc4e2b036410197a7d9fdaaad1fa8eb7cac10f1b9cc29f33c0ce2f46c6cc595bd,2026-05-04T11:49:11.000Z,0x2a07eeb47234e0a96f427264c61433b7af21b08a,0x62ccef0b4545166f721caa9fee13c1d3767e27dc,1.9786185786938233,,,,,BETWEEN_UNKNOWN_WALLETS,MORALIS_CHANNEL
LAB,bsc,0xc4e2b036410197a7d9fdaaad1fa8eb7cac10f1b9cc29f33c0ce2f46c6cc595bd,2026-05-04T11:49:11.000Z,0x085f29091ee8a818ede960a89bd578fe4ac8e824,0x62ccef0b4545166f721caa9fee13c1d3767e27dc,97.5105829661083,,,,,BETWEEN_UNKNOWN_WALLETS,MORALIS_CHANNEL
LAB,bsc,0x5962691322d4685d5e5a7d6457a0dbbb577d0df81a86ff7f665e369ef4e2463a,2026-05-04T11:49:11.000Z,0x62ccef0b4545166f721caa9fee13c1d3767e27dc,0xf843ad0e3ed87a71d7bc67b08f11709666df851d,199.6568483294471,,,,,BETWEEN_UNKNOWN_WALLETS,MORALIS_CHANNEL
LAB,bsc,0x5962691322d4685d5e5a7d6457a0dbbb577d0df81a86ff7f665e369ef4e2463a,2026-05-04T11:49:11.000Z,0x62ccef0b4545166f721caa9fee13c1d3767e27dc,0xf843ad0e3ed87a71d7bc67b08f11709666df851d,1.99656848529e-7,,,,,BETWEEN_UNKNOWN_WALLETS,MORALIS_CHANNEL
LAB,bsc,0x5962691322d4685d5e5a7d6457a0dbbb577d0df81a86ff7f665e369ef4e2463a,2026-05-04T11:49:11.000Z,0x2a07eeb47234e0a96f427264c61433b7af21b08a,0x62ccef0b4545166f721caa9fee13c1d3767e27dc,1.9938519527787713,,,,,BETWEEN_UNKNOWN_WALLETS,MORALIS_CHANNEL
LAB,bsc,0x5962691322d4685d5e5a7d6457a0dbbb577d0df81a86ff7f665e369ef4e2463a,2026-05-04T11:49:11.000Z,0x085f29091ee8a818ede960a89bd578fe4ac8e824,0x62ccef0b4545166f721caa9fee13c1d3767e27dc,197.66299657632518,,,,,BETWEEN_UNKNOWN_WALLETS,MORALIS_CHANNEL
LAB,bsc,0xdc989f71f76509d9c1e1e9b521343f153203f3ed078b9020d53d6d44d66a33a0,2026-05-04T11:49:10.000Z,0x62ccef0b4545166f721caa9fee13c1d3767e27dc,0x1906c912bf68f847d719b134aa99c2e3f59a6f44,99.99682302356527,,,,,BETWEEN_UNKNOWN_WALLETS,MORALIS_CHANNEL
LAB,bsc,0xdc989f71f76509d9c1e1e9b521343f153203f3ed078b9020d53d6d44d66a33a0,2026-05-04T11:49:10.000Z,0x62ccef0b4545166f721caa9fee13c1d3767e27dc,0x1906c912bf68f847d719b134aa99c2e3f59a6f44,9.9996823123e-8,,,,,BETWEEN_UNKNOWN_WALLETS,MORALIS_CHANNEL
LAB,bsc,0xdc989f71f76509d9c1e1e9b521343f153203f3ed078b9020d53d6d44d66a33a0,2026-05-04T11:49:10.000Z,0x2a07eeb47234e0a96f427264c61433b7af21b08a,0x62ccef0b4545166f721caa9fee13c1d3767e27dc,2.005849337687209,,,,,BETWEEN_UNKNOWN_WALLETS,MORALIS_CHANNEL
LAB,bsc,0xdc989f71f76509d9c1e1e9b521343f153203f3ed078b9020d53d6d44d66a33a0,2026-05-04T11:49:10.000Z,0x085f29091ee8a818ede960a89bd578fe4ac8e824,0x62ccef0b4545166f721caa9fee13c1d3767e27dc,97.99097378587489,,,,,BETWEEN_UNKNOWN_WALLETS,MORALIS_CHANNEL
LAB,bsc,0x780114d1333bc5f6204d024a896d983a9545a0ac6db4b24d964ffdd376003c1b,2026-05-04T11:49:09.000Z,0x085f29091ee8a818ede960a89bd578fe4ac8e824,0xb85b098448b2aac4af96f5bdd9c6c02373a08975,54.07497261476239,,,,,BETWEEN_UNKNOWN_WALLETS,MORALIS_CHANNEL
LAB,bsc,0xb801660610381bbb2d7655a0d0d4c4761fce2cfe7335066438228636736af8a8,2026-05-04T11:49:09.000Z,0x085f29091ee8a818ede960a89bd578fe4ac8e824,0x175af905198a27b8ddd39e90e3887f3e64705555,323.113239669172,,,,,BETWEEN_UNKNOWN_WALLETS,MORALIS_CHANNEL
LAB,bsc,0x85f1e2aee5f84ade8222b849fb8e6e7d9d5c5f0021a3524e13f249e437758ab7,2026-05-04T11:49:08.000Z,0xc5a1350019fabafe58cb2c3576672b6f7e1fd562,0x085f29091ee8a818ede960a89bd578fe4ac8e824,391.2855158088099,,,,,BETWEEN_UNKNOWN_WALLETS,MORALIS_CHANNEL
LAB,bsc,0x462ef343e9c5d2cc0c5dd176fef888d627cb0339d072ecc6b55b91e8689f396b,2026-05-04T11:49:07.000Z,0x7d7106e0bd3ee6d85e88dabf8721175731cd37f2,0x34962e55a44a711d681edd1fdabd793d55ebd56a,347.82183230420844,,,,,BETWEEN_UNKNOWN_WALLETS,MORALIS_CHANNEL
PEPE,eth,0xd43121857a017957a19d3f16ffdbf94b328e8fe454ba4020c7b1fc63bbe16f7e,2026-05-04T11:56:23.000Z,0x4fb312915b779b1339388e14b6d079741ca83128,0xa03400e098f4421b34a3a44a1b4e571419517687,16204000000,HTX,HTX,HTX: Gnosis Safe Proxy,HTX: Hot Wallet,BETWEEN_LABELED_ENTITIES,MORALIS_CHANNEL
PEPE,eth,0xe4aac3209750d615bd074321b10b6cdef4a34f27d9ca14172dd92783970018dc,2026-05-04T11:56:23.000Z,0x00c9b554414fd22992a3ad666cc2863c53124eac,0x2188539ffe6c715d515cb08902cd7c4b21584728,581233994.405194,,,,,BETWEEN_UNKNOWN_WALLETS,MORALIS_CHANNEL
PEPE,eth,0xc67c689df57b08e4c6ca868209b34af0dc63eb45b43da09d1712e07f557ffe9d,2026-05-04T11:55:47.000Z,0x51dbd97fa14f4d78f8afc2e92a692a9e087efb5c,0x04564c0e34c0fb68a2dc27fbae7f42c24f6c8f52,12143904.346277153,,,,,BETWEEN_UNKNOWN_WALLETS,MORALIS_CHANNEL
PEPE,eth,0x9a3e0010168c7623d997b159fefbe6f5e5c1ab7b478006c1eb476b7283f8ac3c,2026-05-04T11:55:47.000Z,0x7f54f05635d15cde17a49502fedb9d1803a3be8a,0xc4d50263c1e89b65b63c830ff93fadc957064fa4,13881000,,,,,BETWEEN_UNKNOWN_WALLETS,MORALIS_CHANNEL
PEPE,eth,0x9a3e0010168c7623d997b159fefbe6f5e5c1ab7b478006c1eb476b7283f8ac3c,2026-05-04T11:55:47.000Z,0x00000000009726632680fb29d3f7a9734e3010e2,0x7f54f05635d15cde17a49502fedb9d1803a3be8a,13881000,Rainbow.me,,Rainbow.me: RainbowRouter,,BETWEEN_LABELED_ENTITIES,MORALIS_CHANNEL
PEPE,eth,0x9a3e0010168c7623d997b159fefbe6f5e5c1ab7b478006c1eb476b7283f8ac3c,2026-05-04T11:55:47.000Z,0xa57010116e794214ffe73f1b40cb917747d811f3,0x00000000009726632680fb29d3f7a9734e3010e2,14000000,,Rainbow.me,,Rainbow.me: RainbowRouter,BETWEEN_LABELED_ENTITIES,MORALIS_CHANNEL
PEPE,eth,0xb2c549b74c0de78d7f3cd52a1a5c096c03f110c61541ee8ea724aa1ccced5dd3,2026-05-04T11:55:47.000Z,0x28c6c06298d514db089934071355e5743bf21d60,0xf8191d98ae98d2f7abdfb63a9b0b812b93c873aa,49625188013,Binance,,Binance 14,,FROM_MORALIS_LABELED_CEX_PROXY,MORALIS_CHANNEL
PEPE,eth,0x5db5e9b769ecdd03a32d34ed48e4632dea8783deca1c3bb61d01e9e85481287e,2026-05-04T11:54:59.000Z,0x21a31ee1afc51d94c2efccaa2092ad1028285549,0x76723cbf567a895df82c44576a86b2deda559114,26244482.990000002,Binance,,Binance: Hot Wallet,,FROM_MORALIS_LABELED_CEX_PROXY,MORALIS_CHANNEL
PEPE,eth,0xd2bb3a2c8e32440990be7d476c00248d1fade850a6e8ec871feae62f0e2b9a1c,2026-05-04T11:54:47.000Z,0x85f9d0e4ed5a6477482587820a8a3196b1be0c71,0xd83cb8f46517bf6b0a45a0ed9ed8f7f490b755d9,118922977.94,,,,,BETWEEN_UNKNOWN_WALLETS,MORALIS_CHANNEL
PEPE,eth,0x09efa5f90313770f15fc0b9ca6da623c311febd2e4607cdf6cfb3837bb7b4523,2026-05-04T11:53:11.000Z,0xefef30bd1cca520619306c95091ab18473febc5c,0x400610a57fcd11027f240e5cef4b67c3fcdddfa4,89142620,,,,,BETWEEN_UNKNOWN_WALLETS,MORALIS_CHANNEL
PEPE,eth,0x2ab41ec2fc51e50cf4481c0b627a9b46e79950459697e410bbb905b90648215e,2026-05-04T11:52:35.000Z,0x5bdf85216ec1e38d6458c870992a69e38e03f7ef,0xeae7380dd4cef6fbd1144f49e4d1e6964258a4f4,62173532639.77483,Bitget,Wintermute,Bitget: Hot Wallet,Wintermute: Binance Deposit,TO_MORALIS_LABELED_CEX_PROXY,MORALIS_CHANNEL
PEPE,eth,0x92987a3b22277f560b96f7d15434893c3bc5e7f50f9f2706fd4e93ed1cebc040,2026-05-04T11:51:35.000Z,0x256cde88a14a12864ef1ed44724fe0cb8fb9448b,0xcfbbfd5deaa69ac632cfef80fcce21c6d3cf4539,2949.852497,,,,,BETWEEN_UNKNOWN_WALLETS,MORALIS_CHANNEL
PEPE,eth,0x717305b45b84539abba39e250adffa41b552bcb6424e54668d3e2a3a22e0db55,2026-05-04T11:50:35.000Z,0xbeb4dc79a3351f4e707bff53dcb42d36cf764b02,0xb9ed8f6c64af1b070f880768900a6574fb699aa2,7051962.626,,,,,BETWEEN_UNKNOWN_WALLETS,MORALIS_CHANNEL
PEPE,eth,0x26152f1c93ecdb8567d49e3086378101df5d4818e5f7a3d96abaace6c140e090,2026-05-04T11:49:59.000Z,0xa9d1e08c7793af67e9d92fe308d5697fb81d3e43,0xbb651928bb318e448738b09657026a84fe3f990b,32208033,Coinbase,,Coinbase: Hot Wallet,,FROM_MORALIS_LABELED_CEX_PROXY,MORALIS_CHANNEL
PEPE,eth,0x813cc981a7af0fbd8c92c356a958441af3028b6800d32180530a34624bc64bea,2026-05-04T11:49:47.000Z,0x700e0841ce0892969d2f9cf523c6298b3ef056a6,0xb3a46df1b8ca4dc7edf5cde4f42aeca73e85621f,28388,Kraken,,Kraken: Hot Wallet,,BETWEEN_LABELED_ENTITIES,MORALIS_CHANNEL
PEPE,eth,0xbf92c643b2ed3c9b4c11ce591512d32847a939c953ff213e7f56faa888a3275d,2026-05-04T11:49:35.000Z,0xefef30bd1cca520619306c95091ab18473febc5c,0x773ff93b417cd02436f4fa0913b07c9d4d2fbb58,55973014.790199995,,,,,BETWEEN_UNKNOWN_WALLETS,MORALIS_CHANNEL
PEPE,eth,0x9562c1818feb1dc8019372fa396ae1acf2a8177962fc1aa36668c4046ea2e863,2026-05-04T11:48:11.000Z,0xf3d8f38c01af8a7506fcf771bb04bae3365adc2c,0x35270eb3f073745f2eb79ad71a8214911b3202d1,802592407.135313,,,,,BETWEEN_UNKNOWN_WALLETS,MORALIS_CHANNEL
PEPE,eth,0x866f3769593395d2161b3803023e58ca32ce9e2e7bcd6d4fc79b9cf56a869973,2026-05-04T11:46:59.000Z,0x74de5d4fcbf63e00296fd95d33236b9794016631,0x000000000004444c5dc75cb358380d2e3de08a90,2839574.453161511,MetaMask,Uniswap,MetaMask: Spender,Uniswap v4,TO_DEX_POOL,MORALIS_CHANNEL
PEPE,eth,0x866f3769593395d2161b3803023e58ca32ce9e2e7bcd6d4fc79b9cf56a869973,2026-05-04T11:46:59.000Z,0x33576c232b4619ff241d7c5c773d8397b1066a83,0x74de5d4fcbf63e00296fd95d33236b9794016631,2839574.453161511,,MetaMask,,MetaMask: Spender,BETWEEN_LABELED_ENTITIES,MORALIS_CHANNEL
PEPE,eth,0x2f42ba783f24a92962e867acd9cbb2276b537aad0cef3357a6fc6bb708628ea3,2026-05-04T11:45:35.000Z,0xdfd5293d8e347dfe59e90efd55b2956a1343963d,0x781d08fbeaa911cecaf5d2fa637c96353280a6c0,13553738.309999999,Binance,,Binance: Hot Wallet,,FROM_MORALIS_LABELED_CEX_PROXY,MORALIS_CHANNEL
PEPE,eth,0x3d84cb2843a7c201932269151bc3f97eb20e4066a3219c95ff23c92e97d1ad4f,2026-05-04T11:45:11.000Z,0x709de0b97e369661c99ad54f2b858139897d3dba,0x5ac1149b71527c884649daf3c73c6c08e7e272fe,28550674.578870118,,,,,BETWEEN_UNKNOWN_WALLETS,MORALIS_CHANNEL
PEPE,eth,0x3d84cb2843a7c201932269151bc3f97eb20e4066a3219c95ff23c92e97d1ad4f,2026-05-04T11:45:11.000Z,0x6487986a78b126538746937fbd25516971129b3a,0x709de0b97e369661c99ad54f2b858139897d3dba,28550674.578870118,,,,,BETWEEN_UNKNOWN_WALLETS,MORALIS_CHANNEL
PEPE,eth,0x3d84cb2843a7c201932269151bc3f97eb20e4066a3219c95ff23c92e97d1ad4f,2026-05-04T11:45:11.000Z,0x6487986a78b126538746937fbd25516971129b3a,0x37e945ed26b17a631d7df3382c2808cc1c7f07ed,85909.75299559715,,,,,BETWEEN_UNKNOWN_WALLETS,MORALIS_CHANNEL
PEPE,eth,0x3d84cb2843a7c201932269151bc3f97eb20e4066a3219c95ff23c92e97d1ad4f,2026-05-04T11:45:11.000Z,0xa43fe16908251ee70ef74718545e4fe6c5ccec9f,0x6487986a78b126538746937fbd25516971129b3a,28636584.331865717,Uniswap,,Uniswap: V2 Pool,,FROM_DEX_POOL,MORALIS_CHANNEL
PEPE,eth,0x6032a9d60ad4e6bce4f845e89b1205ce05fb4a6e91f83b4dda88630074b43ae9,2026-05-04T11:44:59.000Z,0x56c78aef15f05e7fa53a0ffd8591156f48027006,0x28c6c06298d514db089934071355e5743bf21d60,608680045.9000001,,Binance,,Binance 14,TO_MORALIS_LABELED_CEX_PROXY,MORALIS_CHANNEL
PEPE,eth,0x8fe3af61fb2bfd438be2868e13abd6668e134baa2fedd5ef58e487481b85e213,2026-05-04T11:44:47.000Z,0xa43fe16908251ee70ef74718545e4fe6c5ccec9f,0xb824b5f459e7ea0f464b11837295af3314658ec5,953883975.4104278,Uniswap,,Uniswap: V2 Pool,,FROM_DEX_POOL,MORALIS_CHANNEL
PEPE,eth,0x530166458e06b6cc859269cb6b1648d315e2f17ea48a14b228b9d853218f4427,2026-05-04T11:43:47.000Z,0x0d0707963952f2fba59dd06f2b425ace40b492fe,0x7a40491b2cb2be4f713c22eb46d900d69c57fd94,633595.29,Gate.io,,Gate.io: Hot Wallet,,FROM_MORALIS_LABELED_CEX_PROXY,MORALIS_CHANNEL
PEPE,eth,0x156e7443f6ba27a08257b8ba31e0045aabece4c0e9ffcc5c685de544e5f28546,2026-05-04T11:42:47.000Z,0x0b0f7ebf967146566799229394171fc47f1a765a,0x71956a1cd5a4233177f7bf9a2d5778851e201934,6939722689.656172,,,,,BETWEEN_UNKNOWN_WALLETS,MORALIS_CHANNEL
PEPE,eth,0x706a9fc776831e806e212fc81c7c4681c994ce9c24ccf829ec23bb58d1336355,2026-05-04T11:42:11.000Z,0xbc8a0f5e41857292d12ef620e2a5895ce65a5ce0,0x4a4aaa0155237881fbd5c34bfae16e985a7b068d,10764561945,,,,,BETWEEN_UNKNOWN_WALLETS,MORALIS_CHANNEL
PEPE,eth,0x0b5616b954d9b7700529cb8747b1cde41565277c0d77f50089444debdf738d26,2026-05-04T11:41:59.000Z,0x8e3c36267ce41079d0aa0ea34dbe12f91c8bd99f,0xefef30bd1cca520619306c95091ab18473febc5c,13000000,,,,,BETWEEN_UNKNOWN_WALLETS,MORALIS_CHANNEL
PEPE,eth,0x0f88c6f7b2c721d27fd022abdfd1883717d7dc82f9046ef489e0d72b751b53a3,2026-05-04T11:41:11.000Z,0x37e78fc12bce74d757747a0c8ebff207107546f2,0x0b0f7ebf967146566799229394171fc47f1a765a,6638450385,,,,,BETWEEN_UNKNOWN_WALLETS,MORALIS_CHANNEL
PEPE,eth,0x4a5cd15d0d3c63f9471b7cc3c8d5c8d06865e504ef979877d89a90eb6d6e7290,2026-05-04T11:41:11.000Z,0x03422cb3aabb14957dd9ab5d18e2763a47ff895f,0x0b0f7ebf967146566799229394171fc47f1a765a,448172825.99,,,,,BETWEEN_UNKNOWN_WALLETS,MORALIS_CHANNEL
PEPE,eth,0xdf6d747585e91ee07043f05151b21cba594a6e56a4a2eee24b744511cb7c784b,2026-05-04T11:41:11.000Z,0xe57657a85be4429db9ea9cd6ced34beed9c975f1,0x0b0f7ebf967146566799229394171fc47f1a765a,15277069.4,,,,,BETWEEN_UNKNOWN_WALLETS,MORALIS_CHANNEL
PEPE,eth,0xcf0d45668c4b983a3c7c57b8655dab10635bad5e0040e9e589fda30e7a52c4e9,2026-05-04T11:41:11.000Z,0x700e0841ce0892969d2f9cf523c6298b3ef056a6,0xff2326584d2aa404a4d077e873585e448f6a62dc,1109392.57,Kraken,,Kraken: Hot Wallet,,BETWEEN_LABELED_ENTITIES,MORALIS_CHANNEL
PEPE,eth,0x38801fda20a213a19b1e5d375f08f0a163fb92a5ef1607683b3e2cece54ad3f4,2026-05-04T11:40:47.000Z,0x28c6c06298d514db089934071355e5743bf21d60,0xbc8a0f5e41857292d12ef620e2a5895ce65a5ce0,10764561945,Binance,,Binance 14,,FROM_MORALIS_LABELED_CEX_PROXY,MORALIS_CHANNEL
PEPE,eth,0xa07d3fc2b6a8adb2b6b027a97b6394a0db54408ea8797c34661cc30f315b1844,2026-05-04T11:39:11.000Z,0x5733cc995209e11e3e42479ffc8e9778031cfa06,0x37e78fc12bce74d757747a0c8ebff207107546f2,6074067333,,,,,BETWEEN_UNKNOWN_WALLETS,MORALIS_CHANNEL
PEPE,eth,0x40fe9b903f8a0bebf04f3caa0c954da404ec1e5cba22140ed8436ef96f6f70de,2026-05-04T11:38:23.000Z,0x11950d141ecb863f01007add7d1a342041227b58,0x51c72848c68a965f66fa7a88855f9f7784502a7f,48821139.163267516,Uniswap,Wintermute,Uniswap: V3 Pool,Wintermute: Market Maker,FROM_DEX_POOL,MORALIS_CHANNEL
PEPE,eth,0xae6de6fe68b6c35716790988878dca5a5c8a5237ad58ee15f1dc56b08670cfbc,2026-05-04T11:38:23.000Z,0xa43fe16908251ee70ef74718545e4fe6c5ccec9f,0x51c72848c68a965f66fa7a88855f9f7784502a7f,2061178361.7530024,Uniswap,Wintermute,Uniswap: V2 Pool,Wintermute: Market Maker,FROM_DEX_POOL,MORALIS_CHANNEL
PEPE,eth,0xfccff74f73c786b42ca8d985db21caedd58cb914e5bb1b588f07c525ef61ca58,2026-05-04T11:37:59.000Z,0x7f54f05635d15cde17a49502fedb9d1803a3be8a,0x1d4cadf02a0dcacb8715b75105a8bb9a6c2e3261,191242730.93399242,,,,,BETWEEN_UNKNOWN_WALLETS,MORALIS_CHANNEL
PEPE,eth,0xfccff74f73c786b42ca8d985db21caedd58cb914e5bb1b588f07c525ef61ca58,2026-05-04T11:37:59.000Z,0xa43fe16908251ee70ef74718545e4fe6c5ccec9f,0x7f54f05635d15cde17a49502fedb9d1803a3be8a,191242730.93399242,Uniswap,,Uniswap: V2 Pool,,FROM_DEX_POOL,MORALIS_CHANNEL
PEPE,eth,0xefdcf8bde1e949b6872facb046a9322f7481ff35d26c0b0820e6ab401dcc3afe,2026-05-04T11:37:59.000Z,0xa43fe16908251ee70ef74718545e4fe6c5ccec9f,0x51c72848c68a965f66fa7a88855f9f7784502a7f,555095428.5218095,Uniswap,Wintermute,Uniswap: V2 Pool,Wintermute: Market Maker,FROM_DEX_POOL,MORALIS_CHANNEL
PEPE,eth,0xaebf3f130affcc20da276e44337fcf25546789aea35a763bca70dde33e826df1,2026-05-04T11:37:47.000Z,0x916ed5586bb328e0ec1a428af060dc3d10919d84,0x56c78aef15f05e7fa53a0ffd8591156f48027006,597679887.58,,,,,BETWEEN_UNKNOWN_WALLETS,MORALIS_CHANNEL
PEPE,eth,0x0c90c68c74f29cd547f81fcc1d01b41a8662b94be014c0c177074c51934cc442,2026-05-04T11:37:35.000Z,0x700e0841ce0892969d2f9cf523c6298b3ef056a6,0xb3a46df1b8ca4dc7edf5cde4f42aeca73e85621f,817964.7,Kraken,,Kraken: Hot Wallet,,BETWEEN_LABELED_ENTITIES,MORALIS_CHANNEL
PEPE,eth,0x3cade27a4817b8490673e60add55da7edb7d2d19d5b8597517b7204dc24a493c,2026-05-04T11:35:47.000Z,0x21a31ee1afc51d94c2efccaa2092ad1028285549,0x1ee0705738e3d0f8b498209cf333cfbe48c1aa0f,37658174.35,Binance,,Binance: Hot Wallet,,FROM_MORALIS_LABELED_CEX_PROXY,MORALIS_CHANNEL
PEPE,eth,0x7ae6060153a38b74436766e532014f6f5f156afc16b13c9bd0e0f7211c73815c,2026-05-04T11:34:11.000Z,0x700e0841ce0892969d2f9cf523c6298b3ef056a6,0xc4fd2126028d28cba53bd5ba65ff9186c9d44bca,1557475.58,Kraken,,Kraken: Hot Wallet,,BETWEEN_LABELED_ENTITIES,MORALIS_CHANNEL
PEPE,eth,0x808df1e1fec6a5cd24248706f29cadb230c5cd2216c04345201bbdde3818605c,2026-05-04T11:33:11.000Z,0xf1e6428ecfdd246b4ae11046e7e63730d4a05bce,0x91d40e4818f4d4c57b4578d9eca6afc92ac8debe,398715970.15999997,,,,,BETWEEN_UNKNOWN_WALLETS,MORALIS_CHANNEL
PEPE,eth,0x5fcf216ae0069c2f8d143b3c81c156a6b57f4d51e61be8a1d9e4da0665467c79,2026-05-04T11:32:35.000Z,0xdfd5293d8e347dfe59e90efd55b2956a1343963d,0xf1e6428ecfdd246b4ae11046e7e63730d4a05bce,398715970.15999997,Binance,,Binance: Hot Wallet,,FROM_MORALIS_LABELED_CEX_PROXY,MORALIS_CHANNEL
PEPE,eth,0x589dfa0ff000cd21dac0253b926b6de1af7a322512e7f5003351793d41d342bd,2026-05-04T11:31:59.000Z,0x7461ec0cc35fb77b3f3e9870a1fe6093cc4dadb9,0x48a764da83e07bb8d5695775fb30934356b5ec7a,23847699.643793333,,,,,BETWEEN_UNKNOWN_WALLETS,MORALIS_CHANNEL
PEPE,eth,0xfcf6bca11b0dcad21ea45853feb4e2d84fc70c4c081a683b48a864e21c6a3e7b,2026-05-04T11:30:23.000Z,0xf7e92f4756d7502140fa51911df85a124a9ed17d,0xb2170202b050f0549b9d9733f8258bc917346f98,8619237,,,,,BETWEEN_UNKNOWN_WALLETS,MORALIS_CHANNEL
PEPE,eth,0xfc2887383f1709d02696ca75039fadd636a7d8b2b0f547eec96c4c8f6f5d3254,2026-05-04T11:30:11.000Z,0x1f68053cd925d467852cfecf78bd836f33f0e4a1,0x28c6c06298d514db089934071355e5743bf21d60,3140000000,Smyrna Finance,Binance,Smyrna Finance: Binance Deposit,Binance 14,TO_MORALIS_LABELED_CEX_PROXY,MORALIS_CHANNEL
PEPE,eth,0xb69a456e6244c255969d80a712d377c50fae0cf2f4074b8a692e09b30814ddd1,2026-05-04T11:29:23.000Z,0x916ed5586bb328e0ec1a428af060dc3d10919d84,0x56c78aef15f05e7fa53a0ffd8591156f48027006,1000000,,,,,BETWEEN_UNKNOWN_WALLETS,MORALIS_CHANNEL
PEPE,eth,0xb992a4301fdb6d788a0ddb9bba50e64bacc256c56ad98bb67d786369600cc4eb,2026-05-04T11:27:59.000Z,0xb180647d5ad76abeb6be0d363f6e182bd8df46d1,0xa9d1e08c7793af67e9d92fe308d5697fb81d3e43,424440592,,Coinbase,,Coinbase: Hot Wallet,TO_MORALIS_LABELED_CEX_PROXY,MORALIS_CHANNEL
PEPE,eth,0xa6ec40cb368bc69433eb247eb25124ed8b46b887e57d68bf56c9f17b9a92ff92,2026-05-04T11:26:35.000Z,0xa8f8296f4053fd65e89b245d6c7f983a70234c8b,0x1422ad723a29884de02904dadd67b0219d9daf66,500716878.48112345,,,,,BETWEEN_UNKNOWN_WALLETS,MORALIS_CHANNEL
PEPE,eth,0xa6ec40cb368bc69433eb247eb25124ed8b46b887e57d68bf56c9f17b9a92ff92,2026-05-04T11:26:35.000Z,0xa8f8296f4053fd65e89b245d6c7f983a70234c8b,0x922164bbbd36acf9e854acbbf32facc949fcaeef,200366.89815171008,,,,,BETWEEN_UNKNOWN_WALLETS,MORALIS_CHANNEL
PEPE,eth,0xa6ec40cb368bc69433eb247eb25124ed8b46b887e57d68bf56c9f17b9a92ff92,2026-05-04T11:26:35.000Z,0xa43fe16908251ee70ef74718545e4fe6c5ccec9f,0xa8f8296f4053fd65e89b245d6c7f983a70234c8b,500917245.3792752,Uniswap,,Uniswap: V2 Pool,,FROM_DEX_POOL,MORALIS_CHANNEL
PEPE,eth,0x693a7338d6dc22dee8865e7a08d67c5c668958115739489a4d7c2dab2bdc4489,2026-05-04T11:26:23.000Z,0x700e0841ce0892969d2f9cf523c6298b3ef056a6,0xf25622d22de40a989fb68315bd2984e008608377,716549.43,Kraken,,Kraken: Hot Wallet,,BETWEEN_LABELED_ENTITIES,MORALIS_CHANNEL
PEPE,eth,0xddc9eec48c0485fe051b811d4643dd7c44367542f9cd3a4f34d397bfb9dff637,2026-05-04T11:25:47.000Z,0x97915eb605964f6bcbf1d2f9b9f0f9352faa5b7e,0x4201fb8d404d652e664b1976a3cb5ce1c4e00a8b,117172.13501915606,,,,,BETWEEN_UNKNOWN_WALLETS,MORALIS_CHANNEL
PEPE,eth,0x3b0ff0e6e20215f0821f3acbd789b0dd812d29a7e29068b195d98048e840341c,2026-05-04T11:25:35.000Z,0xa43fe16908251ee70ef74718545e4fe6c5ccec9f,0x396e642e23ae91de88dae0fff5f089ce95e64996,29292.721364731697,Uniswap,,Uniswap: V2 Pool,,FROM_DEX_POOL,MORALIS_CHANNEL
PEPE,eth,0x1810771475f6d64011fc7174869055cce3eea5aa1f65153ecbd975faf09e705a,2026-05-04T11:25:35.000Z,0x11950d141ecb863f01007add7d1a342041227b58,0xbe99650984724e965a81818109e3ca3efec942d5,3580870.784135174,Uniswap,,Uniswap: V3 Pool,,FROM_DEX_POOL,MORALIS_CHANNEL
PEPE,eth,0x1810771475f6d64011fc7174869055cce3eea5aa1f65153ecbd975faf09e705a,2026-05-04T11:25:35.000Z,0xa43fe16908251ee70ef74718545e4fe6c5ccec9f,0xbe99650984724e965a81818109e3ca3efec942d5,20290344.577365384,Uniswap,,Uniswap: V2 Pool,,FROM_DEX_POOL,MORALIS_CHANNEL
PEPE,eth,0x644c9b0a01c3b56581c1c96a12796ff5852a97cb64e419287c5b3553648706d0,2026-05-04T11:25:23.000Z,0x49c10fc1dd673c3091c5355ea350bd9ed7219efc,0x8e3c36267ce41079d0aa0ea34dbe12f91c8bd99f,13000000,,,,,BETWEEN_UNKNOWN_WALLETS,MORALIS_CHANNEL
PEPE,eth,0xd2c224ccd2d044228d92e487910458d6cd9f7f9412b2ec47cdcd23a50042e7de,2026-05-04T11:25:11.000Z,0xa03400e098f4421b34a3a44a1b4e571419517687,0x1f68053cd925d467852cfecf78bd836f33f0e4a1,3140000000,HTX,Smyrna Finance,HTX: Hot Wallet,Smyrna Finance: Binance Deposit,TO_MORALIS_LABELED_CEX_PROXY,MORALIS_CHANNEL
PEPE,eth,0xd69d7133f70d2e1657cb61fc5f3024cfa1ee768f36e0ac507e8386057af41b8a,2026-05-04T11:25:11.000Z,0xc80afd311c9626528de66d86814770361fe92416,0x45075cad8df860e5889be4f6b4a7696fce710076,14789251.999999998,,,,,BETWEEN_UNKNOWN_WALLETS,MORALIS_CHANNEL
PEPE,eth,0x196b21b19fc252897f39dc6bf5dc4ec66b98d07810edee22a43facaccad65013,2026-05-04T11:23:35.000Z,0x179cf051d12704836c2dabdcdd8368bfc8728413,0x70517d151f1d380a3dbc344b20e144388470c422,42070000,,,,,BETWEEN_UNKNOWN_WALLETS,MORALIS_CHANNEL
PEPE,eth,0xe535d7dea0121fb0c7a9b4d282fa182e964dad5ca749672ea8c6f78f072a6f2c,2026-05-04T11:23:11.000Z,0x8f335bcc4080a9cd4f6ada9ea94ef6d199f53005,0x28c6c06298d514db089934071355e5743bf21d60,8599415602.82,,Binance,,Binance 14,TO_MORALIS_LABELED_CEX_PROXY,MORALIS_CHANNEL
PEPE,eth,0x1ec436ffffabaabe651e45dab39ca8b9d5a0b4b0eb349d996acc49b7ab7719bc,2026-05-04T11:23:11.000Z,0xe3b13232b26c8504be27ff4076e2f6d87944adcd,0x28c6c06298d514db089934071355e5743bf21d60,31526572.802932322,,Binance,,Binance 14,TO_MORALIS_LABELED_CEX_PROXY,MORALIS_CHANNEL
PEPE,eth,0xb91a3696129b431a1d3a4f1da82aa669c1e48162dcbdb8aaf628cc5dc6a89735,2026-05-04T11:23:11.000Z,0x700e0841ce0892969d2f9cf523c6298b3ef056a6,0xc4fd2126028d28cba53bd5ba65ff9186c9d44bca,1251181.5699999998,Kraken,,Kraken: Hot Wallet,,BETWEEN_LABELED_ENTITIES,MORALIS_CHANNEL
PEPE,eth,0xd42dfb7c40f90ea77d1ad68848042638a13729b437ef29bebcb20eb44119f3dc,2026-05-04T11:21:59.000Z,0x2ac51184e197248553827704f162234808664759,0x179cf051d12704836c2dabdcdd8368bfc8728413,42070000,,,,,BETWEEN_UNKNOWN_WALLETS,MORALIS_CHANNEL
PEPE,eth,0xe7cc8861bafc2374c3e6e20f18494a97e8177639b58c64292cafa9e37950e41b,2026-05-04T11:20:35.000Z,0x24eb3a39856723138796c5068a17ba4fb15cd25e,0xcffad3200574698b78f32232aa9d63eabd290703,1853345000,,Crypto.com,,Crypto.com: Hot Wallet,BETWEEN_LABELED_ENTITIES,MORALIS_CHANNEL
PEPE,eth,0x38b41e006409a847fa5f7c615fbb98837a25986344d5bf30303de32e453bf7d9,2026-05-04T11:19:59.000Z,0x1fa38aa03ad71ef50e81d24d422f37445bc692e5,0xe3b13232b26c8504be27ff4076e2f6d87944adcd,31526572.802932322,,,,,BETWEEN_UNKNOWN_WALLETS,MORALIS_CHANNEL
PEPE,eth,0xe610d1b292adc838d0230cfdaf70cd6c50623c0fb4e9aa0ecd56a47e0e2a593f,2026-05-04T11:19:35.000Z,0x74de5d4fcbf63e00296fd95d33236b9794016631,0xa43fe16908251ee70ef74718545e4fe6c5ccec9f,1781286.5765361425,MetaMask,Uniswap,MetaMask: Spender,Uniswap: V2 Pool,TO_DEX_POOL,MORALIS_CHANNEL
PEPE,eth,0xe610d1b292adc838d0230cfdaf70cd6c50623c0fb4e9aa0ecd56a47e0e2a593f,2026-05-04T11:19:35.000Z,0x36765e18c83d46252d3c8eb9118ab3eac8f4e5c9,0x74de5d4fcbf63e00296fd95d33236b9794016631,1781286.5765361425,,MetaMask,,MetaMask: Spender,BETWEEN_LABELED_ENTITIES,MORALIS_CHANNEL
PEPE,eth,0xf23d05b6809b775e6bb21cce4dc02ba0a5729577e5ca77653024015a6546b4c5,2026-05-04T11:18:23.000Z,0x700e0841ce0892969d2f9cf523c6298b3ef056a6,0xc4fd2126028d28cba53bd5ba65ff9186c9d44bca,1234866.7,Kraken,,Kraken: Hot Wallet,,BETWEEN_LABELED_ENTITIES,MORALIS_CHANNEL
PEPE,eth,0x2099a9db207cbba61c321539ee4f9838a20311eac1797cd38981c5f6bb96306b,2026-05-04T11:17:23.000Z,0xa43fe16908251ee70ef74718545e4fe6c5ccec9f,0xd2201a999ddc801ef663dae74b5042df247ee622,29293.032524847535,Uniswap,,Uniswap: V2 Pool,,FROM_DEX_POOL,MORALIS_CHANNEL
PEPE,eth,0x99afbe8cc1ab9138fa071c1a658daf0c6de9842c9b364a104f26e9cd4fc94bc0,2026-05-04T11:16:35.000Z,0xa9d1e08c7793af67e9d92fe308d5697fb81d3e43,0x961204cac7f17aa4119675f986235342943a0cf8,22170841.63555176,Coinbase,,Coinbase: Hot Wallet,,FROM_MORALIS_LABELED_CEX_PROXY,MORALIS_CHANNEL
PEPE,eth,0x98084ee5d2811fc8a52b7db5d5971f73f478a9116cd51b18cd74a9c62cf61667,2026-05-04T11:16:23.000Z,0xd4d2960e1e58a597723ae021cc811193f79153b1,0xb180647d5ad76abeb6be0d363f6e182bd8df46d1,424440592,,,,,BETWEEN_UNKNOWN_WALLETS,MORALIS_CHANNEL
PEPE,eth,0xebd6b53b82c5e57a493dc143eca05f3635cfe82ca5090ac12fbb85da8f8b90b8,2026-05-04T11:16:11.000Z,0x9642b23ed1e01df1092b92641051881a322f5d4e,0x75b5de92dc682ffebadacfdcd369ea418b84caa1,7999877022,,,,,BETWEEN_UNKNOWN_WALLETS,MORALIS_CHANNEL
PEPE,eth,0x18947f3e198c214515c83d95eeb02611aecc422c6c8bbfd87792a37a1bfe6c8a,2026-05-04T11:15:47.000Z,0xeae7380dd4cef6fbd1144f49e4d1e6964258a4f4,0x28c6c06298d514db089934071355e5743bf21d60,21660512171,Wintermute,Binance,Wintermute: Binance Deposit,Binance 14,TO_MORALIS_LABELED_CEX_PROXY,MORALIS_CHANNEL
PEPE,eth,0x33491e1c37d3930d8618087d53045c89e5c7296f4a75ca4130e85d0ba5e75591,2026-05-04T11:15:23.000Z,0x992c59d45dd67706d7aaa118beb331c203858417,0x46fc0c0879ee74383fc42a72da1bc0a5e625fbb8,2917914.868021355,,,,,BETWEEN_UNKNOWN_WALLETS,MORALIS_CHANNEL
PEPE,eth,0x3652522c5406c93c45e7ba5d416316205c2baf199e66c548cf420a2ae184c170,2026-05-04T11:14:59.000Z,0xa9d1e08c7793af67e9d92fe308d5697fb81d3e43,0x961204cac7f17aa4119675f986235342943a0cf8,4791531.63555176,Coinbase,,Coinbase: Hot Wallet,,FROM_MORALIS_LABELED_CEX_PROXY,MORALIS_CHANNEL
PEPE,eth,0xf77164caaef78a9ffa7c42b0f068fe2a8f872d6416a80038d6368b6f6cbc4894,2026-05-04T11:14:23.000Z,0x28c6c06298d514db089934071355e5743bf21d60,0xf5a2da80c6328511e8d5a10f5f89437b96b80355,824052,Binance,,Binance 14,,FROM_MORALIS_LABELED_CEX_PROXY,MORALIS_CHANNEL
PEPE,eth,0x3689a191f0809b4b492e11a6b9292abe20b5483fac89e8155aff12da968048af,2026-05-04T11:14:11.000Z,0xe9a911b75ff5bb6e7b41a045b4d3ceedb6101381,0x2ac51184e197248553827704f162234808664759,7307090065.66,,,,,BETWEEN_UNKNOWN_WALLETS,MORALIS_CHANNEL
PEPE,eth,0x373319a1670072cb55fa73d3e49ad44f079cf08c08c3542c07603ad1a091cfe8,2026-05-04T11:12:59.000Z,0x86a067030a9668c13ff2a8c4d5415afc776d4c63,0x28c6c06298d514db089934071355e5743bf21d60,9190077270,,Binance,,Binance 14,TO_MORALIS_LABELED_CEX_PROXY,MORALIS_CHANNEL
PEPE,eth,0xa647b8635dd51c148202ecd5f447a11d207821d5d495585c3d57a9bcf111d70a,2026-05-04T11:12:47.000Z,0xa03400e098f4421b34a3a44a1b4e571419517687,0x8f335bcc4080a9cd4f6ada9ea94ef6d199f53005,8599415602.82,HTX,,HTX: Hot Wallet,,BETWEEN_LABELED_ENTITIES,MORALIS_CHANNEL
PEPE,eth,0xad16900e171c45f2d848b01c307b9302abde3ad54274b77ef56b00fb3e5eab75,2026-05-04T11:10:59.000Z,0x56164930422ca2ab4ecd56204d431135f2631d35,0x8898c655fa1f132d910310df07d858bab6fe0364,1725561.1800000002,,,,,BETWEEN_UNKNOWN_WALLETS,MORALIS_CHANNEL
PEPE,eth,0xbd3ec3fa4f11b098d81e4b5beb11f78263e4b2d08183c42d3b35de3f8fc1a33e,2026-05-04T11:09:47.000Z,0x4c3ccc98c01103be72bcfd29e1d2454c98d1a6e3,0x9ba0cf1588e1dfa905ec948f7fe5104dd40eda31,19707364.689339403,,,,,BETWEEN_UNKNOWN_WALLETS,MORALIS_CHANNEL
PEPE,eth,0xbd3ec3fa4f11b098d81e4b5beb11f78263e4b2d08183c42d3b35de3f8fc1a33e,2026-05-04T11:09:47.000Z,0x4c3ccc98c01103be72bcfd29e1d2454c98d1a6e3,0xb1f05c103cdd519e9f9785cda23c03635a598be4,227254.66058918592,,,,,BETWEEN_UNKNOWN_WALLETS,MORALIS_CHANNEL
PEPE,eth,0xbd3ec3fa4f11b098d81e4b5beb11f78263e4b2d08183c42d3b35de3f8fc1a33e,2026-05-04T11:09:47.000Z,0xfa269ec94c6fd5b831658d954def2399c490c079,0x4c3ccc98c01103be72bcfd29e1d2454c98d1a6e3,19934619.34992859,,,,,BETWEEN_UNKNOWN_WALLETS,MORALIS_CHANNEL
PEPE,eth,0xea046984d9f0f381b171af182fe0dce91132084f3f931a4fd042ce08d28dda8c,2026-05-04T11:09:35.000Z,0x02e701c691a47fff9ced9e0ca8c16122cd7ef4c0,0x93228d328c9c74c2bfe9f97638bbb5ef322f2bd5,37521989.40366163,,,,,BETWEEN_UNKNOWN_WALLETS,MORALIS_CHANNEL
PEPE,eth,0x25de586d43269f1ae5ceb556db5734fe5b089bc43cc8d1d7b773d2f4b066e583,2026-05-04T11:08:47.000Z,0x7f54f05635d15cde17a49502fedb9d1803a3be8a,0xc4d50263c1e89b65b63c830ff93fadc957064fa4,126248355.8055535,,,,,BETWEEN_UNKNOWN_WALLETS,MORALIS_CHANNEL
PEPE,eth,0x25de586d43269f1ae5ceb556db5734fe5b089bc43cc8d1d7b773d2f4b066e583,2026-05-04T11:08:47.000Z,0xb92fe925dc43a0ecde6c8b1a2709c170ec4fff4f,0x7f54f05635d15cde17a49502fedb9d1803a3be8a,126248355.8055535,,,,,BETWEEN_UNKNOWN_WALLETS,MORALIS_CHANNEL
PEPE,eth,0x25de586d43269f1ae5ceb556db5734fe5b089bc43cc8d1d7b773d2f4b066e583,2026-05-04T11:08:47.000Z,0x9a47f3289794e9bbc6a3c571f6d96ad4e7baed16,0xb92fe925dc43a0ecde6c8b1a2709c170ec4fff4f,126248355.8055535,,,,,BETWEEN_UNKNOWN_WALLETS,MORALIS_CHANNEL
PEPE,eth,0x25de586d43269f1ae5ceb556db5734fe5b089bc43cc8d1d7b773d2f4b066e583,2026-05-04T11:08:47.000Z,0x9a47f3289794e9bbc6a3c571f6d96ad4e7baed16,0x4acb6c4321253548a7d4bb9c84032cc4ee04bfd7,1114424.326152427,,,,,BETWEEN_UNKNOWN_WALLETS,MORALIS_CHANNEL
PEPE,eth,0x25de586d43269f1ae5ceb556db5734fe5b089bc43cc8d1d7b773d2f4b066e583,2026-05-04T11:08:47.000Z,0x2e800f666b592f6bd1311b0eb240afa270498d4b,0x9a47f3289794e9bbc6a3c571f6d96ad4e7baed16,127362780.13170592,,,,,BETWEEN_UNKNOWN_WALLETS,MORALIS_CHANNEL
PEPE,eth,0x218eb212fd010d8af1c5e75c60355f92b60645cf712704dca9b9c4f4d4ad1fa1,2026-05-04T11:07:47.000Z,0x9642b23ed1e01df1092b92641051881a322f5d4e,0x34172d4fc5cacfc219008c8d7eacedbbe6501b33,516195556,,,,,BETWEEN_UNKNOWN_WALLETS,MORALIS_CHANNEL
PEPE,eth,0x13ce2235511b04023d100bef438a3b96e50cfdc75721bd15f522ce5ba08bde9e,2026-05-04T11:07:47.000Z,0x9642b23ed1e01df1092b92641051881a322f5d4e,0x1a9d699aee3a56ca49d0cc3b542ae3a37885a3e1,2909314593.972,,,,,BETWEEN_UNKNOWN_WALLETS,MORALIS_CHANNEL
PEPE,eth,0x2c41a94a6fa88bb72fb5ca8be38d6cb4ccea489c183d44e2747fa62b96d67627,2026-05-04T11:07:11.000Z,0x84c65494c13a33828796722a5badc90e1f99a794,0xcc0c67b2aa0a6f2a0655d7e0c0944027e3fdb091,4876496.532290045,,,,,BETWEEN_UNKNOWN_WALLETS,MORALIS_CHANNEL
PEPE,eth,0x2c41a94a6fa88bb72fb5ca8be38d6cb4ccea489c183d44e2747fa62b96d67627,2026-05-04T11:07:11.000Z,0x84c65494c13a33828796722a5badc90e1f99a794,0x98905b518de1ecf2fdad7f089bf36b8c0a539bea,19505986.12916018,,,,,BETWEEN_UNKNOWN_WALLETS,MORALIS_CHANNEL
PEPE,eth,0x2c41a94a6fa88bb72fb5ca8be38d6cb4ccea489c183d44e2747fa62b96d67627,2026-05-04T11:07:11.000Z,0xe55acc32753503f51113ca95f9005566efc44f04,0x84c65494c13a33828796722a5badc90e1f99a794,24382482.66145023,,,,,BETWEEN_UNKNOWN_WALLETS,MORALIS_CHANNEL
PEPE,eth,0x81fcc11071c5559328acb2af84dc5864ba389d0d96f9f85cbeaf57d6ac321b63,2026-05-04T11:06:59.000Z,0x700e0841ce0892969d2f9cf523c6298b3ef056a6,0xc4fd2126028d28cba53bd5ba65ff9186c9d44bca,1126354.58,Kraken,,Kraken: Hot Wallet,,BETWEEN_LABELED_ENTITIES,MORALIS_CHANNEL
FLOKI,eth,0xb2e47c13066521c56c2c4343be301fae808a9b7b01cc49c5549b73d68959a053,2026-05-04T11:49:35.000Z,0xa194cd4d87ae993f185a29932af95ba1d4f76f3e,0x807bde42de5c63d0e784cf65e6566c5ab8e6b933,0.000086989989423152,,,,,BETWEEN_UNKNOWN_WALLETS,MORALIS_CHANNEL
FLOKI,eth,0x49d3dced104a7599c00ad932d93a39bf0864ed8272b09273b05eccafc38daa03,2026-05-04T11:46:23.000Z,0xb8d2471e35ee033db509e0456c8efc4135f4ee43,0xa194cd4d87ae993f185a29932af95ba1d4f76f3e,0.000086989989423152,,,,,BETWEEN_UNKNOWN_WALLETS,MORALIS_CHANNEL
FLOKI,eth,0x49d3dced104a7599c00ad932d93a39bf0864ed8272b09273b05eccafc38daa03,2026-05-04T11:46:23.000Z,0xb8d2471e35ee033db509e0456c8efc4135f4ee43,0x000000000000000000000000000000000000dead,0.000015351174604085,,Burn Addresses,,Burn Address: 0x00...dEaD,BETWEEN_LABELED_ENTITIES,MORALIS_CHANNEL
FLOKI,eth,0x5309ed93e2b224021bd1b2845ebe51e6ecbde571bc80c834a3d5d33fd3b94b57,2026-05-04T11:42:59.000Z,0xeae7380dd4cef6fbd1144f49e4d1e6964258a4f4,0x28c6c06298d514db089934071355e5743bf21d60,0.996476074,Wintermute,Binance,Wintermute: Binance Deposit,Binance 14,TO_MORALIS_LABELED_CEX_PROXY,MORALIS_CHANNEL
FLOKI,eth,0xb665be400a84caaa1866f7610740f9eb06aeb00d73587434faff7c654944ab61,2026-05-04T11:41:23.000Z,0xe8df52f3a0b68ed4de91ec254b051759862a6a6f,0x0b0f7ebf967146566799229394171fc47f1a765a,0.136309229,,,,,BETWEEN_UNKNOWN_WALLETS,MORALIS_CHANNEL
FLOKI,eth,0x238945f6928ebdc53b3176c4df674cef15fb195d24a43b2e5e6df52adc7cc022,2026-05-04T11:38:59.000Z,0x5733cc995209e11e3e42479ffc8e9778031cfa06,0xe8df52f3a0b68ed4de91ec254b051759862a6a6f,0.136309229,,,,,BETWEEN_UNKNOWN_WALLETS,MORALIS_CHANNEL
FLOKI,eth,0x8b6cde85c45016012c320fd381dd86ddb217e947df18de8a5db30a76e396ce30,2026-05-04T11:38:23.000Z,0xab782bc7d4a2b306825de5a7730034f8f63ee1bc,0xeae7380dd4cef6fbd1144f49e4d1e6964258a4f4,0.996476074,Bitvavo,Wintermute,Bitvavo: Hot Wallet,Wintermute: Binance Deposit,TO_MORALIS_LABELED_CEX_PROXY,MORALIS_CHANNEL
FLOKI,eth,0x75a7a37ce3a90a9fce78b6dfc329237c36b7fd9c23620cd0e5805616010b9e73,2026-05-04T11:30:11.000Z,0x18cb7e4ab455664cf4dae7903560c6b925b590d9,0x28c6c06298d514db089934071355e5743bf21d60,0.24,,Binance,,Binance 14,TO_MORALIS_LABELED_CEX_PROXY,MORALIS_CHANNEL
FLOKI,eth,0x5fb9c1cde3326c80ff92f0a2cb0efa3b7f95aca853d3c5053c6e28b1a470d1e3,2026-05-04T11:24:47.000Z,0x7f54f05635d15cde17a49502fedb9d1803a3be8a,0xb7131fc8cdc43060a6210257f537dba5fcae6aed,0.000483354848068061,,,,,BETWEEN_UNKNOWN_WALLETS,MORALIS_CHANNEL
FLOKI,eth,0x5fb9c1cde3326c80ff92f0a2cb0efa3b7f95aca853d3c5053c6e28b1a470d1e3,2026-05-04T11:24:47.000Z,0x74de5d4fcbf63e00296fd95d33236b9794016631,0x7f54f05635d15cde17a49502fedb9d1803a3be8a,0.000483354848068061,MetaMask,,MetaMask: Spender,,BETWEEN_LABELED_ENTITIES,MORALIS_CHANNEL
FLOKI,eth,0x5fb9c1cde3326c80ff92f0a2cb0efa3b7f95aca853d3c5053c6e28b1a470d1e3,2026-05-04T11:24:47.000Z,0x31816d68a1ca95cde1be8195b17eb5c0b8e449e0,0x74de5d4fcbf63e00296fd95d33236b9794016631,0.000483354848068061,,MetaMask,,MetaMask: Spender,BETWEEN_LABELED_ENTITIES,MORALIS_CHANNEL
FLOKI,eth,0x9c9b2a0075208884882a05771ec5062f5f80ccb0bb8117a1dabaca3e7f61cfba,2026-05-04T11:24:35.000Z,0x7283632795760af0f19150d2845b77011d0ce8f5,0x18cb7e4ab455664cf4dae7903560c6b925b590d9,0.24,,,,,BETWEEN_UNKNOWN_WALLETS,MORALIS_CHANNEL
FLOKI,eth,0xcf74a1ccbf0c6c3a6a923ca9c1e46487fb351e842d88261c2b08daf7ddd550fa,2026-05-04T11:23:47.000Z,0xcffad3200574698b78f32232aa9d63eabd290703,0xa023f08c70a23abc7edfc5b6b5e171d78dfc947e,0.49064153448,Crypto.com,,Crypto.com: Hot Wallet,,BETWEEN_LABELED_ENTITIES,MORALIS_CHANNEL
FLOKI,eth,0x8ef1ed40e78eed34ad55f875550cd9e4410ee9789dd3233061b4cd19df0c31e7,2026-05-04T11:21:23.000Z,0x927dac0d0e14595be03a41d594c282db0a20a557,0x213222e377c58ef97710af4c6ea0dad7c0e7a38e,0.000470046443026545,,,,,BETWEEN_UNKNOWN_WALLETS,MORALIS_CHANNEL
FLOKI,eth,0x4e733245a8814ef58cface12985c46645b4c8bf7d49340b06d25d3fd7c44daf6,2026-05-04T11:17:23.000Z,0x58edf78281334335effa23101bbe3371b6a36a51,0x324f044078dd578de6f21d5b682922d759301086,0.03213240697737626,KuCoin,,KuCoin: Hot Wallet,,FROM_MORALIS_LABELED_CEX_PROXY,MORALIS_CHANNEL
FLOKI,eth,0xf7b415734a06c5af0be3cf5a6816e07cbbe72c8adc9ba59a6d2aa79802defa82,2026-05-04T11:05:47.000Z,0x76130907011fc557d0095b5941396a094a3a1585,0xb334a61a6209f14b5fa5f1684a4ed7621f66e1ef,0.162326622,,,,,BETWEEN_UNKNOWN_WALLETS,MORALIS_CHANNEL
FLOKI,eth,0x6ebac1acc38d9e50682aaee59229884fc8a6009403a982523b9250797ddc2f53,2026-05-04T11:01:35.000Z,0xf33368d19b095242f287b1264e97f51e29333301,0x5733cc995209e11e3e42479ffc8e9778031cfa06,0.104456174,,,,,BETWEEN_UNKNOWN_WALLETS,MORALIS_CHANNEL
FLOKI,eth,0xfe6744441dfb3a09b3722d403e4391ce850cfae6303ee1bb5d69979b81acb63c,2026-05-04T10:59:59.000Z,0xab782bc7d4a2b306825de5a7730034f8f63ee1bc,0x5733cc995209e11e3e42479ffc8e9778031cfa06,0.031853055,Bitvavo,,Bitvavo: Hot Wallet,,BETWEEN_LABELED_ENTITIES,MORALIS_CHANNEL
FLOKI,eth,0xab88dde679725ba5fbc9667f94a16ccee78a9ab67b32062b31a3f2c2c102e71b,2026-05-04T10:57:59.000Z,0xdfd5293d8e347dfe59e90efd55b2956a1343963d,0x76130907011fc557d0095b5941396a094a3a1585,0.162326622,Binance,,Binance: Hot Wallet,,FROM_MORALIS_LABELED_CEX_PROXY,MORALIS_CHANNEL
FLOKI,eth,0x1080dbdabba338c4bcc30388e34093db16b1ba7cf9f0319eb7d344ba49908fbb,2026-05-04T10:52:35.000Z,0xbee3211ab312a8d065c4fef0247448e17a8da000,0xca7c2771d248dcbe09eabe0ce57a62e18da178c0,0.05959855877155838,,Uniswap,,Uniswap: V2 Pool,TO_DEX_POOL,MORALIS_CHANNEL
FLOKI,eth,0x1080dbdabba338c4bcc30388e34093db16b1ba7cf9f0319eb7d344ba49908fbb,2026-05-04T10:52:35.000Z,0xbee3211ab312a8d065c4fef0247448e17a8da000,0xbc530bfa3fca1a731149248afc7f750c18360de1,0.000179333677346715,,,,,BETWEEN_UNKNOWN_WALLETS,MORALIS_CHANNEL
FLOKI,eth,0x1080dbdabba338c4bcc30388e34093db16b1ba7cf9f0319eb7d344ba49908fbb,2026-05-04T10:52:35.000Z,0xbc530bfa3fca1a731149248afc7f750c18360de1,0xca7c2771d248dcbe09eabe0ce57a62e18da178c0,0.00002567386021078,,Uniswap,,Uniswap: V2 Pool,TO_DEX_POOL,MORALIS_CHANNEL
FLOKI,eth,0x1080dbdabba338c4bcc30388e34093db16b1ba7cf9f0319eb7d344ba49908fbb,2026-05-04T10:52:35.000Z,0xbc530bfa3fca1a731149248afc7f750c18360de1,0xca7c2771d248dcbe09eabe0ce57a62e18da178c0,0.000231064741897028,,Uniswap,,Uniswap: V2 Pool,TO_DEX_POOL,MORALIS_CHANNEL
FLOKI,eth,0x908bf2d1190d5343d1427c13031c61a17b557eae1861ae4f8a186b739eec99d4,2026-05-04T10:52:11.000Z,0x28c6c06298d514db089934071355e5743bf21d60,0xbee3211ab312a8d065c4fef0247448e17a8da000,0.219625264,Binance,,Binance 14,,FROM_MORALIS_LABELED_CEX_PROXY,MORALIS_CHANNEL
FLOKI,eth,0x8564a6eecdb1c7b5e3e7407789824723ed2e5b8ca7ce20331fd0bdcbbbe7c7a4,2026-05-04T10:51:47.000Z,0xbee3211ab312a8d065c4fef0247448e17a8da000,0xca7c2771d248dcbe09eabe0ce57a62e18da178c0,0.08532279543382829,,Uniswap,,Uniswap: V2 Pool,TO_DEX_POOL,MORALIS_CHANNEL
FLOKI,eth,0x8564a6eecdb1c7b5e3e7407789824723ed2e5b8ca7ce20331fd0bdcbbbe7c7a4,2026-05-04T10:51:47.000Z,0xbee3211ab312a8d065c4fef0247448e17a8da000,0xbc530bfa3fca1a731149248afc7f750c18360de1,0.000256738602107808,,,,,BETWEEN_UNKNOWN_WALLETS,MORALIS_CHANNEL
FLOKI,eth,0x8564a6eecdb1c7b5e3e7407789824723ed2e5b8ca7ce20331fd0bdcbbbe7c7a4,2026-05-04T10:51:47.000Z,0xbc530bfa3fca1a731149248afc7f750c18360de1,0xca7c2771d248dcbe09eabe0ce57a62e18da178c0,0.000024246228413658,,Uniswap,,Uniswap: V2 Pool,TO_DEX_POOL,MORALIS_CHANNEL
FLOKI,eth,0x8564a6eecdb1c7b5e3e7407789824723ed2e5b8ca7ce20331fd0bdcbbbe7c7a4,2026-05-04T10:51:47.000Z,0xbc530bfa3fca1a731149248afc7f750c18360de1,0xca7c2771d248dcbe09eabe0ce57a62e18da178c0,0.000218216055722931,,Uniswap,,Uniswap: V2 Pool,TO_DEX_POOL,MORALIS_CHANNEL
FLOKI,eth,0x8ef4f035d687f2de5ea59e66bfc3a00f453d046581698146c177764e5881b2a8,2026-05-04T10:47:11.000Z,0xa9d1e08c7793af67e9d92fe308d5697fb81d3e43,0xeb78b59c0b31579263569fca2ab9dc1b14eba70d,0.04130514790269344,Coinbase,,Coinbase: Hot Wallet,,FROM_MORALIS_LABELED_CEX_PROXY,MORALIS_CHANNEL
FLOKI,eth,0x153b699a4b384ac35898268716aa13503b537590869811b04c061cd993f1676f,2026-05-04T10:42:11.000Z,0xbee3211ab312a8d065c4fef0247448e17a8da000,0xca7c2771d248dcbe09eabe0ce57a62e18da178c0,0.08057829909472661,,Uniswap,,Uniswap: V2 Pool,TO_DEX_POOL,MORALIS_CHANNEL
FLOKI,eth,0x153b699a4b384ac35898268716aa13503b537590869811b04c061cd993f1676f,2026-05-04T10:42:11.000Z,0xbee3211ab312a8d065c4fef0247448e17a8da000,0xbc530bfa3fca1a731149248afc7f750c18360de1,0.000242462284136589,,,,,BETWEEN_UNKNOWN_WALLETS,MORALIS_CHANNEL
FLOKI,eth,0x153b699a4b384ac35898268716aa13503b537590869811b04c061cd993f1676f,2026-05-04T10:42:11.000Z,0xbc530bfa3fca1a731149248afc7f750c18360de1,0xca7c2771d248dcbe09eabe0ce57a62e18da178c0,0.000015958256717439,,Uniswap,,Uniswap: V2 Pool,TO_DEX_POOL,MORALIS_CHANNEL
FLOKI,eth,0x153b699a4b384ac35898268716aa13503b537590869811b04c061cd993f1676f,2026-05-04T10:42:11.000Z,0xbc530bfa3fca1a731149248afc7f750c18360de1,0xca7c2771d248dcbe09eabe0ce57a62e18da178c0,0.000143624310456956,,Uniswap,,Uniswap: V2 Pool,TO_DEX_POOL,MORALIS_CHANNEL
FLOKI,eth,0xb2ae8fc752402780829207b4f6ca45221f8b7a7614851e6192f3d63a0fe33e09,2026-05-04T10:42:11.000Z,0xe129188380d48fa09a6a89ac91adc761afdc1612,0xf33368d19b095242f287b1264e97f51e29333301,0.10056083318,,,,,BETWEEN_UNKNOWN_WALLETS,MORALIS_CHANNEL
FLOKI,eth,0xd1ddbeed5c1325d225d61cdcd76e9ac9be9c46ca090561590b77e732474c0720,2026-05-04T10:34:59.000Z,0x21a31ee1afc51d94c2efccaa2092ad1028285549,0xe129188380d48fa09a6a89ac91adc761afdc1612,0.10056083318,Binance,,Binance: Hot Wallet,,FROM_MORALIS_LABELED_CEX_PROXY,MORALIS_CHANNEL
FLOKI,eth,0xc88540d2253e4d5cd4f694bc16469138fe2fb958d936c1daf0f632bd6c578159,2026-05-04T10:33:23.000Z,0xbee3211ab312a8d065c4fef0247448e17a8da000,0xca7c2771d248dcbe09eabe0ce57a62e18da178c0,0.05303460649095745,,Uniswap,,Uniswap: V2 Pool,TO_DEX_POOL,MORALIS_CHANNEL
FLOKI,eth,0xc88540d2253e4d5cd4f694bc16469138fe2fb958d936c1daf0f632bd6c578159,2026-05-04T10:33:23.000Z,0xbee3211ab312a8d065c4fef0247448e17a8da000,0xbc530bfa3fca1a731149248afc7f750c18360de1,0.000159582567174395,,,,,BETWEEN_UNKNOWN_WALLETS,MORALIS_CHANNEL
FLOKI,eth,0xc88540d2253e4d5cd4f694bc16469138fe2fb958d936c1daf0f632bd6c578159,2026-05-04T10:33:23.000Z,0xbc530bfa3fca1a731149248afc7f750c18360de1,0xca7c2771d248dcbe09eabe0ce57a62e18da178c0,0.000023408900494064,,Uniswap,,Uniswap: V2 Pool,TO_DEX_POOL,MORALIS_CHANNEL
FLOKI,eth,0xc88540d2253e4d5cd4f694bc16469138fe2fb958d936c1daf0f632bd6c578159,2026-05-04T10:33:23.000Z,0xbc530bfa3fca1a731149248afc7f750c18360de1,0xca7c2771d248dcbe09eabe0ce57a62e18da178c0,0.000210680104446582,,Uniswap,,Uniswap: V2 Pool,TO_DEX_POOL,MORALIS_CHANNEL
FLOKI,eth,0xda3063d7a80e6d8e8f174d8666c7039df43d7c2559b753b4f43015518431c317,2026-05-04T10:30:47.000Z,0xa9d1e08c7793af67e9d92fe308d5697fb81d3e43,0xf047d1071ce4359a3140d864c74f230ddd11df03,0.2256041550345503,Coinbase,,Coinbase: Hot Wallet,,FROM_MORALIS_LABELED_CEX_PROXY,MORALIS_CHANNEL
FLOKI,eth,0x4ddff331ba3d479ade6d807b76bc5443bcaaecdd21bfaf04124a80da13ba14ee,2026-05-04T10:25:11.000Z,0x75eb7892d845a42d88fc3e9d65cb2db618288fea,0xa9d1e08c7793af67e9d92fe308d5697fb81d3e43,0.21018109378233543,,Coinbase,,Coinbase: Hot Wallet,TO_MORALIS_LABELED_CEX_PROXY,MORALIS_CHANNEL
FLOKI,eth,0xd5a0c2c282a8757e61068d0882ceb0422f4caf145de8a50c8f30f63b1524d670,2026-05-04T10:21:35.000Z,0x7c876bdaa5c038e19f633714f622f6def949b102,0x75eb7892d845a42d88fc3e9d65cb2db618288fea,0.21018109378233543,,,,,BETWEEN_UNKNOWN_WALLETS,MORALIS_CHANNEL
FLOKI,eth,0x93ada2933d6cd373219757bed6188d8ea17cabff2806edf5db343cf22e564385,2026-05-04T10:21:11.000Z,0x77e00ba634bba144a6de5f31e9fa77a641b9ebef,0xf33368d19b095242f287b1264e97f51e29333301,0.0018,,,,,BETWEEN_UNKNOWN_WALLETS,MORALIS_CHANNEL
FLOKI,eth,0xbd1f8278a3286099ee50de9417d974228dec202c91aafdab4815d5705a29b2f2,2026-05-04T10:19:23.000Z,0x7644528f91afeb578d5632665291b33185246de1,0x7c876bdaa5c038e19f633714f622f6def949b102,0.21009602162518223,,,,,BETWEEN_UNKNOWN_WALLETS,MORALIS_CHANNEL
FLOKI,eth,0x091e5dd08a067315d785190bf3fe30fabd4d2d7a4261a8a80c6dd678a488150e,2026-05-04T10:15:35.000Z,0x06fd4ba7973a0d39a91734bbc35bc2bcaa99e3b0,0x28c6c06298d514db089934071355e5743bf21d60,0.178564233,,Binance,,Binance 14,TO_MORALIS_LABELED_CEX_PROXY,MORALIS_CHANNEL
FLOKI,eth,0xcde348782ce661786392af1cdcdeb961fa1a103b8d5226a65fd85f3970bec44c,2026-05-04T10:11:47.000Z,0x85f4d7d7651d0f319efa829a9563bd96919517e8,0x77e00ba634bba144a6de5f31e9fa77a641b9ebef,0.0018,,,,,BETWEEN_UNKNOWN_WALLETS,MORALIS_CHANNEL
FLOKI,eth,0x43a391bd47bfbc3cbd8f9dabe1d4e88fe9368c26b5546b6cbc8563f30aed8519,2026-05-04T10:09:11.000Z,0xb334a61a6209f14b5fa5f1684a4ed7621f66e1ef,0x06fd4ba7973a0d39a91734bbc35bc2bcaa99e3b0,0.178564233,,,,,BETWEEN_UNKNOWN_WALLETS,MORALIS_CHANNEL
FLOKI,eth,0xa893d413d3625dfc7eea105ef5a40a8071cb39c529014ac8c6b388f77e5a9915,2026-05-04T09:57:23.000Z,0x58edf78281334335effa23101bbe3371b6a36a51,0x85f4d7d7651d0f319efa829a9563bd96919517e8,0.007861237,KuCoin,,KuCoin: Hot Wallet,,FROM_MORALIS_LABELED_CEX_PROXY,MORALIS_CHANNEL
FLOKI,eth,0x0997149ad8f42035ddaa0969714ce9feda707529ad01fc3703e046bcf17bfb5b,2026-05-04T09:48:35.000Z,0xbe0562201362d5adea1b0c678406d70432d33d8d,0xb334a61a6209f14b5fa5f1684a4ed7621f66e1ef,0.0926965071,,,,,BETWEEN_UNKNOWN_WALLETS,MORALIS_CHANNEL
FLOKI,eth,0x61444554f1e7fa85b19fbcf5dbc216d6aa9126bed1c7f94013ca5a3291842f0f,2026-05-04T09:44:59.000Z,0xdfd5293d8e347dfe59e90efd55b2956a1343963d,0xbe0562201362d5adea1b0c678406d70432d33d8d,0.0926965071,Binance,,Binance: Hot Wallet,,FROM_MORALIS_LABELED_CEX_PROXY,MORALIS_CHANNEL
FLOKI,eth,0x16a5871836259a6bf77935f7064a2f334484403bfd949b9d3e434fb4c5550321,2026-05-04T09:29:47.000Z,0x7f54f05635d15cde17a49502fedb9d1803a3be8a,0x0524fa401dfaab12d4f3e6a94e1b487d28a8381b,0.000030778987513158,,,,,BETWEEN_UNKNOWN_WALLETS,MORALIS_CHANNEL
FLOKI,eth,0x16a5871836259a6bf77935f7064a2f334484403bfd949b9d3e434fb4c5550321,2026-05-04T09:29:47.000Z,0xbee3211ab312a8d065c4fef0247448e17a8da000,0x7f54f05635d15cde17a49502fedb9d1803a3be8a,0.000030778987513158,,,,,BETWEEN_UNKNOWN_WALLETS,MORALIS_CHANNEL
FLOKI,eth,0xa565330e3fe5b0411c2a2fa0655462369afa28e91f9ad8907896b49630e1ee71,2026-05-04T09:29:35.000Z,0x28c6c06298d514db089934071355e5743bf21d60,0xbee3211ab312a8d065c4fef0247448e17a8da000,0.246630304,Binance,,Binance 14,,FROM_MORALIS_LABELED_CEX_PROXY,MORALIS_CHANNEL
FLOKI,eth,0x7cc1a2b25a825f81d5eb3e02ea8767e0f3b17c3286ff12b7ff249525daeb413c,2026-05-04T09:29:11.000Z,0xbee3211ab312a8d065c4fef0247448e17a8da000,0xca7c2771d248dcbe09eabe0ce57a62e18da178c0,0.07779557930860825,,Uniswap,,Uniswap: V2 Pool,TO_DEX_POOL,MORALIS_CHANNEL
FLOKI,eth,0x7cc1a2b25a825f81d5eb3e02ea8767e0f3b17c3286ff12b7ff249525daeb413c,2026-05-04T09:29:11.000Z,0xbee3211ab312a8d065c4fef0247448e17a8da000,0xbc530bfa3fca1a731149248afc7f750c18360de1,0.000234089004940646,,,,,BETWEEN_UNKNOWN_WALLETS,MORALIS_CHANNEL
FLOKI,eth,0x7cc1a2b25a825f81d5eb3e02ea8767e0f3b17c3286ff12b7ff249525daeb413c,2026-05-04T09:29:11.000Z,0xbc530bfa3fca1a731149248afc7f750c18360de1,0xca7c2771d248dcbe09eabe0ce57a62e18da178c0,0.000002244902620399,,Uniswap,,Uniswap: V2 Pool,TO_DEX_POOL,MORALIS_CHANNEL
FLOKI,eth,0x7cc1a2b25a825f81d5eb3e02ea8767e0f3b17c3286ff12b7ff249525daeb413c,2026-05-04T09:29:11.000Z,0xbc530bfa3fca1a731149248afc7f750c18360de1,0xca7c2771d248dcbe09eabe0ce57a62e18da178c0,0.000020204123583592,,Uniswap,,Uniswap: V2 Pool,TO_DEX_POOL,MORALIS_CHANNEL
FLOKI,eth,0xa4d207c9ade292f3e2c7a77df83fb6bce0dfc389e74f339fcc1868dd8f93af30,2026-05-04T09:24:47.000Z,0x6522b7f9d481eceb96557f44753a4b893f837e90,0x15951d839ee88fd31d40b1b82c7bb4510415130f,0.00076873846,,,,,BETWEEN_UNKNOWN_WALLETS,MORALIS_CHANNEL
FLOKI,eth,0xdf42ead1aadd64c57f10737a44580a23b9f0ed04bbcbe44a2435573517549bcc,2026-05-04T08:39:47.000Z,0xb92fe925dc43a0ecde6c8b1a2709c170ec4fff4f,0x79c2f5fe20966f7accb0da345815a286e1bf037f,0.000003605881145672,,,,,BETWEEN_UNKNOWN_WALLETS,MORALIS_CHANNEL
FLOKI,eth,0xdf42ead1aadd64c57f10737a44580a23b9f0ed04bbcbe44a2435573517549bcc,2026-05-04T08:39:47.000Z,0x7f54f05635d15cde17a49502fedb9d1803a3be8a,0xb92fe925dc43a0ecde6c8b1a2709c170ec4fff4f,0.000003605881145672,,,,,BETWEEN_UNKNOWN_WALLETS,MORALIS_CHANNEL
FLOKI,eth,0xdf42ead1aadd64c57f10737a44580a23b9f0ed04bbcbe44a2435573517549bcc,2026-05-04T08:39:47.000Z,0x4e5cbb6e2aca942252e8cda2ba911ced2bd99b07,0x7f54f05635d15cde17a49502fedb9d1803a3be8a,0.000003605881145672,,,,,BETWEEN_UNKNOWN_WALLETS,MORALIS_CHANNEL
FLOKI,eth,0xff8bc584fdb30c5f1e3de23517629bdb05a89fb019e2929db12007baf00e04f1,2026-05-04T08:22:59.000Z,0x10529c64855b8e886d93e424e90c3222592f3670,0x28c6c06298d514db089934071355e5743bf21d60,0.0025,,Binance,,Binance 14,TO_MORALIS_LABELED_CEX_PROXY,MORALIS_CHANNEL
FLOKI,eth,0xc3e36a0cb2a74117d893200ab8968149fee39624c575891040ad73087c3d06d4,2026-05-04T08:18:35.000Z,0x4be7e7291e87588160407ea209b6ad2d22a5c960,0x10529c64855b8e886d93e424e90c3222592f3670,0.0025,,,,,BETWEEN_UNKNOWN_WALLETS,MORALIS_CHANNEL
FLOKI,eth,0x0cb4a79613c1dbc38756b1f2208ff70dc5f6487f61141d6e1cf5af0c0ce17268,2026-05-04T08:12:59.000Z,0xb51bf9029d778899d42e96ebcdc0498bd061006d,0x849b2fb7d57229492a223a8883cfc5b595800483,0.015638871,,,,,BETWEEN_UNKNOWN_WALLETS,MORALIS_CHANNEL
FLOKI,eth,0xdd34362b0d79a9f9dbc27943edcbbe65f9c0d3d44d06c17c44306f1b93e6b03d,2026-05-04T08:10:47.000Z,0x663dc15d3c1ac63ff12e45ab68fea3f0a883c251,0x51c72848c68a965f66fa7a88855f9f7784502a7f,0.005612256550997778,DLN Trade,Wintermute,DLN Trade: CrosschainForwarder (Proxy),Wintermute: Market Maker,BETWEEN_LABELED_ENTITIES,MORALIS_CHANNEL
FLOKI,eth,0xdd34362b0d79a9f9dbc27943edcbbe65f9c0d3d44d06c17c44306f1b93e6b03d,2026-05-04T08:10:47.000Z,0x19923386e8148c97f67751bb3b91b945248fe3d3,0x663dc15d3c1ac63ff12e45ab68fea3f0a883c251,0.005612256550997778,,DLN Trade,,DLN Trade: CrosschainForwarder (Proxy),BETWEEN_LABELED_ENTITIES,MORALIS_CHANNEL
FLOKI,eth,0xeac232509e84f2bba58ad31f45f0e87fe9e6252d87fa1479aafb8e23033c4d57,2026-05-04T07:47:35.000Z,0x76130907011fc557d0095b5941396a094a3a1585,0xb334a61a6209f14b5fa5f1684a4ed7621f66e1ef,0.09537739,,,,,BETWEEN_UNKNOWN_WALLETS,MORALIS_CHANNEL
FLOKI,eth,0x056a2c25b968a597995559033d4beca74f44e5a95515ac52eddf5f6a61ff9e5d,2026-05-04T07:44:35.000Z,0x21a31ee1afc51d94c2efccaa2092ad1028285549,0x76130907011fc557d0095b5941396a094a3a1585,0.09537739,Binance,,Binance: Hot Wallet,,FROM_MORALIS_LABELED_CEX_PROXY,MORALIS_CHANNEL
FLOKI,eth,0xd2478bb482b0cb64da31e6db900f40681b8eaa0264d2036c18d4a2f626e48579,2026-05-04T07:42:59.000Z,0x08dc8ffc2db71ea07537d1328b3be0799b604396,0x28c6c06298d514db089934071355e5743bf21d60,0.0733090304,,Binance,,Binance 14,TO_MORALIS_LABELED_CEX_PROXY,MORALIS_CHANNEL
FLOKI,eth,0x5cf82246d1e17d5b96c9faaa58e9ecdf8864f8e4b98d9c79b6f011fff90a49ee,2026-05-04T07:39:35.000Z,0x05cdb1526f6e224e02919a4c018d9784ea25eb3d,0x18e4ea6b16bdf3390bf8313faf2ab4ddafd95684,0.000153979,,,,,BETWEEN_UNKNOWN_WALLETS,MORALIS_CHANNEL
FLOKI,eth,0x6cf4acae1bb958df740396f1de6a37c5fd589316edd4bf2e6f44792fa2cf18c3,2026-05-04T07:38:47.000Z,0x0b60c1ee6d01c3d5704eeae6c12552c7a63beead,0x6522b7f9d481eceb96557f44753a4b893f837e90,0.272946782,,,,,BETWEEN_UNKNOWN_WALLETS,MORALIS_CHANNEL
FLOKI,eth,0xfe18d031b3eae26cd06cebea883a881674bb1c54b8e09bc7b0c0c65a70be0a98,2026-05-04T07:32:59.000Z,0xeff6cb8b614999d130e537751ee99724d01aa167,0x08dc8ffc2db71ea07537d1328b3be0799b604396,0.0733090304,,,,,BETWEEN_UNKNOWN_WALLETS,MORALIS_CHANNEL
FLOKI,eth,0x3c62b9091d2eb8e48e9f541c3e874d626365858b2be5c6563a5575427d5191ce,2026-05-04T07:22:47.000Z,0x28c6c06298d514db089934071355e5743bf21d60,0xdfd5293d8e347dfe59e90efd55b2956a1343963d,4.08032163014,Binance,Binance,Binance 14,Binance: Hot Wallet,TO_MORALIS_LABELED_CEX_PROXY,MORALIS_CHANNEL
FLOKI,eth,0xf59a2e759d6d7d2f4c1167996b645089f6bd0299f326f50baa0926d609d53bb9,2026-05-04T07:06:47.000Z,0xdfd5293d8e347dfe59e90efd55b2956a1343963d,0xf8191d98ae98d2f7abdfb63a9b0b812b93c873aa,2.963432614,Binance,,Binance: Hot Wallet,,FROM_MORALIS_LABELED_CEX_PROXY,MORALIS_CHANNEL
FLOKI,eth,0x2fb11144678f0ef3e7ac62e30c4791c0f61efa1479071e9518b8bfee6a1b47cc,2026-05-04T07:03:47.000Z,0x3cdf67e6910c7a06c850082ee7d0d7c4e8fb8836,0x841ed663f2636863d40be4ee76243377dff13a34,0.054109208325259686,,,,,BETWEEN_UNKNOWN_WALLETS,MORALIS_CHANNEL
FLOKI,eth,0xef231d7e4dc4a35e76d5f0be63973c31f7ff0f5d1785613f7eea23de6668b923,2026-05-04T07:02:23.000Z,0x19923386e8148c97f67751bb3b91b945248fe3d3,0xb685760ebd368a891f27ae547391f4e2a289895b,0.001870752183665926,,,,,BETWEEN_UNKNOWN_WALLETS,MORALIS_CHANNEL
FLOKI,eth,0xd634d689f69ccc358dc47b10415cae6927b0dee32e8864798ec50d4b7a278984,2026-05-04T07:01:47.000Z,0xb334a61a6209f14b5fa5f1684a4ed7621f66e1ef,0x0b60c1ee6d01c3d5704eeae6c12552c7a63beead,0.272946782,,,,,BETWEEN_UNKNOWN_WALLETS,MORALIS_CHANNEL
FLOKI,eth,0x3a51573472aa673a0a3951a81b4ea3067a475bd03a8af25f62a3628520a0672b,2026-05-04T06:59:59.000Z,0x59973f7452d00e607799f9df535715f885baa134,0xb8d2471e35ee033db509e0456c8efc4135f4ee43,0.00001,,,,,BETWEEN_UNKNOWN_WALLETS,MORALIS_CHANNEL
FLOKI,eth,0x3cd028631e1f2d98541b7c90e5f958b54c33dda1790f0ad5f924eedf8451eafa,2026-05-04T06:58:47.000Z,0xe7c6565f49039064396ae316ed472a8545d70f06,0x187fe1a8b76c60b85c00a2819152ff00ff642386,0.00388346499525518,,,,,BETWEEN_UNKNOWN_WALLETS,MORALIS_CHANNEL
FLOKI,eth,0x967bfdf76ed9169fdb02d2b7b38e0c45e5acf9ebfdf9f948f2a2f2275df5839b,2026-05-04T06:51:35.000Z,0xa9d1e08c7793af67e9d92fe308d5697fb81d3e43,0xe90435cb8ae5be1535087cd7bc38ece774c39a01,0.000587571579024015,Coinbase,,Coinbase: Hot Wallet,,FROM_MORALIS_LABELED_CEX_PROXY,MORALIS_CHANNEL
FLOKI,eth,0x87648b877841fbbf6cbd88dbc849f29fd8e38e167c41e4630609679a167e1c65,2026-05-04T06:45:11.000Z,0x1a6af9e6026b21edd8b61c149c0d2a496c379bdf,0xe90435cb8ae5be1535087cd7bc38ece774c39a01,0.000426514856398936,,,,,BETWEEN_UNKNOWN_WALLETS,MORALIS_CHANNEL
FLOKI,eth,0x6d521b4cac38b0014c40c668c7946b974dcdb8f80e1502acc5793e1263a98c22,2026-05-04T06:43:35.000Z,0xa9d1e08c7793af67e9d92fe308d5697fb81d3e43,0x7b5822f15ccc66349e3315c9e5a5bbb4567b8589,0.000020430524866743,Coinbase,,Coinbase: Hot Wallet,,FROM_MORALIS_LABELED_CEX_PROXY,MORALIS_CHANNEL
FLOKI,eth,0x7c454af196d52bfc0580d6430a1b3d0224fc502a4a738c9654618b6a7e730e28,2026-05-04T06:42:47.000Z,0x06fd4ba7973a0d39a91734bbc35bc2bcaa99e3b0,0x28c6c06298d514db089934071355e5743bf21d60,0.633435982,,Binance,,Binance 14,TO_MORALIS_LABELED_CEX_PROXY,MORALIS_CHANNEL
FLOKI,eth,0x767e771d8e9be7ea8105fec25565705bbac7ad7ab218fdd31e99065b1a5dba26,2026-05-04T06:42:11.000Z,0xa9d1e08c7793af67e9d92fe308d5697fb81d3e43,0x1a6af9e6026b21edd8b61c149c0d2a496c379bdf,0.000568686475198582,Coinbase,,Coinbase: Hot Wallet,,FROM_MORALIS_LABELED_CEX_PROXY,MORALIS_CHANNEL
FLOKI,eth,0x5eb87181428d81e47e638d92e4f1cc239cb527d2f8a6d44942e8fe0962be1de5,2026-05-04T06:29:23.000Z,0x19923386e8148c97f67751bb3b91b945248fe3d3,0xca7c2771d248dcbe09eabe0ce57a62e18da178c0,0.007460559708459712,,Uniswap,,Uniswap: V2 Pool,TO_DEX_POOL,MORALIS_CHANNEL
FLOKI,eth,0x5eb87181428d81e47e638d92e4f1cc239cb527d2f8a6d44942e8fe0962be1de5,2026-05-04T06:29:23.000Z,0x19923386e8148c97f67751bb3b91b945248fe3d3,0xbc530bfa3fca1a731149248afc7f750c18360de1,0.000022449026203991,,,,,BETWEEN_UNKNOWN_WALLETS,MORALIS_CHANNEL
FLOKI,eth,0x5eb87181428d81e47e638d92e4f1cc239cb527d2f8a6d44942e8fe0962be1de5,2026-05-04T06:29:23.000Z,0xbc530bfa3fca1a731149248afc7f750c18360de1,0xca7c2771d248dcbe09eabe0ce57a62e18da178c0,0.000019045872179453,,Uniswap,,Uniswap: V2 Pool,TO_DEX_POOL,MORALIS_CHANNEL
FLOKI,eth,0x5eb87181428d81e47e638d92e4f1cc239cb527d2f8a6d44942e8fe0962be1de5,2026-05-04T06:29:23.000Z,0xbc530bfa3fca1a731149248afc7f750c18360de1,0xca7c2771d248dcbe09eabe0ce57a62e18da178c0,0.000171412849615086,,Uniswap,,Uniswap: V2 Pool,TO_DEX_POOL,MORALIS_CHANNEL
FLOKI,eth,0xc162c11d54d8cbf63e188c17b56028e657b383af8de5069b67fdc462b0db2dac,2026-05-04T06:26:59.000Z,0xbee3211ab312a8d065c4fef0247448e17a8da000,0xca7c2771d248dcbe09eabe0ce57a62e18da178c0,0.06329578187638545,,Uniswap,,Uniswap: V2 Pool,TO_DEX_POOL,MORALIS_CHANNEL
FLOKI,eth,0xc162c11d54d8cbf63e188c17b56028e657b383af8de5069b67fdc462b0db2dac,2026-05-04T06:26:59.000Z,0xbee3211ab312a8d065c4fef0247448e17a8da000,0xbc530bfa3fca1a731149248afc7f750c18360de1,0.000190458721794539,,,,,BETWEEN_UNKNOWN_WALLETS,MORALIS_CHANNEL
FLOKI,eth,0xc162c11d54d8cbf63e188c17b56028e657b383af8de5069b67fdc462b0db2dac,2026-05-04T06:26:59.000Z,0xbc530bfa3fca1a731149248afc7f750c18360de1,0xca7c2771d248dcbe09eabe0ce57a62e18da178c0,5.7205769032e-8,,Uniswap,,Uniswap: V2 Pool,TO_DEX_POOL,MORALIS_CHANNEL
FLOKI,eth,0xc162c11d54d8cbf63e188c17b56028e657b383af8de5069b67fdc462b0db2dac,2026-05-04T06:26:59.000Z,0xbc530bfa3fca1a731149248afc7f750c18360de1,0xca7c2771d248dcbe09eabe0ce57a62e18da178c0,5.1485192129e-7,,Uniswap,,Uniswap: V2 Pool,TO_DEX_POOL,MORALIS_CHANNEL
FLOKI,eth,0xe8404b938ec491cc9ff6d7ae585da2789d24bf77b01e85a9a4da449e60c2a337,2026-05-04T06:19:11.000Z,0xb334a61a6209f14b5fa5f1684a4ed7621f66e1ef,0x06fd4ba7973a0d39a91734bbc35bc2bcaa99e3b0,0.633435982,,,,,BETWEEN_UNKNOWN_WALLETS,MORALIS_CHANNEL
FLOKI,eth,0x2e5af57f8615e5c749c7e05955275890a605ab1cf3ad90affc05bb15a56b545a,2026-05-04T06:16:11.000Z,0x9938ee74ba7a5c1abcd157272a18fcfc9ec9e8d5,0xe6574013ddc4c1f753930325900b6f0bcdb036fe,0.0010058349399812,,,,,BETWEEN_UNKNOWN_WALLETS,MORALIS_CHANNEL
FLOKI,eth,0x01994af64b3b221aeca5bca868d7232a9c1eade3f21b06cf909b542419744b29,2026-05-04T06:12:59.000Z,0xf4332cd2f1055c100f15dcd402876b9ebb970e0a,0xca7c2771d248dcbe09eabe0ce57a62e18da178c0,0.000190113839083685,,Uniswap,,Uniswap: V2 Pool,TO_DEX_POOL,MORALIS_CHANNEL
FLOKI,eth,0x01994af64b3b221aeca5bca868d7232a9c1eade3f21b06cf909b542419744b29,2026-05-04T06:12:59.000Z,0xf4332cd2f1055c100f15dcd402876b9ebb970e0a,0xbc530bfa3fca1a731149248afc7f750c18360de1,5.72057690322e-7,,,,,BETWEEN_UNKNOWN_WALLETS,MORALIS_CHANNEL
FLOKI,eth,0x01994af64b3b221aeca5bca868d7232a9c1eade3f21b06cf909b542419744b29,2026-05-04T06:12:59.000Z,0xbc530bfa3fca1a731149248afc7f750c18360de1,0xca7c2771d248dcbe09eabe0ce57a62e18da178c0,0.00000919228473,,Uniswap,,Uniswap: V2 Pool,TO_DEX_POOL,MORALIS_CHANNEL
FLOKI,eth,0x01994af64b3b221aeca5bca868d7232a9c1eade3f21b06cf909b542419744b29,2026-05-04T06:12:59.000Z,0xbc530bfa3fca1a731149248afc7f750c18360de1,0xca7c2771d248dcbe09eabe0ce57a62e18da178c0,0.00008273056257,,Uniswap,,Uniswap: V2 Pool,TO_DEX_POOL,MORALIS_CHANNEL
FLOKI,eth,0x1bc2eee69ea566d98e5ba3ada3754709607a7ba4e9269ffc92b31810b8e77c61,2026-05-04T06:03:23.000Z,0x99d371ef0013f8ed81de882605e49cdaeb8b0432,0x4a399f80b41132fd25d0e5f252a830fbc150bd77,0.005164567630123386,,,,,BETWEEN_UNKNOWN_WALLETS,MORALIS_CHANNEL
FLOKI,eth,0x42ffc0c18b5343f42b7d2272625879bd33711f16fa57bb5d7914c7098840537e,2026-05-04T05:59:47.000Z,0xce937da1ffd21673aa1e063459873f30189a2193,0x51c72848c68a965f66fa7a88855f9f7784502a7f,0.0919228473,,Wintermute,,Wintermute: Market Maker,BETWEEN_LABELED_ENTITIES,MORALIS_CHANNEL