token,timeframe,timestamp,close,volume,return_3,vol_zscore_7,range_3,volatility_7,compression,expansion
BSB,hour,2026-05-04T03:00:00.000Z,0.847445412069419,324.6962769949207,,,,,false,false
BSB,hour,2026-05-04T02:00:00.000Z,0.829880554889442,713.1168411562959,,0,,0.02094464597971673,false,false
BSB,hour,2026-05-04T01:00:00.000Z,0.8048605564806,267.24527375812266,,0,0.05290960682062636,0.026228019809627735,false,false
BSB,hour,2026-05-04T00:00:00.000Z,0.799573204985038,610.342544479805,-0.05649001859303183,0,0.03790440914659103,0.021750545253226904,false,false
BSB,hour,2026-05-03T23:00:00.000Z,0.768029205612392,220.39753871678863,-0.07453042358040307,0,0.04795566444487007,0.02756514012316018,false,false
BSB,hour,2026-05-03T22:00:00.000Z,0.759836376025621,0,-0.05594034903618011,0,0.05229656043484433,0.02511718859272181,false,false
BSB,hour,2026-05-03T21:00:00.000Z,0.759836376025621,625.7099354525043,-0.04969754953226649,0,0.010782360315024806,0.022928751288908623,false,false
BSB,hour,2026-05-03T20:00:00.000Z,0.721048048183954,442.3803922539305,-0.06117105584673351,0.047792596551252384,0.05379437325898064,0.029031625563225846,false,false
BSB,hour,2026-05-03T19:00:00.000Z,0.704016825919277,1117.1085543618697,-0.07346259256277289,-0.03571180172464445,0.07928723867282172,0.0293563014459604,false,false
BSB,hour,2026-05-03T18:00:00.000Z,0.658809329916881,231.0900867633863,-0.13295894918478274,0.02848215665618542,0.09447151921015648,0.03683967460645116,false,false
BSB,hour,2026-05-03T17:00:00.000Z,0.663079447886775,283.99448894181614,-0.08039492020424972,-0.07625401100513918,0.06861999967137616,0.03683637723005419,false,false
BSB,hour,2026-05-03T16:00:00.000Z,0.664770595359389,431.37871355785336,-0.055746154232381884,0.02995067494882059,0.009048544353887755,0.03356194674526972,false,false
BSB,hour,2026-05-03T15:00:00.000Z,0.659046863777413,180.6122302924165,0.0003605502377477017,0.19397605723340694,0.008684862786797466,0.033476193706369464,false,false
BSB,hour,2026-05-03T14:00:00.000Z,0.668243400103987,56.08085800080946,0.007787833318721372,-0.004735089504497536,0.013954297990074449,0.03388347333084158,false,false
BSB,hour,2026-05-03T13:00:00.000Z,0.66937810094993,0.615048133844222,0.006930970808132845,-0.13120321046914932,0.015676028125378244,0.027500715897590698,false,false
BSB,hour,2026-05-03T12:00:00.000Z,0.673916191314049,382.7166086280029,0.022561866771371262,-0.5102459375575075,0.008489109221549029,0.0260995351559348,true,false
BSB,hour,2026-05-03T11:00:00.000Z,0.6554883125952,186.807550987398,-0.01908748744365018,-0.5040957536303565,0.028113207153747096,0.012718194909357565,true,false
BSB,hour,2026-05-03T10:00:00.000Z,0.649071596644126,0,-0.030336373832646483,-0.5698808214413154,0.03827712504810913,0.01302361939763551,true,false
BSB,hour,2026-05-03T09:00:00.000Z,0.649071596644126,0,-0.03686600053558489,-0.7188002446862719,0.00988599098196595,0.01298798575948009,true,false
BSB,hour,2026-05-03T08:00:00.000Z,0.649071596644126,48.54375034000444,-0.009789214891824844,-0.7399968857609166,0,0.012570018039007995,true,false
BSB,hour,2026-05-03T07:00:00.000Z,0.649969958007232,1396.5679896699135,0.0013840712915968412,-0.19429995523499133,0.0013840712915968412,0.011438724582610051,false,false
BSB,hour,2026-05-03T06:00:00.000Z,0.716352682804661,671.2623093253245,0.1036574185473472,0.031759913463735155,0.1036574185473472,0.03848916287580017,false,false
BSB,hour,2026-05-03T05:00:00.000Z,0.684136151996949,7.66114956514288,0.05402263099189086,-0.07339137397992762,0.1021319893014046,0.0421590502475005,false,false
BSB,hour,2026-05-03T04:00:00.000Z,0.68424898037721,40.76460340099648,0.052739395025387666,-0.09539636464756845,0.04709081768837105,0.04083596875539565,false,false
BSB,hour,2026-05-03T03:00:00.000Z,0.682791972094373,139.62365262301012,-0.0468494241954832,-0.01689620620046454,0.0021338977937421194,0.040674321351219976,false,false
BSB,hour,2026-05-03T02:00:00.000Z,0.676307300623708,153.0544405713963,-0.011443411301082475,0.06609710749550296,0.01174270889309933,0.04083392418369933,false,false
BSB,hour,2026-05-03T01:00:00.000Z,0.667594850163291,33.01263367639513,-0.024339283932491965,0.09173322896517142,0.022763989158042293,0.04112695470564684,false,false
BSB,hour,2026-05-03T00:00:00.000Z,0.672100854370885,158.1499973950529,-0.015657942917363984,-0.41067207003226663,0.013050505794473984,0.041202155694847954,true,false
BSB,hour,2026-05-02T23:00:00.000Z,0.666316531716623,175.122270503675,-0.014772528550070822,-0.6143497509130018,0.008681043286379085,0.018902599217432224,true,false
BSB,hour,2026-05-02T22:00:00.000Z,0.656134243587219,1302.995336160807,-0.017167008662917104,-0.1439205176954912,0.024334365931540647,0.009417750957063565,false,false
BSB,hour,2026-05-02T21:00:00.000Z,0.701739516403091,0,0.04409853348564636,-0.12887845193560982,0.06950600926807103,0.027087820523453373,false,false
BSB,hour,2026-05-02T20:00:00.000Z,0.701739516403091,0,0.053162398050080176,-0.11958197277193439,0.06950600926807103,0.027075836151071238,false,false
BSB,hour,2026-05-02T19:00:00.000Z,0.701739516403091,192.7049615726018,0.06950600926807103,-0.09785188548657263,0,0.026834529182041943,false,false
BSB,hour,2026-05-02T18:00:00.000Z,0.687489777517044,5728.016106641898,-0.020306308185531453,0.5800801600318418,0.02072720111928311,0.02749909762966187,false,false
BSB,hour,2026-05-02T17:00:00.000Z,0.647326905249134,99.15541319648565,-0.07753961389100594,0.5752179353280616,0.08405739157870372,0.0356002665432656,false,false
BSB,hour,2026-05-02T16:00:00.000Z,0.648667129451889,48.36930243585861,-0.07562975393381767,0.5567301938811154,0.06204418809450321,0.03545866620816155,false,false
BSB,hour,2026-05-02T15:00:00.000Z,0.650538390270214,923.379138673807,-0.05374827154562879,0.4940164981884092,0.004961148679342995,0.03499464212515768,false,false
BSB,hour,2026-05-02T14:00:00.000Z,0.607032096338957,952.2958611462326,-0.062248005734705104,0.6056570400292177,0.07167050011629651,0.035553132679547156,false,false
BSB,hour,2026-05-02T13:00:00.000Z,0.564075771677066,2.27092705083035,-0.1304079610852195,0.6430455689252326,0.1532819222780728,0.04509469479465156,false,false
BSB,hour,2026-05-02T12:00:00.000Z,0.56334684171514,198.5588591542922,-0.1340298279996315,0.6447211229402442,0.07754592977004163,0.04509734324595708,false,false
BSB,hour,2026-05-02T11:00:00.000Z,0.557253761563237,15.29662285451416,-0.08200280524857881,-0.12452253547688871,0.01224219661558055,0.044615460409867365,true,false
BSB,hour,2026-05-02T10:00:00.000Z,0.561322497593523,313.2669434132468,-0.00488103588522719,-0.09166272900536435,0.010934121170955213,0.03847670382207351,true,false
BSB,hour,2026-05-02T09:00:00.000Z,0.544587059112159,25.69652692813869,-0.03330059070867581,-0.08968981293348009,0.030730510762866564,0.04013380878818588,true,false
BSB,hour,2026-05-02T08:00:00.000Z,0.546305206657245,59.30189938048926,-0.019647341410991198,-0.20697954207049493,0.030730510762866564,0.04013669977130239,true,false
BSB,hour,2026-05-02T07:00:00.000Z,0.548919494838459,65.0051617301174,-0.022096037141282616,-0.32961132441745256,0.007955451114397062,0.030491808369868853,true,false
BSB,hour,2026-05-02T06:00:00.000Z,0.545298425588348,0,0.0013062493209969217,-0.3169018120846961,0.006640527608720187,0.012903567671437785,true,false
BSB,hour,2026-05-02T05:00:00.000Z,0.545298425588348,9.53505482321121,-0.0018428912201979562,-0.3362982438790865,0.006640527608720187,0.012894308412259959,true,false
BSB,hour,2026-05-02T04:00:00.000Z,0.549617114154667,895.4174727198913,0.0012708955006475642,-0.24556738013250975,0.0079198625260276,0.012580101133592557,true,false
BSB,hour,2026-05-02T03:00:00.000Z,0.507881330798327,2.53955259125252,-0.0686176468410851,-0.2876301325439488,0.0821762502881066,0.03227513620886132,true,false
BSB,hour,2026-05-02T02:00:00.000Z,0.507917740194428,41.5502812916036,-0.06855087717076783,-0.28524373337546566,0.0821762502881066,0.0301795987740848,true,false
BSB,hour,2026-05-02T01:00:00.000Z,0.507189018514134,0,-0.0771957323523105,-0.2520498826393282,0.0014367852096421594,0.030160987664150235,true,false
BSB,hour,2026-05-02T00:00:00.000Z,0.507189018514134,5.42056609692582,-0.001363137887161053,-0.2386812002672051,0.0014367852096421594,0.030106964797895593,true,false
BSB,hour,2026-05-01T23:00:00.000Z,0.50940730966839,11.4749138616907,0.002932698262107857,-0.23724741935608312,0.004373697129237356,0.03004816525578544,true,false
BSB,hour,2026-05-01T22:00:00.000Z,0.506592041020859,0,-0.0011770315828681418,-0.23714324090419497,0.0055572697941677525,0.030121084541274688,true,false
BSB,hour,2026-05-01T21:00:00.000Z,0.506592041020859,0,-0.0011770315828681418,-0.3543445934646556,0.0055572697941677525,0.029973147748557714,true,false
BSB,hour,2026-05-01T20:00:00.000Z,0.506592041020859,0,-0.005526557224637535,-0.34933877202388086,0,0.0027209482246569184,true,false
BSB,hour,2026-05-01T19:00:00.000Z,0.506592041020859,176.6599543205935,0,-0.33591962280900073,0,0.002720813317877944,true,false
BSB,hour,2026-05-01T18:00:00.000Z,0.515232059775057,0,0.017055180608023628,-0.3304229634612084,0.017055180608023628,0.0069256557234873605,true,false
BSB,hour,2026-05-01T17:00:00.000Z,0.515232059775057,6.76178031669575,0.017055180608023628,-0.3244357243170711,0.017055180608023628,0.0069256557234873605,true,false
BSB,hour,2026-05-01T16:00:00.000Z,0.516415413938865,248.98122101434797,0.019391092087057835,-0.262351686395057,0.002296740160782363,0.006782013824841181,true,false
BSB,hour,2026-05-01T15:00:00.000Z,0.504925460163864,0,-0.020003801036163747,-0.262351686395057,0.022755742543210663,0.010673991474644737,true,false
BSB,hour,2026-05-01T14:00:00.000Z,0.504925460163864,0,-0.020003801036163747,-0.262351686395057,0.022755742543210663,0.010673991474644737,true,false
BSB,hour,2026-05-01T13:00:00.000Z,0.504925460163864,197.3291062571971,-0.022249440014509868,-0.23534326218654725,0,0.010673991474644737,true,false
BSB,hour,2026-05-01T12:00:00.000Z,0.49733479853396,753.0859964652186,-0.015033232088238441,0.01342575303745948,0.01526267949131985,0.01211245919377023,false,false
BSB,hour,2026-05-01T11:00:00.000Z,0.526202333759773,177.60382747710943,0.042138642779082705,0.09125838550169409,0.058044470869338914,0.023677808898426956,false,false
BSB,hour,2026-05-01T10:00:00.000Z,0.53352144255551,859.0436214636525,0.0566340671004504,0.38383442448290106,0.07276113420621433,0.024246596444397462,false,false
BSB,hour,2026-05-01T09:00:00.000Z,0.555410290410287,4.06316308062306,0.11677343320339038,0.4067585607120246,0.055507083067876155,0.02860242143365945,false,false
BSB,hour,2026-05-01T08:00:00.000Z,0.556001941821841,339.332853052887,0.05663146312777939,0.7417177808904089,0.04213607452898582,0.027311802699905675,false,false
BSB,hour,2026-05-01T07:00:00.000Z,0.573190616670107,276.7550633279794,0.07435347663738848,0.8644150393118243,0.03201295792824698,0.029637171893048455,false,false
BSB,hour,2026-05-01T06:00:00.000Z,0.582917873460534,59.9279813641756,0.04952659957007082,0.803006212186752,0.048409779920009034,0.030311984139840483,false,false
BSB,hour,2026-05-01T05:00:00.000Z,0.587256482108208,42.47600660552836,0.05621300563080018,0.3952628202120788,0.024539594733450614,0.029898062851641247,false,false
BSB,hour,2026-05-01T04:00:00.000Z,0.583874347804362,263.34255018807016,0.018639054484738574,0.4524894363981308,0.007442915795183167,0.02106837969875136,false,false
BSB,hour,2026-05-01T03:00:00.000Z,0.597052222803987,12.7210623092078,0.02424758269898869,-0.03051621616994586,0.02256971050223372,0.022085718748517363,false,false
BSB,hour,2026-05-01T02:00:00.000Z,0.599047319285904,193.4311590051103,0.020077832321863484,0.060056079417988066,0.025986706795048393,0.01607531967155507,false,false
BSB,hour,2026-05-01T01:00:00.000Z,0.594071607743745,26.949125534695725,0.017464819233332395,-0.1137061950012954,0.008375609063453719,0.016376575229782923,false,false
BSB,hour,2026-05-01T00:00:00.000Z,0.594685320497975,255.91273955011133,-0.003964313699220671,-0.1604458313698838,0.008375609063453719,0.011658350113409105,true,false
BSB,hour,2026-04-30T23:00:00.000Z,0.585236420993546,40.1114633819113,-0.0230547702121785,-0.17632788107430247,0.0161454399717429,0.011493891684483856,true,false
BSB,hour,2026-04-30T22:00:00.000Z,0.579499153123368,44.32460649547502,-0.024529794776293908,-0.0726087816326946,0.026205676561832772,0.011752418553587305,false,false
BSB,hour,2026-04-30T21:00:00.000Z,0.578211265777573,31.22175561419185,-0.02770213784091224,-0.23707972762743662,0.012149806881617329,0.011578458834358216,true,false
BSB,hour,2026-04-30T20:00:00.000Z,0.581777094552013,17.0765867720224,-0.0059109896743271325,-0.2296955942542397,0.006166999824267887,0.008264342897036725,true,false
BSB,hour,2026-04-30T19:00:00.000Z,0.581526583945311,3.57288575559683,0.003498591518237122,-0.36074360195693433,0.006166999824267887,0.008169211301998127,true,false
BSB,hour,2026-04-30T18:00:00.000Z,0.580910305770097,365.7635059799814,0.00466791318722288,-0.18353464347082157,0.0014921215432164884,0.007547077257038619,true,false
BSB,hour,2026-04-30T17:00:00.000Z,0.57703854678472,939.962353276459,-0.0081449541614247,0.11140254327833372,0.007777707720911356,0.007949505279537021,false,false
BSB,hour,2026-04-30T16:00:00.000Z,0.605611945581259,265.84605601544285,0.04141747308015255,0.20545273826669705,0.04951731380122004,0.01897990657697045,false,false
BSB,hour,2026-04-30T15:00:00.000Z,0.596889545543946,2.9885547707337,0.02750724098906428,0.18155575052220288,0.04951731380122004,0.01940200666570978,false,false
BSB,hour,2026-04-30T14:00:00.000Z,0.597794265929883,819.2290946217482,0.03596938066064162,0.47993348219713045,0.01461308897505353,0.019392225458895313,false,false
BSB,hour,2026-04-30T13:00:00.000Z,0.564872934744797,1.51383349624228,-0.0672691665574085,0.4885305681712327,0.05828094985637694,0.02879325836956011,false,false
BSB,hour,2026-04-30T12:00:00.000Z,0.561200388974227,315.22240283990516,-0.059791894222565894,0.6169936161143534,0.06520643548117114,0.028898153999909713,false,false
BSB,hour,2026-04-30T11:00:00.000Z,0.55169001379694,440.00484743041324,-0.07712394507703542,0.6032514115350512,0.02389552215586999,0.02960870000634697,false,false
BSB,hour,2026-04-30T10:00:00.000Z,0.530288373073152,71.68517946752183,-0.06122538281511032,0.1692788949523179,0.05829284116099357,0.033074426124095564,false,false
BSB,hour,2026-04-30T09:00:00.000Z,0.527674085633192,171.46203629567967,-0.05974034230859149,0.10039643447358756,0.04551280575950541,0.02763544522602416,false,false
BSB,hour,2026-04-30T08:00:00.000Z,0.523512370315336,1451.721247043131,-0.051075137807325484,0.5387520593886443,0.012943347936046814,0.02725084311667026,false,false
BSB,hour,2026-04-30T07:00:00.000Z,0.447792494190157,3079.4237427169005,-0.15556795711908797,0.6779491153066434,0.17838975078736563,0.06503186286661192,false,false
BSB,hour,2026-04-30T06:00:00.000Z,0.575439410730675,692.4217462524222,0.09052050574014098,0.8450389643230938,0.28505818698763663,0.11294619221069054,false,false
BSB,hour,2026-04-30T05:00:00.000Z,0.562202319762165,1333.7969668414946,0.07390455630212546,0.9846865868632971,0.28505818698763663,0.1132613558459279,false,false
BSB,hour,2026-04-30T04:00:00.000Z,0.501711491568717,505.95915697787046,0.12041067699465068,1.026713712776544,0.1469528212946261,0.12098617148899114,false,false
BSB,hour,2026-04-30T03:00:00.000Z,0.499068805190939,839.5987320943606,-0.1327170230533271,1.1572485921845963,0.12650262632037615,0.12007500621978474,false,false
BSB,hour,2026-04-30T02:00:00.000Z,0.462647466495971,532.1732463401551,-0.17708011825406522,1.2293554625966336,0.08443583484550686,0.12342957762131448,false,false
BSB,hour,2026-04-30T01:00:00.000Z,0.456687300450409,118.23852634527914,-0.08974119962357135,0.9300885460551195,0.09280202164310485,0.12349057543955137,false,false
BSB,hour,2026-04-30T00:00:00.000Z,0.453813086531859,5.45278562023016,-0.09068031940358526,0.23227486674431802,0.019467001341072647,0.10848388871223297,false,false
BSB,day,2026-05-04T00:00:00.000Z,0.847445412069419,1915.4009363891441,,,,,false,false
BSB,day,2026-05-03T00:00:00.000Z,0.768029205612392,6807.532532657856,,0,,0.09839866607684276,false,false
BSB,day,2026-05-02T00:00:00.000Z,0.666316531716623,11055.898258365878,,0,0.2718360895026212,0.12219691810708609,false,false
BSB,day,2026-05-01T00:00:00.000Z,0.50940730966839,3905.852125194894,-0.3988907103474158,0,0.507691764596699,0.18435971097897214,false,false
BSB,day,2026-04-30T00:00:00.000Z,0.585236420993546,12088.77131244517,-0.23800238751740593,0,0.3080231065988757,0.17408479593982062,false,false
LAB,hour,2026-05-04T10:00:00.000Z,1.71357009499836,20.911184328725675,,,,,false,false
LAB,hour,2026-05-04T09:00:00.000Z,1.69126363902689,28356.265955493946,,0,,0.013103004058536689,false,false
LAB,hour,2026-05-04T08:00:00.000Z,1.79256977280914,558251.0044490226,,0,0.059899669953608785,0.042165936415389016,false,false
LAB,hour,2026-05-04T07:00:00.000Z,1.76586622445649,441.8181184663138,0.030518815431463245,0,0.059899669953608785,0.03550210572328832,false,false
LAB,hour,2026-05-04T06:00:00.000Z,2.02923249103327,67.81939457407239,0.19983215165722987,0,0.149142818934566,0.07600448557174255,false,false
LAB,hour,2026-05-04T05:00:00.000Z,2.0706274992804,109.83785875856451,0.15511682205569893,0,0.1725845766814593,0.06857773323595533,false,false
LAB,hour,2026-05-04T04:00:00.000Z,2.23058556143234,134.8331893946741,0.2631679175577893,0,0.09922622040047406,0.06958416694995849,false,false
LAB,hour,2026-05-04T03:00:00.000Z,2.12244792253359,242.28692466459157,0.045936299518275304,0.05717771182354148,0.07725100830908983,0.06710464590953662,false,false
LAB,hour,2026-05-04T02:00:00.000Z,2.09581625707669,353.0128189127734,0.012164794394473892,0.08373939042131796,0.06430396934873996,0.06709160798363877,false,false
LAB,hour,2026-05-04T01:00:00.000Z,2.4742407845371,357.8378893805893,0.10923374889430382,-0.3515016975486567,0.18056188188379105,0.08918487075408554,false,false
LAB,hour,2026-05-04T00:00:00.000Z,2.44845824186655,430.2587168100641,0.15360109233860378,-0.3334053254482104,0.18056188188379105,0.08909228673615356,false,false
LAB,hour,2026-05-03T23:00:00.000Z,2.0583973358104,389.32221716664236,-0.017854103927260653,-0.3175319811686126,0.20202292409350625,0.09735757064382074,false,false
LAB,hour,2026-05-03T22:00:00.000Z,2.35164072756432,505.1950815416284,-0.04955057637840896,-0.3036406225968257,0.18949738190492801,0.10933570463810413,false,false
LAB,hour,2026-05-03T21:00:00.000Z,2.55730358191825,305.9403229570179,0.044454644228983625,-0.2914452105429661,0.24237606482881904,0.11030608998602713,false,false
LAB,hour,2026-05-03T20:00:00.000Z,2.32705225506609,116.581330026612,0.13051655022178665,-0.28076748458396406,0.09894549052385618,0.11439571857494629,false,false
LAB,hour,2026-05-03T19:00:00.000Z,2.30061107298926,186.7896025387753,-0.02169959636135126,-0.27127905913263906,0.11157579477154353,0.11437770205391556,false,false
LAB,hour,2026-05-03T18:00:00.000Z,2.32908915900572,736.6377791063512,-0.08924025466751394,-0.2623948726992238,0.012378487763886767,0.09574841869215082,false,false
LAB,hour,2026-05-03T17:00:00.000Z,2.09261623144916,1798.530077956348,-0.10074377277371113,-0.2536396770367728,0.1130034853035618,0.10387279748921878,false,false
LAB,hour,2026-05-03T16:00:00.000Z,1.71515532967396,1686881.7328740207,-0.25447836454798856,0.3118838646155917,0.35794648957448355,0.11018147621453736,false,false
LAB,hour,2026-05-03T15:00:00.000Z,1.45819246091428,5436031.554421867,-0.3739215799120471,0.5185300067751308,0.43507547017291465,0.11562534909579024,false,false
LAB,hour,2026-05-03T14:00:00.000Z,1.43120982139516,6244162.529460785,-0.31606674941824786,0.7222781072392508,0.19839544421376765,0.11142212427052726,false,false
LAB,hour,2026-05-03T13:00:00.000Z,1.48615584661491,9894309.04929024,-0.13351530272338727,0.8760363728153663,0.03839131369723831,0.10651715860676497,false,false
LAB,hour,2026-05-03T12:00:00.000Z,1.26360725194366,10069709.801282175,-0.13344274791313618,1.0604929619488737,0.17612165040120603,0.12282788018657936,false,false
LAB,hour,2026-05-03T11:00:00.000Z,1.36000339731622,8495981.155916646,-0.04975261000481901,1.2588055331672143,0.17612165040120603,0.12584580480840216,false,false
LAB,hour,2026-05-03T10:00:00.000Z,1.39747221227434,11638799.68344711,-0.05967317259664873,1.4394737039185717,0.10593874016215953,0.1196043990238231,false,false
LAB,hour,2026-05-03T09:00:00.000Z,1.51632454817254,18016631.535399202,0.1999967124596304,1.494252940996528,0.11494173556095401,0.09800383344598053,false,false
LAB,hour,2026-05-03T08:00:00.000Z,1.19095472161705,15521080.9066153,-0.12430018633244916,1.5394411003614141,0.2732008368157865,0.11906104338887104,false,false
LAB,hour,2026-05-03T07:00:00.000Z,1.00221107105552,7948462.298577033,-0.28284007205806644,1.5604198068164203,0.512979243559503,0.1355687588634541,false,false
LAB,hour,2026-05-03T06:00:00.000Z,1.0702315284435,9207566.425184079,-0.29419362778678687,1.4998300174832648,0.18832724563973002,0.13708446781018657,false,false
LAB,hour,2026-05-03T05:00:00.000Z,1.07951576270039,13900958.800929928,-0.09357111306914409,1.4747257921041568,0.0771341425748303,0.12265142006799003,false,false
LAB,hour,2026-05-03T04:00:00.000Z,1.17916704260367,18104619.77011523,0.1765655725213466,1.479757547055066,0.10178686692084399,0.12403630204354282,false,false
LAB,hour,2026-05-03T03:00:00.000Z,1.20826437957403,32423045.794869184,0.1289747568278793,1.3911646244261775,0.11926515695479759,0.12395311032866063,false,false
LAB,hour,2026-05-03T02:00:00.000Z,0.84691978273282,21455560.065804593,-0.21546325491879356,1.2919335863140657,0.4266574051148411,0.18013903451481147,false,false
LAB,hour,2026-05-03T01:00:00.000Z,1.38844722162445,9556687.81160781,0.17748136732067832,1.1587334021896563,0.6394081823714667,0.24295184547301518,false,false
LAB,hour,2026-05-03T00:00:00.000Z,1.89722073693499,2811.580039703021,0.5702033172606227,1.0192799067675298,1.2401421901057557,0.26210090931833824,false,false
LAB,hour,2026-05-02T23:00:00.000Z,1.98337814464118,972.6530411658324,1.34187249498561,0.8576953323027555,0.42848652347092836,0.26146251114631797,false,false
LAB,hour,2026-05-02T22:00:00.000Z,2.43176334592289,1985.3593647083055,0.75142656346547,0.6137520954264868,0.2817503512276951,0.2725552398374659,false,false
LAB,hour,2026-05-02T21:00:00.000Z,3.31165653167717,1826.2164649374408,0.7455304315444276,0.29602493380166783,0.6697050638703562,0.29461488293518123,false,false
LAB,hour,2026-05-02T20:00:00.000Z,2.58169207650762,604.1618326593997,0.30166407423768565,-0.2730258199577196,0.3618333943677186,0.309144909817878,false,false
LAB,hour,2026-05-02T19:00:00.000Z,2.1127888486114,4383.237368529511,-0.1311700408044577,-0.6495431084658987,0.5674337423040209,0.2885694499669103,false,false
LAB,hour,2026-05-02T18:00:00.000Z,1.76498589874963,10880.924332607723,-0.4670383592419946,-0.8171562780876699,0.46272674378677453,0.2301833760283044,false,false
LAB,hour,2026-05-02T17:00:00.000Z,2.2123637211808,1353.6542134581864,-0.14305670249661556,-0.8171884552064584,0.2534738791670267,0.21529337277683966,false,false
LAB,hour,2026-05-02T16:00:00.000Z,3.21485390316842,846.3077674174339,0.5216162775950547,-0.8171930031152514,0.8214615229764275,0.25694724928087076,false,false
LAB,hour,2026-05-02T15:00:00.000Z,2.77942946663804,749.8743694038961,0.5747601545185561,-0.8172177211824045,0.4531308176815353,0.2512236944357626,false,false
LAB,hour,2026-05-02T14:00:00.000Z,2.71732938787669,809.2919608787859,0.22824712856273752,-0.8172403027247515,0.18309319345362587,0.2226229579005962,false,false
LAB,hour,2026-05-02T13:00:00.000Z,2.2955949827722,45.48505315772316,-0.28594111834762953,-0.8172491432970906,0.2107664842870293,0.21158229643332047,false,false
LAB,hour,2026-05-02T12:00:00.000Z,2.16974978165688,32.33703948372235,-0.21935425679955114,-0.8173206989174882,0.252369932629588,0.1987006094451758,false,false
LAB,hour,2026-05-02T11:00:00.000Z,2.15904960183832,1757.5553179643507,-0.20545164253149584,-0.8174805528808797,0.0632432811259262,0.18671833286251763,false,false
LAB,hour,2026-05-02T10:00:00.000Z,2.12686917098946,6447.671517357634,-0.0734998172800429,-0.8065767022967152,0.020161376756178715,0.16614638977823643,false,false
LAB,hour,2026-05-02T09:00:00.000Z,2.00988739362883,1271.3132266093223,-0.07367779887779263,-0.7764916498627719,0.07421421154355287,0.09005223945496516,false,false
LAB,hour,2026-05-02T08:00:00.000Z,1.69996546776484,3141.3611262179093,-0.21263250908297499,-0.74407393854925,0.251124926546846,0.09534261547864273,false,false
LAB,hour,2026-05-02T07:00:00.000Z,1.81057324468093,4436701.250498336,-0.14871433119761815,-0.6480799866795833,0.1823107185062316,0.0979025741739179,false,false
LAB,hour,2026-05-02T06:00:00.000Z,1.67508339386943,2769827.536189169,-0.16657848634739428,-0.5723046446089419,0.08088543609671836,0.0799096476854894,false,false
LAB,hour,2026-05-02T05:00:00.000Z,2.12442026280672,228635.44971966854,0.24968436305942424,-0.53246208002045,0.26824746193640264,0.11831616319817825,false,false
LAB,hour,2026-05-02T04:00:00.000Z,1.74346692487819,2338189.167084192,-0.0370635764114397,-0.4586803846083729,0.26824746193640264,0.13990892033519148,false,false
LAB,hour,2026-05-02T03:00:00.000Z,1.43320468126199,6351037.532093054,-0.14439801235728447,-0.31546233926196826,0.4822867177185669,0.15820302794084504,false,false
LAB,hour,2026-05-02T02:00:00.000Z,1.25696519449054,7339065.083412134,-0.40832554815219313,-0.15368373509959854,0.3870447109594262,0.16440965356464546,false,false
LAB,hour,2026-05-02T01:00:00.000Z,1.16165447167487,10895417.473135723,-0.3337100606276022,0.03521108436795126,0.23376160141285365,0.15463569731082785,false,false
LAB,hour,2026-05-02T00:00:00.000Z,1.23721657714196,11551610.350529348,-0.13674816073546114,0.15486639936016422,0.08204739459079538,0.1546347270149768,false,false
LAB,hour,2026-05-01T23:00:00.000Z,1.21814935123078,8344856.315510621,-0.030880603082643426,0.2860017916707386,0.0650469716336088,0.15192794383304628,false,false
LAB,hour,2026-05-01T22:00:00.000Z,0.965599538973569,3024873.8015206656,-0.16877215857365022,0.42724246449939907,0.28129367010377787,0.15075295965964464,false,false
LAB,hour,2026-05-01T21:00:00.000Z,0.891847354488075,3540071.111282207,-0.2791501738941354,0.8512023900374486,0.36587202406403285,0.13434665875830334,false,false
LAB,hour,2026-05-01T20:00:00.000Z,0.89961317113866,4859942.4900693735,-0.2614918932315491,1.2569410175750886,0.08269597270693052,0.11213320011239264,false,false
LAB,hour,2026-05-01T19:00:00.000Z,0.810548436350754,2618529.663611212,-0.16057495510782252,1.2164033834388166,0.10988206354316428,0.10801391928100444,false,false
LAB,hour,2026-05-01T18:00:00.000Z,0.711703513111689,399609.81266987685,-0.20198954503799527,0.772427954867797,0.26402800402852866,0.11486878286722038,false,false
LAB,hour,2026-05-01T17:00:00.000Z,0.684434868759691,105650.60713266087,-0.23918980877815874,0.28850148413501564,0.18425941363800136,0.11333816739854644,false,false
LAB,hour,2026-05-01T16:00:00.000Z,0.683920760381201,157513.5927054438,-0.15622468724960517,-0.05888442024181982,0.04062276558910507,0.11318639635336296,false,false
LAB,hour,2026-05-01T15:00:00.000Z,0.691850884190996,185896.37926020834,-0.02789452146146346,-0.18094058241914449,0.01159509152109232,0.07154386871911946,false,false
LAB,hour,2026-05-01T14:00:00.000Z,0.709806636708835,287278.21503962245,0.037069660105309835,-0.32204199490771734,0.03784923316731297,0.06565407192118668,false,false
LAB,hour,2026-05-01T13:00:00.000Z,0.705001479463808,277433.99273031385,0.03082333554380937,-0.519975080363006,0.025953211780361075,0.06562248535486702,false,false
LAB,hour,2026-05-01T12:00:00.000Z,0.696405637439935,225078.5130506109,0.006583431998160948,-0.6246428308716478,0.019243094180230375,0.05267938259666231,false,false
LAB,hour,2026-05-01T11:00:00.000Z,0.697360825512102,296566.81510730827,-0.01753408682460426,-0.6331661598752977,0.012343153992078892,0.018953998079147046,true,false
LAB,hour,2026-05-01T10:00:00.000Z,0.698167105583376,402438.5863861979,-0.009694127004711917,-0.6261142072413091,0.0025293708849290467,0.011891239326581654,true,false
LAB,hour,2026-05-01T09:00:00.000Z,0.684285121453476,298290.4002127651,-0.017404390968194048,-0.6242910907086461,0.020286841982496435,0.014104738860932763,true,false
LAB,hour,2026-05-01T08:00:00.000Z,0.689006936808205,337022.991974575,-0.011979291635377358,-0.6225607475065557,0.020286841982496435,0.013664293856326493,true,false
LAB,hour,2026-05-01T07:00:00.000Z,0.672787390110877,86710.24409957448,-0.03635192100792578,-0.6324194527818091,0.02410798260451201,0.013190812036603897,true,false
LAB,hour,2026-05-01T06:00:00.000Z,0.672553929754473,204730.46889392525,-0.017143718796756763,-0.6384895691540554,0.024463476199950873,0.012939212198885705,true,false
LAB,hour,2026-05-01T05:00:00.000Z,0.680138805561579,139534.2660091346,-0.012870888191209271,-0.6441711458053747,0.011277721341803725,0.012801985414560329,true,false
LAB,hour,2026-05-01T04:00:00.000Z,0.683047342654163,194431.14966242603,0.01524991801881896,-0.6513044089611604,0.015602336757619963,0.012892781496602067,true,false
LAB,hour,2026-05-01T03:00:00.000Z,0.684682253691871,150534.97831948218,0.018033236296493844,-0.6643597979665994,0.006680177771272,0.012917025846175855,true,false
LAB,hour,2026-05-01T02:00:00.000Z,0.683221783515609,280516.18238752184,0.004532865833885844,-0.669197357438721,0.002393554495586032,0.010482279869208397,true,false
LAB,hour,2026-05-01T01:00:00.000Z,0.691824967327485,213209.029981764,0.01285068270555623,-0.6318280852448845,0.012592080667579329,0.011202330796077036,true,false
LAB,hour,2026-05-01T00:00:00.000Z,0.687566372565488,300380.11250585347,0.004212346468841012,-0.5945961655789841,0.012592080667579329,0.0070618193028874204,true,false
LAB,hour,2026-04-30T23:00:00.000Z,0.693956058021589,399170.82972386555,0.015711259162062022,-0.5885168639525723,0.009293190753729563,0.007878833957714796,true,false
LAB,hour,2026-04-30T22:00:00.000Z,0.717650540712352,320894.2089135548,0.03732963481302363,-0.5576407448752011,0.04375456588229028,0.014322733476167256,true,false
LAB,hour,2026-04-30T21:00:00.000Z,0.709216252602161,650908.7733755627,0.03148769471649945,-0.49369558883123016,0.034144067793447926,0.014916629308971044,true,false
LAB,hour,2026-04-30T20:00:00.000Z,0.687932411018354,244102.30920172555,-0.00868015623411071,-0.43657356086810356,0.04319919983128274,0.018823389854657768,true,false
LAB,hour,2026-04-30T19:00:00.000Z,0.669523196028876,265101.0405777121,-0.0670623680373793,-0.38577512298898725,0.05928555845221695,0.02141906412567674,true,false
LAB,hour,2026-04-30T18:00:00.000Z,0.678472715046849,226935.4257926619,-0.04334860832998672,-0.3492141134687778,0.027496007753977852,0.021484761407283972,true,false
LAB,hour,2026-04-30T17:00:00.000Z,0.671247331555256,239674.58603013138,-0.024253951690397815,-0.31507848267610805,0.01336700366926054,0.021737623889172733,true,false
LAB,hour,2026-04-30T16:00:00.000Z,0.661605041487365,282272.5672039886,-0.011826557449354614,-0.2694664077348865,0.025495080148669292,0.022140627567229672,true,false
LAB,hour,2026-04-30T15:00:00.000Z,0.6628692604175,226032.33182794484,-0.022997910281877067,-0.20747781498483617,0.01457408795769449,0.018157548878871003,true,false
LAB,hour,2026-04-30T14:00:00.000Z,0.676597247156559,246939.82318567293,0.00797011079196022,-0.2175562658010197,0.022660355845369306,0.01922905308261882,true,false
LAB,hour,2026-04-30T13:00:00.000Z,0.683879592019195,352666.150134315,0.03366744376940395,-0.03523268106859191,0.03169604152176534,0.015921648774967358,false,false
LAB,hour,2026-04-30T12:00:00.000Z,0.675342973500905,326815.2733884802,0.01881775763074084,0.07101057472798841,0.012640419539774154,0.013074086441994776,false,false
LAB,hour,2026-04-30T11:00:00.000Z,0.6879235457873,396995.8570589495,0.016740089733353822,0.21313134706330814,0.01862841960312202,0.013943083254826995,false,false
LAB,hour,2026-04-30T10:00:00.000Z,0.694111784694974,438617.88181773043,0.0149619798502363,0.39069267465118446,0.027791525092463087,0.013765554750997668,false,false
LAB,hour,2026-04-30T09:00:00.000Z,0.673995397782779,412829.6023669684,-0.001995394593565343,0.49195966766194865,0.029846475181242064,0.016826921063706268,false,false
LAB,hour,2026-04-30T08:00:00.000Z,0.67468821345124,362474.2677538479,-0.019239539651041762,0.6473769945721782,0.029846475181242064,0.016815928326356696,false,false
LAB,hour,2026-04-30T07:00:00.000Z,0.664980127538994,321678.2637627639,-0.041969691047360376,0.7329841988617017,0.01459906170154934,0.015898362136284643,false,false
LAB,hour,2026-04-30T06:00:00.000Z,0.656254627190122,314429.8414480008,-0.0263217978209024,0.6586047558087519,0.028089076247804753,0.016165009992212164,false,false
LAB,hour,2026-04-30T05:00:00.000Z,0.660649170009888,233808.3832103439,-0.020808194305837822,0.5499606910338268,0.013295906782755912,0.015656639375669027,false,false
LAB,hour,2026-04-30T04:00:00.000Z,0.668082917310036,388879.2959222021,0.004665988715369545,0.5455062799494294,0.018023934049134403,0.014640705992902698,false,false
LAB,hour,2026-04-30T03:00:00.000Z,0.669669302830925,363595.8537657004,0.020441266369793803,0.42148661282955147,0.013653438512458843,0.014272247316159656,false,false
LAB,hour,2026-04-30T02:00:00.000Z,0.672769213342158,523419.51990831987,0.018345657396479607,0.47847601300000736,0.007014542522642059,0.009120429556537867,false,false
LAB,hour,2026-04-30T01:00:00.000Z,0.689892515195023,286195.2620096602,0.03264504647537022,0.3469907748800269,0.03019880451232799,0.013163320282959455,false,false
LAB,hour,2026-04-30T00:00:00.000Z,0.676647050029559,415499.8849241418,0.0104196909864865,0.4074383295993579,0.02545197002669092,0.014033971643860353,false,false
LAB,hour,2026-04-29T23:00:00.000Z,0.666918402532381,464318.4246552441,-0.00869660902096213,0.5167615083174063,0.03444816123742601,0.014212361111709561,false,false
LAB,hour,2026-04-29T22:00:00.000Z,0.688974060881197,530839.836517728,-0.0013313005918993844,0.7917206256812886,0.033070999788081396,0.01862402901755782,false,false
LAB,hour,2026-04-29T21:00:00.000Z,0.693599102517344,320232.8050518627,0.02505302060659901,0.6848507207477831,0.040005943581182854,0.01831292489950507,false,false
LAB,hour,2026-04-29T20:00:00.000Z,0.671383058265154,312888.4586637802,0.006694455747239963,0.606369428586408,0.03308996850411453,0.02204443133805715,false,false
LAB,hour,2026-04-29T19:00:00.000Z,0.656548772139251,297463.32456632785,-0.047063148793256515,0.2675962119265546,0.056431954411202245,0.023541978991443564,false,false
LAB,hour,2026-04-29T18:00:00.000Z,0.662266899639749,431199.7976264426,-0.04517336133204049,0.43005440616479,0.022594339911059493,0.021788202192777804,false,false
LAB,hour,2026-04-29T17:00:00.000Z,0.678350649204957,434091.42284337454,0.010377966578136796,0.4417887725814381,0.03320678979364833,0.022434207706904945,false,false
LAB,hour,2026-04-29T16:00:00.000Z,0.639662857227884,463435.3882303618,-0.025719208728922294,0.38676679750451315,0.06048153576516056,0.03107990946656758,false,false
LAB,hour,2026-04-29T15:00:00.000Z,0.657625530702586,320898.8336632481,-0.007008305774737945,0.2363248833812469,0.06048153576516056,0.030402349489011535,false,false
LAB,hour,2026-04-29T14:00:00.000Z,0.652949169718772,206913.31267035234,-0.03744594261972937,0.062385007919292336,0.02808147021783809,0.030416830449387852,false,false
LAB,hour,2026-04-29T13:00:00.000Z,0.654824690146075,205017.891334641,0.023702850254426398,-0.08702096405423834,0.007161906624106887,0.027838131039460656,false,false
LAB,hour,2026-04-29T12:00:00.000Z,0.655581588201864,210602.23595749098,-0.0031080644003257563,-0.21593576113253804,0.004031582556764286,0.026529933262135208,false,false
LAB,hour,2026-04-29T11:00:00.000Z,0.660965629499557,252465.74156218456,0.012277310627774648,-0.5020971341338907,0.009377989935156587,0.026507575930374918,false,false
LAB,hour,2026-04-29T10:00:00.000Z,0.655436424240674,168454.69469752116,0.0009341952186661794,-0.8334821441899132,0.008435913926035626,0.02510929498811347,true,false
LAB,hour,2026-04-29T09:00:00.000Z,0.661027972899197,163427.98038997638,0.008307714547431773,-1.2193234141398481,0.008531031312458403,0.012171974293384114,true,false
LAB,hour,2026-04-29T08:00:00.000Z,0.669154287756503,159620.18684362867,0.012388932028350688,-1.3691913153008006,0.020929357918612987,0.0077405225224354566,true,false
LAB,hour,2026-04-29T07:00:00.000Z,0.663768421271866,213318.8857010942,0.012712136102055318,-1.2867755365555797,0.012293450792505552,0.00787210091420219,true,false
LAB,hour,2026-04-29T06:00:00.000Z,0.678876455424791,315117.2534351217,0.02700110019143744,-1.1329802940980307,0.02276100168184577,0.011539221663097232,true,false
LAB,hour,2026-04-29T05:00:00.000Z,0.675084420757852,215798.1853975866,0.008862131065813239,-1.0561000606356388,0.02276100168184577,0.011723704496658258,true,false
LAB,hour,2026-04-29T04:00:00.000Z,0.675671685854174,188670.40080644377,0.017932857606422235,-1.0579287712815029,0.005617126614597405,0.011313553829590043,true,false
LAB,hour,2026-04-29T03:00:00.000Z,0.678585018235893,246649.6439833365,-0.00042929341055973706,-0.9086633796666777,0.0051854218085957415,0.01097996874940001,true,false
LAB,hour,2026-04-29T02:00:00.000Z,0.692873395391928,374624.8598693805,0.02635074086601801,-0.6267679689275892,0.025458680447750112,0.013125534995984118,true,false
LAB,hour,2026-04-29T01:00:00.000Z,0.693392164189759,908441.4487291217,0.02622646280224548,0.13772210692289885,0.02182062019636083,0.012289519951974377,false,false
LAB,hour,2026-04-29T00:00:00.000Z,0.676757405185197,425687.14865183434,-0.0026932705579725677,0.31222577898915954,0.02458009159132859,0.015031279541082946,false,false
LAB,hour,2026-04-28T23:00:00.000Z,0.666250156849862,260455.0683579207,-0.03842439140992916,0.2558328547603358,0.040738462964464886,0.013731674609456745,false,false
LAB,hour,2026-04-28T22:00:00.000Z,0.667978042378692,264727.8305316052,-0.03665187338937397,0.3289512513749007,0.015770725495983323,0.013602757070338149,false,false
LAB,hour,2026-04-28T21:00:00.000Z,0.659213727112683,186094.2293232407,-0.025923141642924637,0.3606123576550812,0.01329510431221774,0.014486086746707295,false,false
LAB,hour,2026-04-28T20:00:00.000Z,0.656081870609178,292031.14847602224,-0.015261964498081761,0.4663132745319249,0.01813214524350179,0.014506620567193491,false,false
LAB,hour,2026-04-28T19:00:00.000Z,0.667479347450849,429035.4847509986,-0.0007465738335755261,0.4826488155894327,0.017372034424740876,0.01381261980977314,false,false
LAB,hour,2026-04-28T18:00:00.000Z,0.677340400342937,589266.9856966683,0.0274974146998542,0.13507731462633038,0.03240225143551098,0.0148806494832831,false,false
LAB,hour,2026-04-28T17:00:00.000Z,0.6916273151451,574551.4332453649,0.054178367256083056,0.24037615289189376,0.036177849976143504,0.01412228819584232,false,false
LAB,hour,2026-04-28T16:00:00.000Z,0.705297795921669,718600.9597505089,0.05665860466732234,0.5687148236775593,0.04127525180039046,0.014805024109883226,false,false
LAB,hour,2026-04-28T15:00:00.000Z,0.735428267695772,704136.1598166467,0.085758751911779,0.802747306275148,0.06333028148473681,0.02163860001110803,false,false
LAB,hour,2026-04-28T14:00:00.000Z,0.721526846266615,1017066.8817880419,0.04323069732322851,1.1082296906345794,0.04272021258017559,0.02225611293748886,false,false
LAB,hour,2026-04-28T13:00:00.000Z,0.69433244551389,1153029.4621960588,-0.015547121331138882,1.3012305079742752,0.05918752961553761,0.0265132330636905,false,false
LAB,hour,2026-04-28T12:00:00.000Z,0.720139244279189,1296583.5967124887,-0.02078927896596393,1.4183812772365858,0.03916625375701392,0.029169026541627688,false,false
LAB,hour,2026-04-28T11:00:00.000Z,0.66387325555826,573624.1820300011,-0.07990498344818496,1.3909883150678357,0.0847541127012476,0.042018895772268985,false,false
LAB,hour,2026-04-28T10:00:00.000Z,0.664384037565249,602141.8368195997,-0.043132663815638794,1.3823761204087348,0.0847541127012476,0.04127263064624875,false,false
LAB,hour,2026-04-28T09:00:00.000Z,0.672925835211551,580368.5775488209,-0.06556150000531548,1.2894620963628216,0.013636005935618757,0.04089028490868913,false,false
LAB,hour,2026-04-28T08:00:00.000Z,0.674912365860058,597876.0076834051,0.016628340137779765,1.2067896876512192,0.015846750824104503,0.03772609260358271,false,false
LAB,hour,2026-04-28T07:00:00.000Z,0.682683033847329,629990.887182867,0.027542799416343355,0.9872787076196287,0.014499664190646706,0.03728209463814668,false,false
LAB,hour,2026-04-28T06:00:00.000Z,0.701939319719692,749915.8387223128,0.04311542667851338,0.7387337816657966,0.04004513063735751,0.03591145957164924,false,false
LAB,hour,2026-04-28T05:00:00.000Z,0.69927608594371,730877.2553029252,0.03609908680900335,0.41985711978190127,0.028206773740724618,0.03318796982550448,false,false
LAB,hour,2026-04-28T04:00:00.000Z,0.697258180871497,1018813.8464282663,0.021349801154466018,0.5255072390507067,0.006713637755162761,0.012536092620746337,false,false
LAB,hour,2026-04-28T03:00:00.000Z,0.717145075815771,1012429.6965579425,0.021662493706936323,0.6174988366220069,0.028521565597720948,0.01643321147049151,false,false
LAB,hour,2026-04-28T02:00:00.000Z,0.721783672441525,1059290.662028642,0.032186981580300644,0.7347802584190505,0.03517418976622651,0.015895759331476942,false,false
LAB,hour,2026-04-28T01:00:00.000Z,0.689467558540363,1017735.8897116708,-0.011173224703361101,0.8393402081355931,0.046871115980535435,0.023477073083855486,false,false
LAB,hour,2026-04-28T00:00:00.000Z,0.709530152476688,1025708.3659374896,-0.010618386147908507,0.9361545951251431,0.046871115980535435,0.02549479682533961,false,false
LAB,hour,2026-04-27T23:00:00.000Z,0.709456570723286,1593367.895948276,-0.017078665241263953,1.0634218428666542,0.029098677215210155,0.023226086017158035,false,false
LAB,hour,2026-04-27T22:00:00.000Z,0.719265536284286,1353794.8348182074,0.04321882498287056,1.1854152955196133,0.0138260268010483,0.0237554702412279,false,false
LAB,hour,2026-04-27T21:00:00.000Z,0.650061503102524,1288126.3068710219,-0.08381412568103361,1.1903954016580796,0.10645767031500031,0.045001561963887125,false,false
LAB,hour,2026-04-27T20:00:00.000Z,0.651903102843999,1917821.0103517608,-0.08112331360975583,1.2427535051444274,0.10645767031500031,0.04374131389461988,false,false
LAB,hour,2026-04-27T19:00:00.000Z,0.645383530922191,1373208.8392684567,-0.10271867847828248,1.2778746604084306,0.010101856662645426,0.04383830032748142,false,false
LAB,hour,2026-04-27T18:00:00.000Z,0.598252441167528,1705993.0879012686,-0.07969870802643883,1.3437729017452777,0.08967896824920318,0.04943233130071784,false,false
LAB,hour,2026-04-27T17:00:00.000Z,0.610315141688374,2937517.5074976864,-0.06379469736252667,1.3812481022005858,0.0787812744444197,0.04881548385484913,false,false
LAB,hour,2026-04-27T16:00:00.000Z,0.617671463061317,2963276.5800568103,-0.0429389138909016,1.353146847245955,0.03245957819393368,0.04902506636743172,false,false
LAB,hour,2026-04-27T15:00:00.000Z,0.65766915370217,1627499.2183293425,0.09931712508968049,1.3667229050696899,0.07758944318962181,0.054212047910748455,false,false
LAB,hour,2026-04-27T14:00:00.000Z,0.675548825823475,1396313.9199672372,0.10688524612815395,1.3683153799487993,0.09370250403880545,0.03974569312418199,false,false
LAB,hour,2026-04-27T13:00:00.000Z,0.683268574008307,1230684.117510101,0.10620065013506709,1.1940163091051808,0.03892446553412448,0.03996274323926653,false,false
LAB,hour,2026-04-27T12:00:00.000Z,0.717016081342433,962909.6536878078,0.09023827148678865,1.0914680230323237,0.06138306208794103,0.04375638562330413,false,false
LAB,hour,2026-04-27T11:00:00.000Z,0.757902331451358,603335.3723229956,0.12190607470525379,0.8273152571145773,0.10923048458854429,0.039146720769758496,false,false
LAB,hour,2026-04-27T10:00:00.000Z,0.759798296577962,699440.6852610147,0.1120053306721006,0.2917136953206522,0.0596670233050144,0.03842431430275663,false,false
LAB,hour,2026-04-27T09:00:00.000Z,0.763892034096102,1272651.7757719208,0.06537643153819574,-0.14650537367285452,0.00790300068515937,0.03821054302101025,false,false
LAB,hour,2026-04-27T08:00:00.000Z,0.762567676487346,732246.1141127484,0.00615560190592639,-0.3441595845548512,0.005387926686039697,0.029967501299345854,false,false
LAB,hour,2026-04-27T07:00:00.000Z,0.747418947783384,780195.9641983643,-0.016292940969113892,-0.46760097681364116,0.02203996347907966,0.029202448873147695,true,false
LAB,hour,2026-04-27T06:00:00.000Z,0.754160073710437,694567.3922826172,-0.012739968413442824,-0.5565226006372358,0.020268055484662914,0.029083602384970375,true,false
LAB,hour,2026-04-27T05:00:00.000Z,0.764828402336789,733407.5625158587,0.0029646232316803928,-0.6240812870311774,0.023292765864494126,0.023281127951073403,true,false
LAB,hour,2026-04-27T04:00:00.000Z,0.751319829454857,733600.1340092808,0.005219136714478242,-0.6040644637430833,0.017979790167036488,0.01216690247130185,true,false
LAB,hour,2026-04-27T03:00:00.000Z,0.765031240867854,917486.3162206385,0.014414933296496698,-0.5785099353261937,0.01824976644493167,0.013923608362354319,true,false
LAB,hour,2026-04-27T02:00:00.000Z,0.758573746454176,1326428.1032467233,-0.008177855141758674,-0.6166212569245195,0.01824976644493167,0.014142375890882321,true,false
LAB,hour,2026-04-27T01:00:00.000Z,0.734577410792821,1076785.3121296065,-0.022284010092191945,-0.5664502872880048,0.041457618526772454,0.01863297541690445,true,false
LAB,hour,2026-04-27T00:00:00.000Z,0.750728416417611,1206409.3892393175,-0.018695739057685838,-0.4921290682015103,0.032666857582042956,0.018900850084468228,true,false
LAB,hour,2026-04-26T23:00:00.000Z,0.771669762410835,1896113.146646192,0.01726399841528143,-0.25474295771772476,0.050494816574853,0.021304013574194123,false,false
LAB,hour,2026-04-26T22:00:00.000Z,0.763261645261462,1803247.4608824444,0.039048620400241305,-0.03143880372038295,0.02789470271173912,0.02104329701347274,false,false
LAB,hour,2026-04-26T21:00:00.000Z,0.746620316852959,729269.1146069828,-0.005472151412964149,-0.015879537887219245,0.033550447252039095,0.02160730866199753,false,false
LAB,hour,2026-04-26T20:00:00.000Z,0.746526783840497,1090536.3699442549,-0.03258256289813249,0.024906848154618886,0.022416960493865688,0.020497631811706697,false,false
LAB,hour,2026-04-26T19:00:00.000Z,0.778159127218224,1073695.9381049776,0.01951818494909269,-0.04056461806573381,0.04237268382387415,0.02561090368071158,false,false
LAB,hour,2026-04-26T18:00:00.000Z,0.813183951359571,2351394.5499528116,0.0891532590315529,0.18826902801562306,0.08928972002338231,0.02802159082831932,false,false
LAB,hour,2026-04-26T17:00:00.000Z,0.804824174092077,2216670.000139048,0.07809149184396284,0.37985025601380634,0.04500984813550194,0.02707198817165408,false,false
LAB,hour,2026-04-26T16:00:00.000Z,0.815832095691726,2033633.5147555799,0.048412936577864135,0.3681700197132977,0.01367742415548971,0.025517059585850307,false,false
LAB,hour,2026-04-26T15:00:00.000Z,0.83555401857334,2354737.159524797,0.027509233521355456,0.42060903302380465,0.03818205947395828,0.026748496213659663,false,false
LAB,hour,2026-04-26T14:00:00.000Z,0.872649662634805,3225157.392033659,0.08427367209644526,0.8072400671227095,0.06964370149583866,0.030259339148864497,false,false
LAB,hour,2026-04-26T13:00:00.000Z,0.895271520371406,1275583.6204338488,0.09737227194074179,0.8471045268106556,0.07147054585415097,0.03176784710981194,false,false
LAB,hour,2026-04-26T12:00:00.000Z,0.910534119627875,1305592.8016750414,0.08973698813938946,0.9118222643555619,0.04341313429112529,0.028354684764152586,false,false
LAB,hour,2026-04-26T11:00:00.000Z,0.908263277949951,1450792.9589770646,0.04081089678945981,0.8686344645268985,0.017048011591095032,0.02297774243529671,false,false
LAB,hour,2026-04-26T10:00:00.000Z,0.889612872438282,2298916.846170505,-0.006320594148662829,0.9797438423984319,0.02351724872443819,0.02396285914517163,false,false
LAB,hour,2026-04-26T09:00:00.000Z,0.950222412307001,2473955.545624523,0.04358792473954315,0.989250251135064,0.06813024153146327,0.03418243401997647,false,false
LAB,hour,2026-04-26T08:00:00.000Z,0.938768029359318,3857769.6366626364,0.033585802872290044,0.9901394620273783,0.06813024153146327,0.0332857547065978,false,false
LAB,hour,2026-04-26T07:00:00.000Z,0.908201775583496,2967779.144814925,0.020895497042735998,0.8280328551506656,0.04626795262155022,0.03154217141676256,false,false
LAB,hour,2026-04-26T06:00:00.000Z,0.91691795789575,2597300.4772330895,-0.03504911479660074,0.9721164129869347,0.03365579609903755,0.03023856234299921,false,false
LAB,hour,2026-04-26T05:00:00.000Z,0.89134447215014,3332691.911614717,-0.05051680045127146,1.1581417614030338,0.02869091192535311,0.0314301826972025,false,false
LAB,hour,2026-04-26T04:00:00.000Z,0.786602032563655,3257266.20494427,-0.13389066866965366,1.317394685610172,0.16566944901906203,0.05673986980778531,false,false
LAB,hour,2026-04-26T03:00:00.000Z,0.804783696995842,2140290.863952267,-0.1222947592358719,1.2641789428086094,0.13315810950184495,0.05685518851816579,false,false
LAB,hour,2026-04-26T02:00:00.000Z,0.852585449531429,2154327.928474046,-0.04348377516182358,1.1878481310238735,0.08388411704546968,0.05556563565950687,false,false
LAB,hour,2026-04-26T01:00:00.000Z,0.849201725724599,2708469.699375205,0.07958241978719793,0.9410678523949922,0.059397018992836316,0.05539663826183295,false,false
LAB,hour,2026-04-26T00:00:00.000Z,0.82970482243042,2595208.9026661264,0.030966240404229742,0.8288496271977607,0.0275768279060808,0.05467470507694146,false,false
LAB,hour,2026-04-25T23:00:00.000Z,0.846256362142825,3931925.679397515,-0.007423405351431275,0.8882178608743337,0.02349860187273288,0.055063844535614824,false,false
LAB,hour,2026-04-25T22:00:00.000Z,0.792621225840702,7387745.90383874,-0.06662786728985792,0.9024454159719326,0.06766805449252793,0.05941531134187935,false,false
LAB,hour,2026-04-25T21:00:00.000Z,0.718938359636167,8612404.568969505,-0.13350104736017965,0.9875321009849438,0.17709168080986765,0.05155302007060016,false,false
LAB,hour,2026-04-25T20:00:00.000Z,0.868002733359058,6558883.3064841125,0.025697143547811607,1.1690683008660074,0.20733957470057365,0.08749174213845455,false,false
LAB,hour,2026-04-25T19:00:00.000Z,0.789518786279031,10410818.422721688,-0.003914151502037262,1.327654388958583,0.20733957470057365,0.091990638944124,false,false
LAB,hour,2026-04-25T18:00:00.000Z,0.840961718511119,1777777.6426130892,0.16972715009490424,1.267542158743254,0.09940732056537689,0.09502223879506075,false,false
LAB,hour,2026-04-25T17:00:00.000Z,0.769655289430199,1300086.9643785257,-0.11330315003533124,1.1868386086914393,0.0926472279995769,0.10036765373287934,false,false
LAB,hour,2026-04-25T16:00:00.000Z,0.753804688064018,1019767.3703855419,-0.04523527348010563,1.0050878734235407,0.11562282886691075,0.10039816389382977,false,false
LAB,hour,2026-04-25T15:00:00.000Z,0.723258176469812,1119379.6476650992,-0.13996302025459045,0.6076616667224567,0.06415013956267872,0.09854842903331364,false,false
LAB,hour,2026-04-25T14:00:00.000Z,0.723180045449698,1324780.4270048905,-0.060384492406864505,0.14300314789892563,0.04234718975863959,0.0913882523105548,false,false
LAB,hour,2026-04-25T13:00:00.000Z,0.737464995037286,1141044.27091125,-0.021676295312910446,-0.2022998664325438,0.01975296425484901,0.05774758867216834,false,false
LAB,hour,2026-04-25T12:00:00.000Z,0.752589432053448,1445159.5920331508,0.040554336664122274,-0.7537678974678561,0.04066675620932289,0.04594101846498626,true,false
LAB,hour,2026-04-25T11:00:00.000Z,0.769862231639678,1485653.8680481862,0.0645512642165775,-0.7573232328658084,0.04393054154489601,0.04018618098067859,true,false
LAB,hour,2026-04-25T10:00:00.000Z,0.755323682437515,1917672.7622232614,0.02421631876822312,-0.7162962566358304,0.02295115882653449,0.023352648134640785,true,false
LAB,hour,2026-04-25T09:00:00.000Z,0.774153086523536,1048750.946212884,0.028652613964099072,-0.6881204688761955,0.024928920572510508,0.023876753918628438,true,false
LAB,hour,2026-04-25T08:00:00.000Z,0.737890683674867,845802.1491177808,-0.04152892121583494,-0.662126574086446,0.049143326580671554,0.025581697618237725,true,false
LAB,hour,2026-04-25T07:00:00.000Z,0.731781277244403,738843.0588934049,-0.03116863106574126,-0.6862223157851589,0.05790228664866686,0.02577394598651799,true,false
LAB,hour,2026-04-25T06:00:00.000Z,0.728515982353819,1147803.903789517,-0.058951007189880306,-0.682514424498286,0.012868216412711435,0.024748634212682304,true,false
LAB,hour,2026-04-25T05:00:00.000Z,0.731231248179765,1097714.1754275635,-0.009024962155554553,-0.6963365475010355,0.004482118401896867,0.02357106222156798,true,false
LAB,hour,2026-04-25T04:00:00.000Z,0.723858980465458,1220010.7933951209,-0.01082604464653315,-0.6925002066183791,0.010184673967250433,0.022286865303457828,true,false
LAB,hour,2026-04-25T03:00:00.000Z,0.717455522561624,1084699.3405516238,-0.015182178648241652,-0.7173603369207214,0.01920080783399053,0.021355505027058755,true,false
LAB,hour,2026-04-25T02:00:00.000Z,0.739631168313366,1032280.5514050556,0.011487364844583183,-0.6761746331941029,0.030908739363473492,0.022401317842092767,true,false
LAB,hour,2026-04-25T01:00:00.000Z,0.722780983036503,1212553.9398333915,-0.0014892367961808163,-0.6266201142494118,0.030908739363473492,0.01577667066276412,true,false
LAB,hour,2026-04-25T00:00:00.000Z,0.720729733631213,974452.071728153,0.004563643273521094,-0.5860448958119934,0.026225412661862773,0.015497822687385166,true,false
LAB,hour,2026-04-24T23:00:00.000Z,0.741529869829288,874498.2614088381,0.002567092352600325,-0.5653461663411844,0.028859828070751152,0.018787344183431358,true,false
LAB,hour,2026-04-24T22:00:00.000Z,0.723253150893777,733665.5571118759,0.0006532654681786934,-0.5490042610622772,0.028859828070751152,0.02097522137388335,true,false
LAB,hour,2026-04-24T21:00:00.000Z,0.72592283193911,553052.8422263322,0.007205333796530007,-0.5613739187487721,0.025270154596527095,0.020669554502681774,true,false
LAB,hour,2026-04-24T20:00:00.000Z,0.730409056829744,1312107.1320854325,-0.014997120752673425,-0.5355553121408819,0.00989405428393083,0.02052739241207809,true,false
LAB,hour,2026-04-24T19:00:00.000Z,0.723623669980859,979296.4770691469,0.0005122951578215729,-0.5134272147104627,0.00937695535728461,0.01736207455770865,true,false
LAB,hour,2026-04-24T18:00:00.000Z,0.723829993235302,1817154.2555732615,-0.002883004379704645,-0.46839238908424274,0.00937695535728461,0.015019428313078459,true,false
LAB,hour,2026-04-24T17:00:00.000Z,0.726801593054292,1712220.0975281736,-0.0049389636419758225,-0.3996201699307427,0.004391679273726729,0.015060784895728128,true,false
LAB,hour,2026-04-24T16:00:00.000Z,0.712024682089523,2557313.6318470826,-0.016029033284169488,-0.258116709510013,0.020753369000361663,0.013094432431027795,true,false
LAB,hour,2026-04-24T15:00:00.000Z,0.682949875166603,1330309.0889961962,-0.056477513298360496,-0.13565069992222614,0.06420927725770736,0.018187863320844037,false,false
LAB,hour,2026-04-24T14:00:00.000Z,0.649277832320976,1612602.5345430907,-0.1066642691405397,0.03331064184283009,0.09664098579223863,0.026344972633212844,false,false
LAB,hour,2026-04-24T13:00:00.000Z,0.668182923310469,2514450.489926797,-0.061573369409603854,1.0602444064706595,0.05186076155604972,0.028395691496172902,false,false
LAB,hour,2026-04-24T12:00:00.000Z,0.681560289165201,2673538.137114909,-0.002034682268684886,1.3557139417055752,0.04972055911538625,0.029154853143360287,false,false
LAB,hour,2026-04-24T11:00:00.000Z,0.75798565029968,2754094.6645636735,0.1674288148574328,1.3635300302368505,0.1343984167453565,0.049634867476506125,false,false
LAB,hour,2026-04-24T10:00:00.000Z,0.776489136002176,4836628.300179814,0.16209066247175372,1.3117282081757184,0.139281657611313,0.05044125674380365,false,false
LAB,hour,2026-04-24T09:00:00.000Z,0.800309370447361,8528555.916100241,0.17423122087645107,1.1320127092989825,0.05583709946348941,0.05113190418070543,false,false
LAB,hour,2026-04-24T08:00:00.000Z,0.628150321043378,2735194.6690784544,-0.17128995674914144,1.2270774091686465,0.2740730102915831,0.10367058448135018,false,false
LAB,hour,2026-04-24T07:00:00.000Z,0.704340492665812,1969628.8171235926,-0.09291648780538994,1.2462450278801485,0.2740730102915831,0.11070098661605399,false,false
LAB,hour,2026-04-24T06:00:00.000Z,0.694424445349879,5280302.896554053,-0.13230499230353113,1.31857261162589,0.12129289609512527,0.1102984442613116,false,false
LAB,hour,2026-04-24T05:00:00.000Z,0.703700498612344,7832742.488617931,0.12027404116179499,1.3804347888229764,0.014279519366483247,0.11015791620607643,false,false
LAB,hour,2026-04-24T04:00:00.000Z,0.919362638836278,3759154.81641698,0.3052815341577805,1.4080754800227921,0.32392032710349944,0.14398022642994324,false,false
LAB,hour,2026-04-24T03:00:00.000Z,0.856951650306151,2767960.1626133695,0.2340459153542387,1.234827644562919,0.3064686477403485,0.14612735237426644,false,false
LAB,hour,2026-04-24T02:00:00.000Z,0.847639654810115,3189901.121221918,0.2045460483282457,0.8096575107256422,0.08461494648009366,0.145738909131761,false,false
LAB,hour,2026-04-24T01:00:00.000Z,0.816302111974811,1933010.5464585135,-0.11209997285937164,0.7383441337363156,0.0497971740303354,0.11428531998305859,false,false
LAB,hour,2026-04-24T00:00:00.000Z,0.749568494909383,1461307.4829911718,-0.12530830106739937,0.6972726815122803,0.1308368222074062,0.11058000626552564,false,false
LAB,hour,2026-04-23T23:00:00.000Z,0.727974847971201,959279.8188159581,-0.14117414889670404,0.3766162015882522,0.121332851333765,0.11100128511234263,false,false
LAB,hour,2026-04-23T22:00:00.000Z,0.70737970446407,959621.4424670121,-0.13343394058755306,-0.13040327459695208,0.0596409399069153,0.11141719908476067,false,false
LAB,hour,2026-04-23T21:00:00.000Z,0.693794422087192,1175103.6342384673,-0.07440824047565352,-0.3241860875317897,0.04926592776745249,0.04752207604448883,true,false
LAB,hour,2026-04-23T20:00:00.000Z,0.664602145758446,730239.4243239965,-0.08705342277877998,-0.468486483914863,0.064365664448474,0.042618499737766186,true,false
LAB,hour,2026-04-23T19:00:00.000Z,0.657290245495625,1135997.9394310252,-0.0708098615953282,-0.6186949325388684,0.05553737765276177,0.04262354832953672,true,false
LAB,hour,2026-04-23T18:00:00.000Z,0.652074498124463,2069558.930370461,-0.06013297690866392,-0.6329992686064454,0.019211988308108576,0.0402877655262196,true,false
LAB,hour,2026-04-23T17:00:00.000Z,0.665193766322169,829370.3564461464,0.0008901875618349274,-0.6789276653258332,0.020119278142973502,0.025311418673645496,true,false
LAB,hour,2026-04-23T16:00:00.000Z,0.652862469641503,1176987.234653191,-0.006736408891605086,-0.6744256653723651,0.020119278142973502,0.023845774491528568,true,false
LAB,hour,2026-04-23T15:00:00.000Z,0.670426872496657,1298471.986447255,0.028144597626467805,-0.6690812730909739,0.026903679828308904,0.02348714797251401,true,false
LAB,hour,2026-04-23T14:00:00.000Z,0.699275213075174,1643642.354642324,0.05123536701409589,-0.6414065435439401,0.0710911495022176,0.02741322346434419,true,false
LAB,hour,2026-04-23T13:00:00.000Z,0.681384402426948,1318608.5932537182,0.043687505580014205,-0.6052718843267875,0.04302980945719906,0.024154955471176697,true,false
LAB,hour,2026-04-23T12:00:00.000Z,0.659656545072844,1210493.6787849516,-0.016064880251151797,-0.5855271791064127,0.06005953901049382,0.02675838655666113,true,false
LAB,hour,2026-04-23T11:00:00.000Z,0.680790151421672,1143976.788106066,-0.026434601581559074,-0.6422314437455809,0.03293813654453264,0.029137729754025076,true,false
LAB,hour,2026-04-23T10:00:00.000Z,0.633543517748862,542386.6795867003,-0.07021129997646972,-0.6184554675384835,0.07457519862359113,0.03913261000513598,true,false
LAB,hour,2026-04-23T09:00:00.000Z,0.637465235041434,433695.7415702867,-0.03364070317677122,-0.6504037566664015,0.07457519862359113,0.03855881498980595,true,false
LAB,hour,2026-04-23T08:00:00.000Z,0.630363299148122,486614.14064681623,-0.07407106605206505,-0.6821276027070408,0.011266417164371257,0.03747034738614218,true,false
LAB,hour,2026-04-23T07:00:00.000Z,0.621630168096647,511915.70701131586,-0.018804311493149078,-0.7208999813930183,0.025473453119677355,0.0343259631834813,true,false
LAB,hour,2026-04-23T06:00:00.000Z,0.615308250729564,404540.0956288484,-0.034757949287116674,-0.7391185442064218,0.02446748991372598,0.03312456974344916,true,false
LAB,hour,2026-04-23T05:00:00.000Z,0.598387366416973,363501.25267595594,-0.0507261967414053,-0.7512440874526862,0.03884240039833617,0.03253130936028509,true,false
LAB,hour,2026-04-23T04:00:00.000Z,0.592808325752984,298818.38787009683,-0.046364935009366996,-0.7515439436488942,0.0379548059619449,0.030475525330852116,true,false
LAB,hour,2026-04-23T03:00:00.000Z,0.584499877649165,486573.1073841983,-0.050069819547958,-0.7781437199596659,0.02375960936666558,0.01477090765891294,true,false
LAB,hour,2026-04-23T02:00:00.000Z,0.590574329366203,273975.84070654796,-0.013056821532768832,-0.7381418737430379,0.014214627618461234,0.015099998238743579,true,false
LAB,hour,2026-04-23T01:00:00.000Z,0.571354458160655,213013.59169676006,-0.03619022652065214,-0.7184117757469675,0.03363913754593252,0.01914313639994036,true,false
LAB,hour,2026-04-23T00:00:00.000Z,0.56687325198262,217640.3434104615,-0.030156765365697984,-0.7016528175436958,0.04181018825758555,0.018641690071185994,true,false
LAB,hour,2026-04-22T23:00:00.000Z,0.567623197823287,194676.78031504236,-0.03886239276188473,-0.9247011791286992,0.007905128990232262,0.01824377592920116,true,false
LAB,hour,2026-04-22T22:00:00.000Z,0.578437733843275,135377.38982553032,0.012397340357547925,-0.9724465537011778,0.020400471922442414,0.016511749925184203,true,false
LAB,hour,2026-04-22T21:00:00.000Z,0.57223251356782,155488.79889831334,0.009454073845354714,-0.9651212281694639,0.0190523150946957,0.0166349373627739,true,false
LAB,hour,2026-04-22T20:00:00.000Z,0.569703539691775,321929.91654372646,0.003665005018233414,-1.0840644365040273,0.015331121439451548,0.015844990559693167,true,false
LAB,hour,2026-04-22T19:00:00.000Z,0.582276946697922,276497.9432678671,0.00663721024757206,-1.0486624014495742,0.022070087563348308,0.017431926612250043,true,false
LAB,hour,2026-04-22T18:00:00.000Z,0.56212558528412,198182.91267955126,-0.017662275463314985,-0.9865742656373646,0.035848504215684536,0.01801963848738311,true,false
LAB,hour,2026-04-22T17:00:00.000Z,0.555213599036489,346245.16816087574,-0.02543417698111095,-0.9054743407487374,0.0487440287997238,0.018377108634232923,true,false
LAB,hour,2026-04-22T16:00:00.000Z,0.550460967780481,384838.8329269911,-0.054640629511212055,-0.8125646984038545,0.021190635097474802,0.018655465822261897,true,false
LAB,hour,2026-04-22T15:00:00.000Z,0.550252201432609,533479.8562289464,-0.021122297512058227,-0.6674670624619142,0.009016588377043817,0.017238391966188635,true,false
LAB,hour,2026-04-22T14:00:00.000Z,0.546948326812271,364746.2845821848,-0.014886653062103444,-0.5791598549768311,0.0064222537962268355,0.016903411074478267,true,false
LAB,hour,2026-04-22T13:00:00.000Z,0.55275822675167,410269.0024029708,0.0041733367225867644,-0.5124082071292745,0.010622392746423166,0.017287926486686946,true,false
LAB,hour,2026-04-22T12:00:00.000Z,0.548528040723003,270496.3809012843,-0.003133400838955441,-0.46725178862783234,0.010622392746423166,0.015466889514994054,true,false
LAB,hour,2026-04-22T11:00:00.000Z,0.554555169188222,247946.15507506154,0.013907789827761719,-0.40207687476942056,0.0109878219849523,0.008892048293674197,true,false
LAB,hour,2026-04-22T10:00:00.000Z,0.572774291203728,326009.07202805206,0.036211246587290316,-0.3541014748331157,0.04420239018002905,0.014369300785975012,true,false
LAB,hour,2026-04-22T09:00:00.000Z,0.571900096248115,345686.39999893453,0.04260867957507844,-0.3096316030237928,0.0328535789183533,0.014009000953782609,true,false
LAB,hour,2026-04-22T08:00:00.000Z,0.56627309800259,236174.15259307483,0.021130321139231432,-0.3705686937538258,0.01148066758613409,0.014498228867562713,true,false
LAB,hour,2026-04-22T07:00:00.000Z,0.571379922138933,414911.21581021155,-0.0024344127978661433,-0.29551473107282467,0.009936898407099153,0.014715024903541379,false,false
LAB,hour,2026-04-22T06:00:00.000Z,0.580793021679155,758963.0144591293,0.01554978830984826,-0.02646337221912008,0.02564120338363427,0.01545072479589238,false,false
LAB,hour,2026-04-22T05:00:00.000Z,0.573975703014446,333999.7827344079,0.013602279605062249,0.2317910673169698,0.0164743267579032,0.015818031252031798,false,false
LAB,hour,2026-04-22T04:00:00.000Z,0.58983976194294,430596.0720456668,0.03230747019409344,0.4692707954242122,0.027638903258758132,0.018421141178220655,false,false
LAB,hour,2026-04-22T03:00:00.000Z,0.605955640946545,741815.6751088394,0.04332458953215595,0.7473315151040172,0.05571653602085328,0.017142488429581902,false,false
LAB,hour,2026-04-22T02:00:00.000Z,0.614144129347023,709814.0524843909,0.06998279913525543,0.9737194425131483,0.04120503392993401,0.01786814572725923,false,false
LAB,hour,2026-04-22T01:00:00.000Z,0.627288519503388,571905.2639015799,0.06348971360813549,1.2460704926889132,0.03520534691866162,0.01921899435076879,false,false
LAB,hour,2026-04-22T00:00:00.000Z,0.599912303432355,556732.3519366927,-0.00997323418715904,1.3118695904022892,0.0456336966493302,0.02534394191566163,false,false
LAB,hour,2026-04-21T23:00:00.000Z,0.578983357549092,308447.39135990717,-0.057251661487532246,0.9292667866799211,0.08343100250545668,0.028005487472328106,false,false
LAB,hour,2026-04-21T22:00:00.000Z,0.568843908694284,257851.11414876973,-0.09317022230117245,0.8675981348112926,0.054616730992839375,0.028442632329463275,false,false
LAB,hour,2026-04-21T21:00:00.000Z,0.578481554902854,190193.83541596084,-0.035723135543122744,0.7135456980545214,0.01782465927794136,0.02726019077767784,false,false
LAB,hour,2026-04-21T20:00:00.000Z,0.572323071280355,214752.5406902915,-0.011503415740533306,0.27205294216631665,0.016942514565537154,0.025606253491670516,false,false
LAB,hour,2026-04-21T19:00:00.000Z,0.575647131459087,185174.04008806936,0.011959735633662595,-0.16713776171066014,0.010760502121156468,0.025193895569966873,false,false
LAB,hour,2026-04-21T18:00:00.000Z,0.561135333508306,167941.21973839516,-0.02998578130544024,-0.494080010211521,0.02586149380408985,0.025764272313425,true,false
LAB,hour,2026-04-21T17:00:00.000Z,0.565020670624863,307682.6277870903,-0.012759228173618065,-0.7345786898634694,0.02586149380408985,0.019650426964779942,true,false
LAB,hour,2026-04-21T16:00:00.000Z,0.569575841990812,352071.1260123762,-0.010546894332446542,-0.7635259554470771,0.01504184102921235,0.01467022057819875,true,false
LAB,hour,2026-04-21T15:00:00.000Z,0.563935681955918,384761.1973682068,0.004990504572406435,-0.7197444547048029,0.010001424303090763,0.013593057263565779,true,false
LAB,hour,2026-04-21T14:00:00.000Z,0.568230316194566,536928.4870925866,0.005680580793890867,-0.4458050202080766,0.010001424303090763,0.0123560010856441,false,false
LAB,hour,2026-04-21T13:00:00.000Z,0.55844147425031,512239.1724419576,-0.019548525270286374,-0.2298966851586298,0.01752885914750012,0.013395632865293279,false,false
LAB,hour,2026-04-21T12:00:00.000Z,0.543943333426936,223037.85559847875,-0.035451469322958694,-0.20269034365451735,0.04464983992839443,0.01653784595870148,false,false
LAB,hour,2026-04-21T11:00:00.000Z,0.542635736099488,183442.2901360248,-0.0450426162871504,-0.15137114279914832,0.029127713306231866,0.013460918698983778,false,false
LAB,hour,2026-04-21T10:00:00.000Z,0.546702013591108,153453.22481510093,-0.021021828070634983,-0.23125146268453972,0.007493567454382528,0.013503952635247353,false,false
LAB,hour,2026-04-21T09:00:00.000Z,0.547801791767689,305797.9252879182,0.007093493207176541,-0.22845521821218098,0.00952030123436947,0.013180401174041794,false,false
LAB,hour,2026-04-21T08:00:00.000Z,0.567469219316106,344820.33484102,0.045764555418194984,-0.25847879203970325,0.03798633480163167,0.018366144604351233,false,false
LAB,hour,2026-04-21T07:00:00.000Z,0.572212639971679,364715.2247737098,0.046662762796500376,-0.39670729406512373,0.04456146104454913,0.018411726798049605,false,false
LAB,hour,2026-04-21T06:00:00.000Z,0.57740370591037,384164.21373832173,0.054037636582310845,-0.5314864733040651,0.01750665279473076,0.01753584436421709,true,false
LAB,hour,2026-04-21T05:00:00.000Z,0.570309849613445,289992.34331692307,0.005005787451806408,-0.4849130187947763,0.012438600353357483,0.015181836577517318,true,false
LAB,hour,2026-04-21T04:00:00.000Z,0.58579718694438,728415.4114719599,0.023740382549699183,-0.08949942420911602,0.027156005356443136,0.018226877092952818,false,false
LAB,hour,2026-04-21T03:00:00.000Z,0.588806332745426,652123.8384233715,0.01974810123027859,0.24578540185125147,0.032432340322577156,0.018110967117479917,false,false
LAB,hour,2026-04-21T02:00:00.000Z,0.59638693046314,674292.6109475314,0.04572440905127266,0.4425578684260936,0.018077491245729445,0.018729866813618136,false,false
LAB,hour,2026-04-21T01:00:00.000Z,0.561605706863145,208761.13234492874,-0.041296681889890795,0.3691059602865493,0.06193174886748539,0.026246737795676354,false,false
LAB,hour,2026-04-21T00:00:00.000Z,0.572273479881209,199501.22277043745,-0.028078592135939367,0.3596005568266965,0.06193174886748539,0.027010647556354576,false,false
LAB,hour,2026-04-20T23:00:00.000Z,0.577818213912894,365582.7280556075,-0.031135351232170563,0.3396551220110092,0.028868130881903088,0.027040817570590816,false,false
LAB,hour,2026-04-20T22:00:00.000Z,0.56239462247094,310905.359667958,0.001404749984115054,0.37741568676087595,0.027424855831993684,0.028529750157991494,false,false
LAB,hour,2026-04-20T21:00:00.000Z,0.566761524676995,327740.6637630043,-0.009631680303197256,0.15002402639074663,0.027424855831993684,0.02683160547853989,false,false
LAB,hour,2026-04-20T20:00:00.000Z,0.569305153436466,368788.65940440784,-0.014733112026322022,-0.02292538906013169,0.012287690332393167,0.02681509523936819,false,false
LAB,hour,2026-04-20T19:00:00.000Z,0.567327919675843,325911.60549435095,0.008771949460021553,-0.2966572458897605,0.0044880053580218845,0.026408346682735766,false,false
LAB,hour,2026-04-20T18:00:00.000Z,0.552300145047219,272371.0872228726,-0.025515810442527372,-0.18021719424200466,0.030789433140187145,0.016868135369018704,false,false
LAB,hour,2026-04-20T17:00:00.000Z,0.546313844128408,313774.1794905964,-0.040384860683724426,-0.07089217067849857,0.038465207816508695,0.015840392824042558,false,false
LAB,hour,2026-04-20T16:00:00.000Z,0.552158207444818,651088.5230815568,-0.026738878353972987,0.10949237854241492,0.010957622588462139,0.015931472660799636,false,false
LAB,hour,2026-04-20T15:00:00.000Z,0.542415225322526,420869.49448504177,-0.01789773153843362,0.16298156923729346,0.017962220947059137,0.01394694471115274,false,false
LAB,hour,2026-04-20T14:00:00.000Z,0.526909403416803,383361.80170682556,-0.03551885224977762,0.18062559142406645,0.04791868177771415,0.01749684726355252,false,false
LAB,hour,2026-04-20T13:00:00.000Z,0.544353862161431,321162.6704156862,-0.014134255686432014,0.10872544392925365,0.03310713119087915,0.021326672074014463,false,false
LAB,hour,2026-04-20T12:00:00.000Z,0.558203889177471,417394.03655367735,0.02910807646587894,0.14495285975048453,0.05939253609393827,0.02330830174085897,false,false
LAB,hour,2026-04-20T11:00:00.000Z,0.55202720377683,451402.46655083547,0.047670055226093494,0.2885350175586839,0.025443058236138117,0.02140109718435099,false,false
LAB,hour,2026-04-20T10:00:00.000Z,0.553850343810231,385086.36483823345,0.017445419806691446,0.35155973719150374,0.011189096041611113,0.021037902038450327,false,false
LAB,hour,2026-04-20T09:00:00.000Z,0.550856022495675,343934.51116479596,-0.013163410044711934,0.05751873247590606,0.005435760329877348,0.020751282675626648,false,false
LAB,hour,2026-04-20T08:00:00.000Z,0.547102878673885,497114.66414481075,-0.008920439190775502,0.14315803428257864,0.012333082861309632,0.019799384733681605,false,false
LAB,hour,2026-04-20T07:00:00.000Z,0.554877038643217,512883.12324977166,0.0018537405356162252,0.2718846894862304,0.01420968573255498,0.017328785930236408,false,false
LAB,hour,2026-04-20T06:00:00.000Z,0.562678915694462,664258.9672398646,0.021462764707959364,0.4913077552798853,0.028470033018893306,0.013288552349275128,false,false
LAB,hour,2026-04-20T05:00:00.000Z,0.534847304132257,817233.6351650566,-0.022400859179052525,0.6738614517888311,0.05203655575558971,0.021307816396084565,false,false
LAB,hour,2026-04-20T04:00:00.000Z,0.553534270250387,1170467.7081899222,-0.0024199386518377413,0.8703096999100917,0.05203655575558971,0.02459311912372215,false,false
LAB,hour,2026-04-20T03:00:00.000Z,0.518428621806868,864425.694689361,-0.07864217523235262,1.0560077905322505,0.06771549055522068,0.034879222728721744,false,false
LAB,hour,2026-04-20T02:00:00.000Z,0.4923305433586,591421.4318027563,-0.07949326928484148,1.18246330273943,0.12431430005188189,0.03991860576529395,false,false
LAB,hour,2026-04-20T01:00:00.000Z,0.505258181606569,587060.2023346303,-0.08721427242793969,1.208394282519355,0.053009261359718,0.041021827730956265,false,false
LAB,hour,2026-04-20T00:00:00.000Z,0.511052566596387,421754.2375148585,-0.014227716025348695,1.1447161487054964,0.03802734461702975,0.04090140723437205,false,false
LAB,hour,2026-04-19T23:00:00.000Z,0.536757159515587,506286.0912084045,0.09023737559306347,1.0207511033689114,0.062342341115310076,0.04459934632238103,false,false
LAB,hour,2026-04-19T22:00:00.000Z,0.541396947016154,278042.93853508926,0.07152534431936293,0.7330426893378055,0.059376241121066674,0.0403988606956823,false,false
LAB,hour,2026-04-19T21:00:00.000Z,0.553622529863768,325239.4228190105,0.08329859988943457,0.2128080023531012,0.0314208577364887,0.03917674630414725,false,false
LAB,hour,2026-04-19T20:00:00.000Z,0.559159648769372,553556.0984794451,0.04173673113927866,0.02068457110918431,0.03280901721207513,0.03058879562806234,false,false
LAB,hour,2026-04-19T19:00:00.000Z,0.568473544010317,699311.5095930932,0.05001246708795179,0.016249044532259335,0.026825162173590433,0.024362415165521224,false,false
LAB,hour,2026-04-19T18:00:00.000Z,0.583266849977829,881189.2440205971,0.05354608693644679,0.10716202737767438,0.04311327053286731,0.02432770962658551,false,false
LAB,hour,2026-04-19T17:00:00.000Z,0.580257562526262,1511097.7297996925,0.037731466859819866,0.5062119614378606,0.026022857393067107,0.02402258754305563,false,false
LAB,hour,2026-04-19T16:00:00.000Z,0.596689649393665,1562826.6249450543,0.0496348610777846,0.758459365972259,0.028318608715520593,0.01855959749864378,false,false
LAB,hour,2026-04-19T15:00:00.000Z,0.642670657140185,1590745.0063861804,0.10184670561101508,1.062115084405153,0.10756101883824772,0.033483483746476674,false,false
LAB,hour,2026-04-19T14:00:00.000Z,0.664159555346163,1804102.714944617,0.14459439779572647,1.314936048459014,0.11307369923553821,0.03470511295797925,false,false
LAB,hour,2026-04-19T13:00:00.000Z,0.644094585977419,1544120.7581971532,0.07944655422115203,1.4737637553735206,0.03343687465303188,0.03639690111067719,false,false
LAB,hour,2026-04-19T12:00:00.000Z,0.630115755832526,1038792.6329842164,-0.019535513514071064,1.5386390595644435,0.05402784996013537,0.03680390554576719,false,false
LAB,hour,2026-04-19T11:00:00.000Z,0.588950979424319,819004.8944271217,-0.11323871698668099,1.503860968487247,0.0936302145333066,0.04372993090391875,false,false
LAB,hour,2026-04-19T10:00:00.000Z,0.591483220088225,647815.7438507992,-0.0816826705806816,1.221427597385931,0.06989508099374299,0.043716290106043346,false,false
LAB,hour,2026-04-19T09:00:00.000Z,0.598761086388902,684861.5046197056,-0.04976017367189515,0.9226562063917235,0.016656915952788016,0.042674091742988196,false,false
LAB,hour,2026-04-19T08:00:00.000Z,0.590051541433258,752867.1346230423,0.001868681855346956,0.6255719881689098,0.014760651136489196,0.03262640367881662,false,false
LAB,hour,2026-04-19T07:00:00.000Z,0.568219924470938,645352.6072987193,-0.039330440538646184,0.215948681840998,0.05374884019845033,0.033361685595759125,false,false
LAB,hour,2026-04-19T06:00:00.000Z,0.56286525107015,862615.193765487,-0.05995018068932643,-0.05257581628487941,0.04829982009267759,0.0314860400096151,false,false
LAB,hour,2026-04-19T05:00:00.000Z,0.535727858085908,750623.6182843095,-0.0920659968371504,-0.17841240682204051,0.060650320670499386,0.035656857615253834,false,false
LAB,hour,2026-04-19T04:00:00.000Z,0.525482464678398,420920.7603243231,-0.07521288492713862,-0.321497963893203,0.07113993121469944,0.025934818037990096,false,false
LAB,hour,2026-04-19T03:00:00.000Z,0.531276588739556,674987.1039525836,-0.056121180461106646,-0.3462231595891686,0.019497117594171814,0.02621381399964778,false,false
LAB,hour,2026-04-19T02:00:00.000Z,0.539063537493283,448925.8371662797,0.006226443812895954,-0.42520393767517217,0.025844959114281304,0.026382660655426837,true,false
LAB,hour,2026-04-19T01:00:00.000Z,0.523529001457744,597110.5474323864,-0.003717466046844368,-0.4901117348513356,0.0296727325368485,0.028062803962298388,true,false
LAB,hour,2026-04-19T00:00:00.000Z,0.519893746973891,433920.178133691,-0.021425453345630265,-0.5396286933586566,0.03687251603038542,0.024318737845079128,true,false
LAB,hour,2026-04-18T23:00:00.000Z,0.509800514919232,310884.80049560533,-0.05428492290561506,-0.6762392952164963,0.026929134311853353,0.025169463124251917,true,false
LAB,hour,2026-04-18T22:00:00.000Z,0.499440538541698,179986.83374091645,-0.046011706799380075,-0.7775186771830436,0.04095223926338406,0.018571461615488394,true,false
LAB,hour,2026-04-18T21:00:00.000Z,0.503863575836094,466707.6076287525,-0.030833552492413544,-0.7255558162824515,0.020743162755237566,0.01739941552157045,true,false
LAB,hour,2026-04-18T20:00:00.000Z,0.520205526125441,965983.7313226883,0.020409966058699533,-0.6562548134948705,0.04157649606172158,0.020762987784579804,true,false
LAB,hour,2026-04-18T19:00:00.000Z,0.488432310129836,957430.2663775805,-0.02204111913703402,-0.5145784391461146,0.06505142132624067,0.03111705594083723,true,false
LAB,hour,2026-04-18T18:00:00.000Z,0.471020319148592,1234380.6278833633,-0.06518283571699544,-0.36236448211702077,0.10442268619272166,0.032161482255876936,false,false
LAB,hour,2026-04-18T17:00:00.000Z,0.496798382480753,498004.5274308761,-0.044995953462908245,-0.3401741749853932,0.05472813440141384,0.03785509299789358,false,false
LAB,hour,2026-04-18T16:00:00.000Z,0.534073161207455,393982.1699556496,0.09344355426750252,-0.32471328404222394,0.13386437802266402,0.046107043804567836,false,false
LAB,hour,2026-04-18T15:00:00.000Z,0.55087368290496,479094.3425264212,0.1695327367208054,-0.2388187982691843,0.10884757747032718,0.04693278526442379,false,false
LAB,hour,2026-04-18T14:00:00.000Z,0.569746118600138,467455.1388611199,0.14683569571044486,-0.23057828758465035,0.06679413979918433,0.048514748656614884,false,false
LAB,hour,2026-04-18T13:00:00.000Z,0.574706264771318,614142.0600955198,0.07608153061276858,-0.34238631799880076,0.043263242746830945,0.04710492501692128,false,false
LAB,hour,2026-04-18T12:00:00.000Z,0.565399674958495,908926.4749294173,0.02636900709602624,-0.36083320721829326,0.016460196609604072,0.041103968651831434,false,false
LAB,hour,2026-04-18T11:00:00.000Z,0.57392709992319,652608.8919016658,0.007338323485774054,-0.5141773771389603,0.016460196609604072,0.03915751086362138,true,false
LAB,hour,2026-04-18T10:00:00.000Z,0.588782219976566,671541.5251548846,0.02449243390595183,-0.4058096540194208,0.0413557807930956,0.03494301132261524,true,false
LAB,hour,2026-04-18T09:00:00.000Z,0.597346692175997,983991.8229238754,0.056503423387795924,-0.13877315218316863,0.040805865859864926,0.022428728828577566,false,false
LAB,hour,2026-04-18T08:00:00.000Z,0.618920567311671,917127.6178321785,0.07839578823600167,0.1559977075781432,0.05118759757437061,0.023362992422947936,false,false
LAB,hour,2026-04-18T07:00:00.000Z,0.610021235811632,745761.8352572701,0.03607278738123473,0.4663465891065237,0.03611617075686033,0.0203395010852757,false,false
LAB,hour,2026-04-18T06:00:00.000Z,0.604886181570624,647183.1459695076,0.012621630777199714,0.5646666766173459,0.023201696730128372,0.020326584340238985,false,false
LAB,hour,2026-04-18T05:00:00.000Z,0.591642224998567,623744.2524158725,-0.04407406015216068,0.41753385056212716,0.03106440013322164,0.021097548269703496,false,false
LAB,hour,2026-04-18T04:00:00.000Z,0.613843557112044,805765.2992577306,0.006265882359531868,0.48766747045095504,0.0375249283695577,0.024636493549125133,false,false
LAB,hour,2026-04-18T03:00:00.000Z,0.605474868450575,863330.8803459351,0.0009732192565920233,0.5747287729010867,0.0375249283695577,0.02325057089919613,false,false
LAB,hour,2026-04-18T02:00:00.000Z,0.598194710089033,1040277.8193832228,0.011075080198141522,0.546163044986437,0.026160122714361404,0.02305863229968383,false,false
LAB,hour,2026-04-18T01:00:00.000Z,0.608544331579036,1231801.5745108295,-0.008632860069329895,0.6023043443141023,0.01730142596624193,0.019847152252769826,false,false
LAB,hour,2026-04-18T00:00:00.000Z,0.608334950292363,562622.1685856278,0.0047237003397135316,0.5417882487456924,0.01730142596624193,0.01907774452699428,false,false
LAB,hour,2026-04-17T23:00:00.000Z,0.578475383755337,477533.24918829545,-0.0329647287097558,0.4789074711669616,0.05197964972769948,0.026751059262653563,false,false
LAB,hour,2026-04-17T22:00:00.000Z,0.587803382541493,569494.5701215457,-0.03408288921815255,0.4360424022045256,0.05161769606026117,0.026118199517474922,false,false
LAB,hour,2026-04-17T21:00:00.000Z,0.581806077525828,617776.1600042589,-0.043608990004248935,0.3387161679394797,0.01612514386627937,0.0224348443305244,false,false
LAB,hour,2026-04-17T20:00:00.000Z,0.564534883385611,523392.913530385,-0.024098692461600246,0.14147815099832978,0.041217114904108156,0.02461980338226165,false,false
LAB,hour,2026-04-17T19:00:00.000Z,0.557129517961554,364006.71864058607,-0.052183885787308766,-0.20146531286165364,0.044292321208471534,0.024700979502987115,false,false
LAB,hour,2026-04-17T18:00:00.000Z,0.566394858221254,675222.5539787753,-0.026488584254931336,-0.5442279105855823,0.016630496071363115,0.024636704416488093,true,false
LAB,hour,2026-04-17T17:00:00.000Z,0.573354817382331,789248.240301711,0.015623364040544941,-0.4974304529743652,0.02912302956077919,0.025065104991922636,false,false
LAB,hour,2026-04-17T16:00:00.000Z,0.564878860775574,955301.3765833746,0.013909409866441196,-0.3484738923576744,0.015004910247693657,0.017264987129386428,false,false
LAB,hour,2026-04-17T15:00:00.000Z,0.53859698045729,732196.4483315169,-0.04907861955396704,-0.29302280156372035,0.06453403599762146,0.024203290318020716,false,false
LAB,hour,2026-04-17T14:00:00.000Z,0.545341416599979,999432.6827980685,-0.04885875191604384,-0.059148680794380896,0.04879693216246719,0.02434950373650771,false,false
LAB,hour,2026-04-17T13:00:00.000Z,0.54049711942495,750389.3183438443,-0.04316277886049419,0.11379363454352201,0.012522231626628794,0.021783953903381028,false,false
LAB,hour,2026-04-17T12:00:00.000Z,0.540035147319068,1309676.7134176758,0.002670209663182554,0.6821329486864098,0.00982578505723805,0.021207002091615593,false,false
LAB,hour,2026-04-17T11:00:00.000Z,0.580178264289072,1189738.4223505985,0.06388080316050279,0.8621611194033942,0.07433426725887968,0.033842440291766675,false,false
LAB,hour,2026-04-17T10:00:00.000Z,0.543056882761844,1102183.1468594782,0.0047359426070899486,0.9553964742779102,0.07433426725887968,0.04181599528738203,false,false
LAB,hour,2026-04-17T09:00:00.000Z,0.546092236763686,1769944.465796389,0.011216102275356766,1.0336286622951778,0.06835634112293806,0.04148888813554573,false,false
LAB,hour,2026-04-17T08:00:00.000Z,0.55340971501077,2023630.3850270035,-0.04613849040191677,1.2198901326930858,0.01906399233221047,0.037714236656323105,false,false
LAB,hour,2026-04-17T07:00:00.000Z,0.514299596549528,576770.52801908,-0.05295446411813092,1.0515578617879249,0.07604539984793794,0.04655794186202711,false,false
LAB,hour,2026-04-17T06:00:00.000Z,0.499694482281327,274233.7886560268,-0.08496321932230104,0.882667507028927,0.10749614941555705,0.04769522601177655,false,false
LAB,hour,2026-04-17T05:00:00.000Z,0.492137226775028,340141.3825714379,-0.11071812903492217,0.5264414929260691,0.04503290661373005,0.04804067718771547,false,false
LAB,hour,2026-04-17T04:00:00.000Z,0.483053031109856,182228.68849415908,-0.06075557058435855,0.18530344346756925,0.034450567742502027,0.040287195282670316,false,false
LAB,hour,2026-04-17T03:00:00.000Z,0.484230553417564,155088.0490496308,-0.03094676729901704,-0.08062890243909197,0.018805793733040702,0.03161216583883202,false,false
LAB,hour,2026-04-17T02:00:00.000Z,0.483676765060507,183370.7638069466,-0.017191265472767378,-0.5488914553328533,0.002437666740238754,0.031544854982465474,true,false
LAB,hour,2026-04-17T01:00:00.000Z,0.488651060373561,131466.6912001964,0.01158885029836797,-1.0923831527379004,0.010284337955394064,0.03138029327020996,true,false
LAB,hour,2026-04-17T00:00:00.000Z,0.486238023946955,198417.59940120313,0.004145691582703364,-1.152844415642435,0.010284337955394064,0.014860075389141853,true,false
LAB,hour,2026-04-16T23:00:00.000Z,0.489065281530522,612868.2750645891,0.011140738731456096,-1.0455402715877737,0.005814554691994703,0.010346860124325346,true,false
LAB,hour,2026-04-16T22:00:00.000Z,0.483553686099052,132414.8333134305,-0.010431521975235558,-1.0334499155828023,0.011398104470949987,0.009603705877862098,true,false
LAB,hour,2026-04-16T21:00:00.000Z,0.483616061545302,219392.24618197582,-0.005392343404922614,-0.9612842258000133,0.011398104470949987,0.006530314130369016,true,false
LAB,hour,2026-04-16T20:00:00.000Z,0.481623311853176,231118.86970966405,-0.015216720463281467,-0.8773551328477944,0.004137569015208993,0.006650844889292159,true,false
LAB,hour,2026-04-16T19:00:00.000Z,0.476052385858918,223497.90946754572,-0.015512859183535274,-0.8046608153533441,0.015888326392351184,0.007961388027706039,true,false
LAB,hour,2026-04-16T18:00:00.000Z,0.479711086427811,383042.7526885918,-0.008074535624423635,-0.7127595049081787,0.011702338145426178,0.007536691245188742,true,false
LAB,hour,2026-04-16T17:00:00.000Z,0.483665182990869,557619.9718989782,0.004239560435387566,-0.610740213969649,0.01599151135061662,0.007932674682465786,true,false
LAB,hour,2026-04-16T16:00:00.000Z,0.471982155827189,878867.8232182262,-0.008549962467650066,-0.5497937511668152,0.024753111996796837,0.011980724190807321,true,false
LAB,hour,2026-04-16T15:00:00.000Z,0.47483082243994,589212.6219028352,-0.010173340008070474,-0.4102444908069669,0.024753111996796837,0.011417543197690583,true,false
LAB,hour,2026-04-16T14:00:00.000Z,0.498667753838627,807391.1940291101,0.031018504898338312,-0.2529629564920932,0.05653942142085691,0.021750829476860488,false,false
LAB,hour,2026-04-16T13:00:00.000Z,0.505339839827383,962757.3230963486,0.07067573125033036,-0.07495970049228659,0.06425239463325264,0.022268794917537166,false,false
LAB,hour,2026-04-16T12:00:00.000Z,0.485461423363282,674968.7155954681,0.022388186320163827,0.060673082079611446,0.040947468753300825,0.026582644087253325,false,false
LAB,hour,2026-04-16T11:00:00.000Z,0.484901066347976,991056.3683734774,-0.02760693344351685,0.22766663746141594,0.04215039911819796,0.026428276349886357,false,false
LAB,hour,2026-04-16T10:00:00.000Z,0.504295423717545,904527.0389789888,-0.0020667598861683306,0.33536904776905874,0.03999652447794616,0.030142028280037987,false,false
LAB,hour,2026-04-16T09:00:00.000Z,0.468641788356599,481765.2068065587,-0.034646697342409674,0.2336110466534299,0.07607865164131809,0.039889580417355526,false,false
LAB,hour,2026-04-16T08:00:00.000Z,0.473812100583916,538013.7865854681,-0.022868511813299037,0.2524157838451433,0.07607865164131809,0.04004003171450718,false,false
LAB,hour,2026-04-16T07:00:00.000Z,0.471889937216645,529121.2465141508,-0.06425893430087962,0.18425308977240032,0.011032546298203381,0.03553623702150771,false,false
LAB,hour,2026-04-16T06:00:00.000Z,0.49228934801588,423291.00978458556,0.05045977598840823,0.08705050791559511,0.04322917102144007,0.038645221504476364,false,false
LAB,hour,2026-04-16T05:00:00.000Z,0.492743651861036,630328.8013163588,0.03995582057484222,0.11698415567426998,0.044191903661673235,0.035545744231348424,false,false
LAB,hour,2026-04-16T04:00:00.000Z,0.506902433190596,635551.4063228646,0.07419631827808344,0.0390504884099278,0.029683935339272594,0.037120893669504856,false,false
LAB,hour,2026-04-16T03:00:00.000Z,0.488982101860194,640941.0661826434,-0.006718094082302431,0.045217206791567155,0.036648235717072715,0.03665124139120333,false,false
LAB,hour,2026-04-16T02:00:00.000Z,0.499378596012573,621872.229030185,0.013465306202276907,0.32505005892879074,0.036648235717072715,0.025268485893986985,false,false
LAB,hour,2026-04-16T01:00:00.000Z,0.506140470723199,700088.0916694946,-0.0015031738210467731,0.39537544770963345,0.03508997322750849,0.02543895224727312,false,false
LAB,hour,2026-04-16T00:00:00.000Z,0.500563448576442,725748.7477657303,0.023684602508333215,0.44571334458902573,0.013540577759275365,0.025735526010710722,false,false
LAB,hour,2026-04-15T23:00:00.000Z,0.508792781891634,725066.9781009591,0.018851800926654026,0.5604275015599348,0.016440140283106044,0.02108169627743851,false,false
LAB,hour,2026-04-15T22:00:00.000Z,0.495371938006547,710747.9271348106,-0.021275778839153863,0.549107711320369,0.027092458929132247,0.023375237203733752,false,false
LAB,hour,2026-04-15T21:00:00.000Z,0.502284653961348,633354.2023668446,0.0034385358935036313,0.5047549269030204,0.027092458929132247,0.021428619485489984,false,false
LAB,hour,2026-04-15T20:00:00.000Z,0.491388817751588,660122.267027101,-0.0342063896333986,0.4690843668280352,0.02217355343903697,0.01851567047248798,false,false
LAB,hour,2026-04-15T19:00:00.000Z,0.493438044573532,1021752.3060148573,-0.003903922052583887,0.5886634641767475,0.02217355343903697,0.016795005033498806,false,false
LAB,hour,2026-04-15T18:00:00.000Z,0.504357497839799,1479928.2103697702,0.004126830995339307,0.7626792569161395,0.026391890941985307,0.01801862584719583,false,false
LAB,hour,2026-04-15T17:00:00.000Z,0.469556743051161,1037751.8458209602,-0.044429327472941704,0.8469142094718156,0.07411405608298596,0.03220833364386108,false,false
LAB,hour,2026-04-15T16:00:00.000Z,0.443285703220935,721072.1956143902,-0.10163857834663437,0.8263368858813424,0.13777072929515527,0.03837889657869454,false,false
LAB,hour,2026-04-15T15:00:00.000Z,0.450522320449329,1099622.5196823431,-0.10674011513866673,0.9395273921693476,0.059264351724721484,0.03752750990784782,false,false
LAB,hour,2026-04-15T14:00:00.000Z,0.447555926954106,977740.5580484505,-0.04685443542796251,1.0808084293309248,0.01632495064878557,0.03724396602506078,false,false
LAB,hour,2026-04-15T13:00:00.000Z,0.471471045813807,1031753.2127144525,0.06358279183848235,1.2533426851794616,0.05343492828361836,0.04129796909597718,false,false
LAB,hour,2026-04-15T12:00:00.000Z,0.463855207548141,958204.5665933226,0.02959428754942587,1.1737049522863785,0.05343492828361836,0.041724514677382654,false,false
LAB,hour,2026-04-15T11:00:00.000Z,0.459271654337514,930449.7418134433,0.026177124863792395,0.7792890555679253,0.026562474215593115,0.0410680208913295,false,false
LAB,hour,2026-04-15T10:00:00.000Z,0.450124703869414,841319.7958433173,-0.04527604003242032,0.6606862621860908,0.030503777199285622,0.03184577488889517,false,false
LAB,hour,2026-04-15T09:00:00.000Z,0.452446106593958,1161205.2524627254,-0.024596254970359315,0.8328495679317814,0.020320925266864756,0.023332053009123613,false,false
LAB,hour,2026-04-15T08:00:00.000Z,0.461569057052861,1360653.4994572233,0.005002274130461947,0.8401133111833088,0.02542485023609619,0.023745669432271528,false,false
LAB,hour,2026-04-15T07:00:00.000Z,0.442641509906667,1081904.0949716796,-0.01662471288160613,0.8730594150500715,0.042760443208737814,0.028426790386726405,false,false
LAB,hour,2026-04-15T06:00:00.000Z,0.4522911571391,1040828.4261380803,-0.0003424705232286535,0.8267846478341513,0.042760443208737814,0.022077199569694065,false,false
LAB,hour,2026-04-15T05:00:00.000Z,0.468502790080655,1714285.758121536,0.01502209240815704,0.9879398675448591,0.05842488694619026,0.025033611574826777,false,false
LAB,hour,2026-04-15T04:00:00.000Z,0.457872938891054,2056760.5139954155,0.03441030414792916,1.1369722115650776,0.03584335595703271,0.02622668651646314,false,false
LAB,hour,2026-04-15T03:00:00.000Z,0.410781789426577,1218752.3832682422,-0.09177576668773339,1.2324202172427468,0.14051499394520997,0.04809044969265186,false,false
LAB,hour,2026-04-15T02:00:00.000Z,0.423335413951549,1276932.789103981,-0.09640791279243013,1.2181154766987436,0.11463787021867011,0.04937979466303373,false,false
LAB,hour,2026-04-15T01:00:00.000Z,0.450759469187885,565191.9468948997,-0.015535903301901799,0.9021465757525443,0.0973209640503151,0.054261248852684824,false,false
LAB,hour,2026-04-15T00:00:00.000Z,0.470982654780277,529410.3308920751,0.14655193317536364,0.6810145233987207,0.11255198421500656,0.05448835474736467,false,false
LAB,hour,2026-04-14T23:00:00.000Z,0.477312754804809,3883540.737066269,0.1275049029076451,0.8570987545719917,0.05890788199028624,0.05411102019421225,false,false
LAB,hour,2026-04-14T22:00:00.000Z,0.490751490860205,3426109.6256881314,0.08872142330004062,0.9178182423508876,0.04197359686027191,0.053488052438784274,false,false
LAB,hour,2026-04-14T21:00:00.000Z,0.500425038327673,3233474.305240337,0.06251267058047287,0.9277419569963006,0.04842167591418234,0.05329314142451067,false,false
LAB,hour,2026-04-14T20:00:00.000Z,0.505897077164792,3595465.973009753,0.05988593866860364,1.0960037651432426,0.030862028107218577,0.03426935202327426,false,false
LAB,hour,2026-04-14T19:00:00.000Z,0.502271455771139,4334288.435061027,0.023474131256822926,1.2536435394004475,0.010934782271098042,0.032439574071044225,false,false
LAB,hour,2026-04-14T18:00:00.000Z,0.514308807611799,4362811.3176802015,0.027743954080560993,1.4953798782632428,0.023965829039954162,0.02386634887210826,false,false
LAB,hour,2026-04-14T17:00:00.000Z,0.514577249422308,5671163.837080655,0.017157980643340304,1.6949519139431994,0.02450028467629301,0.017160531494192686,false,false
LAB,hour,2026-04-14T16:00:00.000Z,0.578574346900921,5536597.2005966455,0.15191564293183651,1.5832715985066665,0.12495515989224466,0.04724403966444766,false,false
LAB,hour,2026-04-14T15:00:00.000Z,0.587843832815241,6326105.6271078605,0.1429783509734221,1.5526346480891926,0.1423820883554141,0.04645378063238337,false,false
LAB,hour,2026-04-14T14:00:00.000Z,0.563327090889764,5979508.380159776,0.09473765410768775,1.573231642604676,0.04352132592585478,0.048608469740062214,false,false
LAB,hour,2026-04-14T13:00:00.000Z,0.575760564570192,4431089.781717183,-0.004863302954582763,1.5554213150171272,0.04352132592585478,0.049132213089588025,false,false
LAB,hour,2026-04-14T12:00:00.000Z,0.552471068450937,3804645.163204275,-0.060173744096115526,1.464442732811765,0.04215514159783242,0.05147956603478368,false,false
LAB,hour,2026-04-14T11:00:00.000Z,0.558106499473744,4069806.285311187,-0.00926742473502227,1.3852541088201649,0.04215514159783242,0.050840261047156325,false,false
LAB,hour,2026-04-14T10:00:00.000Z,0.532177455979524,3710793.4584486927,-0.07569658513031878,1.1928886953770683,0.04872255147767406,0.053925907600110796,false,false
LAB,hour,2026-04-14T09:00:00.000Z,0.539658833487006,4104265.686907416,-0.023190779926005704,1.0286498875764694,0.04872255147767406,0.031190799211778832,false,false
LAB,hour,2026-04-14T08:00:00.000Z,0.570542610472174,3719331.868027847,0.02228268441624744,0.7823358682330454,0.07209090513245288,0.03713764946908523,false,false
LAB,hour,2026-04-14T07:00:00.000Z,0.581479704621538,3339978.768019358,0.09264249751291773,0.5370778129344062,0.07749501822161665,0.034226455859860824,false,false
LAB,hour,2026-04-14T06:00:00.000Z,0.583695138314518,2713775.0749878776,0.08160026686299444,0.3717370457144284,0.02305266530655638,0.03324798747369352,false,false
LAB,hour,2026-04-14T05:00:00.000Z,0.65658805016258,2544347.274417836,0.1508133452454951,0.24100731331249833,0.1291676131498469,0.05329322704308873,false,false
LAB,hour,2026-04-14T04:00:00.000Z,0.656746565491973,2562655.5085886093,0.12944021996334884,0.08023722331109558,0.12515339323948924,0.05315508007544466,false,false
LAB,hour,2026-04-14T03:00:00.000Z,0.645613335189453,3117985.239834785,0.10607968579921762,-0.012383401170597524,0.017244424325982975,0.05043721402503404,false,false
LAB,hour,2026-04-14T02:00:00.000Z,0.716135059552747,3759057.246610835,0.09069158260711926,-0.09606702319655962,0.10923213713142979,0.06365033705617996,false,false
LAB,hour,2026-04-14T01:00:00.000Z,0.611779181859355,894834.3365082255,-0.06846991822322304,-0.3503742796058396,0.17057768683175453,0.0845728598175975,false,false
LAB,hour,2026-04-14T00:00:00.000Z,0.587273829253428,462800.70810393937,-0.09036291965516088,-0.5901711139299417,0.21942273583540056,0.0856726486418342,false,false
LAB,hour,2026-04-13T23:00:00.000Z,0.584678915333996,1015086.9535891555,-0.18356334111173153,-0.7160503344097964,0.04635068208313631,0.08567694186643363,false,false
LAB,hour,2026-04-13T22:00:00.000Z,0.585748751841105,1354378.6810994754,-0.04254873455997114,-0.7961783549354219,0.004438186244410183,0.07323055867297416,false,false
LAB,hour,2026-04-13T21:00:00.000Z,0.590391538749079,1967266.1551611444,0.005308783297247271,-0.8765347920653211,0.009770530910661851,0.07329127383697158,false,false
LAB,hour,2026-04-13T20:00:00.000Z,0.582903525272727,2360016.9115177495,-0.0030365214388733963,-0.9855135679501348,0.012846059685174327,0.07316505781339451,false,false
LAB,hour,2026-04-13T19:00:00.000Z,0.572378240830413,2734891.7053054105,-0.022826358517480837,-1.180926642201401,0.031470969078999426,0.062171252982766684,false,false
LAB,hour,2026-04-13T18:00:00.000Z,0.552116257038463,2082141.310840663,-0.06483033580005844,-1.1578722854794286,0.055762292527675464,0.022521138355404265,true,false
LAB,hour,2026-04-13T17:00:00.000Z,0.58289356850471,1397095.4563521254,-0.000017081330932787675,-0.9800125498104761,0.05574425870257044,0.026245670928136965,true,false
LAB,hour,2026-04-13T16:00:00.000Z,0.584541072453466,1496317.4590791708,0.02124964010757468,-0.8693669523351745,0.05872823884760942,0.026213961423496475,true,false
LAB,hour,2026-04-13T15:00:00.000Z,0.590877622438872,1675635.1104857738,0.07020507892363814,-0.7911025403044317,0.01369727573876551,0.02651982908935955,true,false
LAB,hour,2026-04-13T14:00:00.000Z,0.583980317088688,1554769.3848883687,0.0018644031135321706,-0.7726826267265412,0.011810852435179722,0.02672250177521117,true,false
LAB,hour,2026-04-13T13:00:00.000Z,0.579425800144969,1976084.1352336803,-0.008750920251038767,-0.7596817344266216,0.01976408763820627,0.026449472893239602,true,false
LAB,hour,2026-04-13T12:00:00.000Z,0.578440584759403,1894788.8867984316,-0.021048415453837344,-0.7879393324182116,0.009577011840532012,0.025545168610673713,true,false
LAB,hour,2026-04-13T11:00:00.000Z,0.575606801427662,1763582.040312847,-0.014338695014192396,-0.7692322444937137,0.006634735218268627,0.02168944917235399,true,false
LAB,hour,2026-04-13T10:00:00.000Z,0.579978568383648,1783090.0347760124,0.0009539931403480874,-0.6837116391528759,0.007595057850502968,0.007631225918307009,true,false
LAB,hour,2026-04-13T09:00:00.000Z,0.604742330557845,2887125.185375455,0.04547009060469364,-0.523995295232931,0.05061706890523003,0.01751680510926999,true,false
LAB,hour,2026-04-13T08:00:00.000Z,0.622480939248525,2112952.4450378297,0.08143430151381528,-0.42864008091590267,0.07328265763910471,0.020239422886061183,false,false
LAB,hour,2026-04-13T07:00:00.000Z,0.574777074942089,1243627.6831691691,-0.00896842353339917,-0.3866671409849934,0.08299541924361263,0.03602888521755266,false,false
LAB,hour,2026-04-13T06:00:00.000Z,0.533043327638652,665812.4544663967,-0.11856124384918476,-0.46712475066388687,0.16778675760950967,0.04583719361506614,true,false
LAB,hour,2026-04-13T05:00:00.000Z,0.539942962999773,490786.1520061188,-0.13259518652634408,-0.555464938765869,0.07829334903846329,0.046089729768224855,true,false
LAB,hour,2026-04-13T04:00:00.000Z,0.544366984421229,609516.2021513784,-0.05290762601122166,-0.6242559994143624,0.021243407797148575,0.04615550024585307,true,false
LAB,hour,2026-04-13T03:00:00.000Z,0.529222271113545,504935.5290108587,-0.0071683788671251915,-0.7211632741435503,0.02861692361475592,0.047285083553400976,true,false
LAB,hour,2026-04-13T02:00:00.000Z,0.524854653744665,558205.3803793963,-0.027944265022515537,-1.0020227765114968,0.037176636498028444,0.044676047416527344,true,false
LAB,hour,2026-04-13T01:00:00.000Z,0.538866337705873,682586.9481058414,-0.010104666287218506,-1.1660986449150028,0.02669631270531613,0.04444892177332063,true,false
LAB,hour,2026-04-13T00:00:00.000Z,0.541144352513484,702485.226690087,0.022527550427637065,-1.1827004402660313,0.031036590135187704,0.03271249592014803,true,false
LAB,hour,2026-04-12T23:00:00.000Z,0.544185094203401,519048.6389002749,0.036830082996920525,-1.1227455075538193,0.009870270464790309,0.016213184894329297,true,false
LAB,hour,2026-04-12T22:00:00.000Z,0.536955024946325,598072.0279321683,-0.0035469143752513955,-1.0347999968737804,0.01346494384292011,0.0162725212063509,true,false
LAB,hour,2026-04-12T21:00:00.000Z,0.548690285168602,728154.7512972889,0.013944398791318645,-0.9728362060611025,0.021855201417381426,0.017945922480950317,true,false
LAB,hour,2026-04-12T20:00:00.000Z,0.575605091708075,1768395.4712259206,0.05773770329131808,-0.7880242240290402,0.07198008206667497,0.023150226038635733,true,false
LAB,hour,2026-04-12T19:00:00.000Z,0.587783072610438,2083488.6290047357,0.09465978583437962,-0.5301447934498712,0.07124745689605863,0.024263952641127837,true,false
LAB,hour,2026-04-12T18:00:00.000Z,0.597169804699511,2887453.294144708,0.08835498065363448,-0.1937301474631515,0.037464423616274806,0.022922454264798203,false,false
LAB,hour,2026-04-12T17:00:00.000Z,0.549799150555538,1970554.955410815,-0.044832718689057006,0.008257123307750275,0.086159926031366,0.03871331718963523,false,false
LAB,hour,2026-04-12T16:00:00.000Z,0.525938479119255,2317550.6567682037,-0.10521669706567327,0.30661797601051977,0.13543661171082433,0.04213623792574096,false,false
LAB,hour,2026-04-12T15:00:00.000Z,0.512719437902416,5305660.802470319,-0.14141767740515515,0.7832827529140115,0.0723196936024477,0.04292406051948712,false,false
LAB,hour,2026-04-12T14:00:00.000Z,0.48166069293399,6296671.146139516,-0.1239333628520493,1.11384582480304,0.09192733979505585,0.048306712529619565,false,false
LAB,hour,2026-04-12T13:00:00.000Z,0.465276648704177,2362590.6842239704,-0.11534016396112189,1.195026700173998,0.10196683914907399,0.04665869191346916,false,false
LAB,hour,2026-04-12T12:00:00.000Z,0.475167883263134,479713.59141846857,-0.07323996685772044,1.0449331069965504,0.03521355364693999,0.04666510872401824,false,false
LAB,hour,2026-04-12T11:00:00.000Z,0.485578529763624,602560.5601774392,0.008134018173185055,0.808957728528623,0.04363399950543168,0.046998663845076734,false,false
LAB,hour,2026-04-12T10:00:00.000Z,0.490397191887627,443957.7566956531,0.05399055218741833,0.6625880249528255,0.03205037453269839,0.035312602466896756,false,false
LAB,hour,2026-04-12T09:00:00.000Z,0.483433774724838,703796.2946356728,0.017395728442207384,0.5119062840115849,0.014404076684034811,0.031543163287617054,false,false
LAB,hour,2026-04-12T08:00:00.000Z,0.482300651944754,883923.9901839116,-0.006750458716668554,0.06407848868937903,0.016787329459800094,0.03005310692035829,false,false
LAB,hour,2026-04-12T07:00:00.000Z,0.488590390827634,1337435.8380325595,-0.003684362573607482,-0.43866832036092696,0.013041116277820106,0.019218084368265397,true,false
LAB,hour,2026-04-12T06:00:00.000Z,0.476462709817871,926800.1461054089,-0.01441989631554981,-0.5637187866714773,0.025453578548463657,0.016984941342775797,true,false
LAB,hour,2026-04-12T05:00:00.000Z,0.437154949906296,749890.0607456012,-0.09360489532083262,-0.5084491342227211,0.11765951851251638,0.035837761085997955,true,false
LAB,hour,2026-04-12T04:00:00.000Z,0.451869013864469,715222.1885511365,-0.07515779608551423,-0.46879515853739234,0.08991722481925593,0.03706484782435397,true,false
LAB,hour,2026-04-12T03:00:00.000Z,0.439262019750694,573541.1327792669,-0.07807681335942748,-0.4045263282477915,0.033658692327118656,0.038396038196514,true,false
LAB,hour,2026-04-12T02:00:00.000Z,0.429893524882941,624632.8066220348,-0.01661064349131002,-0.37648539191178715,0.05111844610246649,0.03887715558291,true,false
LAB,hour,2026-04-12T01:00:00.000Z,0.430226050537209,636560.688721571,-0.04789654227928854,-0.3858929894398114,0.021792593573732016,0.03886813538695631,true,false
LAB,hour,2026-04-12T00:00:00.000Z,0.433491963936044,586679.711320197,-0.013135794936072193,-0.4616883101632017,0.008370535597350116,0.03866418769947028,true,false
LAB,hour,2026-04-11T23:00:00.000Z,0.426829029269507,375176.87214774033,-0.007128499119098109,-0.5153282992710237,0.015610312817617456,0.03793339596988181,true,false
LAB,hour,2026-04-11T22:00:00.000Z,0.440068355874681,390010.1245420722,0.02287705573658831,-0.5456616961577708,0.031017868273468543,0.022653213977180866,true,false
LAB,hour,2026-04-11T21:00:00.000Z,0.45225107139807,539930.3229616623,0.043274406500402124,-0.5649232882933416,0.059560246340487594,0.021520605285982927,true,false
LAB,hour,2026-04-11T20:00:00.000Z,0.438297766072464,418347.8194938874,0.0268696269852711,-0.5764566518035189,0.03183521889842146,0.022114665393973124,true,false
LAB,hour,2026-04-11T19:00:00.000Z,0.455347038624678,311424.3252691922,0.03471888525051761,-0.5967774362982718,0.03889883515718224,0.025113817043900557,true,false
LAB,hour,2026-04-11T18:00:00.000Z,0.470544710973247,674794.0212433812,0.0404501851562779,-0.5920108621417048,0.07357314455363115,0.028010743008624866,true,false
LAB,hour,2026-04-11T17:00:00.000Z,0.457033657314226,1388996.3553202255,0.04274694669254688,-0.5332526419015489,0.033376021055219286,0.029961422032235487,true,false
LAB,hour,2026-04-11T16:00:00.000Z,0.496360951504592,1640271.7628367045,0.09007176812611244,-0.4293813472220893,0.08604901096666305,0.04285819813518085,true,false
LAB,hour,2026-04-11T15:00:00.000Z,0.465874609144069,779049.360879807,-0.00992488433143511,-0.390461188215805,0.08604901096666305,0.047723280058252285,true,false
LAB,hour,2026-04-11T14:00:00.000Z,0.498964275253784,450502.0403192825,0.09174514232926456,-0.36589470514766254,0.07102697906312007,0.053325566382650784,false,false
LAB,hour,2026-04-11T13:00:00.000Z,0.509687179194554,311551.18101050117,0.026847856684872027,-0.333322269775926,0.09404369585837682,0.052610809870510644,false,false
LAB,hour,2026-04-11T12:00:00.000Z,0.50683827197723,497105.49342716276,0.0879285155901107,-0.26197565016160634,0.021490324002286672,0.05063935739703994,false,false
LAB,hour,2026-04-11T11:00:00.000Z,0.526115710017524,363218.7376607456,0.05441558867101294,-0.25543373335742936,0.03803469293092388,0.05108256349087224,false,false
LAB,hour,2026-04-11T10:00:00.000Z,0.515274406598517,640133.2613261151,0.010962071702082755,-0.2964799329496495,0.03803469293092388,0.050498584849654415,false,false
LAB,hour,2026-04-11T09:00:00.000Z,0.516291140299118,653054.5710435985,0.018650660071528203,-0.35264806449861946,0.021039863964084225,0.039714580555365475,true,false
LAB,hour,2026-04-11T08:00:00.000Z,0.516098501942073,365515.9278374402,-0.019039933392442088,-0.5620411227733131,0.0019731888244029767,0.03167463967746329,true,false
LAB,hour,2026-04-11T07:00:00.000Z,0.530484009073869,619984.4785854524,0.029517480939438033,-0.5236290219015315,0.02787356885878079,0.020943364788442102,true,false
LAB,hour,2026-04-11T06:00:00.000Z,0.534583092575988,621620.7549241788,0.03542952967636121,-0.39877351997301014,0.03581601295945976,0.01955768119378173,false,false
LAB,hour,2026-04-11T05:00:00.000Z,0.500541051953389,657603.7061502839,-0.030144342465907963,-0.330931862115916,0.06801048683169547,0.03156720909622481,false,false
LAB,hour,2026-04-11T04:00:00.000Z,0.513064605016163,688805.4270461705,-0.032836812721493934,-0.20893903109727455,0.06801048683169547,0.029743286805356907,false,false
LAB,hour,2026-04-11T03:00:00.000Z,0.530383210409526,707921.2339425597,-0.007856369243224925,-0.1778505325188367,0.059619802091509265,0.031307715611543746,false,false
LAB,hour,2026-04-11T02:00:00.000Z,0.54535355099804,859482.4324154828,0.08952811936157415,-0.07933482455759386,0.06293348959603193,0.0330196607735904,false,false
LAB,hour,2026-04-11T01:00:00.000Z,0.543328914699458,924329.1309264592,0.0589873271073563,0.24316910019089247,0.028225517502627778,0.03304927244926809,false,false
LAB,hour,2026-04-11T00:00:00.000Z,0.514750712008649,451748.8436469614,-0.029473969186933045,0.21611631249658608,0.059451766215093224,0.037434578895993206,false,false
LAB,hour,2026-04-10T23:00:00.000Z,0.504117428037568,280962.1509384254,-0.07561355910309306,0.09701796625501477,0.07778244607517888,0.03814612380404865,false,false
LAB,hour,2026-04-10T22:00:00.000Z,0.512663377534458,438661.62400433025,-0.05644009795054364,0.020595976261851365,0.02109287118375239,0.029614551740787313,false,false
LAB,hour,2026-04-10T21:00:00.000Z,0.509491613200773,336335.18749509467,-0.01021678782600235,-0.12376296403082235,0.016952299249319274,0.028200750222021877,false,false
LAB,hour,2026-04-10T20:00:00.000Z,0.509073893210203,417922.6448065786,0.009831965524242243,-0.23941191415754123,0.007051008453055448,0.025257363893699668,false,false
LAB,hour,2026-04-10T19:00:00.000Z,0.501928718879887,455650.16508240346,-0.020939000375250132,-0.41214059566680955,0.01506766605776904,0.023575352318010414,true,false
LAB,hour,2026-04-10T18:00:00.000Z,0.499653686262781,920949.6166516666,-0.01930930104263595,-0.442740808839378,0.0188534723277668,0.02359595698995365,true,false
LAB,hour,2026-04-10T17:00:00.000Z,0.50962972784346,532571.8064759125,0.0010918545238135264,-0.4257460890967715,0.019965912100630992,0.013983323355353261,true,false
LAB,hour,2026-04-10T16:00:00.000Z,0.526029837863156,933286.3238885553,0.04801701531853674,-0.17455801235255794,0.05278886621983837,0.016631471973522473,false,false
LAB,hour,2026-04-10T15:00:00.000Z,0.520689556594109,1167459.3746042843,0.042100900903320186,0.09539003679134254,0.032180442238121616,0.01584648692209937,false,false
LAB,hour,2026-04-10T14:00:00.000Z,0.491490422593715,1836323.9488781244,-0.03559310663940838,0.520532855675084,0.07027484907471465,0.02685911910044741,false,false
LAB,hour,2026-04-10T13:00:00.000Z,0.510771782752158,1041986.7084330961,-0.02900606393922353,0.6953938661692454,0.05940936518417392,0.030542608516111083,false,false
LAB,hour,2026-04-10T12:00:00.000Z,0.48534484577544,1353578.3817890866,-0.06788058329777696,0.9347626344942296,0.0523894241342835,0.03573235635544161,false,false
LAB,hour,2026-04-10T11:00:00.000Z,0.472914329925534,549728.6615153294,-0.03779543163862771,0.9112954117014088,0.08005139711580543,0.037013772511307975,false,false
LAB,hour,2026-04-10T10:00:00.000Z,0.480620420232273,1499273.3034792354,-0.059030987102346034,1.3293770732428751,0.026284921101594326,0.03676289784665475,false,false
LAB,hour,2026-04-10T09:00:00.000Z,0.441985716620285,1424087.1517913472,-0.08933674588813179,1.3805810010689477,0.08741165643861637,0.04702559359840269,false,false
LAB,hour,2026-04-10T08:00:00.000Z,0.472096947964174,870499.0138118052,-0.0017283933043194188,1.2440686997349841,0.08741165643861637,0.05307599771972282,false,false
LAB,hour,2026-04-10T07:00:00.000Z,0.481197429100015,863885.3641613198,0.0012005500462571356,0.8524951436057053,0.0887171485530543,0.048921746559427624,false,false
LAB,hour,2026-04-10T06:00:00.000Z,0.4733084404005,713758.5778841802,0.07086818103473853,0.7145177336092641,0.019276720968193183,0.04712577524598709,false,false
LAB,hour,2026-04-10T05:00:00.000Z,0.457601704984693,645826.068821751,-0.030703954011964966,0.4258668265362779,0.05156389029649989,0.044844736652320055,false,false
LAB,hour,2026-04-10T04:00:00.000Z,0.471672441372106,1071990.343636306,-0.019794344591000015,0.58636166498632,0.034324031673641654,0.04523179359808102,false,false
LAB,hour,2026-04-10T03:00:00.000Z,0.461341980578021,953814.4904829138,-0.025282582774888485,0.34749987116094827,0.03074887229251843,0.04559222065031857,false,false
LAB,hour,2026-04-10T02:00:00.000Z,0.44844690927328,860794.809501955,-0.020006034968159066,0.08633370398949437,0.05179104063057003,0.03450001092904644,false,false
LAB,hour,2026-04-10T01:00:00.000Z,0.410363667538425,217925.88071071508,-0.12998167468790917,-0.13063809278068275,0.12422716013186659,0.04116863891347197,false,false
LAB,hour,2026-04-10T00:00:00.000Z,0.411395837001532,255263.28945726773,-0.108262732808124,-0.32054654560789525,0.09280363918009145,0.040542315025137755,false,false
LAB,hour,2026-04-09T23:00:00.000Z,0.41436737538828,568345.608186875,-0.0759945785783802,-0.3653836913988958,0.009756487151680147,0.040150253962419995,false,false
LAB,hour,2026-04-09T22:00:00.000Z,0.424552862012784,512885.5076496533,0.03457712170152195,-0.39636259996986617,0.031981424768775794,0.03916094497277534,false,false
LAB,hour,2026-04-09T21:00:00.000Z,0.405157674335614,329850.7250353811,-0.015163407367913518,-0.6225806047032046,0.0478707152936808,0.04141145029357423,true,false
LAB,hour,2026-04-09T20:00:00.000Z,0.40814187547994,372035.6664336578,-0.01502410729731418,-0.7784388317808646,0.0478707152936808,0.040651485551797956,true,false
LAB,hour,2026-04-09T19:00:00.000Z,0.420984740261678,558295.8446513942,-0.008404422794819373,-0.854332552951325,0.039063966768042906,0.040924998962863134,true,false
LAB,hour,2026-04-09T18:00:00.000Z,0.418842001443407,638576.1622134921,0.033775312611893225,-0.7269521812383736,0.03146666772831347,0.023525303164946866,true,false
LAB,hour,2026-04-09T17:00:00.000Z,0.41691134296894,919712.1353664519,0.02148632134031294,-0.5557860702387541,0.009770416088298773,0.023570909959254847,true,false
LAB,hour,2026-04-09T16:00:00.000Z,0.392408106517826,1358115.62560944,-0.0678804503129714,-0.3393594675777276,0.0673632743221124,0.03274618254962862,false,false
LAB,hour,2026-04-09T15:00:00.000Z,0.408878484373031,884889.1088137524,-0.023788247205485346,-0.25852532957991287,0.062443247333884795,0.03506522510946235,false,false
LAB,hour,2026-04-09T14:00:00.000Z,0.392776303699746,399508.0124139773,-0.05789009984070424,-0.23116350209554706,0.04197257289448172,0.033879460160355576,false,false
LAB,hour,2026-04-09T13:00:00.000Z,0.371486654142432,247119.07177962776,-0.053315545800131425,-0.25362037974554535,0.10065457214584772,0.03979663222989698,false,false
LAB,hour,2026-04-09T12:00:00.000Z,0.372454024566273,278202.92800413154,-0.0890838261216184,-0.2920878801619704,0.057309325435823906,0.038047524600275155,false,false
LAB,hour,2026-04-09T11:00:00.000Z,0.375299171566046,282758.9527713135,-0.04449640156260604,-0.38815173814317333,0.01026286511534337,0.03810731193908423,true,false
LAB,hour,2026-04-09T10:00:00.000Z,0.372751018101916,476415.4231756246,0.003403524582606587,-0.49970811441274343,0.007638921348980342,0.03815427144985212,true,false
LAB,hour,2026-04-09T09:00:00.000Z,0.368618063440075,354477.636248758,-0.01029915338051474,-0.775722528747599,0.018124744250513726,0.030812062499379168,true,false
LAB,hour,2026-04-09T08:00:00.000Z,0.359147671604605,543250.0114380085,-0.04303633257180963,-0.8973027771589567,0.03787674979635485,0.028366513992603783,true,false
LAB,hour,2026-04-09T07:00:00.000Z,0.348356830298912,461932.05975489237,-0.06544365170944819,-0.8281375792822462,0.05816229618284662,0.026589462985684986,true,false
LAB,hour,2026-04-09T06:00:00.000Z,0.3624973612396,295768.61046344764,-0.016604455417497384,-0.7451244001099439,0.040592087511401885,0.02212528383283159,true,false
LAB,hour,2026-04-09T05:00:00.000Z,0.369947908386246,293828.8625200266,0.03007185521595504,-0.7039231315399547,0.061979775360820444,0.023402848923036585,true,false
LAB,hour,2026-04-09T04:00:00.000Z,0.369141849165761,443637.8903535952,0.059665885836124186,-0.6024629178046172,0.02055338312303303,0.023240053573048064,true,false
LAB,hour,2026-04-09T03:00:00.000Z,0.379311811029277,556701.123508504,0.046385026727306704,-0.541585709597306,0.02755028151508576,0.02527819005698833,true,false
LAB,hour,2026-04-09T02:00:00.000Z,0.365692711017937,465851.19278061495,-0.01150215279462096,-0.44513259343002626,0.03724192361786513,0.028499642304483753,true,false
LAB,hour,2026-04-09T01:00:00.000Z,0.380146838234882,541929.104897797,0.029812358295304743,-0.4157781936717876,0.039525335839236994,0.03049788002592368,true,false
LAB,hour,2026-04-09T00:00:00.000Z,0.377398118438782,509791.5242438149,-0.0050451700549532874,-0.3678237876605326,0.039525335839236994,0.028367165964454325,false,false
LAB,hour,2026-04-08T23:00:00.000Z,0.370172606256201,604765.7573126566,0.012250436235914736,-0.19969973821082412,0.026944813879008867,0.025137724654805432,false,false
LAB,hour,2026-04-08T22:00:00.000Z,0.37861962557376,611090.9173993536,-0.00401742828695676,0.027062048702895684,0.02281913673458779,0.025406667128787887,false,false
LAB,hour,2026-04-08T21:00:00.000Z,0.358408567913041,1294633.9031043774,-0.05031702490806492,0.42228725174876997,0.05639111190450873,0.032783242886076425,false,false
LAB,hour,2026-04-08T20:00:00.000Z,0.371037064448704,2039299.5285552328,0.002335284075301532,0.7554052905164321,0.05639111190450873,0.03377169017928542,false,false
LAB,hour,2026-04-08T19:00:00.000Z,0.381376637465552,2256819.253973968,0.00728174586199548,0.9911583109404261,0.0640834835122682,0.032518406495479886,false,false
LAB,hour,2026-04-08T18:00:00.000Z,0.341521680893962,2887007.0439820387,-0.04711630393606038,1.165287475639622,0.11669817408741448,0.05082517028450133,false,false
LAB,hour,2026-04-08T17:00:00.000Z,0.406496687748734,1868866.8366149967,0.09556895172377665,1.339811729181267,0.19025148472183195,0.08312042545779773,false,false
LAB,hour,2026-04-08T16:00:00.000Z,0.381983089935526,3528311.678018581,0.0015901668072910255,1.460267804045101,0.19025148472183195,0.08607148951981576,false,false
LAB,hour,2026-04-08T15:00:00.000Z,0.322499886010508,1698385.8984259504,-0.055697181021312756,1.5822510475051883,0.26045529124772815,0.10690621537760733,false,false
LAB,hour,2026-04-08T14:00:00.000Z,0.356689607533091,626137.4318775778,-0.12252764097903311,1.4637825978886312,0.18444410837118824,0.11157722231508059,false,false
LAB,hour,2026-04-08T13:00:00.000Z,0.337652518439407,577186.3003518527,-0.11605375385491912,1.2082965715333385,0.1060146778516039,0.11272950239612829,false,false
LAB,hour,2026-04-08T12:00:00.000Z,0.347165857849557,508430.9799067445,0.07648366064304692,0.9063240109172725,0.056380711098117375,0.11274000308800257,false,false
LAB,hour,2026-04-08T11:00:00.000Z,0.369992819774243,398177.43131422106,0.03729632700307318,0.4908013749176006,0.09577983153897174,0.10746727134838702,false,false
LAB,hour,2026-04-08T10:00:00.000Z,0.361477364319068,429249.4743744182,0.07056024930534155,0.2792395101740716,0.06575232387793718,0.08540102046957256,false,false
LAB,hour,2026-04-08T09:00:00.000Z,0.376736493208304,498628.0846116253,0.08517725660557701,-0.2285008895364918,0.042213234895026736,0.08357555002260811,false,false
LAB,hour,2026-04-08T08:00:00.000Z,0.389624881989244,553044.6993939632,0.053060657304052114,-0.4334083917579088,0.07786799520130061,0.05525540163446775,false,false
LAB,hour,2026-04-08T07:00:00.000Z,0.376000761561277,349000.76076375385,0.040177888509194425,-0.4868328150666073,0.03623428945035975,0.04223366839176548,true,false
LAB,hour,2026-04-08T06:00:00.000Z,0.376767808312191,358895.7406000642,0.00008312203476840157,-0.5291208300354953,0.03623428945035975,0.03680364666260229,true,false
LAB,hour,2026-04-08T05:00:00.000Z,0.375235889912423,341570.0089595033,-0.03693037262753206,-0.5614273688707085,0.004082547647895566,0.03530708919374709,true,false
LAB,hour,2026-04-08T04:00:00.000Z,0.369873013142633,606304.1693087707,-0.016297170232314424,-0.5316359913155814,0.01864097926738756,0.026398293405958763,true,false
LAB,hour,2026-04-08T03:00:00.000Z,0.377341116716514,947213.2502315353,0.0015216491209566634,-0.4687621069441233,0.020190993418060216,0.026009698335805496,true,false
LAB,hour,2026-04-08T02:00:00.000Z,0.367180802063837,1026006.2370477989,-0.02146673083554451,-0.39711114014680376,0.0276711489151073,0.023210286398480374,true,false
LAB,hour,2026-04-08T01:00:00.000Z,0.377447903678279,813162.3095636443,0.020479705916595075,-0.36759644059642343,0.027961978286263966,0.02203903202275512,true,false
LAB,hour,2026-04-08T00:00:00.000Z,0.402617085207325,738448.2411568197,0.06698440050942056,-0.3199712043342045,0.09650908474601323,0.0300006965840569,true,false
LAB,hour,2026-04-07T23:00:00.000Z,0.389619322727458,1052898.1294032147,0.06111027738242114,-0.23012145036284773,0.06668253097651095,0.032454396522065575,false,false
LAB,hour,2026-04-07T22:00:00.000Z,0.381272746265823,634649.7320215674,0.010133431793554604,-0.18598177058761908,0.055981811316302935,0.03343514472976213,false,false
LAB,hour,2026-04-07T21:00:00.000Z,0.379010045151022,864107.5742949181,-0.05863397487005972,-0.15285220074981465,0.027992074912443453,0.03306610740762455,false,false
LAB,hour,2026-04-07T20:00:00.000Z,0.37918082446234,1501177.1991172128,-0.026791531261964038,-0.09593019545685744,0.005970029406211199,0.03219179293109179,false,false
LAB,hour,2026-04-07T19:00:00.000Z,0.360925155745824,978267.0068223795,-0.053367545200339844,-0.12406774428932711,0.05058020596761144,0.03574481510418111,false,false
LAB,hour,2026-04-07T18:00:00.000Z,0.328489188621384,243864.80318753427,-0.1332968800589632,-0.2153315849286987,0.1543175166698808,0.04935389892641827,false,false
LAB,hour,2026-04-07T17:00:00.000Z,0.320941334528572,158573.41976803148,-0.15359291972728,-0.2974721613127247,0.12458295929997276,0.0437914988842975,true,false
LAB,hour,2026-04-07T16:00:00.000Z,0.320912701741863,207782.2316030949,-0.11086080692069905,-0.4268974124643549,0.023609183551779166,0.04199829927300963,true,false
LAB,hour,2026-04-07T15:00:00.000Z,0.323967315313929,342183.5624957554,-0.013765668594551106,-0.435839440975586,0.009518518760666343,0.041348346836498906,true,false
LAB,hour,2026-04-07T14:00:00.000Z,0.330799246564237,363160.6917919944,0.030715619881574927,-0.4655733989298351,0.030807583397950315,0.04203380997357694,true,false
LAB,hour,2026-04-07T13:00:00.000Z,0.321143728861632,306593.31553638156,0.0007199064372181108,-0.6250666815196767,0.0300660322305878,0.04349910026981349,true,false
LAB,hour,2026-04-07T12:00:00.000Z,0.322122397550476,332342.3100281657,-0.005694765108218625,-0.7263505809286996,0.0300660322305878,0.0393151547079132,true,false
LAB,hour,2026-04-07T11:00:00.000Z,0.32112340614535,484286.22446874966,-0.02924988650785227,-0.6349531505444752,0.0031109267839349577,0.016741961053215813,true,false
LAB,hour,2026-04-07T10:00:00.000Z,0.318702901698102,324277.68632314826,-0.007600419825048667,-0.7505816929680618,0.010729415496860422,0.01453538925364473,true,false
LAB,hour,2026-04-07T09:00:00.000Z,0.314607427520556,479018.60548958136,-0.023329548293028704,-0.6397194285789184,0.020711458328072318,0.015335375091499013,true,false
LAB,hour,2026-04-07T08:00:00.000Z,0.323847032016954,521687.5140822412,0.008481555126415073,-0.5429234536485154,0.029368678830045385,0.018494482963488736,true,false
LAB,hour,2026-04-07T07:00:00.000Z,0.321441807116221,302674.3065784787,0.008593914280433766,-0.5347467085873544,0.029368678830045385,0.016963731575271465,true,false
LAB,hour,2026-04-07T06:00:00.000Z,0.313764357583689,248299.99664350753,-0.0026797521708603576,-0.5251667598586098,0.03213454361391474,0.015680998605375314,true,false
LAB,hour,2026-04-07T05:00:00.000Z,0.309647961122529,326875.53700709436,-0.043844993131453534,-0.5176431892916489,0.03808791748841877,0.01641602539677918,true,false
LAB,hour,2026-04-07T04:00:00.000Z,0.311849945663361,374553.6202050204,-0.029840117994956263,-0.5607907564979863,0.013293794818597531,0.016591589940263066,true,false
LAB,hour,2026-04-07T03:00:00.000Z,0.306326497520846,384594.4272228,-0.02370524211265489,-0.5188564652562173,0.0180312450513332,0.017684043822055972,true,false
LAB,hour,2026-04-07T02:00:00.000Z,0.290848770028589,143772.1418730844,-0.06071149645484375,-0.6129811504744778,0.07220651348364886,0.025939544146514316,true,false
LAB,hour,2026-04-07T01:00:00.000Z,0.285321560619123,155203.82956001296,-0.08506778793181233,-0.7437666184290961,0.07361847052898532,0.02461211480715457,true,false
LAB,hour,2026-04-07T00:00:00.000Z,0.290095265014076,257544.8301222448,-0.05298670744493933,-0.7482284002820064,0.019371860287993762,0.02524178055927034,true,false
LAB,hour,2026-04-06T23:00:00.000Z,0.295764498456332,175000.02193412272,0.016901321010433786,-0.7533984310999405,0.036600591327724204,0.02464090757093097,true,false
LAB,hour,2026-04-06T22:00:00.000Z,0.294210194094191,200876.88980702794,0.03115303819234851,-0.7577246163523176,0.019542661070255395,0.02421209680373108,true,false
LAB,hour,2026-04-06T21:00:00.000Z,0.292457734827807,135902.2809219443,0.008143772403925218,-0.7898956917441283,0.01130680859055396,0.024169221998520653,true,false
LAB,hour,2026-04-06T20:00:00.000Z,0.291647976686177,167560.67190465686,-0.013918241680932563,-0.8283230716756254,0.00878530836087739,0.023229869594375424,true,false
LAB,hour,2026-04-06T19:00:00.000Z,0.287099141247503,209929.77660366864,-0.024169974356535753,-0.7476829930376138,0.018664610270235697,0.013816556701943442,true,false
LAB,hour,2026-04-06T18:00:00.000Z,0.286397161384281,326515.4174919949,-0.020722903591844977,-0.6365327000891884,0.018334034026442573,0.011796776566406842,true,false
LAB,hour,2026-04-06T17:00:00.000Z,0.287097312380139,582536.2304400295,-0.015603277477678586,-0.46872408284748257,0.002451071301925765,0.010034205938347387,true,false
LAB,hour,2026-04-06T16:00:00.000Z,0.302860510136505,884924.3960664901,0.0548986974343277,-0.13864640348585722,0.057484329358047856,0.0213382117842649,false,false
LAB,hour,2026-04-06T15:00:00.000Z,0.291361239037748,887640.3905569129,0.017332845163246333,0.1884815513381503,0.054905417350247725,0.025795396696258317,false,false
LAB,hour,2026-04-06T14:00:00.000Z,0.289673637768808,851446.4774323653,0.008973700823983063,0.7695307572652123,0.045523204904899216,0.025790001633181785,false,false
LAB,hour,2026-04-06T13:00:00.000Z,0.282677182684636,543953.5123957536,-0.06664232138674007,1.1910457804079742,0.030720754574663552,0.027375569380417252,false,false
LAB,hour,2026-04-06T12:00:00.000Z,0.275746312756569,571510.0156954395,-0.05359301166053858,1.3733426991784026,0.05050774704115129,0.028322330283366788,false,false
LAB,hour,2026-04-06T11:00:00.000Z,0.26659387607615,302101.7182709801,-0.07967505041338367,1.3557529760727849,0.06032886743389395,0.031049447991392524,false,false
LAB,hour,2026-04-06T10:00:00.000Z,0.261450553233586,184890.14329626967,-0.07509141434571004,1.081610555465358,0.05467863558204386,0.03189723485613547,false,false
LAB,hour,2026-04-06T09:00:00.000Z,0.256865052242394,278530.4121615905,-0.06847330187455151,0.6726364887553647,0.037875233508119575,0.02557371071646976,false,false
LAB,hour,2026-04-06T08:00:00.000Z,0.25574435319051,302925.14515419083,-0.040696819616895266,0.28099492470007875,0.022312125260593164,0.021040356744431308,false,false
LAB,hour,2026-04-06T07:00:00.000Z,0.262305688864636,237657.86994412978,0.0032707355959809303,-0.1271352385682291,0.025655837918885902,0.023011969172448236,false,false
LAB,hour,2026-04-06T06:00:00.000Z,0.258749842893205,165495.76695304364,0.007337668687729597,-0.3527855944054166,0.025655837918885902,0.02169718542074051,true,false
LAB,hour,2026-04-06T05:00:00.000Z,0.259753563536181,489121.9091178062,0.015676632917421555,-0.4085839519329596,0.013742408233649106,0.0196182143153431,true,false
LAB,hour,2026-04-06T04:00:00.000Z,0.266243984608238,641769.8680331268,0.015014145368514552,-0.22495456996683924,0.028962884117097135,0.017581734675710357,false,false
LAB,hour,2026-04-06T03:00:00.000Z,0.25542820227122,239452.8141313668,-0.012837266236934448,-0.1524177850688392,0.042343728064662,0.022374121925364702,false,false
LAB,hour,2026-04-06T02:00:00.000Z,0.248137059697582,153067.87800563907,-0.044721249173472595,-0.17694270980815227,0.07297146557924027,0.023993476117352676,false,false
LAB,hour,2026-04-06T01:00:00.000Z,0.247593545201969,85568.6401934266,-0.07005018135418913,-0.27832745056114605,0.03164322019324066,0.02395083512297712,false,false
LAB,hour,2026-04-06T00:00:00.000Z,0.243622680021287,101364.86292740329,-0.04621855435288849,-0.3372933097911135,0.018530211045624127,0.022788385385022536,true,false
LAB,hour,2026-04-05T23:00:00.000Z,0.245489403441434,87703.08720243906,-0.01067013633261738,-0.34406277344871955,0.016299242666302765,0.022383500749225255,true,false
LAB,hour,2026-04-05T22:00:00.000Z,0.246599572392927,111748.43787153883,-0.004014534418622143,-0.5293156991737135,0.012219274376999274,0.022400628729512054,true,false
LAB,hour,2026-04-05T21:00:00.000Z,0.246441113541922,133869.41125115048,0.011568847039974777,-0.791986176500843,0.004522268317613429,0.020367477783386823,true,false
LAB,hour,2026-04-05T20:00:00.000Z,0.243763324375851,241532.50130981207,-0.007031175445398769,-0.8102947705941141,0.011635253270105962,0.013644958337943497,true,false
LAB,hour,2026-04-05T19:00:00.000Z,0.243644416826782,279748.1654626285,-0.01198361999361588,-0.7577393679080008,0.011478599639442139,0.008149008997735907,true,false
LAB,hour,2026-04-05T18:00:00.000Z,0.244908261219059,350031.1039969077,-0.00621995372781918,-0.6116708502532809,0.005187249553005467,0.008339276950656747,true,false
LAB,hour,2026-04-05T17:00:00.000Z,0.242512482218755,802702.2433925119,-0.005131379629395646,-0.26139561147821466,0.00987899253013683,0.006782802536253815,false,false
LAB,hour,2026-04-05T16:00:00.000Z,0.2277678093667,247497.990296254,-0.0651630259657024,-0.17637933964967012,0.07525405763008132,0.024490195434895442,false,false
LAB,hour,2026-04-05T15:00:00.000Z,0.221435106553728,123421.22280271165,-0.09584468301922804,-0.16771596804107086,0.09518533891514112,0.026654156782031018,false,false
LAB,hour,2026-04-05T14:00:00.000Z,0.221359263838622,125377.42435888921,-0.08722527676349466,-0.16615957450259916,0.028950880197858,0.026653364026929457,false,false
LAB,hour,2026-04-05T13:00:00.000Z,0.219712213848679,36915.33761253341,-0.03536757692151175,-0.25500544989745694,0.007841588206996958,0.026482414777074807,false,false
LAB,hour,2026-04-05T12:00:00.000Z,0.217874445992391,56226.856891549265,-0.016079927960623786,-0.33811125126844727,0.015994614835889043,0.026671395679528503,true,false
LAB,hour,2026-04-05T11:00:00.000Z,0.219450261187284,82986.3813104773,-0.008624001626287158,-0.4213456039922575,0.008434985791551637,0.026738710638187477,true,false
LAB,hour,2026-04-05T10:00:00.000Z,0.222610920656018,82854.21412974113,0.013193198305012801,-0.7710271696020555,0.021739468536812346,0.02702527492528165,true,false
LAB,hour,2026-04-05T09:00:00.000Z,0.219309708035646,61666.86406465088,0.006587564855151155,-0.8499465947018607,0.015052742762465543,0.014148050715896594,true,false
LAB,hour,2026-04-05T08:00:00.000Z,0.22283343826083,72624.79583881129,0.015416600806224182,-0.870798007470076,0.016067370007219414,0.011085153457012992,true,false
LAB,hour,2026-04-05T07:00:00.000Z,0.221473995992479,119293.62924755902,-0.0051072277145639555,-0.8338614660425606,0.016067370007219414,0.011323137149069195,true,false
LAB,hour,2026-04-05T06:00:00.000Z,0.224161668397221,290359.7130245342,0.022123782868683387,-0.6223241327988576,0.012135385884459601,0.011875644781108306,true,false
LAB,hour,2026-04-05T05:00:00.000Z,0.216562336560737,38595.02161886442,-0.028142552343300303,-0.57871847366476,0.03509073626176301,0.017345894963576674,true,false
LAB,hour,2026-04-05T04:00:00.000Z,0.217516253552858,62986.1915748722,-0.017870009622959947,-0.5656093671783834,0.03509073626176301,0.017211051441708876,true,false
LAB,hour,2026-04-05T03:00:00.000Z,0.216230484679933,57797.41576177979,-0.03538153411328872,-0.5400554057120286,0.005946288631911515,0.01649330773707518,true,false
LAB,hour,2026-04-05T02:00:00.000Z,0.214115180245079,61450.410951187485,-0.011300008831275594,-0.4935122825478294,0.015884316580851897,0.015935711467881242,true,false
LAB,hour,2026-04-05T01:00:00.000Z,0.216002290673831,93311.27304939383,-0.0069602287383048085,-0.4483722084972665,0.009879282881450973,0.015121200032240425,true,false
LAB,hour,2026-04-05T00:00:00.000Z,0.217894574580726,97755.31018277128,0.007695907925546249,-0.4513522304237188,0.017651220858423293,0.015302599572991547,true,false
LAB,hour,2026-04-04T23:00:00.000Z,0.218878231984489,85946.38619213867,0.022245278144025778,-0.5673207810793176,0.01331440190604616,0.014706532627152009,true,false
LAB,hour,2026-04-04T22:00:00.000Z,0.217433748272199,89845.62736382497,0.0066270482313056985,-0.48499449877672113,0.006643328019538595,0.007253764721904376,true,false
LAB,hour,2026-04-04T21:00:00.000Z,0.220550447201288,89493.63453361562,0.012188796465779103,-0.42650720465949205,0.014334016471018549,0.008876610905854574,true,false
LAB,hour,2026-04-04T20:00:00.000Z,0.21915710921311,122018.43802555026,0.0012741204371604978,-0.3560512164187725,0.014334016471018549,0.008916880713498195,true,false
LAB,hour,2026-04-04T19:00:00.000Z,0.22081136605689,162047.8731331656,0.015534008917799939,-0.275300866958054,0.0075482691376960965,0.00858969413143434,true,false
LAB,hour,2026-04-04T18:00:00.000Z,0.219482101618776,223464.867037197,-0.004843996446477258,-0.17450633006044117,0.0075482691376960965,0.008245686560514946,false,false
LAB,hour,2026-04-04T17:00:00.000Z,0.219095164141679,194005.16997434135,-0.0002826514350978416,-0.10440882807664624,0.007833134619535465,0.007587338003606634,false,false
LAB,hour,2026-04-04T16:00:00.000Z,0.213316831355627,212491.27701017229,-0.033940891880230896,-0.002861578467451062,0.028901940010868925,0.012518859231853311,false,false
LAB,hour,2026-04-04T15:00:00.000Z,0.204913401969436,95898.86771904826,-0.06637762050704586,0.01178925420104908,0.06920856340259435,0.019524829148499456,false,false
LAB,hour,2026-04-04T14:00:00.000Z,0.205097154106726,80308.11799045715,-0.0638900912751371,0.03979298928730143,0.04100966215691657,0.01877224004900891,false,false
LAB,hour,2026-04-04T13:00:00.000Z,0.207521647287667,128451.51013971037,-0.027167026770141166,0.08198027057828418,0.01272852479712401,0.019141280682688742,false,false
LAB,hour,2026-04-04T12:00:00.000Z,0.208181419545882,184212.5720854457,0.015948286178633926,0.14775523653995867,0.01503807038468738,0.0189670654378493,false,false
LAB,hour,2026-04-04T11:00:00.000Z,0.201074895633176,156705.82669722041,-0.019611478721235455,0.5124560751627913,0.03534267114911533,0.02295377890582569,false,false
LAB,day,2026-05-04T00:00:00.000Z,1.71357009499836,588765.8864998069,,,,,false,false
LAB,day,2026-05-03T00:00:00.000Z,2.0583973358104,199607339.4922462,,0,,0.18334871868920402,false,false
LAB,day,2026-05-02T00:00:00.000Z,1.98337814464118,45947591.24665818,,0,0.20123322752803413,0.1322783138545848,false,false
LAB,day,2026-05-01T00:00:00.000Z,1.21814935123078,26931099.720123343,-0.2891161238245432,0,0.6897741920813404,0.3014525279283672,false,false
LAB,day,2026-04-30T00:00:00.000Z,0.693956058021589,8239937.2333042445,-0.6628658393845155,0,1.8580745447998916,0.38380626905537496,false,false
LAB,day,2026-04-29T00:00:00.000Z,0.666918402532381,7830178.161848084,-0.6637462178685872,0,0.8265343205485096,0.3437465202233934,false,false
LAB,day,2026-04-28T00:00:00.000Z,0.666250156849862,17084352.28659951,-0.4530636525178922,0,0.04158483249403641,0.31379647220761425,false,false
LAB,day,2026-04-27T00:00:00.000Z,0.709456570723286,31127067.09351906,0.02233644698756248,0.09725525483333076,0.0648501368880886,0.29148817092259716,false,false
LAB,day,2026-04-26T00:00:00.000Z,0.771669762410835,53190401.189209014,0.15706773044603153,-0.2808381354910902,0.15822826377919944,0.2849075968926967,false,false
LAB,day,2026-04-25T00:00:00.000Z,0.846256362142825,59836011.35702905,0.2701781056894024,-0.2886492839040678,0.19282334827073694,0.2866907168855391,false,false
LAB,day,2026-04-24T00:00:00.000Z,0.741529869829288,65718690.38735085,0.04520826281628977,-0.23137606450991052,0.1412303085479842,0.22525142381579025,false,false
LAB,day,2026-04-23T00:00:00.000Z,0.727974847971201,19884027.07016856,-0.056623852025927714,-0.1623213728317763,0.1624802209873921,0.07454592278853728,false,false
LAB,day,2026-04-22T00:00:00.000Z,0.567623197823287,9266782.474909326,-0.32925384881480196,-0.10726231552805227,0.3063769639311709,0.11905945760798842,false,false
LAB,day,2026-04-21T00:00:00.000Z,0.578983357549092,8130560.380609337,-0.21920426795162926,-0.08629869703615921,0.2824966470060213,0.11929420222165392,false,false
LAB,day,2026-04-20T00:00:00.000Z,0.577818213912894,11785993.816226482,-0.2062662391108426,-0.10752004970254703,0.020013557883766617,0.11690880694692134,false,false
LAB,day,2026-04-19T00:00:00.000Z,0.536757159515587,20034315.895791,-0.05437769003462964,-0.18885174751077002,0.0786690913850378,0.11590742719173353,false,false
LAB,day,2026-04-18T00:00:00.000Z,0.509800514919232,17222735.41478651,-0.11949020939517084,-0.3030109153367966,0.13342022419188446,0.11223936662001928,false,false
LAB,day,2026-04-17T00:00:00.000Z,0.578475383755337,16890884.856472187,0.0011373297459641614,-0.44486745584196014,0.13470929672753523,0.1112927369014905,false,false
LAB,day,2026-04-16T00:00:00.000Z,0.489065281530522,14095457.535497269,-0.08885187116666693,-0.44894248711803325,0.18281833857641164,0.1279243994733001,false,false
LAB,day,2026-04-15T00:00:00.000Z,0.508792781891634,24834811.32245088,-0.001976720301582258,-0.39738710549931744,0.18281833857641164,0.08800210838177089,false,false
LAB,day,2026-04-14T00:00:00.000Z,0.477312754804809,89584431.83937873,-0.17487801865275948,-0.18251038113988408,0.06595262072914514,0.09094516447919306,false,false
LAB,day,2026-04-13T00:00:00.000Z,0.584678915333996,35513177.43183254,0.19550280384707058,-0.105858751232369,0.22493880469021404,0.1189584650691348,false,false
LAB,day,2026-04-12T00:00:00.000Z,0.544185094203401,36102355.82350684,0.06956134908239534,-0.05278785601528344,0.22493880469021404,0.11878885849242021,false,false
LAB,day,2026-04-11T00:00:00.000Z,0.426829029269507,15330578.184957067,-0.10576655458525655,-0.03938888845308565,0.3698199401634885,0.14886420990117188,false,false
LAB,day,2026-04-10T00:00:00.000Z,0.504117428037568,19642534.888301685,-0.13778757055127855,-0.014897542428506525,0.2749486489584414,0.1543883631795031,false,false
LAB,day,2026-04-09T00:00:00.000Z,0.41436737538828,12293878.788314233,-0.23855434519968458,-0.00016183944477431782,0.21659536435557536,0.1590588455170418,false,false
LAB,day,2026-04-08T00:00:00.000Z,0.370172606256201,25560635.93684945,-0.13273797967835071,0.010034215298705663,0.36184423027959584,0.16399231300580802,false,false
LAB,day,2026-04-07T00:00:00.000Z,0.389619322727458,10988388.695646213,-0.2271258618370507,-0.2650986787413115,0.11938962631257279,0.16335615598299622,false,false
LAB,day,2026-04-06T00:00:00.000Z,0.295764498456332,8719743.10943938,-0.2862263874437798,-0.34840763211062903,0.3173295806662986,0.17792090742854158,false,false
LAB,day,2026-04-05T00:00:00.000Z,0.245489403441434,3718455.003203569,-0.336824499456538,-0.45064327679634636,0.5871125892422026,0.1894167152375528,false,false
LAB,day,2026-04-04T00:00:00.000Z,0.218878231984489,2596742.904340505,-0.43822541846160906,-0.5020199105423572,0.35127415720943705,0.17126104852575932,false,false
LAB,day,2026-04-03T00:00:00.000Z,0.200794058174395,1703496.8590708815,-0.32110155470859825,-0.7192062103356236,0.22259296750813165,0.16259130180711337,false,false
LAB,day,2026-04-02T00:00:00.000Z,0.193102068266928,2043551.047791372,-0.21339957831216108,-0.7211239913309335,0.13348465891069694,0.14547420565431388,false,false
LAB,day,2026-04-01T00:00:00.000Z,0.202212317718563,1837630.207447838,-0.0761424017126886,-0.8339758404164421,0.04717841467674885,0.14017551635255246,false,false
LAB,day,2026-03-31T00:00:00.000Z,0.211528085687427,2478955.655661738,0.05345789417587857,-0.8772463130108943,0.09542112928085494,0.13987303992935682,false,false
LAB,day,2026-03-30T00:00:00.000Z,0.216980653929536,1999845.1728853558,0.1236578451847562,-0.9074172530958134,0.07303381108329626,0.09383874717018093,false,false
LAB,day,2026-03-29T00:00:00.000Z,0.209707718120672,2275219.608055585,0.03706698230194374,-0.8823911206138458,0.034681297732108034,0.06334826332042956,false,false
LAB,day,2026-03-28T00:00:00.000Z,0.217872161358065,3434532.6742727915,0.02999164697217831,-0.8279126125802562,0.03893248808656129,0.048380807691256605,true,false
LAB,day,2026-03-27T00:00:00.000Z,0.203046179129286,2851014.48237267,-0.06421989494406814,-0.7673343833863374,0.07301778488202348,0.04458545978297309,true,false
LAB,day,2026-03-26T00:00:00.000Z,0.190400964964394,1932381.9577665962,-0.09206505763973993,-0.7205850731447253,0.1442807624363053,0.048585622795042215,true,false
LAB,day,2026-03-25T00:00:00.000Z,0.192999477048507,2099905.6420078822,-0.11416182845260639,-0.6862358753752248,0.06641360335152045,0.045642300983585654,true,false
LAB,day,2026-03-24T00:00:00.000Z,0.198589828982149,2056217.5796576717,-0.021947471093752984,-0.6511574649706091,0.043008521617977996,0.04370241864209109,true,false
LAB,day,2026-03-23T00:00:00.000Z,0.206774991522074,3225531.7524320944,0.08599760279966034,-0.6261722092780229,0.07137591606066761,0.04528151851057438,true,false
LAB,day,2026-03-22T00:00:00.000Z,0.213733679374676,5234253.235693949,0.10743139123096077,-0.5948244072781446,0.07625692851514697,0.045176048928039704,true,false
LAB,day,2026-03-21T00:00:00.000Z,0.21207017788359,3606393.5793027068,0.06788035908250237,-0.5748111673345445,0.03365343072379787,0.0429092354895564,true,false
LAB,day,2026-03-20T00:00:00.000Z,0.182979131369876,2330376.7041765777,-0.11508093883615361,-0.5435442246113014,0.16807680621585425,0.06512762635496834,false,false
LAB,day,2026-03-19T00:00:00.000Z,0.190306198018273,2393425.3563875947,-0.10961062114751939,-0.5094843777378687,0.15898559740623666,0.06221865443595,false,false
LAB,day,2026-03-18T00:00:00.000Z,0.197759161033661,2582510.4518597177,-0.0674824578955398,-0.47687018214193533,0.08077440062773326,0.06368464526301906,false,false
LAB,day,2026-03-17T00:00:00.000Z,0.200594264256477,2422490.886897366,0.09626853485818321,-0.45004344656505707,0.05406059469075278,0.06299367409171217,false,false
LAB,day,2026-03-16T00:00:00.000Z,0.199314142729973,4684360.637316724,0.047333953415616345,-0.40366380199151697,0.01433614103132964,0.06116381094512551,false,false
LAB,day,2026-03-15T00:00:00.000Z,0.199834114252397,3788715.7436415385,0.010492324137554415,-0.46530299227030736,0.006422632679098374,0.05987879489985708,false,false
LAB,day,2026-03-14T00:00:00.000Z,0.19344714888337,4491502.138667572,-0.03562970955126014,-0.40968935492627767,0.03301659086677841,0.06105313996992217,false,false
LAB,day,2026-03-13T00:00:00.000Z,0.171901928876844,3902589.735060576,-0.13753270830493222,-0.34140099402111246,0.1624890747768427,0.05108224401033947,false,false
LAB,day,2026-03-12T00:00:00.000Z,0.155984589955087,2883578.7703034543,-0.21942962272160715,-0.2700072892387921,0.24016833290435738,0.06113878313890405,false,false
LAB,day,2026-03-11T00:00:00.000Z,0.145636154759208,2173008.6352712363,-0.2471527463709865,-0.19942412510474503,0.18035201602969625,0.06480976995687121,false,false
LAB,day,2026-03-10T00:00:00.000Z,0.152710237297994,4731134.463287713,-0.11164325906197099,-0.07889655217617901,0.0710567730450512,0.06702793767415609,false,false
LAB,day,2026-03-09T00:00:00.000Z,0.147386777046846,1799456.1261552544,-0.055119630155238936,0.014744468769577085,0.048573670119773135,0.06831355792187654,false,false
LAB,day,2026-03-08T00:00:00.000Z,0.150240196770208,1065447.9077870003,0.03161331757634114,-0.019637688018074088,0.0361189813483469,0.06868987246248155,false,false
LAB,day,2026-03-07T00:00:00.000Z,0.150496136789761,1295641.7507722497,-0.014498703868244625,-0.22627132352541293,0.021096599065509942,0.06758679665463294,false,false
LAB,day,2026-03-06T00:00:00.000Z,0.164710313187428,3791351.9548787996,0.11753792631665871,-0.2431863940505119,0.09631321529318809,0.06115332434798269,false,false
LAB,day,2026-03-05T00:00:00.000Z,0.139185655533842,3851760.7075321428,-0.07357911846503971,-0.1492823747455286,0.18338569126025964,0.0802570608774771,false,false
LAB,day,2026-03-04T00:00:00.000Z,0.187155788186363,2455265.3795110523,0.24359197636956303,-0.13733370134255382,0.3446485377284976,0.13526201156914688,false,false
LAB,day,2026-03-03T00:00:00.000Z,0.179952751505937,1929989.131925057,0.09254088601704175,-0.5127847061338836,0.3446485377284976,0.13488689896320905,false,false
LAB,day,2026-03-02T00:00:00.000Z,0.161300716819708,1492751.2759716206,0.15888894010697027,-0.536907381171086,0.1602911126275663,0.14044620033990232,false,false
LAB,day,2026-03-01T00:00:00.000Z,0.167721914229915,1642763.8513621457,-0.10383795310191765,-0.4256147967725843,0.11563516302954249,0.14103299692961882,false,false
LAB,day,2026-02-28T00:00:00.000Z,0.158007351703291,2395647.991361766,-0.12195089888315482,-0.2952774604528812,0.061481712223531104,0.1428231929003923,false,false
LAB,day,2026-02-27T00:00:00.000Z,0.161236741990522,1845412.8800551686,-0.0003966183811664454,-0.5345166238409026,0.061481712223531104,0.13890046686663565,false,false
LAB,day,2026-02-26T00:00:00.000Z,0.154495332368601,1167115.5322247779,-0.0788601890339915,-0.7934992744505712,0.04363503750286172,0.12451381605396908,false,false
LAB,day,2026-02-25T00:00:00.000Z,0.146563644494574,2569267.770249964,-0.07242515671173441,-0.7704866560255184,0.10011416914848342,0.05807507361835847,false,false
LAB,day,2026-02-24T00:00:00.000Z,0.132932785557289,624228.1998547434,-0.1755428451593049,-0.8565007052350824,0.16220638664055803,0.06718586146007631,false,false
LAB,day,2026-02-23T00:00:00.000Z,0.135108552566813,1098775.440228434,-0.125484566456249,-0.854247247041287,0.10253948173989508,0.0533017870729381,false,false
LAB,day,2026-02-22T00:00:00.000Z,0.135747921474687,581556.2416904608,-0.07379540169859396,-0.9002496521458146,0.021177137796339927,0.05125004843674229,false,false
LAB,day,2026-02-21T00:00:00.000Z,0.140403155252164,1041433.9065945875,0.05619659336526561,-0.9769097017146304,0.039187768536952945,0.047753672438615155,true,false
LAB,day,2026-02-20T00:00:00.000Z,0.145615333247577,2318308.8893023985,0.07776547436231507,-0.9219611246550693,0.07268922916606113,0.04910948283040635,true,false
LAB,day,2026-02-19T00:00:00.000Z,0.158911809111808,2416067.8592942744,0.17063898574270525,-0.7501984554596174,0.13182505639850078,0.05693792118146696,false,false
LAB,day,2026-02-18T00:00:00.000Z,0.160842367439585,2561699.4070753627,0.1455751628281584,-0.7575559205044402,0.10457026641637251,0.05353447447545762,false,false
LAB,day,2026-02-17T00:00:00.000Z,0.145388222736295,1629758.3263762833,-0.001559660691060985,-0.6076244208467685,0.10629571235161664,0.0544283954233742,false,false
LAB,day,2026-02-16T00:00:00.000Z,0.139236160946127,608580.8316352622,-0.12381489000504356,-0.5904140365852388,0.15517668935024587,0.056496443472914784,false,false
LAB,day,2026-02-15T00:00:00.000Z,0.133258650674016,944367.6890339918,-0.17149534171044764,-0.4969636810496805,0.09102277413832585,0.05885340074616841,false,false
LAB,day,2026-02-14T00:00:00.000Z,0.138511839691667,1646793.7316461843,-0.047296699245718034,-0.369181456681406,0.0448564520342736,0.059286261881483254,false,false
LAB,day,2026-02-13T00:00:00.000Z,0.121220450568426,441548.8839307298,-0.12938959430712557,-0.5054110691176862,0.1426441581610888,0.07658448311189031,false,false
LAB,day,2026-02-12T00:00:00.000Z,0.115377434631203,519363.7116258047,-0.13418427961239773,-0.6612097985678272,0.20051065560966697,0.0715755433679958,false,false
LAB,day,2026-02-11T00:00:00.000Z,0.116603461448521,710403.673002203,-0.158169715252609,-0.8403707592297579,0.05064262310823471,0.07154151808688108,false,false
LAB,day,2026-02-10T00:00:00.000Z,0.118398438171012,514475.36513912794,-0.023280002542318816,-0.9126409451717858,0.026183660171206498,0.06077618524316614,false,false
LAB,day,2026-02-09T00:00:00.000Z,0.11682155913284,919281.1886316331,0.012516524624187196,-0.8256314309720115,0.015393854523636603,0.05875691647653445,false,false
LAB,day,2026-02-08T00:00:00.000Z,0.120984669054996,383424.8629883053,0.0375735638723662,-0.8792720986029067,0.03563648656171462,0.05790059163821607,false,false
LAB,day,2026-02-07T00:00:00.000Z,0.1243944067214,625455.1326508728,0.05064229429891254,-0.9814121063005157,0.06482405854512498,0.057002418802399146,false,false
LAB,day,2026-02-06T00:00:00.000Z,0.128156424195505,1012601.6514638072,0.09702716815973933,-0.8912090171981577,0.05927821431035143,0.028913026578798365,true,false
LAB,day,2026-02-05T00:00:00.000Z,0.123019737715926,1186243.6410865267,0.016820880503503506,-0.7843918647844791,0.04175497830633075,0.02695114118879804,true,false
LAB,day,2026-02-04T00:00:00.000Z,0.133961517066612,886375.2344534067,0.07690948972198554,-0.729829699836917,0.08894328303603172,0.0418042755822724,true,false
PEPE,hour,2026-05-04T10:00:00.000Z,0.00000399612796431032,28465.1666064555,,,,,false,false
PEPE,hour,2026-05-04T09:00:00.000Z,0.00000403243001106145,20322.64251420949,,0,,0.009043291276959336,false,false
PEPE,hour,2026-05-04T08:00:00.000Z,0.00000402146804148849,17969.861656742818,,0,0.009084305376440924,0.006677995237860096,false,false
PEPE,hour,2026-05-04T07:00:00.000Z,0.00000403784728111714,4346.255994400429,0.010439935152081753,0,0.004072950340440269,0.005936128107697908,false,false
PEPE,hour,2026-05-04T06:00:00.000Z,0.00000402774303262742,39975.76219932471,-0.0011623210870797549,0,0.004072950340440269,0.005291277899408277,false,false
PEPE,hour,2026-05-04T05:00:00.000Z,0.0000040595321069965,37695.56690058616,0.009465216462076103,0,0.007892527927319785,0.005895665773916665,false,false
PEPE,hour,2026-05-04T04:00:00.000Z,0.00000409753679431066,39460.37055215529,0.014782508856304688,0,0.017328255829099238,0.00659071167962321,false,false
PEPE,hour,2026-05-04T03:00:00.000Z,0.00000408900055535039,60522.8036457043,0.015208895459999098,0.023358685198864935,0.009361839323467904,0.0061525130524920126,false,false
PEPE,hour,2026-05-04T02:00:00.000Z,0.00000409467042364912,24967.637581889943,0.008655755325117554,0.1125352429342134,0.002087610124948563,0.005142440201577699,false,false
PEPE,hour,2026-05-04T01:00:00.000Z,0.00000398437412188291,29792.020408919292,-0.027617243751141902,0.23936661959194275,0.02768221517162331,0.011484895711652572,false,false
PEPE,hour,2026-05-04T00:00:00.000Z,0.00000395812554003939,189254.8121764399,-0.03200660247887534,0.32351865979935496,0.034497360487553315,0.011652627064019115,false,false
PEPE,hour,2026-05-03T23:00:00.000Z,0.0000039462833490177,7583.896559457965,-0.03623907647716848,0.29707161612998645,0.009652315735181919,0.011669168887107466,false,false
PEPE,hour,2026-05-03T22:00:00.000Z,0.00000397028662264671,11121.4124107322,-0.003535686862041476,0.2726730290134679,0.006082501307207284,0.011514932336454314,false,false
PEPE,hour,2026-05-03T21:00:00.000Z,0.00000393398441422155,10336.958056662663,-0.006099130907707185,0.2322613131171636,0.009227847546605874,0.01149968409690211,false,false
PEPE,hour,2026-05-03T20:00:00.000Z,0.00000397459106190836,7500.983364424907,0.007173259086351912,0.10936319729790231,0.010322015394879296,0.012111415316878257,false,false
PEPE,hour,2026-05-03T19:00:00.000Z,0.00000397156183993608,724.1726691227832,0.000321190233998708,0.08068012047357152,0.010322015394879296,0.01210351743425749,false,false
PEPE,hour,2026-05-03T18:00:00.000Z,0.00000393322766984216,259.0263393804832,-0.00019236079752997339,0.028206622900528576,0.010516399135334085,0.007308707144537779,false,false
PEPE,hour,2026-05-03T17:00:00.000Z,0.00000393635733612677,19672.501349751463,-0.009619537000426141,-0.5388200644102726,0.009746237266620878,0.006875060611699479,true,false
PEPE,hour,2026-05-03T16:00:00.000Z,0.00000394425492343847,6219.256073941597,-0.006875611559922227,-0.522036190702883,0.002803614365082527,0.0068233248148879015,true,false
PEPE,hour,2026-05-03T15:00:00.000Z,0.00000394726399350716,5746.220447009427,0.0035686527308404826,-0.5210111480150237,0.0027707488037967674,0.006433315806843308,true,false
PEPE,hour,2026-05-03T14:00:00.000Z,0.00000397202471653409,55.26403375755403,0.00906101183446316,-0.5311386846602209,0.007040567517733337,0.005909345117348157,true,false
PEPE,hour,2026-05-03T13:00:00.000Z,0.00000397117387782134,59.37164467078237,0.006824851563956047,-0.5342437162185976,0.006272882449124125,0.004456677989557173,true,false
PEPE,hour,2026-05-03T12:00:00.000Z,0.00000397077115474079,8548.39201635892,0.005955305059985109,-0.4956166429750185,0.0003156973153196686,0.004447516569773445,true,false
PEPE,hour,2026-05-03T11:00:00.000Z,0.00000395840923397827,19614.71006699522,-0.00342784436842611,-0.4267278336663979,0.0032246902956624586,0.002780383566844178,true,false
PEPE,hour,2026-05-03T10:00:00.000Z,0.00000396060304655183,5412.053506312657,-0.0026618908148411946,-0.4675953690907463,0.00312295167877231,0.0027720049600619737,true,false
PEPE,hour,2026-05-03T09:00:00.000Z,0.00000392635317386249,3799.68266309895,-0.011186235405500075,-0.462557345974313,0.008723074866861068,0.004229224369619847,true,false
PEPE,hour,2026-05-03T08:00:00.000Z,0.00000392853776059121,3187.1441693664005,-0.007546332787082374,-0.4585179560535577,0.008723074866861068,0.004224625055383715,true,false
PEPE,hour,2026-05-03T07:00:00.000Z,0.00000392642254431998,197.5880940785222,-0.008630125723305756,-0.44104673161118846,0.0005563907860511433,0.003507514796368596,true,false
PEPE,hour,2026-05-03T06:00:00.000Z,0.0000039251426089477,8830.400929914016,-0.0003083178871551937,-0.3996288817619773,0.0008649753605819529,0.0035087446502846675,true,false
PEPE,hour,2026-05-03T05:00:00.000Z,0.00000393213245682541,1565.1135577707973,0.0009150214286495925,-0.4143848162996255,0.001780788260221732,0.0035724002850212847,true,false
PEPE,hour,2026-05-03T04:00:00.000Z,0.00000395615543830882,14219.87273826278,0.007572515095669348,-0.42311678505277717,0.007901070725538337,0.004083239115536841,true,false
PEPE,hour,2026-05-03T03:00:00.000Z,0.00000394911446983847,6202.064518894284,0.00610725858370713,-0.40523453273476795,0.006109402912333359,0.0041330732981361175,true,false
PEPE,hour,2026-05-03T02:00:00.000Z,0.00000394724746146303,8311.180190212033,0.003843971382851901,-0.3767681308418645,0.0022567566216099275,0.002517542270308651,true,false
PEPE,hour,2026-05-03T01:00:00.000Z,0.00000395837899635266,23497.886711230818,0.000562050222372233,-0.31259587631408503,0.0028200752545431765,0.0027252048345986616,true,false
PEPE,hour,2026-05-03T00:00:00.000Z,0.00000395993866470668,31777.584805920298,0.00274091697034364,-0.17521745197345895,0.003215203345509585,0.0027216676114722167,true,false
PEPE,hour,2026-05-02T23:00:00.000Z,0.00000398677595035491,22090.07464277134,0.010014190718417514,-0.10580099408584329,0.007173884569520883,0.0037295551314205397,false,false
PEPE,hour,2026-05-02T22:00:00.000Z,0.00000401326919925561,4232.552193776608,0.013866838661362851,-0.0607647210230445,0.01346751529871995,0.004441196620846863,false,false
PEPE,hour,2026-05-02T21:00:00.000Z,0.00000401141093900818,20222.345418813144,0.01299825039217182,0.003570249102809219,0.006645281608649556,0.0038019928143648157,false,false
PEPE,hour,2026-05-02T20:00:00.000Z,0.00000397588866101459,2281.229476513237,-0.0027308505609278033,0.009436196779095121,0.0094018070997695,0.005030328677735587,false,false
PEPE,hour,2026-05-02T19:00:00.000Z,0.00000397376307023669,2867.3342778291412,-0.009843877162849618,0.01303435511536382,0.009474110083077436,0.0050312140577379524,false,false
PEPE,hour,2026-05-02T18:00:00.000Z,0.00000394846985353373,62330.40088326154,-0.015690510504020344,0.8159601900596165,0.006944160269153645,0.005477677416411005,false,false
PEPE,hour,2026-05-02T17:00:00.000Z,0.00000396453924923573,12676.1158186313,-0.00285455975921702,0.5847516684251317,0.006405827482847141,0.005686769058501855,false,false
PEPE,hour,2026-05-02T16:00:00.000Z,0.00000399538946081163,35465.65398126951,0.00544229492113422,0.6340172006781626,0.011882984806356921,0.005865624146059361,false,false
PEPE,hour,2026-05-02T15:00:00.000Z,0.00000395106019439507,33237.31229546979,0.0006560366312590196,0.8531904932206176,0.011219587714569521,0.0067765557068384915,false,false
PEPE,hour,2026-05-02T14:00:00.000Z,0.00000395105366944826,21486.886216293526,-0.003401550328974648,0.8287001914106897,0.011221257687841336,0.006774294462392297,false,false
PEPE,hour,2026-05-02T13:00:00.000Z,0.00000393873190300903,991.042148389496,-0.014180734658866156,0.8152382742977706,0.0031300153677944276,0.005998535536737797,false,false
PEPE,hour,2026-05-02T12:00:00.000Z,0.00000391121361592856,1154.3520480658442,-0.010085034523907355,0.7969581387199594,0.0101861103565016,0.0065546780979090745,false,false
PEPE,hour,2026-05-02T11:00:00.000Z,0.00000393486293208832,8550.467659156706,-0.004097827747857575,0.2699007450673837,0.007035741276927629,0.006506196546421949,false,false
PEPE,hour,2026-05-02T10:00:00.000Z,0.00000391447489432353,12.7220434065515,-0.006158583341752199,0.1524066163208101,0.006046541682982414,0.0066203661048344215,false,false
PEPE,hour,2026-05-02T09:00:00.000Z,0.00000393662479518677,550.538145781582,0.0064970062373280275,-0.1911091000421105,0.0056584603200188245,0.006308250721192222,true,false
PEPE,hour,2026-05-02T08:00:00.000Z,0.00000393639364207865,0,0.00038901227736479107,-0.528494168584702,0.0056584603200188245,0.004691640337891538,true,false
PEPE,hour,2026-05-02T07:00:00.000Z,0.00000393639364207865,18.5467575891477,0.005599409460233012,-0.7463546053707473,0.00005872205097804168,0.004691640296369885,true,false
PEPE,hour,2026-05-02T06:00:00.000Z,0.00000393570051668009,20307.622407731942,-0.00023478958619820202,-0.5756528853824618,0.00017611233263865788,0.004541166162570656,true,false
PEPE,hour,2026-05-02T05:00:00.000Z,0.0000039013037717709,4875.897132470228,-0.008914217809075663,-0.5032288745400075,0.008994395812408509,0.004960624877587605,true,false
PEPE,hour,2026-05-02T04:00:00.000Z,0.00000390514396639991,22917.265220321064,-0.007938656171144054,-0.39710149153740165,0.008816730744752147,0.0044220509112464276,true,false
PEPE,hour,2026-05-02T03:00:00.000Z,0.00000391945253507692,15625.890847384491,-0.004128358226015758,-0.26945428679770345,0.0046519738958397255,0.004196449613008388,true,false
PEPE,hour,2026-05-02T02:00:00.000Z,0.0000039263085137775,17687.953837978257,0.006409329667566282,-0.13117939063390158,0.0054196586757596305,0.003673997676615289,false,false
PEPE,hour,2026-05-02T01:00:00.000Z,0.00000395081128618235,265.0893653779022,0.011694144998331484,-0.12865872537486703,0.008000798791358496,0.0043619881866649585,false,false
PEPE,hour,2026-05-02T00:00:00.000Z,0.00000394988166495809,945.2082931651519,0.007763617395247457,-0.09935307163416371,0.0062406640534918454,0.004362894929288168,false,false
PEPE,hour,2026-05-01T23:00:00.000Z,0.00000394847157054331,29560.977508231488,0.00564475682133477,-0.07131572413126684,0.0005925623617236692,0.004364474230440672,false,false
PEPE,hour,2026-05-01T22:00:00.000Z,0.00000394211035272034,29106.80159137307,-0.002202315633865137,0.13368821556415628,0.00197135836960702,0.0029003761778130716,false,false
PEPE,hour,2026-05-01T21:00:00.000Z,0.00000396540256489809,6262.549289497658,0.003929459476646174,-0.029955411044764006,0.005908564219080512,0.0036375674094791953,false,false
PEPE,hour,2026-05-01T20:00:00.000Z,0.00000396287909120979,3750.9823809370027,0.003648885501408672,-0.13526977062995302,0.005908564219080512,0.0033732647730843916,false,false
PEPE,hour,2026-05-01T19:00:00.000Z,0.00000396788919802008,1654.160309040443,0.0065393515130674085,-0.24073055920756795,0.001264259316264136,0.003342247282141424,true,false
PEPE,hour,2026-05-01T18:00:00.000Z,0.00000396929104986372,189.7309261423728,0.0009806028270750327,-0.1722296753347984,0.001618005118589763,0.002378921493221954,false,false
PEPE,hour,2026-05-01T17:00:00.000Z,0.00000396928204877366,6689.588527860616,0.0016157337674198948,-0.08073067644345032,0.00035329914059570083,0.0023772582910018976,false,false
PEPE,hour,2026-05-01T16:00:00.000Z,0.00000397191308626356,16621.2719341316,0.0010141130567575306,-0.23816819969203087,0.0006628497188081194,0.00238660205144853,true,false
PEPE,hour,2026-05-01T15:00:00.000Z,0.00000400790963078056,42516.81096318744,0.009729339680990698,-0.14728817668893956,0.00973162943128077,0.004117332813889246,false,false
PEPE,hour,2026-05-01T14:00:00.000Z,0.00000397468889395889,48699.50838190898,0.0013621720801878115,0.13760497088140197,0.00906277245629837,0.004678812069677035,false,false
PEPE,hour,2026-05-01T13:00:00.000Z,0.00000396675442658529,3405.937940432699,-0.001298784632551601,0.13361475568277772,0.010375032021001079,0.004733267174961118,false,false
PEPE,hour,2026-05-01T12:00:00.000Z,0.00000396830013703232,7276.84582770491,-0.009882831050890236,0.34782643113005424,0.0020002416384596756,0.004711417355518691,false,false
PEPE,hour,2026-05-01T11:00:00.000Z,0.00000393248993394585,740.589744725861,-0.010616921509801152,0.3773617340807277,0.009106241513131583,0.005823991778969481,false,false
PEPE,hour,2026-05-01T10:00:00.000Z,0.00000390131751992725,1550.1953183976386,-0.01649633418683038,0.42120911839377756,0.017169229821190953,0.006554926973584765,false,false
PEPE,hour,2026-05-01T09:00:00.000Z,0.00000390359789973669,187682.29210321905,-0.016304774100080306,0.7290475336080855,0.007990227367902416,0.00655386312751999,false,false
PEPE,hour,2026-05-01T08:00:00.000Z,0.00000392016929531044,560.4788887533475,-0.0031330375518716955,0.5727457882198679,0.004832156133639089,0.005821406402935355,false,false
PEPE,hour,2026-05-01T07:00:00.000Z,0.00000391605295901081,1528.7076220901529,0.0037770417322592377,0.3763580758917829,0.004245159465545342,0.004914224447698195,false,false
PEPE,hour,2026-05-01T06:00:00.000Z,0.00000394014225354437,29772.227027662808,0.00936171059271875,0.45854892366233707,0.006151422053200527,0.005380689863478927,false,false
PEPE,hour,2026-05-01T05:00:00.000Z,0.00000394437989217413,27204.234934326614,0.006175905946881357,0.523154298315296,0.0072335419004332276,0.005393997313811567,false,false
PEPE,hour,2026-05-01T04:00:00.000Z,0.00000397186920095117,1017.4362553029648,0.014253188739934539,0.5235846166689578,0.008052233996947657,0.004924074503848938,false,false
PEPE,hour,2026-05-01T03:00:00.000Z,0.00000395184986537524,22909.822464462275,0.0029713678028599716,0.5930804195149945,0.0069692345890872,0.004341186806802869,false,false
PEPE,hour,2026-05-01T02:00:00.000Z,0.0000039311147543749,25392.510670341788,-0.0033630477189960824,-0.10983583445296854,0.010367147519902586,0.0047697763893655345,false,false
PEPE,hour,2026-05-01T01:00:00.000Z,0.00000391503410530229,28123.396254318523,-0.014309407680209872,-0.021832240724181457,0.009403688213874963,0.004752622958023448,false,false
PEPE,hour,2026-05-01T00:00:00.000Z,0.00000389186637309312,13975.701577891936,-0.015178585808047661,0.036819115847190796,0.010084719648425718,0.005240432900874331,false,false
PEPE,hour,2026-04-30T23:00:00.000Z,0.00000388514552659399,9893.54059973078,-0.011693687580539583,-0.05192158038546612,0.007693039682480757,0.004745129175870682,false,false
PEPE,hour,2026-04-30T22:00:00.000Z,0.000003884419943497,15834.23246727321,-0.007819641153017929,-0.0929073114678148,0.0019169991155530818,0.004728230950874924,false,false
PEPE,hour,2026-04-30T21:00:00.000Z,0.00000387057595504633,45726.559357601946,-0.0054704905065558794,0.06548242591228415,0.00376418696257969,0.004157723491855427,false,false
PEPE,hour,2026-04-30T20:00:00.000Z,0.00000387097618131507,50251.79183715291,-0.0036470565084191615,0.14633466303211817,0.003576725689265996,0.003693319728209082,false,false
PEPE,hour,2026-04-30T19:00:00.000Z,0.00000387150817541542,271.00557227908,-0.003323988721455094,0.042499547456121355,0.0002408479719600429,0.0031128226325002816,false,false
PEPE,hour,2026-04-30T18:00:00.000Z,0.0000038691833926023,12245.414645559078,-0.0003597817121285996,-0.03419191851855375,0.0006008458574399576,0.0027094193653299657,false,false
PEPE,hour,2026-04-30T17:00:00.000Z,0.00000388431831891087,1569.8419649102789,0.0034467113644879076,-0.0583026021500241,0.003911659069329183,0.002117997138673612,false,false
PEPE,hour,2026-04-30T16:00:00.000Z,0.00000389188770630322,19514.094654054134,0.005263977231718733,-0.009297504151268145,0.005867985928072027,0.002144898205256176,false,false
PEPE,hour,2026-04-30T15:00:00.000Z,0.00000387240199790071,17846.4480095925,0.000831856485418665,-0.01219097734961587,0.005031943587745635,0.0028626377244745445,false,false
PEPE,hour,2026-04-30T14:00:00.000Z,0.00000388137188665466,12982.284752437723,-0.0007585455192655225,-0.15752048804272523,0.005031943587745635,0.0026717741386299235,true,false
PEPE,hour,2026-04-30T13:00:00.000Z,0.0000038670088913783,69476.2971670967,-0.006392480154200477,-0.14000917256376258,0.0037142390099962628,0.003016678723826859,true,false
PEPE,hour,2026-04-30T12:00:00.000Z,0.00000389491947043579,52576.495303929136,0.005814859239120103,0.022901447137787082,0.007217614399521678,0.0040603308058940945,false,false
PEPE,hour,2026-04-30T11:00:00.000Z,0.00000392245944570075,23216.066551125918,0.010585834144716148,0.052024265199452496,0.014339391472846066,0.004850440124268689,false,false
PEPE,hour,2026-04-30T10:00:00.000Z,0.00000390889102289638,18601.85830593113,0.010830627157713177,0.11964337882655134,0.00707074317556511,0.004802577777579858,false,false
PEPE,hour,2026-04-30T09:00:00.000Z,0.00000394337266502782,41489.92159362377,0.01244010176842194,0.21035987928958422,0.008821336263779903,0.005791597993321254,false,false
PEPE,hour,2026-04-30T08:00:00.000Z,0.00000388188132935439,26813.500615060242,-0.010345069696217301,0.2696893024309408,0.015840601619745234,0.008076521352423344,false,false
PEPE,hour,2026-04-30T07:00:00.000Z,0.00000389942665199547,62902.85399038305,-0.002421241944447233,0.41340712747559094,0.015840601619745234,0.00820796541646119,false,false
PEPE,hour,2026-04-30T06:00:00.000Z,0.00000387846252952999,43063.48826292415,-0.016460563332877726,0.27284327911266526,0.005405266212026612,0.008340179212282063,false,false
PEPE,hour,2026-04-30T05:00:00.000Z,0.00000384689977341901,8727.58497849493,-0.009011495449604038,0.08684891206112792,0.01365434029225462,0.0084680830161679,false,false
PEPE,hour,2026-04-30T04:00:00.000Z,0.00000384055912718129,30123.51282911688,-0.015096456496766084,0.0887962678029397,0.009869240673953283,0.008062577008027386,false,false
PEPE,hour,2026-04-30T03:00:00.000Z,0.0000038653444945663,18010.934703206516,-0.0033822770914536007,0.4736012205811056,0.006453583075858129,0.008318741684613568,false,false
PEPE,hour,2026-04-30T02:00:00.000Z,0.00000384685645975904,70456.62651524627,-0.000011259367938080506,0.5365695846056003,0.006453583075858129,0.007840029380862132,false,false
PEPE,hour,2026-04-30T01:00:00.000Z,0.00000393491634491371,64910.80406367905,0.024568614779190097,0.6871312318405433,0.02289138835198076,0.009967966258239513,false,false
PEPE,hour,2026-04-30T00:00:00.000Z,0.00000391727792975313,61830.236959603004,0.013435655026307511,0.6004450626192028,0.02289138835198076,0.009966869575853902,false,false
PEPE,hour,2026-04-29T23:00:00.000Z,0.00000383529400194746,13565.532331666653,-0.003005689952960791,0.4165380829917508,0.02597515155700307,0.012613319234684558,false,false
PEPE,hour,2026-04-29T22:00:00.000Z,0.00000386164430519287,2395.862051024016,-0.01862099046033132,0.3725568059899629,0.021376178140200097,0.012500186416653339,false,false
PEPE,hour,2026-04-29T21:00:00.000Z,0.00000384018013825791,40932.785611724576,-0.01968147087793642,0.4161989190420617,0.006870478047323137,0.01266112545994445,false,false
PEPE,hour,2026-04-29T20:00:00.000Z,0.00000380707542461647,2511.457540519812,-0.007357604740773794,0.33838588093283384,0.014333543334486838,0.01284916837898175,false,false
PEPE,hour,2026-04-29T19:00:00.000Z,0.00000381496716687441,9503.747808834794,-0.012087373830803484,-0.034499124954213194,0.008695575986592251,0.012744795908861935,false,false
PEPE,hour,2026-04-29T18:00:00.000Z,0.00000380287368156572,180969.86214238385,-0.009714767367427303,0.2940631713247445,0.003180091247130582,0.009523076329455255,false,false
PEPE,hour,2026-04-29T17:00:00.000Z,0.00000384944927635533,67030.685134598,0.011130289530086938,0.259445108282541,0.012247473539650628,0.010439096588963859,false,false
PEPE,hour,2026-04-29T16:00:00.000Z,0.00000382419255325027,28245.18764767958,0.00241820859061746,0.30896461768462935,0.012247473539650628,0.007159355615793471,false,false
PEPE,hour,2026-04-29T15:00:00.000Z,0.00000380920104536227,33277.83601805212,0.0016638374887973614,0.44780523449180476,0.010566055851019614,0.0068383546830635186,false,false
PEPE,hour,2026-04-29T14:00:00.000Z,0.00000386694280601486,47363.60958188403,0.004544423995136583,0.4774118905481243,0.015158496483899523,0.00864059382136143,false,false
PEPE,hour,2026-04-29T13:00:00.000Z,0.00000391303831259606,85674.41877949884,0.02323255382898503,0.7276248483126921,0.027259592233970686,0.009165764748340162,false,false
PEPE,hour,2026-04-29T12:00:00.000Z,0.00000395985963968601,239824.19839159193,0.03955123201154431,1.0179735107375434,0.0240284996009307,0.010178888943879569,false,false
PEPE,hour,2026-04-29T11:00:00.000Z,0.00000410690401632203,154473.0384726115,0.06205450205622915,0.7950743723082664,0.049543523021974116,0.017090446777282865,false,false
PEPE,hour,2026-04-29T10:00:00.000Z,0.00000412343236902694,337043.0440838458,0.05376744095595026,0.9561458693366107,0.041307708915132205,0.01652933152718307,false,false
PEPE,hour,2026-04-29T09:00:00.000Z,0.00000401847081022998,121944.7689587668,0.014801325268341417,1.0872559502111383,0.026119776341227943,0.01902644224743176,false,false
PEPE,hour,2026-04-29T08:00:00.000Z,0.0000039420428599429,6422.678753688683,-0.04014244202540972,1.0357488803518669,0.046014088514163706,0.02030953565626045,false,false
PEPE,hour,2026-04-29T07:00:00.000Z,0.00000396257401452723,64661.04859160287,-0.03901079006606097,1.0714904936307956,0.019387904445104538,0.019595849851234585,false,false
PEPE,hour,2026-04-29T06:00:00.000Z,0.0000039038159336761,36825.7010905878,-0.028531967001476935,0.9820442553244358,0.015051447570633578,0.019895238278547615,false,false
PEPE,hour,2026-04-29T05:00:00.000Z,0.00000392728287908325,545.570166768067,-0.0037442466721086093,0.5257843383799748,0.015051447570633578,0.01951257910669833,false,false
PEPE,hour,2026-04-29T04:00:00.000Z,0.0000039558307738159,48210.44398911459,-0.001701732431143983,0.3102486040647215,0.013324101603022984,0.01408265253152984,false,false
PEPE,hour,2026-04-29T03:00:00.000Z,0.00000390170595074148,759.685569454798,-0.0005404924234306833,-0.3172114382684796,0.013872091786961655,0.014937559605733673,true,false
PEPE,hour,2026-04-29T02:00:00.000Z,0.00000386550530099105,761.5499407866222,-0.015730361166807545,-0.5330021815307432,0.02336705444478163,0.011856072247162076,true,false
PEPE,hour,2026-04-29T01:00:00.000Z,0.00000387203015851962,1.00646559784821,-0.0211840748727085,-0.5116672623295323,0.009365049827029945,0.009396649902068122,true,false
PEPE,hour,2026-04-29T00:00:00.000Z,0.00000387189556910904,38.7189556910904,-0.007640345533157088,-0.6082579345791507,0.0016879701411602198,0.009189241590075725,true,false
PEPE,hour,2026-04-28T23:00:00.000Z,0.00000387257924545931,5597.610868895023,0.0018300180487260814,-0.6642915054588562,0.00017657406768019015,0.007250060700235498,true,false
PEPE,hour,2026-04-28T22:00:00.000Z,0.00000387602485000111,3696.196965338501,0.0010316788139421438,-0.6430226463817686,0.0010664752750601388,0.006895289278767773,true,false
PEPE,hour,2026-04-28T21:00:00.000Z,0.00000390347372616266,11626.564482890712,0.008155735734599441,-0.70665690104081,0.007977753002620632,0.006867670265827247,true,false
PEPE,hour,2026-04-28T20:00:00.000Z,0.00000387966762091113,3269.2489838546244,0.0018304016528856587,-0.6682020337169433,0.007081707993059509,0.005039522475534407,true,false
PEPE,hour,2026-04-28T19:00:00.000Z,0.00000386888239281391,10264.422451127713,-0.0018427273981996815,-0.6243160728895829,0.00894091105302146,0.003753803682916202,true,false
PEPE,hour,2026-04-28T18:00:00.000Z,0.00000388117904077503,26380.24925982956,-0.005711498770493086,-0.5603127584191754,0.0031783462800419543,0.003888861833133651,true,false
PEPE,hour,2026-04-28T17:00:00.000Z,0.00000384258589110616,20386.473561837698,-0.009557965637340057,-0.5269626552801852,0.010043535983982783,0.005421257847196221,true,false
PEPE,hour,2026-04-28T16:00:00.000Z,0.00000384658966713896,22840.229900423958,-0.005762058240994036,-0.5065755097280583,0.010043535983982783,0.005435118737975217,true,false
PEPE,hour,2026-04-28T15:00:00.000Z,0.00000384101685164397,16877.24537954562,-0.010347935178749127,-0.47075976346333737,0.0014508698373985316,0.005452321161260187,true,false
PEPE,hour,2026-04-28T14:00:00.000Z,0.00000384903903206559,10486.715793275183,0.0016793745520082637,-0.4771801299693816,0.002088556424371481,0.004820342166542715,true,false
PEPE,hour,2026-04-28T13:00:00.000Z,0.00000386488931783178,26187.039510747658,0.004757370106084423,-0.4439196534171646,0.0062151422682752136,0.00450580421847407,true,false
PEPE,hour,2026-04-28T12:00:00.000Z,0.00000384842749231408,129.2729160035662,0.0019293434411615813,-0.40139773032489284,0.004277545971848579,0.004668829093957347,true,false
PEPE,hour,2026-04-28T11:00:00.000Z,0.00000382585142689434,2924.8543829137984,-0.00602425825721149,-0.41575681344580645,0.010203713260535423,0.005030371186378141,true,false
PEPE,hour,2026-04-28T10:00:00.000Z,0.00000386203115607797,12479.153533064662,-0.0007395196909321546,-0.42280519823876156,0.009456647722726476,0.004867581731604348,true,false
PEPE,hour,2026-04-28T09:00:00.000Z,0.00000384797054755528,11385.813027140879,-0.00011873544706573668,-0.4335816986424713,0.009456647722726476,0.005043698520124491,true,false
PEPE,hour,2026-04-28T08:00:00.000Z,0.00000387639143924097,19926.846378664202,0.01321013460986808,-0.4150612864884307,0.007385943144431269,0.00573363804807851,true,false
PEPE,hour,2026-04-28T07:00:00.000Z,0.00000385548087860044,32368.84953089655,-0.001696070594153913,-0.35217412183906704,0.007385943144431269,0.006035914886019144,true,false
PEPE,hour,2026-04-28T06:00:00.000Z,0.00000384971618774867,32298.84647019714,0.0004536521711421135,-0.285125329463456,0.0069291475504587256,0.005859992666813994,true,false
PEPE,hour,2026-04-28T05:00:00.000Z,0.00000389243624704182,6210.566547001967,0.004139109285617405,-0.20861298219715776,0.011096937335043647,0.0070096509138342636,true,false
PEPE,hour,2026-04-28T04:00:00.000Z,0.00000386214952448386,17986.68707449207,0.001729653470837946,-0.006763090319731706,0.011096937335043647,0.0072737003139892184,false,false
PEPE,hour,2026-04-28T03:00:00.000Z,0.00000385622385750865,14519.650350591512,0.0016904284478659601,0.2421794661449968,0.009390634691152247,0.006370859107227691,false,false
PEPE,hour,2026-04-28T02:00:00.000Z,0.00000387360879958868,7228.0659859356,-0.0048369314892307185,0.20182178882244384,0.004508281345280031,0.006448088786107775,false,false
PEPE,hour,2026-04-28T01:00:00.000Z,0.00000388011017341125,5293.362074518267,0.004650428165333551,0.24042827408323633,0.006194224398069946,0.005851803422888051,false,false
PEPE,hour,2026-04-28T00:00:00.000Z,0.00000390224630209481,33518.251488751426,0.011934588417772337,0.26680482574196196,0.007392977450167639,0.005889593821750103,false,false
PEPE,hour,2026-04-27T23:00:00.000Z,0.00000388981388469067,87394.33821568018,0.004183459389009748,0.4623309241877974,0.0057050258096406955,0.005985160913087704,false,false
PEPE,hour,2026-04-27T22:00:00.000Z,0.00000386756054354001,59543.30056304144,-0.003234348848451922,0.8330570768316354,0.008968381532574978,0.004808964995982939,false,false
PEPE,hour,2026-04-27T21:00:00.000Z,0.00000383555527935255,6987.901461565117,-0.017090418589533744,0.7430710625175857,0.01414621909641188,0.004926860444713535,false,false
PEPE,hour,2026-04-27T20:00:00.000Z,0.00000383083468031592,3215.959117350256,-0.015162474638408207,0.6533294826217605,0.009586908934702926,0.004914651734394302,false,false
PEPE,hour,2026-04-27T19:00:00.000Z,0.00000382292273031997,13757.688238679288,-0.01154159391107641,0.6889812026768426,0.003304421753646814,0.004676960103542242,false,false
PEPE,hour,2026-04-27T18:00:00.000Z,0.0000038297518813528,31514.546534870242,-0.0015130528898881094,0.8441283881070231,0.002069607615450815,0.0046826562537441,false,false
PEPE,hour,2026-04-27T17:00:00.000Z,0.00000380639463256609,4912.480764966308,-0.006379823142828575,0.6172967999379575,0.0061363182332367485,0.004759245430324604,false,false
PEPE,hour,2026-04-27T16:00:00.000Z,0.00000377856610364607,21070.61157994138,-0.011602804922553911,0.058735351729224686,0.013546349674110255,0.005374731445609007,false,false
PEPE,hour,2026-04-27T15:00:00.000Z,0.00000380928468583606,19443.889804895585,-0.005344261495475813,-0.2791566652344288,0.008129692943666843,0.005792304122290323,true,false
PEPE,hour,2026-04-27T14:00:00.000Z,0.00000389233886505548,50346.27351063076,0.022578907545235297,-0.01751967754412499,0.030110036000065354,0.009494486826641809,false,false
PEPE,hour,2026-04-27T13:00:00.000Z,0.00000385048139519983,21433.84669209509,0.019032429122879783,0.10499450185892457,0.021803090624399203,0.01032611646033909,false,false
PEPE,hour,2026-04-27T12:00:00.000Z,0.0000038314061717679,1070.0912450921817,0.005807254578292158,0.05080923752416429,0.015903480486242533,0.010466207072480398,false,false
PEPE,hour,2026-04-27T11:00:00.000Z,0.00000385525529250534,9974.771372728004,-0.009527323759775221,-0.09612677326750356,0.006224639118967612,0.010704547297463523,false,false
PEPE,hour,2026-04-27T10:00:00.000Z,0.0000038233951614794,2080.2488915588983,-0.007034505803403383,-0.07953400798441768,0.008332942235981855,0.010912315362668477,false,false
PEPE,hour,2026-04-27T09:00:00.000Z,0.000003844031816688,973.4576524903792,0.003295303174362935,-0.20047965971842485,0.008332942235981855,0.01074830574842681,true,false
PEPE,hour,2026-04-27T08:00:00.000Z,0.00000384235455084966,6460.62132148452,-0.003346274287142358,-0.2891525634215804,0.005397468568385023,0.010304745279147471,true,false
PEPE,hour,2026-04-27T07:00:00.000Z,0.00000384617974068639,4564.113867588057,0.005959253031584175,-0.5881793848818102,0.0009955327615157926,0.0063142840467650275,true,false
PEPE,hour,2026-04-27T06:00:00.000Z,0.00000382424241960475,14185.023236089533,-0.005148083581758917,-0.6753521373551015,0.00573638349106217,0.0052767575229774565,true,false
PEPE,hour,2026-04-27T05:00:00.000Z,0.0000038401722895151,59259.77566726175,-0.0005679489765142379,-0.3194671875440114,0.00573638349106217,0.005175829248146719,true,false
PEPE,hour,2026-04-27T04:00:00.000Z,0.00000397607376355735,34654.94553987116,0.03377221857233821,-0.18057072291133397,0.03970233246047528,0.013930953044066817,false,false
PEPE,hour,2026-04-27T03:00:00.000Z,0.00000399450341612977,51393.70839733352,0.04452149676814087,0.09779374683068459,0.040188594411777606,0.013685351004962109,false,false
PEPE,hour,2026-04-27T02:00:00.000Z,0.00000399687718906369,67810.86431265269,0.04080673671242422,0.44557880362358804,0.005232152807881388,0.01353513186081168,false,false
PEPE,hour,2026-04-27T01:00:00.000Z,0.00000396969793957725,46773.714699053075,-0.0016035477104417335,0.671130937379112,0.006846679495552343,0.01377765356675747,false,false
PEPE,hour,2026-04-27T00:00:00.000Z,0.0000039080952395826,31.57240353511289,-0.021631769345409495,0.6789939158629006,0.02271744776889622,0.014987530969262017,false,false
PEPE,hour,2026-04-26T23:00:00.000Z,0.00000388259652492433,11060.592466376485,-0.028592488268605342,0.6556653143213387,0.02243380533974425,0.015035738165248115,false,false
PEPE,hour,2026-04-26T22:00:00.000Z,0.00000388319479710711,1301.4023623922028,-0.021790862626528285,0.31572118572376734,0.006567438695878175,0.014953539157191371,false,false
PEPE,hour,2026-04-26T21:00:00.000Z,0.00000390467152759473,86522.44116468044,-0.0008760564361876837,0.47787064576748056,0.005685628812751699,0.007427713233932333,false,false
PEPE,hour,2026-04-26T20:00:00.000Z,0.0000039368244267027,10005.835038047037,0.013966916580245615,0.24669799401750644,0.013810697736704527,0.00785642088172481,false,false
PEPE,hour,2026-04-26T19:00:00.000Z,0.00000390721132623149,4278.046480593183,0.006184734575322365,-0.1029647132099937,0.008234469629709511,0.008355671578615267,false,false
PEPE,hour,2026-04-26T18:00:00.000Z,0.00000392041049094915,33104.402568982994,0.004030803421796523,-0.1779171121803327,0.007579088510621096,0.008049278231078962,false,false
PEPE,hour,2026-04-26T17:00:00.000Z,0.00000391696239190268,18992.43946348249,-0.005045191923038161,0.01660449633213037,0.0033781548054607944,0.005473362487974503,false,false
PEPE,hour,2026-04-26T16:00:00.000Z,0.00000392643507944392,7973.22688615408,0.004920069995541065,0.07445992827926697,0.002418375923348722,0.004966870580682285,false,false
PEPE,hour,2026-04-26T15:00:00.000Z,0.00000393044846917774,34.45991270165807,0.0025604406099218515,0.07610432285569979,0.003442993811464399,0.004981517248657962,false,false
PEPE,hour,2026-04-26T14:00:00.000Z,0.00000392925839118964,2473.050988034168,0.0031391670526065393,-0.45555126617195285,0.0010221459549480817,0.004525801283421486,true,false
PEPE,hour,2026-04-26T13:00:00.000Z,0.00000388183130921318,31546.513153559714,-0.011359864438929343,-0.34489241436374996,0.012524284568773263,0.005651758823476064,true,false
PEPE,hour,2026-04-26T12:00:00.000Z,0.00000389968633026029,29069.87387791052,-0.007826623134404085,-0.18461046409171555,0.01221770813788216,0.005177508929011161,false,false
PEPE,hour,2026-04-26T11:00:00.000Z,0.00000393944721551442,59004.231376360534,0.0025930654872751147,-0.09729000918276934,0.014842454942463217,0.006315280049333516,false,false
PEPE,hour,2026-04-26T10:00:00.000Z,0.00000390346760117011,6419.6505895480905,0.005573733177322292,-0.15217854385785606,0.01019591882188017,0.00719710289933325,false,false
PEPE,hour,2026-04-26T09:00:00.000Z,0.00000387873202238636,22.187077464548942,-0.005373331621913213,-0.1704030951128301,0.015653361144218843,0.007532452232395515,false,false
PEPE,hour,2026-04-26T08:00:00.000Z,0.00000390357905026766,5273.1863574175395,-0.009104872659672381,-0.07720229198500864,0.006405966624632484,0.007900236942657958,false,false
PEPE,hour,2026-04-26T07:00:00.000Z,0.00000387476799983496,0.00414804206073764,-0.007352334966619599,-0.061015486668206956,0.0074355549632718265,0.008380961996165205,false,false
PEPE,hour,2026-04-26T06:00:00.000Z,0.00000387377475469008,33601.940806487284,-0.0012780639826800533,-0.09495731858484023,0.007693863857596575,0.0070130548321652,false,false
PEPE,hour,2026-04-26T05:00:00.000Z,0.00000387701822847637,3401.763041602774,-0.00680422285529719,-0.23981264726474188,0.0008372902379939815,0.006802533817464539,true,false
PEPE,hour,2026-04-26T04:00:00.000Z,0.00000382434677134237,897.8873304359873,-0.01301270901760772,-0.5873964001170164,0.013772667669336736,0.0076356409123318255,true,false
PEPE,hour,2026-04-26T03:00:00.000Z,0.00000382232803935735,37252.2959794128,-0.01328077097679521,-0.4553068778575078,0.014308083596146453,0.006805637686941476,true,false
PEPE,hour,2026-04-26T02:00:00.000Z,0.00000384196069322627,131.8694469974968,-0.009042396291202631,-0.4425677192497147,0.00513630794289981,0.00665531436865704,true,false
PEPE,hour,2026-04-26T01:00:00.000Z,0.00000381779184114801,14231.515548390444,-0.001713999955098006,-0.4052752959340716,0.006330584034930551,0.006645099718552537,true,false
PEPE,hour,2026-04-26T00:00:00.000Z,0.0000038336855991967,984.884715276567,0.0029713723475338827,-0.3763816939640681,0.006330584034930551,0.006227606857029862,true,false
PEPE,hour,2026-04-25T23:00:00.000Z,0.000003853358653352,18482.619152768497,0.0029667039920074256,-0.4283073376508329,0.009316068995866143,0.006520462347617405,true,false
PEPE,hour,2026-04-25T22:00:00.000Z,0.00000384248684461447,7465.79925019286,0.006468399665036249,-0.36385254422574465,0.0051316295106260705,0.006599753969401429,true,false
PEPE,hour,2026-04-25T21:00:00.000Z,0.00000383491564234244,13543.003811849372,0.0003208513358524075,-0.2372450699891509,0.004809235125259295,0.004169290971697437,true,false
PEPE,hour,2026-04-25T20:00:00.000Z,0.00000382692934135591,6142.5166134646215,-0.006858772923485692,-0.37828239986063894,0.004065270578799886,0.004238397200075208,true,false
PEPE,hour,2026-04-25T19:00:00.000Z,0.00000382048725043961,4096.341492165043,-0.005725353153959087,-0.2897131228775471,0.0037765842304982792,0.0038236063078093845,true,false
PEPE,hour,2026-04-25T18:00:00.000Z,0.00000382155152856426,17997.23485540106,-0.0034848520866074227,-0.29576193944371,0.0016861961561469108,0.0029903006304411164,true,false
PEPE,hour,2026-04-25T17:00:00.000Z,0.00000381357986251769,44172.82723474027,-0.003488300317948968,-0.031568459608181776,0.002090336726633319,0.0026644310678065703,false,false
PEPE,hour,2026-04-25T16:00:00.000Z,0.00000381222983472007,35857.56737827267,-0.0021613514659917102,0.03512250681745858,0.002445207725749369,0.0018369460225990833,false,false
PEPE,hour,2026-04-25T15:00:00.000Z,0.00000382667287647731,490.72182996158034,0.0013401226896381925,0.1648911770696473,0.003788607293741717,0.002068029334591672,false,false
PEPE,hour,2026-04-25T14:00:00.000Z,0.0000038277178699843,121.59605190970665,0.0037072797676449476,0.062329861192145515,0.004062723376007338,0.0019317521720395752,false,false
PEPE,hour,2026-04-25T13:00:00.000Z,0.00000384900248547496,16127.181137036097,0.009645968986439622,0.1285051082038076,0.005835254206052019,0.0027392783223050676,false,false
PEPE,hour,2026-04-25T12:00:00.000Z,0.00000381965772096721,26833.981024224417,-0.0018332258169290376,0.35335918771182034,0.007682563897458084,0.0039326212634213,false,false
PEPE,hour,2026-04-25T11:00:00.000Z,0.00000383870807335686,37026.66802551446,0.0028712156292243773,0.474871977154375,0.007682563897458084,0.0043577869864710374,false,false
PEPE,hour,2026-04-25T10:00:00.000Z,0.00000385791430264811,1074.1348405396839,0.002315357604153584,0.10312260388461258,0.010015709384351043,0.004682492475098241,false,false
PEPE,hour,2026-04-25T09:00:00.000Z,0.00000388080093886966,3553.8617819727233,0.016007512287505996,-0.19123581332438738,0.010965372908909502,0.005187076492192037,true,false
PEPE,hour,2026-04-25T08:00:00.000Z,0.0000038542432799683,3239.5499454651435,0.004046988287352365,-0.16855711375949645,0.0068904988534034,0.005621322396893714,false,false
PEPE,hour,2026-04-25T07:00:00.000Z,0.00000385703323872826,15683.07915893903,-0.0002283783025573643,0.003254377552553367,0.0068904988534034,0.005627025468944906,false,false
PEPE,hour,2026-04-25T06:00:00.000Z,0.00000389198693197237,5116.394245256086,0.002882392907781757,-0.04638070959884206,0.009792752886211285,0.006236777323240791,false,false
PEPE,hour,2026-04-25T05:00:00.000Z,0.00000389049046528706,6929.043992297113,0.009404488166885492,-0.13875265828501937,0.0090623261664283,0.005527310322547788,false,false
PEPE,hour,2026-04-25T04:00:00.000Z,0.00000386994591119747,562.4154503790493,0.003347825043236545,-0.5137606589706983,0.005695433807259715,0.005569570786346941,true,false
PEPE,hour,2026-04-25T03:00:00.000Z,0.00000387071627292374,169.5206283866137,-0.005465244210840884,-0.5240016824883811,0.005308744504708929,0.005240938566281556,true,false
PEPE,hour,2026-04-25T02:00:00.000Z,0.00000386951334932319,27.52118109866179,-0.005391894968266614,-0.5437465307278682,0.0003108720637340052,0.004741656119808757,true,false
PEPE,hour,2026-04-25T01:00:00.000Z,0.00000389304796456727,26158.863271469996,0.00596960626838636,-0.363604602831665,0.00608206074497641,0.004582528484302727,true,false
PEPE,hour,2026-04-25T00:00:00.000Z,0.00000385523659251812,4385.9380774050915,-0.003999177235981674,-0.4267846237873823,0.009807795485893545,0.005876480804891897,true,false
PEPE,hour,2026-04-24T23:00:00.000Z,0.0000038575366229875,16790.073013345023,-0.0030951505407739955,-0.3344442343134561,0.009807795485893545,0.004791350354067386,true,false
PEPE,hour,2026-04-24T22:00:00.000Z,0.00000386696010682145,39461.13839065264,-0.00670113956551775,-0.07055063300682986,0.003040932513994768,0.004877125450339528,false,false
PEPE,hour,2026-04-24T21:00:00.000Z,0.00000389107447756756,27275.170905633753,0.009295897719738157,0.24191266158734548,0.00869411177594639,0.005030154580125925,false,false
PEPE,hour,2026-04-24T20:00:00.000Z,0.00000388273323795873,43293.65680975585,0.006531788919664557,0.5647467704928125,0.0062360019446725005,0.005094574498777803,false,false
PEPE,hour,2026-04-24T19:00:00.000Z,0.00000389227367646824,15811.502078494987,0.006546116056934555,0.721931444187543,0.00245714498648522,0.0051769954540724535,false,false
PEPE,hour,2026-04-24T18:00:00.000Z,0.00000385632095856372,237.4810137757597,-0.008931599537402258,0.45847728986489317,0.009323061615159334,0.005818164130459637,false,false
PEPE,hour,2026-04-24T17:00:00.000Z,0.00000385701067249586,67.4782277337082,-0.006624860346159858,0.4512440825498075,0.009323061615159334,0.004499704753289336,false,false
PEPE,hour,2026-04-24T16:00:00.000Z,0.00000386115873823333,14248.01612615601,-0.00799402632528721,0.41137778211219206,0.0012545064898882667,0.004512380686651472,false,false
PEPE,hour,2026-04-24T15:00:00.000Z,0.00000388218797911272,47156.53906104186,0.006707693894502639,0.3784319046555224,0.006527673567614964,0.004870904710542276,false,false
PEPE,hour,2026-04-24T14:00:00.000Z,0.00000385398055153681,1212.8034278657321,-0.0007856138383691653,0.145806636399169,0.007319037343004334,0.0050795422509161674,false,false
PEPE,hour,2026-04-24T13:00:00.000Z,0.00000384906809778092,3110.6672900279477,-0.0031313502686869275,-0.22209205917642355,0.00860464935678699,0.005037484913747053,true,false
PEPE,hour,2026-04-24T12:00:00.000Z,0.00000385760373934507,33160.153645459584,-0.0063325732550615224,-0.09303242221791534,0.002217586529339496,0.005021636427481634,false,false
PEPE,hour,2026-04-24T11:00:00.000Z,0.00000383793927758576,2627.342744805366,-0.0041622612611922245,0.016661653607066385,0.005123703200348587,0.0040799210700298415,false,false
PEPE,hour,2026-04-24T10:00:00.000Z,0.0000038343223475222,24730.57701914187,-0.003830992303623248,0.2821764034242287,0.006071840005291849,0.0040948973818923,false,false
PEPE,hour,2026-04-24T09:00:00.000Z,0.00000380016383350261,30498.2141623088,-0.014890048258873693,0.3702130029357423,0.00994047776312117,0.0052955269050080364,false,false
PEPE,hour,2026-04-24T08:00:00.000Z,0.00000382466070562013,8.510232966772284,-0.0034598181485515616,-0.0856241851753132,0.008988695097417935,0.0054521853035683,false,false
PEPE,hour,2026-04-24T07:00:00.000Z,0.00000381888037283581,34560.51221998849,-0.004027302163671373,0.1899486753837211,0.006446267369199489,0.004738791311598991,false,false
PEPE,hour,2026-04-24T06:00:00.000Z,0.00000384501451230771,23133.67312697596,0.011802301366507426,0.3884032590890292,0.006843403542513472,0.005372946640956821,false,false
PEPE,hour,2026-04-24T05:00:00.000Z,0.00000383418136972329,25954.514065800202,0.0024892833210460007,0.35415949700331195,0.006843403542513472,0.005413390004651205,false,false
PEPE,hour,2026-04-24T04:00:00.000Z,0.00000381457309837539,4567.533426616039,-0.00112788933925719,0.36751991609396,0.00798029377003803,0.005415627882733818,false,false
PEPE,hour,2026-04-24T03:00:00.000Z,0.00000381629211643932,25744.785233456452,-0.007470035750567504,0.3277648698288731,0.005140358001332061,0.005406572506839405,false,false
PEPE,hour,2026-04-24T02:00:00.000Z,0.0000038714175698138,10173.67007468323,0.009711642851469306,0.11371389144526385,0.014901922173838997,0.006868329506990758,false,false
PEPE,hour,2026-04-24T01:00:00.000Z,0.0000038691534511656,31351.523130229238,0.01430837773523214,0.38124715559768,0.014444767772628691,0.006428416944869033,false,false
PEPE,hour,2026-04-24T00:00:00.000Z,0.00000387081821281974,54700.18117847134,0.014287715593242711,0.42573054362907664,0.0005851715825636133,0.006405012295502434,false,false
PEPE,hour,2026-04-23T23:00:00.000Z,0.00000383755751837952,22233.064120871404,-0.008746163601233264,0.3889116743994956,0.008667152031187019,0.006709579326270687,false,false
PEPE,hour,2026-04-23T22:00:00.000Z,0.00000380954937738991,1219.0068808881754,-0.015404939227141274,0.16542806686133635,0.01608296135849214,0.007179605798769919,false,false
PEPE,hour,2026-04-23T21:00:00.000Z,0.00000379581062254021,23799.041650435956,-0.019377709351245817,0.2956880818253477,0.010998150326944395,0.007046703969474277,false,false
PEPE,hour,2026-04-23T20:00:00.000Z,0.00000380580077481119,14258.307548798586,-0.008275248883237456,0.16340006077915575,0.003619452131809942,0.007114350903330404,false,false
PEPE,hour,2026-04-23T19:00:00.000Z,0.00000377681503109596,24264.317029043767,-0.008592708231643348,0.30121779510032975,0.007674652710439719,0.005438914650950982,false,false
PEPE,hour,2026-04-23T18:00:00.000Z,0.00000376968496256173,15681.324182826258,-0.006882761701371751,0.1301180223488853,0.009580591643105615,0.00548115014509614,false,false
PEPE,hour,2026-04-23T17:00:00.000Z,0.00000370881885322881,77376.7747303035,-0.02548265853122369,0.17505109845921463,0.01833364759995063,0.00823831212751484,false,false
PEPE,hour,2026-04-23T16:00:00.000Z,0.00000380932575545857,26934.658639142683,0.008607973674891937,0.2389941689236115,0.027099436830747684,0.012624101746571626,false,false
PEPE,hour,2026-04-23T15:00:00.000Z,0.00000384301911726614,45969.223739312314,0.019453656056864544,0.548900779147849,0.036184097781022356,0.01275855010167925,false,false
PEPE,hour,2026-04-23T14:00:00.000Z,0.0000038056589114401,14579.707928935022,0.026110754405538974,0.5398551845107719,0.009817013740704058,0.013211721665718752,false,false
PEPE,hour,2026-04-23T13:00:00.000Z,0.00000376910637835922,13730.079291649474,-0.010558135397509074,0.5387153119525536,0.019610149326455554,0.013670010366959714,false,false
PEPE,hour,2026-04-23T12:00:00.000Z,0.00000376765892622191,7480.212610339669,-0.019609632100357648,0.39664574178857886,0.01008583472185342,0.013361888270896849,false,false
PEPE,hour,2026-04-23T11:00:00.000Z,0.00000377772515891625,18667.97937421495,-0.007340056787506334,0.39587115408089674,0.002671747334739278,0.013380843931136838,false,false
PEPE,hour,2026-04-23T10:00:00.000Z,0.00000375030973609289,64.86971189569196,-0.0049870288549703065,-0.21354894347532047,0.00731017562616626,0.012197230395441936,false,false
PEPE,hour,2026-04-23T09:00:00.000Z,0.0000037660513224003,8862.632401673141,-0.00042668507237251667,-0.29590994542490096,0.00731017562616626,0.007010103870116307,true,false
PEPE,hour,2026-04-23T08:00:00.000Z,0.00000378027554502516,7528.215736056742,0.0006751116086066615,-0.6364977271648041,0.007990222419199099,0.006331955027643026,true,false
PEPE,hour,2026-04-23T07:00:00.000Z,0.00000379910272704486,2272.3232585993555,0.01301038964392398,-0.7374595558913188,0.00877614291870419,0.005475929519483871,true,false
PEPE,hour,2026-04-23T06:00:00.000Z,0.00000380068753968298,70213.41941669624,0.009196958383616626,-0.29780065951101053,0.0053996049797698726,0.004087066055474781,true,false
PEPE,hour,2026-04-23T05:00:00.000Z,0.00000377586387763598,12986.681427692552,-0.0011670227042009174,-0.2784728497817848,0.006574300041383313,0.004776732283109181,true,false
PEPE,hour,2026-04-23T04:00:00.000Z,0.00000376188285804065,45.9003720165874,-0.009797015684585483,-0.36821208747296863,0.010315228598729173,0.004875040918157435,true,false
PEPE,hour,2026-04-23T03:00:00.000Z,0.00000377103536513982,1006.7215333724859,-0.007801792237210183,-0.3055647405031805,0.0037164952027804207,0.004126853976381681,true,false
PEPE,hour,2026-04-23T02:00:00.000Z,0.00000375673799669303,7993.124420830707,-0.005065299375920515,-0.32954770965324637,0.0038057933396941253,0.004072574074472677,true,false
PEPE,hour,2026-04-23T01:00:00.000Z,0.00000380574034445616,11617.45616201342,0.011658387055239834,-0.26074686043705975,0.013043855548687654,0.006208730859925064,true,false
PEPE,hour,2026-04-23T00:00:00.000Z,0.00000380934973004504,10543.58749034215,0.010160171198447357,-0.17636013874849313,0.014004632050018685,0.005928814033136985,false,false
PEPE,hour,2026-04-22T23:00:00.000Z,0.00000379720609953847,30910.360108162415,0.010772138722759807,-0.4757907139656281,0.0031980435584062976,0.006048338329927126,true,false
PEPE,hour,2026-04-22T22:00:00.000Z,0.00000384092072076444,9523.51682771214,0.009244029577458608,-0.5130192393546438,0.011512311968339975,0.007011839982726378,true,false
PEPE,hour,2026-04-22T21:00:00.000Z,0.00000384576609118419,3027.297823054179,0.009559731639215946,-0.4463759718392048,0.012788347635811131,0.006886731873902942,true,false
PEPE,hour,2026-04-22T20:00:00.000Z,0.00000384400938359223,15566.71074115694,0.012325716020378451,-0.3492995553460063,0.001261512739264707,0.006827396106917423,true,false
PEPE,hour,2026-04-22T19:00:00.000Z,0.00000387790654011398,90064.39811238639,0.00962941493418251,0.13151797276396732,0.008818177360970283,0.007454090717129522,false,false
PEPE,hour,2026-04-22T18:00:00.000Z,0.00000392029729409148,589.968411243939,0.019380066582348924,0.14498912928730276,0.019845922027369914,0.006961078895744131,false,false
PEPE,hour,2026-04-22T17:00:00.000Z,0.00000391218500532149,5510.942723309135,0.017735550287743998,0.13696720583399252,0.010931350082576612,0.006995800919306846,false,false
PEPE,hour,2026-04-22T16:00:00.000Z,0.00000389843513613988,22562.465411941605,0.005293731505271494,0.05324671852775485,0.005607931692624461,0.00701824049920561,false,false
PEPE,hour,2026-04-22T15:00:00.000Z,0.0000039246945642936,26774.308549187695,0.0011216675349464051,0.15889300675902943,0.00673588946248868,0.006080823038683697,false,false
PEPE,hour,2026-04-22T14:00:00.000Z,0.00000391545312087377,53311.2559848637,0.0008353683549818263,0.40793316929739787,0.00673588946248868,0.006127258847761147,false,false
PEPE,hour,2026-04-22T13:00:00.000Z,0.00000392121617494685,43479.89467336358,0.005843636744339211,0.5446168603247973,0.0023602487718632757,0.00615000096902707,false,false
PEPE,hour,2026-04-22T12:00:00.000Z,0.00000390351458530424,85001.7331659802,-0.005396592943067098,0.37460991993462056,0.004534782503247846,0.005453032190095441,false,false
PEPE,hour,2026-04-22T11:00:00.000Z,0.00000393701726908803,147843.50847878022,0.005507446404938192,0.8623242671993164,0.00858269722109394,0.004825278428816453,false,false
PEPE,hour,2026-04-22T10:00:00.000Z,0.00000395512378791483,130021.87914180012,0.008647218478955552,1.1303195941222188,0.013221214237263528,0.005067355338157511,false,false
PEPE,hour,2026-04-22T09:00:00.000Z,0.00000389412229112078,7255.531123408616,-0.002406112229942475,1.1039952813129261,0.01566501825922179,0.007643424952896308,false,false
PEPE,hour,2026-04-22T08:00:00.000Z,0.00000391398803632928,35204.11099396529,-0.005849411161989734,1.1198009101264337,0.01566501825922179,0.0074620755044272095,false,false
PEPE,hour,2026-04-22T07:00:00.000Z,0.00000387547078937972,6284.929654192801,-0.020139192299997152,0.9458301609799702,0.009938727200605468,0.008298242269790049,false,false
PEPE,hour,2026-04-22T06:00:00.000Z,0.00000390166284460494,24950.83202541204,0.001936393600517633,0.8654437898784225,0.009938727200605468,0.008662167105873341,false,false
PEPE,hour,2026-04-22T05:00:00.000Z,0.00000390020596061151,41087.2293139897,-0.0035212360359423408,0.6797400019404826,0.0067584189505429755,0.00849285471966682,false,false
PEPE,hour,2026-04-22T04:00:00.000Z,0.00000386464611685106,819.0480102007062,-0.002793124530398683,0.12338107877200469,0.009578296856851971,0.0085836758738919,false,false
PEPE,hour,2026-04-22T03:00:00.000Z,0.00000386757628937006,167873.32622379987,-0.00873641741802807,0.10626118654938373,0.00920131952196046,0.008411527169303365,false,false
PEPE,hour,2026-04-22T02:00:00.000Z,0.00000390018131818399,84638.7913051596,-0.000006318237490405041,0.2920083248810657,0.009194943148348091,0.0068049316253096835,false,false
PEPE,hour,2026-04-22T01:00:00.000Z,0.00000379342863649855,13590.216037697248,-0.018427943516478643,0.2168739910486596,0.028141476198686455,0.012354719374232454,false,false
PEPE,hour,2026-04-22T00:00:00.000Z,0.00000382703981813901,21480.726718871254,-0.010481104494942602,0.3029107981515753,0.028141476198686455,0.012238606205508016,false,false
PEPE,hour,2026-04-21T23:00:00.000Z,0.000003787268088661,34699.82828253043,-0.02895076415974543,0.3193939033662422,0.010501429670924513,0.012605259189023665,false,false
PEPE,hour,2026-04-21T22:00:00.000Z,0.00000377120450032773,3739.0577797326205,-0.005858588179830292,0.19749628307496128,0.014805698764526799,0.012706438829266736,false,false
PEPE,hour,2026-04-21T21:00:00.000Z,0.00000377702824687578,3327.552853647486,-0.013067951638807173,0.20409317286401826,0.004259537856372943,0.012239656992070313,false,false
PEPE,hour,2026-04-21T20:00:00.000Z,0.00000378228082944086,29006.005603045498,-0.001316848742520183,-0.2597212220253711,0.0029370799467828782,0.012247572683167434,true,false
PEPE,hour,2026-04-21T19:00:00.000Z,0.00000370999519108491,4154.648896436784,-0.016230705398633416,-0.5125430127154644,0.019484024812121505,0.013897098085777423,true,false
PEPE,hour,2026-04-21T18:00:00.000Z,0.00000373319742489554,6409.332959010974,-0.011604578815764844,-0.5314681748417792,0.019484024812121505,0.009415470378509221,true,false
PEPE,hour,2026-04-21T17:00:00.000Z,0.00000375993046617873,57652.00992922043,-0.005909228920326927,-0.43409689575099064,0.01345966032889042,0.009209118504489676,true,false
PEPE,hour,2026-04-21T16:00:00.000Z,0.00000378065640634092,41919.27580751792,0.019046174352411068,-0.4385443350251677,0.01271268996621784,0.008575222567010165,true,false
PEPE,hour,2026-04-21T15:00:00.000Z,0.00000376565930477154,4911.239081827755,0.008695462945388727,-0.4366860908561061,0.0055123200677841475,0.008556305537780785,true,false
PEPE,hour,2026-04-21T14:00:00.000Z,0.00000381390017894801,22732.016283334975,0.014353912460548832,-0.38027431542507406,0.012810737847511354,0.009798895296090173,true,false
PEPE,hour,2026-04-21T13:00:00.000Z,0.00000376477412065305,4402.531500199809,-0.004200933377926618,-0.400060398920017,0.013048872713361654,0.01094319522127252,true,false
PEPE,hour,2026-04-21T12:00:00.000Z,0.00000375468845663596,80910.40849990273,-0.002913393710811448,-0.20896358862067022,0.015770075998556014,0.008221143173221951,true,false
PEPE,hour,2026-04-21T11:00:00.000Z,0.00000383086272924426,17322.71859509879,0.004447560109171317,-0.18334041091461445,0.020287774468657108,0.0109390341038041,false,false
PEPE,hour,2026-04-21T10:00:00.000Z,0.00000383221090116699,51.95258259828073,0.0179125701443788,-0.3518806052812744,0.020646838060297268,0.010602206235209974,true,false
PEPE,hour,2026-04-21T09:00:00.000Z,0.00000382436155512401,30936.43743443292,0.018556292830344143,-0.39116456605551847,0.002052459196088182,0.010425465930620796,true,false
PEPE,hour,2026-04-21T08:00:00.000Z,0.00000381016757105542,8607.64083743446,-0.0054022186780164905,-0.3428296830447562,0.005785396495163627,0.010411947224295785,true,false
PEPE,hour,2026-04-21T07:00:00.000Z,0.00000377095088633358,12478.586226155365,-0.01598555413919283,-0.3507228663304536,0.014163713715815483,0.010027553169367582,true,false
PEPE,hour,2026-04-21T06:00:00.000Z,0.00000377333818899705,3612.018409563507,-0.01334166903194513,-0.295341099382875,0.010399680585596096,0.008752026853802067,true,false
PEPE,hour,2026-04-21T05:00:00.000Z,0.00000376535283406506,31384.835337592092,-0.011761880850281386,-0.41932217193500254,0.0021207454610220875,0.008729897572184777,true,false
PEPE,hour,2026-04-21T04:00:00.000Z,0.00000376196055986668,16584.97811790659,-0.0023841006520350155,-0.3679178653234748,0.0030243882011280533,0.004324254116128495,true,false
PEPE,hour,2026-04-21T03:00:00.000Z,0.00000373021611501162,1285.3973989505387,-0.011428096774143606,-0.3554288193929071,0.009419486155785502,0.00537959586577557,true,false
PEPE,hour,2026-04-21T02:00:00.000Z,0.00000374049395950411,44605.5493468819,-0.006602004023647424,-0.30616101719454747,0.008510081956729015,0.005424115293115378,true,false
PEPE,hour,2026-04-21T01:00:00.000Z,0.00000374865488326224,14706.162452651783,-0.0035368995481738674,-0.2900456384864622,0.00494308310352747,0.005303242953563355,true,false
PEPE,hour,2026-04-21T00:00:00.000Z,0.00000375289766196457,1979.9153764581836,0.006080491385384386,-0.3088355888144265,0.003316060016336556,0.0036077503205506466,true,false
PEPE,hour,2026-04-20T23:00:00.000Z,0.0000037531395345371,22787.516053166877,0.003380723286789164,-0.21173372981547703,0.001196336129763264,0.0035998939878863208,true,false
PEPE,hour,2026-04-20T22:00:00.000Z,0.00000380098606024185,21428.45535614267,0.013959987944814277,-0.27595369977369494,0.012813671623570555,0.005936573954511955,true,false
PEPE,hour,2026-04-20T21:00:00.000Z,0.00000378988729519727,5225.357724656286,0.009856286145926048,-0.25537080200455275,0.012748400443004357,0.006028967866073099,true,false
PEPE,hour,2026-04-20T20:00:00.000Z,0.00000380704763095203,33614.98356373043,0.01436346715033037,0.04163841217806101,0.004527927724000229,0.005385680787435827,false,false
PEPE,hour,2026-04-20T19:00:00.000Z,0.00000380389073884139,38679.39257150698,0.0007641908056236101,-0.048723663263520754,0.004527927724000229,0.005293612059219392,false,false
PEPE,hour,2026-04-20T18:00:00.000Z,0.00000384381624180147,58179.29300885039,0.014229696664737553,0.20452972360527105,0.010495964711184153,0.006551188753522104,false,false
PEPE,hour,2026-04-20T17:00:00.000Z,0.00000379245701280985,5044.463497642586,-0.0038325283938018895,0.27508187300741016,0.01354246833072669,0.008281581998450648,false,false
PEPE,hour,2026-04-20T16:00:00.000Z,0.00000375237340488886,10811.160426083701,-0.01354332642273049,0.17918321086229,0.02436933296496335,0.009203961525670285,false,false
PEPE,hour,2026-04-20T15:00:00.000Z,0.00000376756712606012,25408.887172041006,-0.019836826462238537,0.17307590972429243,0.010682201261944331,0.008007546780034779,false,false
PEPE,hour,2026-04-20T14:00:00.000Z,0.00000373809363414752,60595.525772675355,-0.014334606424991986,0.4940334297980608,0.007884631792890211,0.008468219742585983,false,false
PEPE,hour,2026-04-20T13:00:00.000Z,0.00000376800384806214,13931.042399626618,0.004165481812901653,0.34640532866401513,0.008001461932732283,0.00882432013419438,false,false
PEPE,hour,2026-04-20T12:00:00.000Z,0.00000375248780738587,11971.653008196006,-0.004002402125750277,0.15230656605407847,0.008001461932732283,0.008955596037468629,false,false
PEPE,hour,2026-04-20T11:00:00.000Z,0.00000375033306203859,23881.72748290498,0.003274243261127263,-0.03456472284441336,0.004711791121278335,0.008042110721358244,false,false
PEPE,hour,2026-04-20T10:00:00.000Z,0.00000379135384070541,23620.427000789274,0.006196913162728994,0.1363217003132333,0.010937902844426809,0.0074654030623374015,false,false
PEPE,hour,2026-04-20T09:00:00.000Z,0.00000374553227011704,51120.422852426265,-0.0018535802448551093,0.34986226340125204,0.012233660607852184,0.007792626861338737,false,false
PEPE,hour,2026-04-20T08:00:00.000Z,0.00000376266277502352,69273.90848871288,0.003287631466584424,0.5450514459968291,0.012233660607852184,0.0078337054803274,false,false
PEPE,hour,2026-04-20T07:00:00.000Z,0.00000373253228855635,13243.610591739933,-0.01551465640519478,0.21354826339043725,0.008072398076648366,0.007860654918525422,false,false
PEPE,hour,2026-04-20T06:00:00.000Z,0.00000372690693676091,10341.628118326074,-0.0049726799858936825,0.34425274212049967,0.009593971319736213,0.007282947287383766,false,false
PEPE,hour,2026-04-20T05:00:00.000Z,0.00000368670289260129,16969.36205850727,-0.020187799695059083,0.3837862759596009,0.012430997910635308,0.008210627171784638,false,false
PEPE,hour,2026-04-20T04:00:00.000Z,0.0000037365063540025,43799.33520536097,0.0010647102660931692,0.46259909565289786,0.013508943587821712,0.009648296079190998,false,false
PEPE,hour,2026-04-20T03:00:00.000Z,0.00000370780287492452,3366.357900546737,-0.005125983063315682,0.3478250146310848,0.013508943587821712,0.009202122156192443,false,false
PEPE,hour,2026-04-20T02:00:00.000Z,0.00000368462759242284,15133.014831896098,-0.0005629149510840468,0.05911079587684524,0.014079784259973737,0.008317062738816236,false,false
PEPE,hour,2026-04-20T01:00:00.000Z,0.00000371498735526048,11887.026355070826,-0.005759122748170697,-0.38519660191484656,0.00823957430598209,0.00870736732008051,true,false
PEPE,hour,2026-04-20T00:00:00.000Z,0.00000369233555862468,54411.03123088837,-0.004171558419257907,-0.1541433403873283,0.00823957430598209,0.008481009302636495,false,false
PEPE,hour,2026-04-19T23:00:00.000Z,0.00000365095825180537,12614.56717479025,-0.009137786593876812,-0.10316404178351726,0.01753761589123842,0.009473422803930438,false,false
PEPE,hour,2026-04-19T22:00:00.000Z,0.00000366544031384025,42141.64353916041,-0.013337068657870552,0.04137459387319232,0.011333273065735278,0.008670590960256247,false,false
PEPE,hour,2026-04-19T21:00:00.000Z,0.00000371601778459368,1980.9936395673117,0.006413887793508514,-0.2726046372253823,0.01781985120102061,0.008734177537373053,true,false
PEPE,hour,2026-04-19T20:00:00.000Z,0.00000371531235136453,10301.044367818467,0.01762663254977992,-0.16217844948200427,0.013798470694627274,0.008233805546987468,false,false
PEPE,hour,2026-04-19T19:00:00.000Z,0.00000374857684014074,36389.34137173917,0.02268118402762598,-0.03994258995630135,0.008953349175068025,0.008574932375896564,false,false
PEPE,hour,2026-04-19T18:00:00.000Z,0.00000370004495582737,28348.27134612753,-0.004298372530005644,0.038649936397994855,0.013116566120888499,0.009389852859945667,false,false
PEPE,hour,2026-04-19T17:00:00.000Z,0.00000369627681684574,44334.87871891986,-0.0051235354442808,-0.07685519986382776,0.014149379466560325,0.00910900025852642,false,false
PEPE,hour,2026-04-19T16:00:00.000Z,0.00000375432120549973,112129.34809636875,0.0015324123271204875,0.4026700307739611,0.015703474477196475,0.009975659235395088,false,false
PEPE,hour,2026-04-19T15:00:00.000Z,0.00000378826789959255,123402.2038732556,0.023843749148570022,0.5995778147118002,0.024887498232697768,0.010433116953436518,false,false
PEPE,hour,2026-04-19T14:00:00.000Z,0.00000380066445836921,66677.81041263432,0.028241294333726536,0.8619102640649438,0.0123439765360491,0.00914033029036078,false,false
PEPE,hour,2026-04-19T13:00:00.000Z,0.00000379199539628574,100997.64074877085,0.010034887460034272,1.140274099497069,0.00327235536272226,0.009180709346139399,false,false
PEPE,hour,2026-04-19T12:00:00.000Z,0.00000376495205715653,78569.30142250661,-0.00615475015336894,1.2811566731768957,0.009485486314439776,0.008958423920082633,false,false
PEPE,hour,2026-04-19T11:00:00.000Z,0.00000374859455079742,11017.869244682557,-0.013700211671443441,1.205818219888125,0.011577898036235318,0.007661756561817231,false,false
PEPE,hour,2026-04-19T10:00:00.000Z,0.00000370883132629143,20211.231597540955,-0.0219314796836961,1.0972075935864125,0.015131648200679087,0.008648730359234079,false,false
PEPE,hour,2026-04-19T09:00:00.000Z,0.00000371737289575784,30473.09632024394,-0.012637388385397887,0.7311069975079336,0.010721227526340596,0.006393232281919906,false,false
PEPE,hour,2026-04-19T08:00:00.000Z,0.00000373438863398439,17212.570794357922,-0.0037896647985064713,0.30510013490491306,0.006890932869280774,0.005681366129631707,false,false
PEPE,hour,2026-04-19T07:00:00.000Z,0.00000373230558297181,29596.014140790354,0.006329286671511356,0.12475309206382039,0.004577355757332701,0.005549561010312316,false,false
PEPE,hour,2026-04-19T06:00:00.000Z,0.00000378504935797653,58369.966338311904,0.01820545425935615,-0.11549576190498852,0.014131687192323356,0.007627837723531953,false,false
PEPE,hour,2026-04-19T05:00:00.000Z,0.00000375816182282378,40956.03103950926,0.00636601895770695,-0.3040056010199624,0.014131687192323356,0.007624053957715464,true,false
PEPE,hour,2026-04-19T04:00:00.000Z,0.00000376156610775129,2.60856561655564,0.007839798786299106,-0.3220841526231461,0.00715443783965307,0.007452177247322034,true,false
PEPE,hour,2026-04-19T03:00:00.000Z,0.00000378204335067908,16089.928242468308,-0.0007941791541277792,-0.30267751941310606,0.006354576780133536,0.006595396354721836,true,false
PEPE,hour,2026-04-19T02:00:00.000Z,0.00000377473946952126,19018.612256252876,0.004411105077168807,-0.3052207579134245,0.005443807802711132,0.006578533674450728,true,false
PEPE,hour,2026-04-19T01:00:00.000Z,0.00000378470958618539,18587.680244114283,0.006152617758440882,-0.3057044344908011,0.002641272793694173,0.006425851765486126,true,false
PEPE,hour,2026-04-19T00:00:00.000Z,0.00000379207202261322,14541.137495601866,0.0026516544111899894,-0.37870937287737144,0.00459172168885037,0.006464259596273262,true,false
PEPE,hour,2026-04-18T23:00:00.000Z,0.00000377940399263337,15932.700758479195,0.0012357205443642937,-0.5678348331545813,0.003351859183231541,0.0039057735154848423,true,false
PEPE,hour,2026-04-18T22:00:00.000Z,0.0000037862602485496,1258.0091711404973,0.0004097176623195512,-0.689296729202503,0.003351859183231541,0.0029093038760735746,true,false
PEPE,hour,2026-04-18T21:00:00.000Z,0.00000378481229448532,43314.61318711997,-0.0019144489040841962,-0.5476912086808715,0.0018141103543294224,0.0028927210969024075,true,false
PEPE,hour,2026-04-18T20:00:00.000Z,0.00000379208446507351,25141.434172717833,0.0033551513584830534,-0.5203326107568563,0.0019214085197266422,0.0021641580384864382,true,false
PEPE,hour,2026-04-18T19:00:00.000Z,0.00000378821205327246,8457.207660078593,0.0005154967156860174,-0.5626184988999825,0.0019214085197266422,0.0020733751923355474,true,false
PEPE,hour,2026-04-18T18:00:00.000Z,0.00000375563411907154,41463.24442619369,-0.0077092793891771726,-0.4486936108665094,0.009705510400193471,0.0037365413968916553,true,false
PEPE,hour,2026-04-18T17:00:00.000Z,0.00000378622432809855,46.89237501805436,-0.0015453603496794353,-0.4948745081485607,0.008674416401609961,0.004777363684060357,true,false
PEPE,hour,2026-04-18T16:00:00.000Z,0.0000038149009190386,68215.21341877469,0.007045240707442716,-0.2842693264600189,0.01578077046059861,0.00541819577810449,true,false
PEPE,hour,2026-04-18T15:00:00.000Z,0.00000382755656971927,59789.36439203599,0.01915054778166475,-0.08769913868016178,0.010916479859363415,0.005518563446552527,false,false
PEPE,hour,2026-04-18T14:00:00.000Z,0.00000381304370906624,4695.408976557477,0.007083410448941484,-0.2518394837469977,0.003806109176908407,0.0057004638380143005,true,false
PEPE,hour,2026-04-18T13:00:00.000Z,0.00000382550797560436,18413.69566822456,0.002780427799009056,-0.261505807920765,0.003806109176908407,0.005787089565600601,true,false
PEPE,hour,2026-04-18T12:00:00.000Z,0.00000383443284415313,13876.288200454666,0.0017965180418913521,-0.22132751140799065,0.005609464962605483,0.005840977491541049,false,false
PEPE,hour,2026-04-18T11:00:00.000Z,0.00000383277397057509,54470.06969947105,0.00517441262525721,-0.1742973162195009,0.002332989136523717,0.004846330477699114,false,false
PEPE,hour,2026-04-18T10:00:00.000Z,0.0000038499494877218,102.64476979373151,0.006389089311355589,-0.06555106990904573,0.004481223593817314,0.004116049715998153,false,false
PEPE,hour,2026-04-18T09:00:00.000Z,0.00000390241560527709,41229.558205862275,0.017729547989769043,-0.12186246306895426,0.018170034350225593,0.005914580559268023,false,false
PEPE,hour,2026-04-18T08:00:00.000Z,0.00000388394258657552,30535.602296543224,0.013350282691664387,-0.24690919734159247,0.013627741798331148,0.006052411014042202,true,false
PEPE,hour,2026-04-18T07:00:00.000Z,0.00000395123232083446,22767.153548340622,0.026307574537190737,-0.04322885181248303,0.01732511044100412,0.008758919496640186,false,false
PEPE,hour,2026-04-18T06:00:00.000Z,0.00000394048057199078,10819.826587804198,0.00975420625681604,0.014797441257140633,0.01732511044100412,0.008732572812272377,false,false
PEPE,hour,2026-04-18T05:00:00.000Z,0.00000396709145989005,43922.189412900276,0.021408368291005543,0.1852233495606893,0.006753208755404524,0.009052816182765253,false,false
PEPE,hour,2026-04-18T04:00:00.000Z,0.0000039425844780624,11354.064849062974,-0.0021886444708556,-0.1267061095188339,0.006753208755404524,0.009349458149371189,false,false
PEPE,hour,2026-04-18T03:00:00.000Z,0.00000393581940863221,28226.809661672418,-0.0011828921050143176,0.09002164215287302,0.007945499529082188,0.00921833726032055,false,false
PEPE,hour,2026-04-18T02:00:00.000Z,0.00000395818153372843,17933.51829798392,-0.0022459593512539257,-0.08762181231318392,0.0056816949088605365,0.007961763003909538,false,false
PEPE,hour,2026-04-18T01:00:00.000Z,0.00000394165466828404,14969.546307496266,-0.00023583762974104205,-0.17897597367598694,0.0056816949088605365,0.007916705990088306,false,false
PEPE,hour,2026-04-18T00:00:00.000Z,0.00000396562396591967,46957.26746444732,0.007572643506480777,0.024342967447685934,0.00608102425321405,0.005077040842524115,false,false
PEPE,hour,2026-04-17T23:00:00.000Z,0.00000397823767031319,40083.100043816434,0.00506700776956745,0.25392209475330807,0.009281128132180192,0.005114334333453224,false,false
PEPE,hour,2026-04-17T22:00:00.000Z,0.00000400048710812167,24414.0451707566,0.014925822982671881,0.05942478775606165,0.008791338387505199,0.0049120900075899036,false,false
PEPE,hour,2026-04-17T21:00:00.000Z,0.00000399549959811165,55043.97555227471,0.007533652320222344,0.3248735219110282,0.0055927874733356095,0.004343422101397869,false,false
PEPE,hour,2026-04-17T20:00:00.000Z,0.00000401182799164596,91400.04489211256,0.008443517988739243,0.579489229057129,0.004086696327544954,0.004562908457184009,false,false
PEPE,hour,2026-04-17T19:00:00.000Z,0.00000402940207112576,85547.78703017024,0.007227860563626874,0.8379173282975798,0.008485164916581007,0.004354757356271984,false,false
PEPE,hour,2026-04-17T18:00:00.000Z,0.00000408511819467733,77183.62555534394,0.022429885015639972,1.0701667102430217,0.018268530750567034,0.006588157461235659,false,false
PEPE,hour,2026-04-17T17:00:00.000Z,0.00000406696241014006,95929.60043734362,0.01374296669969642,1.1436069541658485,0.013827392394227664,0.006402143456140051,false,false
PEPE,hour,2026-04-17T16:00:00.000Z,0.00000412125898407849,118644.13233927893,0.022796660976318467,1.2716676015110755,0.013350645632488008,0.008041995350235698,false,false
PEPE,hour,2026-04-17T15:00:00.000Z,0.00000403020606487712,157995.00463000018,-0.013441992907758857,1.45401002432557,0.022592621254502877,0.011468835278493395,false,false
PEPE,hour,2026-04-17T14:00:00.000Z,0.00000406524385859388,283224.02704161155,-0.0004225639120477549,1.3754978389292492,0.022592621254502877,0.011917053933958179,false,false
PEPE,hour,2026-04-17T13:00:00.000Z,0.00000402252360754639,164127.29241227923,-0.02395757629247279,1.3978512506465466,0.010620261113532172,0.012473307324554296,false,false
PEPE,hour,2026-04-17T12:00:00.000Z,0.0000039667556875503,53019.806731716104,-0.015743705484388134,1.3145310676727264,0.0248283934785009,0.013442391827203349,false,false
PEPE,hour,2026-04-17T11:00:00.000Z,0.00000391465555310531,97691.60366691867,-0.037042871406158924,1.3220845935654453,0.027554928646407663,0.01336893807808297,false,false
PEPE,hour,2026-04-17T10:00:00.000Z,0.00000389760976492813,46858.006669476956,-0.03105360087481353,1.2139438745517592,0.017740596620104562,0.013364677440632144,false,false
PEPE,hour,2026-04-17T09:00:00.000Z,0.00000392395670091092,64072.39277934741,-0.010789418358611162,1.0786706520209006,0.006759767542627728,0.012647985730585832,false,false
PEPE,hour,2026-04-17T08:00:00.000Z,0.00000389418901676413,37384.721910377695,-0.005228183185860236,0.7765667932595367,0.0076441292445338805,0.00984640089788843,false,false
PEPE,hour,2026-04-17T07:00:00.000Z,0.00000387097998273001,19986.615519669966,-0.006832336689460985,0.12706098583668599,0.013685608920030654,0.009557827842922457,false,false
PEPE,hour,2026-04-17T06:00:00.000Z,0.00000387811426573228,50857.73544504175,-0.011682706684300975,-0.1754660645019585,0.005995648166011032,0.008711661619478344,false,false
PEPE,hour,2026-04-17T05:00:00.000Z,0.0000038436848607023,76348.30411110171,-0.012969107520054684,-0.12996460076918423,0.008957395384305513,0.007707753708762997,false,false
PEPE,hour,2026-04-17T04:00:00.000Z,0.00000391543630484081,64301.30861967351,0.011484513562234299,-0.2559897387088286,0.018667358729664334,0.009127201223611565,true,false
PEPE,hour,2026-04-17T03:00:00.000Z,0.00000395421127545547,35401.296769172026,0.019622168020059786,-0.28122890968377895,0.028755326921618248,0.009718952957892048,true,false
PEPE,hour,2026-04-17T02:00:00.000Z,0.00000393040715722464,93325.57019756308,0.022562280640898914,-0.24486522421590767,0.00990310340809799,0.009653111344678411,true,false
PEPE,hour,2026-04-17T01:00:00.000Z,0.00000395433819075776,187375.1570301115,0.009935517497463612,0.03749984389182986,0.006088690707050927,0.009495385676345634,false,false
PEPE,hour,2026-04-17T00:00:00.000Z,0.00000397528199924004,145999.8210880738,0.005328679303344371,0.26401911814015183,0.011417351999503118,0.009436306281324344,false,false
PEPE,hour,2026-04-16T23:00:00.000Z,0.00000397962509576149,16878.766914548803,0.012522351137688317,0.19532305432967761,0.006394724928391744,0.009419652553288313,false,false
PEPE,hour,2026-04-16T22:00:00.000Z,0.00000398083119766364,65080.395380787886,0.006699732199891289,0.14166154516933027,0.0013959257292087668,0.008796742198344795,false,false
PEPE,hour,2026-04-16T21:00:00.000Z,0.00000395778440633739,85170.84985027049,-0.00440159790072629,0.16202402412714392,0.00582315481594854,0.0057732971316358855,false,false
PEPE,hour,2026-04-16T20:00:00.000Z,0.00000399864608592358,86217.28185266755,0.004779593480387814,0.2524984240764454,0.010324382379383738,0.005876228376456502,false,false
PEPE,hour,2026-04-16T19:00:00.000Z,0.00000401326755147139,173771.56718750694,0.008148135953814627,0.3557876131547268,0.014018738626883626,0.005587912781373391,false,false
PEPE,hour,2026-04-16T18:00:00.000Z,0.00000398784269557492,150505.69611969925,0.00759472627902597,0.20356968676130072,0.006375591475732575,0.00563301764672151,false,false
PEPE,hour,2026-04-16T17:00:00.000Z,0.00000392766538027359,80964.0956098153,-0.017751184807243373,0.02180722499812801,0.021794670092755507,0.007795698822782774,false,false
PEPE,hour,2026-04-16T16:00:00.000Z,0.0000038792429665724,230934.44380584933,-0.033395377502268064,0.40637122855224944,0.027995083045410835,0.00908771946024998,false,false
PEPE,hour,2026-04-16T15:00:00.000Z,0.00000386413669707087,75109.73885595478,-0.031020781898272818,0.4214321813920724,0.016440588980942746,0.009205884681506618,false,false
PEPE,hour,2026-04-16T14:00:00.000Z,0.00000377718390290542,88066.30591755874,-0.03831321225172386,0.4298950275493486,0.027019882084236238,0.012406928026013894,false,false
PEPE,hour,2026-04-16T13:00:00.000Z,0.00000376987198907625,212544.94209768763,-0.02819389722134038,0.6239314734430839,0.025004750364936976,0.011806626395919,false,false
PEPE,hour,2026-04-16T12:00:00.000Z,0.0000038513647916078,100594.03336448879,-0.0033052416268687305,0.45031441278199835,0.021616861996292595,0.014241973551122356,false,false
PEPE,hour,2026-04-16T11:00:00.000Z,0.00000378593352319029,51499.49563815377,0.002316440107176056,0.24971444793353065,0.021616861996292595,0.015459889203517563,false,false
PEPE,hour,2026-04-16T10:00:00.000Z,0.0000037540635616677,96922.43971450227,-0.004193359205394011,0.2963522486664861,0.025918908495218797,0.014703365127793147,false,false
PEPE,hour,2026-04-16T09:00:00.000Z,0.00000380225252522559,88562.96882144189,-0.012751912384209096,0.017842268479264803,0.012836480460784339,0.014746035483873895,false,false
PEPE,hour,2026-04-16T08:00:00.000Z,0.0000038346560808604,63045.859981882735,0.012869364285364636,0.12403394215638028,0.021468075291963748,0.015018603595124767,false,false
PEPE,hour,2026-04-16T07:00:00.000Z,0.0000038918566280346,46990.73977882615,0.03670504350908944,0.08966627447970678,0.0235660578077186,0.013523240553455145,false,false
PEPE,hour,2026-04-16T06:00:00.000Z,0.00000392411977994192,125581.45981700998,0.03205133112748735,-0.18824754034228358,0.023330305820136822,0.013859235497603994,false,false
PEPE,hour,2026-04-16T05:00:00.000Z,0.00000391535307141625,163387.07299214415,0.021044127257885403,-0.05954136637076133,0.008289912756527474,0.011289485207186797,false,false
PEPE,hour,2026-04-16T04:00:00.000Z,0.00000396064517567967,236730.46285898198,0.017674995309323198,0.2819404010611526,0.011567821199592883,0.010217904880047575,false,false
PEPE,hour,2026-04-16T03:00:00.000Z,0.00000397325477259954,459623.4937127167,0.012521277487188896,0.6340637077354565,0.014788372881617407,0.009779564788842208,false,false
PEPE,hour,2026-04-16T02:00:00.000Z,0.00000388064794944849,493188.2904757688,-0.008863855017602892,0.8941799069581728,0.023863752743716524,0.012322883935216243,false,false
PEPE,hour,2026-04-16T01:00:00.000Z,0.00000375660038708672,31675.815482981558,-0.05151806827985665,0.8526345429900714,0.05767299238363683,0.017098094516197326,false,false
PEPE,hour,2026-04-16T00:00:00.000Z,0.00000374497584640962,29804.91280753452,-0.05745388585805837,0.832285670691965,0.03622776450452724,0.01619869672319033,false,false
PEPE,hour,2026-04-15T23:00:00.000Z,0.00000370847112539567,9057.934033503117,-0.044368060771214655,0.6904696143215082,0.01297819507382973,0.016320794977537113,false,false
PEPE,hour,2026-04-15T22:00:00.000Z,0.00000373410254557148,51119.55391717449,-0.005988883351174641,0.549407295177515,0.00984360394879845,0.016505489130965976,false,false
PEPE,hour,2026-04-15T21:00:00.000Z,0.00000372621868282106,20309.984045070174,-0.005008620711544164,0.2765170632229169,0.006911586826249134,0.01594276588252946,false,false
PEPE,hour,2026-04-15T20:00:00.000Z,0.00000373417878525825,71279.36041901264,0.00693214507901472,-0.21027971617726227,0.0021362413520945893,0.015917880198442202,false,false
PEPE,hour,2026-04-15T19:00:00.000Z,0.00000377548576253119,96900.52701577042,0.011082506828525332,-0.6893436770134458,0.013221736002040133,0.013828012161326736,true,false
PEPE,hour,2026-04-15T18:00:00.000Z,0.00000371837749366226,47345.88952337701,-0.002104328764962225,-0.6361785506132779,0.015358383855933732,0.008580306784256496,true,false
PEPE,hour,2026-04-15T17:00:00.000Z,0.00000369971344785185,49658.73234477491,-0.00922969664507273,-0.6253325552733842,0.020480590117955,0.008710157570060988,true,false
PEPE,hour,2026-04-15T16:00:00.000Z,0.00000367721781537951,71791.9916631674,-0.02602789503986851,-0.547777318354673,0.01119315753083885,0.008214217916023968,true,false
PEPE,hour,2026-04-15T15:00:00.000Z,0.0000036488858326081,35946.392053459895,-0.018688705267984315,-0.5483150410250033,0.013929626076412564,0.008321188376496756,true,false
PEPE,hour,2026-04-15T14:00:00.000Z,0.0000036750181545041,71719.55625161658,-0.006674920556911958,-0.47815603525620026,0.007764557202152721,0.008710859797862725,true,false
PEPE,hour,2026-04-15T13:00:00.000Z,0.0000036224397159659,48279.93316609943,-0.014896615366244424,-0.46953142948418236,0.01451464832015305,0.010241770557869956,true,false
PEPE,hour,2026-04-15T12:00:00.000Z,0.00000360288212467223,0.9704664686832024,-0.012607604086913275,-0.5401311743564222,0.02002175684235925,0.009580782029980377,true,false
PEPE,hour,2026-04-15T11:00:00.000Z,0.00000362278653315728,50346.9691993696,-0.014212615870429122,-0.5257656435234558,0.00552457943287854,0.007933521843247276,true,false
PEPE,hour,2026-04-15T10:00:00.000Z,0.00000357864887877004,3052.941946066325,-0.012088769069876246,-0.5216766781450523,0.01233360854401836,0.00898829885708353,true,false
PEPE,hour,2026-04-15T09:00:00.000Z,0.00000358586314887201,19500.665737475836,-0.004723711520750517,-0.5667756633799362,0.01233360854401836,0.00872095502147391,true,false
PEPE,hour,2026-04-15T08:00:00.000Z,0.00000357645607728832,112.99495588173905,-0.012788624293737436,-0.5791290645781305,0.0026302773976249224,0.00827614520780219,true,false
PEPE,hour,2026-04-15T07:00:00.000Z,0.00000355575079588598,27811.448360805294,-0.006398527393928047,-0.5877675308596558,0.008468634253241188,0.008126219183026315,true,false
PEPE,hour,2026-04-15T06:00:00.000Z,0.0000035808516475215,32029.481208378624,-0.0013975718376442686,-0.585920695915188,0.007059226890861281,0.00659083710073874,true,false
PEPE,hour,2026-04-15T05:00:00.000Z,0.00000359829309015101,793.8284519629535,0.006105768501216089,-0.5659839345581036,0.011964363282784433,0.006528789514628213,true,false
PEPE,hour,2026-04-15T04:00:00.000Z,0.00000360745070920657,4105.3550413643825,0.014539802221349991,-0.5918263291030473,0.0074281384160332095,0.006261936750870198,true,false
PEPE,hour,2026-04-15T03:00:00.000Z,0.00000357940352928301,194.9424454038999,-0.00040440609693842593,-0.5657658568246671,0.007835713323213405,0.005142831124632222,true,false
PEPE,hour,2026-04-15T02:00:00.000Z,0.00000357941706431743,2992.9080998830973,-0.005245827774631855,-0.5651593310309447,0.007835713323213405,0.0050861891692139845,true,false
PEPE,hour,2026-04-15T01:00:00.000Z,0.00000362381471286456,21663.399765690814,0.0045361683296815105,-0.5307281454939541,0.01240742576751214,0.006825869262147577,true,false
PEPE,hour,2026-04-15T00:00:00.000Z,0.00000358787362324504,7508.74367431581,0.00236634229494835,-0.5209486891913749,0.01240359749907952,0.007481289414548144,true,false
PEPE,hour,2026-04-14T23:00:00.000Z,0.00000356535703379261,33170.56891593756,-0.0039280224327536235,-0.48740167038566307,0.01639602388144743,0.00738665091525733,true,false
PEPE,hour,2026-04-14T22:00:00.000Z,0.00000357704684879213,22701.786026761903,-0.012905699595071481,-0.4146339806429737,0.006315381387899406,0.007260893000703231,true,false
PEPE,hour,2026-04-14T21:00:00.000Z,0.00000358720715407455,63918.788950035334,-0.0001857560328134504,-0.2946100159528649,0.006128452234893635,0.007276464561292504,true,false
PEPE,hour,2026-04-14T20:00:00.000Z,0.00000357300955001497,14131.832658691226,0.002146353408600964,-0.2940298394806274,0.003973570140477343,0.006818405438253008,true,false
PEPE,hour,2026-04-14T19:00:00.000Z,0.00000358033941310374,4676.734956581128,0.0009204699996372271,-0.24554693603540403,0.003973570140477343,0.00686226117576803,true,false
PEPE,hour,2026-04-14T18:00:00.000Z,0.00000359151103097774,87038.40538107698,0.00119978487952712,0.03564478485030675,0.005178122449376748,0.005173804564766825,false,false
PEPE,hour,2026-04-14T17:00:00.000Z,0.00000365962863476767,15064.980544291622,0.024242612156560615,0.06729310010635199,0.022145727685408373,0.007937612145418578,false,false
PEPE,hour,2026-04-14T16:00:00.000Z,0.00000365711595540344,75583.70928028336,0.02144392847748026,0.24719563632059602,0.018966279987002007,0.0075770134741714994,false,false
PEPE,hour,2026-04-14T15:00:00.000Z,0.00000370355232494661,71426.87884061379,0.031196143629376005,0.4196504281781773,0.012697538199345153,0.008867008633314601,false,false
PEPE,hour,2026-04-14T14:00:00.000Z,0.00000374738994713773,113847.66305370993,0.023980933894848972,0.5633453964212771,0.024684476192478613,0.009861811535701058,false,false
PEPE,hour,2026-04-14T13:00:00.000Z,0.00000376596577746582,105862.32625444318,0.029763842161349252,0.9444721298791077,0.016852320972705545,0.00992479712108587,false,false
PEPE,hour,2026-04-14T12:00:00.000Z,0.00000370115277100652,41210.5148024183,-0.0006479060452114497,1.1118698964475604,0.017511572871841824,0.011872425200555264,false,false
PEPE,hour,2026-04-14T11:00:00.000Z,0.00000369619542987658,36270.46698634952,-0.013661379782547717,0.906053019707988,0.01887626044480276,0.011824743988755307,false,false
PEPE,hour,2026-04-14T10:00:00.000Z,0.00000374438953477515,79308.52449269482,-0.005729272108571624,1.1692662775834108,0.013038841103750592,0.010647460920119539,false,false
PEPE,hour,2026-04-14T09:00:00.000Z,0.00000370936690839327,62816.42839452776,0.0022193456728121074,1.0753922493563093,0.013038841103750592,0.011221267752935691,false,false
PEPE,hour,2026-04-14T08:00:00.000Z,0.0000036758030545786,21698.847912372134,-0.005517125835162076,0.926274077407257,0.018658910496066494,0.01072270463321882,false,false
PEPE,hour,2026-04-14T07:00:00.000Z,0.00000364718534629936,8619.076087928575,-0.02595995624200648,0.5029778361091224,0.017049191688873963,0.010194238363585134,false,false
PEPE,hour,2026-04-14T06:00:00.000Z,0.00000363674692801369,26091.155328600937,-0.0195774594891816,0.13316379161529168,0.0107393028269475,0.01007983593667254,false,false
PEPE,hour,2026-04-14T05:00:00.000Z,0.00000366013038042494,106167.49991270265,-0.004263741533741359,0.3378401770464033,0.006429771681699457,0.008026112113257022,false,false
PEPE,hour,2026-04-14T04:00:00.000Z,0.00000370570383579602,155850.26607741968,0.016044835658279896,0.5907225230026365,0.01896115103615216,0.009275618463758815,false,false
PEPE,hour,2026-04-14T03:00:00.000Z,0.00000370541988611275,39767.00413809152,0.01888307310307334,0.43556424810463246,0.012451320208377107,0.00787804132837077,false,false
PEPE,hour,2026-04-14T02:00:00.000Z,0.00000370442855351987,58973.19316795853,0.012102894839988498,0.3793718874910077,0.0003442588398521423,0.007032634376417214,false,false
PEPE,hour,2026-04-14T01:00:00.000Z,0.00000372345832743277,120034.44708538846,0.004791125363351183,0.6253976775239692,0.005137033590462498,0.006434717870020545,false,false
PEPE,hour,2026-04-14T00:00:00.000Z,0.00000373152643628283,170699.76289830508,0.0070455038760716335,0.9499582674445393,0.007314996732009391,0.00577477213617811,false,false
PEPE,hour,2026-04-13T23:00:00.000Z,0.00000374432551798439,142695.696477866,0.010770072600431349,1.1631996478736955,0.005604249790545476,0.0058180225447536805,false,false
PEPE,hour,2026-04-13T22:00:00.000Z,0.00000369569554074139,122830.24039083073,-0.0074561830024620305,1.1224090454999047,0.013158545314921753,0.007238430246569028,false,false
PEPE,hour,2026-04-13T21:00:00.000Z,0.0000035878666753086,27149.672104625854,-0.03849892622423369,0.7405241485161278,0.04360776384265526,0.012481117577335488,false,false
PEPE,hour,2026-04-13T20:00:00.000Z,0.00000359089050473631,111083.27426434982,-0.040978011262940484,0.8875243043745338,0.030053754832881484,0.012485144899410503,false,false
PEPE,hour,2026-04-13T19:00:00.000Z,0.00000361233451762261,114769.61467277985,-0.022556247450529154,0.9888137739626021,0.0068196074515243215,0.012685935252709633,false,false
PEPE,hour,2026-04-13T18:00:00.000Z,0.00000351767672839533,20964.65354772043,-0.019563142464660514,0.6885784185076308,0.026909177998985907,0.016059551953780726,false,false
PEPE,hour,2026-04-13T17:00:00.000Z,0.0000035129326187298,21075.01466671084,-0.021709903407994564,0.23978773566033482,0.028295987905612528,0.016046809936575607,false,false
PEPE,hour,2026-04-13T16:00:00.000Z,0.00000351305208923639,26633.8061328649,-0.02748428416634045,-0.1139710348402268,0.001350469872446685,0.015994540793578746,false,false
PEPE,hour,2026-04-13T15:00:00.000Z,0.00000352023861071056,50998.46284325663,0.0007282881609189116,-0.3217507800018585,0.002079741564585377,0.015231815551869924,true,false
PEPE,hour,2026-04-13T14:00:00.000Z,0.00000353936227645415,16670.367495077913,0.0075235310758412855,-0.35593569858692514,0.007489267608178008,0.010532935671911449,true,false
PEPE,hour,2026-04-13T13:00:00.000Z,0.00000353793346130876,30647.402514240843,0.007082551422622973,-0.6306491975273063,0.005432491333230938,0.010529227815143856,true,false
PEPE,hour,2026-04-13T12:00:00.000Z,0.00000352807997764621,58033.14758846168,0.0022275100647416793,-0.7864101499987255,0.0031978580075917337,0.01033980188298894,true,false
PEPE,hour,2026-04-13T11:00:00.000Z,0.00000348954869647882,0.00591001106290877,-0.014074168193156851,-0.8286687633754636,0.013865622473978717,0.004838587901417107,true,false
PEPE,hour,2026-04-13T10:00:00.000Z,0.00000346861021468692,15869.737258100406,-0.01959427654023642,-0.786994537342531,0.017145127090810296,0.005322238301885201,true,false
PEPE,hour,2026-04-13T09:00:00.000Z,0.00000348491126926193,205.31539154034758,-0.01223575107644823,-0.7927875174657653,0.006036562339360387,0.005609497128204018,true,false
PEPE,hour,2026-04-13T08:00:00.000Z,0.00000348324831337538,5118.0625332192185,-0.0018055008402081392,-0.8495674530404362,0.004699592507104845,0.00555899309075744,true,false
PEPE,hour,2026-04-13T07:00:00.000Z,0.00000346909299009465,1609.769411135539,0.00013918410482845255,-0.8174979310467605,0.004559773754248187,0.005392408168702938,true,false
PEPE,hour,2026-04-13T06:00:00.000Z,0.00000349550605619346,21.033967923233263,0.0030401884331975383,-0.8612966489221807,0.0076138247588713875,0.006105213675668819,true,false
PEPE,hour,2026-04-13T05:00:00.000Z,0.00000346790900856663,480.8198541407041,-0.004403735659570622,-0.9838911584197829,0.007957834983172376,0.006718459233776138,true,false
PEPE,hour,2026-04-13T04:00:00.000Z,0.00000348098858201621,7810.558289564795,0.0034290207715750717,-0.9083448976442127,0.007957834983172376,0.005471280755375315,true,false
PEPE,hour,2026-04-13T03:00:00.000Z,0.00000349833877278458,51.5297125108253,0.0008103881228015401,-0.8983534347729377,0.008774672040927493,0.005319005903449404,true,false
PEPE,hour,2026-04-13T02:00:00.000Z,0.00000348023366463805,3336.2751663063873,0.0035539156422429155,-0.8711753872939585,0.00520226797714546,0.005384944832101141,true,false
PEPE,hour,2026-04-13T01:00:00.000Z,0.00000350605143042021,11138.282331118859,0.007199922612065369,-0.857533441996274,0.0074184001047082745,0.006063741923337738,true,false
PEPE,hour,2026-04-13T00:00:00.000Z,0.0000034948435102245,18352.14535575015,-0.0009991206647198634,-0.8055187767973709,0.0074184001047082745,0.005988710590351233,true,false
PEPE,hour,2026-04-12T23:00:00.000Z,0.00000347776285826292,118.1102823694288,-0.0007099541620539006,-0.7445372843400161,0.00813412912558957,0.005574487657911157,true,false
PEPE,hour,2026-04-12T22:00:00.000Z,0.00000345820090102627,29318.165320509383,-0.013647982736010575,-0.6361499661559391,0.010595859016564407,0.0051618874892894115,true,false
PEPE,hour,2026-04-12T21:00:00.000Z,0.00000350019898094087,25223.444524735893,0.0015323921373594333,-0.573924020490232,0.012144488164969392,0.006740720620911946,true,false
PEPE,hour,2026-04-12T20:00:00.000Z,0.00000349025941582986,693.8586856707306,0.003593274779287769,-0.5279133313373116,0.012144488164969392,0.00656210376124883,true,false
PEPE,hour,2026-04-12T19:00:00.000Z,0.00000346946417780895,27991.93260046865,0.0032569758394711793,-0.41346452727408906,0.008858659884285004,0.0066570728404654325,true,false
PEPE,hour,2026-04-12T18:00:00.000Z,0.00000348526241786775,14146.6033454247,-0.004267346843551425,-0.3460361530828128,0.005993789517677833,0.0062818286695349975,true,false
PEPE,hour,2026-04-12T17:00:00.000Z,0.00000348347555872688,23609.594410225523,-0.0019436541227314634,-0.2667750571391358,0.00455351006643828,0.00616720244682998,true,false
PEPE,hour,2026-04-12T16:00:00.000Z,0.00000347080871200905,860.1063575426086,0.00038753367413323916,-0.16646870902390343,0.004164362561581128,0.006041612393797527,true,false
PEPE,hour,2026-04-12T15:00:00.000Z,0.00000347047631909502,8556.07174454009,-0.004242463550786503,-0.24834753059089157,0.003745664409330897,0.005653048552634899,true,false
PEPE,hour,2026-04-12T14:00:00.000Z,0.00000346772930796715,2625.6396376390285,-0.004520270199767075,-0.28705726446386437,0.00088801742247443,0.0033510891890104868,true,false
PEPE,hour,2026-04-12T13:00:00.000Z,0.00000345101466273157,40148.0504573818,-0.005703007834742359,0.0928329872725994,0.005639401238604232,0.0036619094131010808,false,false
PEPE,hour,2026-04-12T12:00:00.000Z,0.00000348786637815521,19485.952448977954,0.005010856568738824,0.01758772913309534,0.01067851603808327,0.004942245516845085,false,false
PEPE,hour,2026-04-12T11:00:00.000Z,0.00000350086286502747,3740.1539136446636,0.009554827991964436,-0.04087776584361694,0.014444506085188123,0.004842860835842405,false,false
PEPE,hour,2026-04-12T10:00:00.000Z,0.00000349819673242021,15395.155185911231,0.013671941240404306,-0.09309987706989599,0.0037261997631727116,0.004847540525905682,false,false
PEPE,hour,2026-04-12T09:00:00.000Z,0.00000349296899223245,225.70051579802734,0.001462961456665398,0.011848868650754841,0.0022599321129314143,0.004682131223259146,false,false
PEPE,hour,2026-04-12T08:00:00.000Z,0.00000349119006715818,7030.766425368955,-0.002762975369849027,0.01919589695179264,0.002006956117325777,0.004685948645127287,false,false
PEPE,hour,2026-04-12T07:00:00.000Z,0.00000349509974277059,14398.440268666105,-0.0008853103145738256,0.18273589215093644,0.0011198690238003858,0.004695476229281326,false,false
PEPE,hour,2026-04-12T06:00:00.000Z,0.00000352483815226396,20728.577366324433,0.009123802731252309,0.089306854366698,0.009637998636141204,0.00538214162169782,false,false
PEPE,hour,2026-04-12T05:00:00.000Z,0.000003513235657823,6070.635434259546,0.006314634906934493,-0.10876720552411766,0.008508601093540288,0.0037950713788921222,false,false
PEPE,hour,2026-04-12T04:00:00.000Z,0.00000351063702673461,22183.833379304437,0.004445447943555245,0.11750061165560599,0.004045170554860608,0.003536190005236484,false,false
PEPE,hour,2026-04-12T03:00:00.000Z,0.00000351433506047365,7863.343136456274,-0.0029797373202977125,-0.005958039205075617,0.0010533796888936076,0.003546839578272609,false,false
PEPE,hour,2026-04-12T02:00:00.000Z,0.00000351595113435265,175693.8669541341,0.0007729275215580087,0.61698514115504,0.0015137160514094004,0.0035058168060656393,false,false
PEPE,hour,2026-04-12T01:00:00.000Z,0.00000353533177902769,29112.52664918317,0.007034265321370968,0.6897877522253791,0.005974592118490318,0.004070688242770325,false,false
PEPE,hour,2026-04-12T00:00:00.000Z,0.00000365199306857432,53899.47915619875,0.039170427899415175,0.8009329383681796,0.038692782983378256,0.012921612075960485,false,false
PEPE,hour,2026-04-11T23:00:00.000Z,0.00000365572718030924,50067.52875023568,0.0397548317981175,0.8741405213818929,0.034054908791237175,0.012524466062900794,false,false
PEPE,hour,2026-04-11T22:00:00.000Z,0.00000369843132897849,71911.49249892899,0.04613415660683955,1.0634043761409984,0.012715867618636793,0.01321278580841156,false,false
PEPE,hour,2026-04-11T21:00:00.000Z,0.00000371279613204185,105615.75040589948,0.016649282275682596,1.2139161306651638,0.01561083442987731,0.013290833138965629,false,false
PEPE,hour,2026-04-11T20:00:00.000Z,0.00000373102397262988,347597.2918167942,0.02059693970770281,1.193715413670497,0.008812558826228648,0.01341321478918214,false,false
PEPE,hour,2026-04-11T19:00:00.000Z,0.00000375108930512491,137817.10517179122,0.014237921827512733,1.0196764881066018,0.010313836720682146,0.013564432076043315,false,false
PEPE,hour,2026-04-11T18:00:00.000Z,0.00000366096905204829,76953.28718167217,-0.013959042767332822,1.0879944834983941,0.02461650229635189,0.016253014940504507,false,false
PEPE,hour,2026-04-11T17:00:00.000Z,0.00000361796287971159,11277.987215468218,-0.030302966088582108,0.998389963989064,0.03679596221394408,0.011555601825764624,false,false
PEPE,hour,2026-04-11T16:00:00.000Z,0.0000036459402070189,37115.287426764895,-0.02803161683256929,0.9686765700567644,0.011886847313405361,0.011910485399915887,false,false
PEPE,hour,2026-04-11T15:00:00.000Z,0.00000358257913030629,56581.214159969575,-0.021412342095091203,0.923116816104952,0.017685883384016863,0.012903407791026144,false,false
PEPE,hour,2026-04-11T14:00:00.000Z,0.00000356345144620853,5237.366188349752,-0.015066885790548918,0.7154324059862228,0.023148557530687553,0.012978647284327875,false,false
PEPE,hour,2026-04-11T13:00:00.000Z,0.00000355979345247083,33581.97179431212,-0.023628131471335186,0.06596922912296269,0.006400842672387239,0.012851830369550855,false,false
PEPE,hour,2026-04-11T12:00:00.000Z,0.00000358647020190622,8244.633480720047,0.0010861090455794174,-0.19796586487987708,0.007493903731092467,0.013000877178117078,true,false
PEPE,hour,2026-04-11T11:00:00.000Z,0.00000356911427416946,433135.4881662271,0.0015891413272812844,0.23977588674121297,0.007493903731092467,0.009375557862575223,false,false
PEPE,hour,2026-04-11T10:00:00.000Z,0.0000036011339157141,217.89789583182312,0.011613163458844972,0.22383733472277156,0.008971313072370302,0.008907783325987007,false,false
PEPE,hour,2026-04-11T09:00:00.000Z,0.00000360129581928233,35634.8316313437,0.0041337628758856566,0.21323895599869078,0.009016675466452684,0.00841854870216903,false,false
PEPE,hour,2026-04-11T08:00:00.000Z,0.00000359193237864245,33315.1989239432,0.006393212074527884,0.16951025278126822,0.0026067975821467675,0.005285217882270512,false,false
PEPE,hour,2026-04-11T07:00:00.000Z,0.00000359487877162299,4182.0349810758735,-0.001736992913208455,0.17940459688962754,0.0026067975821467675,0.004892388614560807,false,false
PEPE,hour,2026-04-11T06:00:00.000Z,0.00000357555415580113,6027.505734014153,-0.007147889196819642,0.1433675881326377,0.0054046491759904974,0.005285378153960477,false,false
PEPE,hour,2026-04-11T05:00:00.000Z,0.00000357889145207478,579843.7174710662,-0.003630615833753233,0.5685257054127547,0.0054046491759904974,0.004482924675554622,false,false
PEPE,hour,2026-04-11T04:00:00.000Z,0.00000359368481927098,17312.678640178277,-0.00033212590127791407,0.12652817514041403,0.005070728250733917,0.004377855886662687,false,false
PEPE,hour,2026-04-11T03:00:00.000Z,0.00000360490130555911,16752.907402064393,0.008207720671875654,0.14029974724938685,0.007267572608063129,0.003026134163363366,false,false
PEPE,hour,2026-04-11T02:00:00.000Z,0.0000036012965044627,21274.389923395847,0.006260333035507742,0.12168920940695918,0.0031211658373550347,0.003049621518341761,false,false
PEPE,hour,2026-04-11T01:00:00.000Z,0.00000359588973498582,8466.824301548108,0.000613552892289399,0.09659588464646095,0.0025060753352953704,0.002941841693576586,false,false
PEPE,hour,2026-04-11T00:00:00.000Z,0.00000360271065870167,19580.930521956743,-0.0006076856678605124,0.11327388739157877,0.0018968667613710201,0.003011881450385163,false,false
PEPE,hour,2026-04-10T23:00:00.000Z,0.00000361925239271772,35319.79044512888,0.004985951096436901,0.1376596232127141,0.006497045085836633,0.002814048081267274,false,false
PEPE,hour,2026-04-10T22:00:00.000Z,0.00000366267573021021,1295.250822009467,0.01857287073477325,-0.4742263732056468,0.016644431704140736,0.005302323194481829,true,false
PEPE,hour,2026-04-10T21:00:00.000Z,0.0000036400172707399,10501.106467376389,0.010355150766305025,-0.4823123242929019,0.011997874914681702,0.00558435934277377,true,false
PEPE,hour,2026-04-10T20:00:00.000Z,0.00000364679533326233,53858.96518173705,0.007610118763761567,-0.41583409203721217,0.00622482196786506,0.005503830927685952,true,false
PEPE,hour,2026-04-10T19:00:00.000Z,0.00000368694131693571,133371.55996936685,0.006625098292309755,-0.321293610752688,0.01289116031756405,0.006875545291230372,true,false
PEPE,hour,2026-04-10T18:00:00.000Z,0.00000361958216915498,47317.694161535364,-0.005614012260102841,-0.27779462206390226,0.018609647366136572,0.009773409011792729,true,false
PEPE,hour,2026-04-10T17:00:00.000Z,0.00000359009067932725,35610.844174513266,-0.015549173658822761,-0.25669471668288724,0.026977212070478665,0.010225852040130158,true,false
PEPE,hour,2026-04-10T16:00:00.000Z,0.00000358034402601409,50063.51236142844,-0.028912120307413764,-0.23522784318878748,0.010959322024864965,0.010130447513461947,true,false
PEPE,hour,2026-04-10T15:00:00.000Z,0.00000357676551253946,36472.37818804515,-0.011829171051949286,-0.1800550508687453,0.0037254795543834865,0.009080127712272077,true,false
PEPE,hour,2026-04-10T14:00:00.000Z,0.00000359089376359799,50147.9697238736,0.00022369470369222876,-0.06825443384180081,0.003950007628120745,0.008897620967117362,false,false
PEPE,hour,2026-04-10T13:00:00.000Z,0.0000035328806014262,26257.12888790811,-0.013256665907809464,-0.07036994570575442,0.01642092352296617,0.010796806447864689,false,false
PEPE,hour,2026-04-10T12:00:00.000Z,0.00000353606267191326,31456.275627217325,-0.011379790059902898,-0.17628255637640167,0.01642092352296617,0.009978119038117773,true,false
PEPE,hour,2026-04-10T11:00:00.000Z,0.00000351329099298459,37655.03735747098,-0.021610990389101335,-0.19506377625700153,0.006481580653051771,0.007546976704575117,true,false
PEPE,hour,2026-04-10T10:00:00.000Z,0.00000346833050522633,21553.722423410283,-0.01827123627495684,-0.20695936851123942,0.019528752114271193,0.008431721511184365,true,false
PEPE,hour,2026-04-10T09:00:00.000Z,0.00000350087305961059,2097.03048520375,-0.009951637051622138,-0.2469890817387933,0.012963149760528963,0.009082827657081613,true,false
PEPE,hour,2026-04-10T08:00:00.000Z,0.00000349099001819768,32716.453237921287,-0.006347602527499511,-0.2594041376290681,0.009382772009536728,0.009137648492150662,true,false
PEPE,hour,2026-04-10T07:00:00.000Z,0.00000351730977383698,22168.425857506605,0.014121857342270101,-0.2885447175058858,0.007539338554994888,0.009451766324159165,true,false
PEPE,hour,2026-04-10T06:00:00.000Z,0.00000351157235437843,56854.11632107163,0.0030561790118234303,-0.2670375984907309,0.007539338554994888,0.007198529618413798,true,false
PEPE,hour,2026-04-10T05:00:00.000Z,0.00000356030016822543,31268.37302444336,0.019854009798496487,-0.19101811308738392,0.013876351938539248,0.008878835503777292,true,false
PEPE,hour,2026-04-10T04:00:00.000Z,0.0000035341613639437,38262.739430922134,0.004791045199393059,-0.20338009876116692,0.013876351938539248,0.008979304946393318,true,false
PEPE,hour,2026-04-10T03:00:00.000Z,0.00000351216716548655,10941.634030589195,0.00016938597531053633,-0.20977681344967974,0.013704644588638782,0.007905486442788582,true,false
PEPE,hour,2026-04-10T02:00:00.000Z,0.00000351459193865727,10846.692158935168,-0.012838307841594846,-0.18973007693498395,0.006262286907435112,0.00707849756533185,true,false
PEPE,hour,2026-04-10T01:00:00.000Z,0.000003492651060049,53734.47496849006,-0.011745446690181504,-0.1770267048723432,0.006282012783711126,0.007386871347210018,true,false
PEPE,hour,2026-04-10T00:00:00.000Z,0.00000350735618386953,34882.28390259355,-0.0013698042804728674,-0.16907793727409895,0.006282012783711126,0.007002013727344202,true,false
PEPE,hour,2026-04-09T23:00:00.000Z,0.00000352822493863647,82030.22274845606,0.0038789709352170976,0.11990383817871632,0.010185351463930901,0.007326324136737056,false,false
PEPE,hour,2026-04-09T22:00:00.000Z,0.0000035975376856678,77898.33900427312,0.030030662615729082,0.2895275613637449,0.025712102526974052,0.008978524805318192,false,false
PEPE,hour,2026-04-09T21:00:00.000Z,0.00000361410911378291,84091.38105420499,0.03043686592321046,0.4333541194893836,0.024342035057331526,0.008710573840704765,false,false
PEPE,hour,2026-04-09T20:00:00.000Z,0.00000359330944044102,93970.97097396475,0.018446811905848275,0.733310772464353,0.005788444799047832,0.008664045487139485,false,false
PEPE,hour,2026-04-09T19:00:00.000Z,0.00000351708968310687,14962.186314169729,-0.022361962428198122,0.7516013822510844,0.027585145508810822,0.011860181928855603,false,false
PEPE,hour,2026-04-09T18:00:00.000Z,0.00000353679127915661,32895.15519976675,-0.021393331576912773,0.6390189809321148,0.021671257830087595,0.01181182283418622,false,false
PEPE,hour,2026-04-09T17:00:00.000Z,0.00000351111410628307,79327.37752292756,-0.02287454935911725,0.7879198345737435,0.007313112617898526,0.012024230891012174,false,false
PEPE,hour,2026-04-09T16:00:00.000Z,0.00000346343522214085,39948.221533278,-0.015255357639508207,0.5605629281340713,0.021180144079731497,0.012894174436348873,false,false
PEPE,hour,2026-04-09T15:00:00.000Z,0.00000351192258385198,33460.62452890315,-0.007031428586467264,0.31828931167732055,0.013999788822716512,0.011823802713461872,false,false
PEPE,hour,2026-04-09T14:00:00.000Z,0.00000345139385576356,26361.678590211955,-0.017008917600439606,0.055521886575985474,0.017537473443473256,0.013415075310757956,false,false
PEPE,hour,2026-04-09T13:00:00.000Z,0.00000347454164284799,34289.71457949113,0.0032067643812535183,-0.16123153831711282,0.017537473443473256,0.013475468710383558,false,false
PEPE,hour,2026-04-09T12:00:00.000Z,0.00000347608718679524,4738.565264454522,-0.010203925684897927,-0.15701322659277378,0.007154596682857257,0.010768019079234694,false,false
PEPE,hour,2026-04-09T11:00:00.000Z,0.00000347878393965484,16624.94837674343,0.007935948499630254,-0.22535167551209792,0.0012209658835380696,0.010563070099903437,false,false
PEPE,hour,2026-04-09T10:00:00.000Z,0.00000347596702889724,12132.21622011531,0.0004102371465842068,-0.5645015531968688,0.0008103962822954115,0.010202326458534661,true,false
PEPE,hour,2026-04-09T09:00:00.000Z,0.00000347082243228457,33598.850633424896,-0.0015145634236877832,-0.5976024524382588,0.002293838859693383,0.008814516058564625,true,false
PEPE,hour,2026-04-09T08:00:00.000Z,0.00000346923051252056,25116.90329314645,-0.002746197320672812,-0.612708792609481,0.0019417897866306905,0.007079097355992039,true,false
PEPE,hour,2026-04-09T07:00:00.000Z,0.00000348142443400788,29704.456778590455,0.0015700393776092317,-0.5988239680013052,0.003514877850667972,0.0029484128572384322,true,false
PEPE,hour,2026-04-09T06:00:00.000Z,0.00000349535057297837,98.70111962518118,0.007066953487924481,-0.730793623208767,0.007529064547178905,0.0021416936554570602,true,false
PEPE,hour,2026-04-09T05:00:00.000Z,0.00000347509982182036,12338.019562734326,0.001691818770363442,-0.6451783443145471,0.005827386894285541,0.0030629534331461615,true,false
PEPE,hour,2026-04-09T04:00:00.000Z,0.00000349619161896144,19524.607099144312,0.004241707735864771,-0.6253402297034898,0.006069407563098862,0.003811369220202426,true,false
PEPE,hour,2026-04-09T03:00:00.000Z,0.00000348644502812596,32188.344160688426,-0.0025478259380492868,-0.5686085197633374,0.006069407563098862,0.003942858645426159,true,false
PEPE,hour,2026-04-09T02:00:00.000Z,0.00000349846000593405,9182.90732133423,0.0067221620417951995,-0.6653686634739611,0.0034461974048528563,0.004113820437858007,true,false
PEPE,hour,2026-04-09T01:00:00.000Z,0.00000351499325298136,11045.73897700275,0.005377747008473505,-0.7226177853557896,0.008188347908856908,0.00447984164754919,true,false
PEPE,hour,2026-04-09T00:00:00.000Z,0.0000035181260474533,11197.126725939097,0.0090869120470168,-0.7666471254672915,0.005621342386619385,0.0042922760288940645,true,false
PEPE,hour,2026-04-08T23:00:00.000Z,0.00000354650993916567,27665.413201667063,0.013734595550647453,-0.6072428696779028,0.00896635751934317,0.005036976455126812,true,false
PEPE,hour,2026-04-08T22:00:00.000Z,0.00000356819874933323,37881.14167942785,0.01513672787472407,-0.4639272260134452,0.014232776541982276,0.0050851135868393025,true,false
PEPE,hour,2026-04-08T21:00:00.000Z,0.00000355605149553137,55856.48339919297,0.010780014009311499,-0.31964652559333445,0.006115536270754802,0.004721110661919154,true,false
PEPE,hour,2026-04-08T20:00:00.000Z,0.00000355141720291485,8594.740916903645,0.001383688142245752,-0.44752986676555817,0.004725309773407149,0.004628010653610456,true,false
PEPE,hour,2026-04-08T19:00:00.000Z,0.00000352534585179749,27018.13664742804,-0.012009672259357115,-0.315870065081998,0.0087099663479043,0.005242465773525339,true,false
PEPE,hour,2026-04-08T18:00:00.000Z,0.00000357435763923734,2.20559735783252,0.005147884874269685,-0.32324431632893136,0.01390268912619176,0.0071792044460963185,true,false
PEPE,hour,2026-04-08T17:00:00.000Z,0.00000358325470811381,30219.527687185353,0.008964732494067153,-0.1632853249883967,0.016426432682283842,0.0072326008711734,false,false
PEPE,hour,2026-04-08T16:00:00.000Z,0.00000357528710731075,26281.158748426402,0.014166342144217187,-0.1080351990270534,0.002489137846421052,0.0066177157975217124,false,false
PEPE,hour,2026-04-08T15:00:00.000Z,0.00000357614254924793,18753.016604868102,0.0004993652540518283,-0.1477806586500866,0.0022285205534313267,0.006204192494505518,false,false
PEPE,hour,2026-04-08T14:00:00.000Z,0.00000358553981229297,42465.26407486005,0.0006377174846057044,-0.19500930728143007,0.0028676592045587574,0.00614935743571643,false,false
PEPE,hour,2026-04-08T13:00:00.000Z,0.00000362712307049777,44889.42403815872,0.014498405759085968,0.058384806701351454,0.014255729615856975,0.007521016976693496,false,false
PEPE,hour,2026-04-08T12:00:00.000Z,0.00000364290282469753,28700.154250760672,0.018668236662892468,0.08130655187746244,0.015998431312320618,0.007176493106484759,false,false
PEPE,hour,2026-04-08T11:00:00.000Z,0.0000036501981633893,85144.17918739116,0.018033086921709837,0.7691578820698739,0.006361816911926155,0.004984052073579998,false,false
PEPE,hour,2026-04-08T10:00:00.000Z,0.00000370204248630479,26409.893630107345,0.020655327748980542,0.7722413710110341,0.01623421333292647,0.007236871781562956,false,false
PEPE,hour,2026-04-08T09:00:00.000Z,0.00000369388323164106,30406.577183530695,0.013994446021975103,0.8143468818499144,0.01420315297823478,0.007236013317421076,false,false
PEPE,hour,2026-04-08T08:00:00.000Z,0.00000368900691446358,41581.31073780469,0.01063195731769391,0.9619732926820612,0.00353362629657896,0.007252654390301385,false,false
PEPE,hour,2026-04-08T07:00:00.000Z,0.00000371225455116659,5295.013780462532,0.0027584947767558972,0.6984316856910349,0.006301868563016977,0.007566699947579036,false,false
PEPE,hour,2026-04-08T06:00:00.000Z,0.00000370217447598681,59658.56340923617,0.0022445875588943407,0.6898582394108195,0.006301868563016977,0.006270333362069186,false,false
PEPE,hour,2026-04-08T05:00:00.000Z,0.0000037115046902676,9504.069643462306,0.006098599521679527,0.5475191623229557,0.002722744496555182,0.006126176435276745,false,false
PEPE,hour,2026-04-08T04:00:00.000Z,0.00000370577646581851,47646.36518757152,-0.0017450541870961548,0.19156634267972394,0.0025201984242795464,0.006107296319897795,false,false
PEPE,hour,2026-04-08T03:00:00.000Z,0.00000371388711471255,26934.055169321793,0.0031637187284691906,0.2078402768411011,0.0021886503324880157,0.0030931264513296927,false,false
PEPE,hour,2026-04-08T02:00:00.000Z,0.00000370467318783737,38799.83078587523,-0.0018406288016134243,0.2464880802021987,0.002487109228805881,0.0031230501056500604,false,false
PEPE,hour,2026-04-08T01:00:00.000Z,0.00000366195660284161,27221.401955959413,-0.011824745335043173,0.1411928740551116,0.014181083366920035,0.005358970836090183,false,false
PEPE,hour,2026-04-08T00:00:00.000Z,0.0000036505874011873,244376.9501048062,-0.017044059652348786,0.6722521939600238,0.014815639431747227,0.004945911876734398,false,false
PEPE,hour,2026-04-07T23:00:00.000Z,0.00000373772302105472,312967.49310452986,0.0089211197699851,0.8408716175736555,0.023868931295571858,0.010143678257512176,false,false
PEPE,hour,2026-04-07T22:00:00.000Z,0.000003720413792992,258884.49315173886,0.01596337600096857,1.0951954986328163,0.023868931295571858,0.010250223092862729,false,false
PEPE,hour,2026-04-07T21:00:00.000Z,0.00000359287713842552,145059.92998546272,-0.015808486804893527,1.204333308944526,0.040314733025542476,0.01668964066974611,false,false
PEPE,hour,2026-04-07T20:00:00.000Z,0.00000348475387352164,42751.585863075794,-0.06768001430499156,1.2267511990392845,0.067625986805262,0.020279094695239853,false,false
PEPE,hour,2026-04-07T19:00:00.000Z,0.00000345001335142342,97946.13843712142,-0.07268020618510845,1.3033266908813357,0.041409633079581114,0.02060827886867128,false,false
PEPE,hour,2026-04-07T18:00:00.000Z,0.00000338597895516576,8446.671842703314,-0.057585654974672315,1.2682873577365608,0.029171746092865075,0.021345486919263818,false,false
PEPE,hour,2026-04-07T17:00:00.000Z,0.00000342291090500045,39646.072558509135,-0.017746724952684357,0.8812606234028826,0.01891163445064159,0.02170393128990522,false,false
PEPE,hour,2026-04-07T16:00:00.000Z,0.0000033531322022218,460.11053078601736,-0.028081383847876555,0.3082855016412582,0.020810006456773278,0.02126438760577628,false,false
PEPE,hour,2026-04-07T15:00:00.000Z,0.0000033405119286716,10810.446502090472,-0.013428029853757408,-0.13266915998129064,0.0246665714981049,0.021239763642555032,false,false
PEPE,hour,2026-04-07T14:00:00.000Z,0.00000332912281391886,31934.656692532953,-0.02740009707660727,-0.35354015500512714,0.0072119262775642064,0.01670257349033642,true,false
PEPE,hour,2026-04-07T13:00:00.000Z,0.0000033336397938933,2731.5089088089385,-0.0058131940982178824,-0.41478348832660966,0.003421055752320842,0.01207717683563685,true,false
PEPE,hour,2026-04-07T12:00:00.000Z,0.0000033505018023579,12576.08642389879,0.0029905217821727453,-0.579930460741513,0.00642180827623893,0.011625566939496023,true,false
PEPE,hour,2026-04-07T11:00:00.000Z,0.00000334062846483676,15350.421761210984,0.0034560608187223646,-0.5589962086259219,0.0050581375034845335,0.009287354143584404,true,false
PEPE,hour,2026-04-07T10:00:00.000Z,0.00000334639672746571,29601.546033409344,0.0038267282493383912,-0.5793164545846778,0.0029555329558693427,0.008358709602262407,true,false
PEPE,hour,2026-04-07T09:00:00.000Z,0.00000340941825252184,38659.710060000994,0.017584366055997287,-0.5191098605422789,0.0205918701852532,0.007680827682214339,true,false
PEPE,hour,2026-04-07T08:00:00.000Z,0.00000337019010782173,3214.067077252115,0.008849126233621663,-0.5120824248046978,0.018832652010109224,0.008723285066612033,true,false
PEPE,hour,2026-04-07T07:00:00.000Z,0.00000334336289555031,11127.964894908784,-0.0009065966059851346,-0.5328568007910063,0.019757160390648423,0.009140789732610802,true,false
PEPE,hour,2026-04-07T06:00:00.000Z,0.00000336040570160072,10959.770229264082,-0.01437563457779555,-0.5083802754153546,0.008024020457702813,0.009326556043419504,true,false
PEPE,hour,2026-04-07T05:00:00.000Z,0.00000337105647548436,34.8145121465455,0.0002570678908051146,-0.49205430415465773,0.008283151066522767,0.009207531969855113,true,false
PEPE,hour,2026-04-07T04:00:00.000Z,0.00000336154547831118,208.87159160259495,0.00543841136272382,-0.5055332699696726,0.0031694904810353006,0.00920189213279466,true,false
PEPE,hour,2026-04-07T03:00:00.000Z,0.00000333713781418225,9320.094896708988,-0.006924130442757607,-0.5312318766663298,0.010163997770173487,0.009583114764514648,true,false
PEPE,hour,2026-04-07T02:00:00.000Z,0.00000336060031948354,4549.531102167698,-0.003101744535240371,-0.573696854768409,0.007313951502152997,0.0070085217311904695,true,false
PEPE,hour,2026-04-07T01:00:00.000Z,0.000003337479941763,37030.5385811742,-0.007159069155378628,-0.5292723084962292,0.007030727110393284,0.00606597325684433,true,false
PEPE,hour,2026-04-07T00:00:00.000Z,0.00000335007363087944,15302.40692843211,0.003876320792691012,-0.501539512436106,0.00692749563262597,0.005449577572845833,true,false
PEPE,hour,2026-04-06T23:00:00.000Z,0.0000033124724728485,43936.57393462264,-0.014321205159688852,-0.45901460664662896,0.011351387321448624,0.006648726506880549,true,false
PEPE,hour,2026-04-06T22:00:00.000Z,0.00000335936412774321,111866.62287590883,0.006557098877619004,-0.28257953118983853,0.01415608892724962,0.008426314368827145,true,false
PEPE,hour,2026-04-06T21:00:00.000Z,0.00000343668308854466,10316.74448501717,0.02585300121970267,-0.2569019988686958,0.03749785597141802,0.01199303614165175,true,false
PEPE,hour,2026-04-06T20:00:00.000Z,0.00000346806420081877,3241.4627256398417,0.04697147802604126,-0.2514859975673092,0.03235733577609635,0.012167575948535514,true,false
PEPE,hour,2026-04-06T19:00:00.000Z,0.00000346009934081551,46145.763798382555,0.029986393032056656,-0.18618361975756867,0.009131220850334201,0.011907681595305504,true,false
PEPE,hour,2026-04-06T18:00:00.000Z,0.00000346485660032326,15202.19049302255,0.008197878900300564,-0.1445329958944948,0.002301916569072481,0.011629875657274824,true,false
PEPE,hour,2026-04-06T17:00:00.000Z,0.00000345672562407491,9145.339710958933,-0.0032694252722262626,-0.023963701729991828,0.002352219161312863,0.01157653354718559,false,false
PEPE,hour,2026-04-06T16:00:00.000Z,0.00000349697278652843,51746.25126488573,0.010656759266405667,0.1970787568851017,0.01164314638489448,0.011617152742665487,false,false
PEPE,hour,2026-04-06T15:00:00.000Z,0.00000350281794380097,45907.68257244571,0.010956108103916435,0.023133740065949628,0.013334098432644746,0.010350310504850094,false,false
PEPE,hour,2026-04-06T14:00:00.000Z,0.00000348941373790969,56740.51864364852,0.009456380803590066,0.2497096611828395,0.0038413919638288626,0.0059378767277513825,false,false
PEPE,hour,2026-04-06T13:00:00.000Z,0.00000351911992426295,22377.05227467959,0.006333231365093495,0.5092259046525117,0.00851323132895544,0.005806983330670992,false,false
PEPE,hour,2026-04-06T12:00:00.000Z,0.00000352150940863758,18679.7553063224,0.005336122269696728,0.33080900824402754,0.009198012370730412,0.005747315753379435,false,false
PEPE,hour,2026-04-06T11:00:00.000Z,0.00000351344909942145,11318.261922519801,0.006888080152443757,0.34877431527324704,0.002294130066508414,0.005788963921714283,false,false
PEPE,hour,2026-04-06T10:00:00.000Z,0.00000354522843008075,8949.935050512753,0.007419044073432148,0.3386745670720127,0.009045052243544103,0.006656294848190853,false,false
PEPE,hour,2026-04-06T09:00:00.000Z,0.00000352056630788757,47742.95515633753,-0.0002678115093762526,0.25755768129988316,0.009045052243544103,0.005667871204538625,false,false
PEPE,hour,2026-04-06T08:00:00.000Z,0.00000347763098010348,19901.114406615896,-0.010194574705484767,0.11658434779593542,0.019437786919893014,0.007296286125313315,false,false
PEPE,hour,2026-04-06T07:00:00.000Z,0.00000349224648098311,56542.39244632915,-0.014944579776043791,0.038270634409209726,0.012346142540636191,0.00732451480816982,false,false
PEPE,hour,2026-04-06T06:00:00.000Z,0.00000349725012554461,19485.944016965266,-0.006622849934887329,0.011311009536217963,0.005641525956427499,0.0066087244547634386,false,false
PEPE,hour,2026-04-06T05:00:00.000Z,0.00000353745070536446,35770.02044072108,0.017201286048814726,0.08557444933457374,0.012944167780684383,0.007891187761325011,false,false
PEPE,hour,2026-04-06T04:00:00.000Z,0.00000355654116967653,29194.52371985052,0.018410696107372285,0.19385440508573032,0.016953618415464892,0.00810302064342358,false,false
PEPE,hour,2026-04-06T03:00:00.000Z,0.0000035267284003448,65395.178514170446,0.00842898670154439,0.47770557079538895,0.008453378300641272,0.008012434324682021,false,false
PEPE,hour,2026-04-06T02:00:00.000Z,0.00000356234931223767,50691.028042465405,0.007038573522862703,0.4319365845031678,0.010100270803214509,0.008465540207353128,false,false
PEPE,hour,2026-04-06T01:00:00.000Z,0.00000355657225284769,205526.90827880206,0.000008739719203800207,0.7686182785347384,0.010100270803214509,0.007108600104715358,false,false
PEPE,hour,2026-04-06T00:00:00.000Z,0.00000356539507701357,416870.8805077398,0.010963894090905726,0.8685657074197218,0.0024807099472858164,0.0069925998683464125,false,false
PEPE,hour,2026-04-05T23:00:00.000Z,0.00000348092293662873,120048.30552494581,-0.022857493320269807,0.9940586866044847,0.024267167622691245,0.011433914885797971,false,false
PEPE,hour,2026-04-05T22:00:00.000Z,0.00000337061485450499,46875.72313435256,-0.052285567429090456,1.0019391826415591,0.05778774227148701,0.016131152585527032,false,false
PEPE,hour,2026-04-05T21:00:00.000Z,0.00000333495147928363,7124.996133434453,-0.06463339763260208,0.9623506780948536,0.043770189237192614,0.01649968688932487,false,false
PEPE,hour,2026-04-05T20:00:00.000Z,0.00000334045580316539,20797.94052745339,-0.040353416614095534,0.8779324677763262,0.010693821317310642,0.016202015503934464,false,false
PEPE,hour,2026-04-05T19:00:00.000Z,0.00000332484987336789,35315.40253384263,-0.013577635865436468,0.8505622091811514,0.004693724646788912,0.0158496087901707,false,false
PEPE,hour,2026-04-05T18:00:00.000Z,0.00000334841924294313,213.9839775904076,0.004038368696864169,0.4819707083775519,0.007088852270904287,0.01606119729769331,false,false
PEPE,hour,2026-04-05T17:00:00.000Z,0.00000332208566370211,12222.676044204349,-0.00549929127811615,-0.23624427442148271,0.007926821252307469,0.016309224956116846,true,false
PEPE,hour,2026-04-05T16:00:00.000Z,0.000003331147305345,10142.943866686655,0.0018940500223942722,-0.39356750385968226,0.007926821252307469,0.013598530264837913,true,false
PEPE,hour,2026-04-05T15:00:00.000Z,0.00000330355221742846,11498.027902050448,-0.01339946472032381,-0.45827880589945064,0.00835315626947182,0.006831118898285745,true,false
PEPE,hour,2026-04-05T14:00:00.000Z,0.00000330969976848078,2730.6136026810054,-0.003728349138211933,-0.46596658099045174,0.00835315626947182,0.005567238552440821,true,false
PEPE,hour,2026-04-05T13:00:00.000Z,0.00000331578126402246,13.5531608110407,-0.004612837534348789,-0.4810201898923844,0.0037017869823529307,0.005575578056338098,true,false
PEPE,hour,2026-04-05T12:00:00.000Z,0.00000331569810823719,207.10551040637506,0.003676615355026768,-0.5362086750237159,0.0018374764985016631,0.00528720878557298,true,false
PEPE,hour,2026-04-05T11:00:00.000Z,0.00000332008281018354,10378.933526784715,0.003137155158797414,-0.518611242639595,0.0013224068667340278,0.004590838526164945,true,false
PEPE,hour,2026-04-05T10:00:00.000Z,0.00000332531765917345,2215.9419108309835,0.002876062801386723,-0.5131321979245216,0.0029012143513192047,0.003539021604314775,true,false
PEPE,hour,2026-04-05T09:00:00.000Z,0.00000331990754358505,413.011881887289,0.0012695472297077743,-0.5088519084104062,0.001629598269642669,0.0034414262542856585,true,false
PEPE,hour,2026-04-05T08:00:00.000Z,0.00000333534217182779,8312.478609907721,0.00459607862714914,-0.4930237977474936,0.004649113880464445,0.002243125887331847,true,false
PEPE,hour,2026-04-05T07:00:00.000Z,0.00000331871044069896,175.5666911878488,-0.0019869435499681445,-0.4866283287494583,0.005011504144762641,0.0028474223457575962,true,false
PEPE,hour,2026-04-05T06:00:00.000Z,0.00000331556657169888,21611.496227081396,-0.0013075580657533027,-0.44986783963931204,0.005964470838170147,0.002784724429263993,true,false
PEPE,hour,2026-04-05T05:00:00.000Z,0.00000335893401424889,13542.174146614268,0.007073289997161444,-0.42738725158982066,0.013079949267249582,0.0056461871645260096,true,false
PEPE,hour,2026-04-05T04:00:00.000Z,0.00000337723997721077,81.20188774255823,0.017636228757421463,-0.4411624769891952,0.01860116640043471,0.005987489939764604,true,false
PEPE,hour,2026-04-05T03:00:00.000Z,0.00000339759729920773,102.96369411356754,0.0247410889617028,-0.42348543507731035,0.011510581867588634,0.0063761234633759045,true,false
PEPE,hour,2026-04-05T02:00:00.000Z,0.00000339762852169941,10103.348653064271,0.011519877224849978,-0.4019522043053396,0.006037043451522408,0.006346354048467145,true,false
PEPE,hour,2026-04-05T01:00:00.000Z,0.0000033892807800623,3677.738952778774,0.003565279024523065,-0.38747858223469506,0.0024629832046420795,0.0061698651011178225,true,false
PEPE,hour,2026-04-05T00:00:00.000Z,0.00000341464340430471,6847.767660418015,0.005017105794425652,-0.37006038161874366,0.007483187699174269,0.006514408995148093,true,false
PEPE,hour,2026-04-04T23:00:00.000Z,0.00000341060818077381,6732.673147662808,0.0038202113596303407,-0.3832951289676542,0.007483187699174269,0.006519887992651289,true,false
PEPE,hour,2026-04-04T22:00:00.000Z,0.00000341443442901258,4403.976099814038,0.007421529988972267,-0.38818037580598047,0.001183138993698383,0.004308562013167335,true,false
PEPE,hour,2026-04-04T21:00:00.000Z,0.00000341672017086887,17329.5387643272,0.0006081942733878374,-0.33917531959635305,0.0017920528454468095,0.0037957324835233616,true,false
PEPE,hour,2026-04-04T20:00:00.000Z,0.00000340577611509076,5692.757498468262,-0.001416775374635294,-0.31076823895388905,0.003213380858952392,0.003273907384003135,true,false
PEPE,hour,2026-04-04T19:00:00.000Z,0.00000341732038072113,17933.51907475784,0.0008452210076222843,-0.2399226773056789,0.0033896137738526908,0.003514863535908359,true,false
PEPE,hour,2026-04-04T18:00:00.000Z,0.00000339226335491685,1434.2440211624762,-0.00715798038146052,-0.2067372261515997,0.007386521381944491,0.004384858295937965,true,false
PEPE,hour,2026-04-04T17:00:00.000Z,0.00000341079935069966,51893.8919046849,0.001474916565020892,0.3113806131647694,0.007386521381944491,0.003940668611507448,false,false
PEPE,hour,2026-04-04T16:00:00.000Z,0.00000336291862161002,5623.043541800403,-0.01591942020362457,0.46978998310843567,0.014237849462654094,0.006624319056118498,false,false
PEPE,hour,2026-04-04T15:00:00.000Z,0.00000336418664299393,21146.723927130624,-0.008276689922150285,0.6312277109367125,0.014237849462654094,0.006612284741212706,false,false
PEPE,hour,2026-04-04T14:00:00.000Z,0.00000336998723482553,22866.51124151844,-0.011965557535877278,0.6902594480983062,0.0021019281198442694,0.006639450640139556,false,false
PEPE,hour,2026-04-04T13:00:00.000Z,0.00000336364774965619,17941.791118576642,0.000216814061893838,0.9672746186812977,0.0018847054273112625,0.0065664605796463705,false,false
PEPE,hour,2026-04-04T12:00:00.000Z,0.00000337268783534749,0,0.0025269681072137393,0.7257754430346753,0.002687583945799413,0.006520099878820324,false,false
PEPE,hour,2026-04-04T11:00:00.000Z,0.00000337268783534749,8151.412129946651,0.0008013681755384387,0.8297429843503422,0.002687583945799413,0.005896991025088134,false,false
PEPE,day,2026-05-04T00:00:00.000Z,0.00000399612796431032,492772.90023682785,,,,,false,false
PEPE,day,2026-05-03T00:00:00.000Z,0.0000039462833490177,204442.73691732754,,0,,0.012551671707688665,false,false
PEPE,day,2026-05-02T00:00:00.000Z,0.00000398677595035491,310792.5011114475,,0,0.012630774550192174,0.011440306024491016,false,false
PEPE,day,2026-05-01T00:00:00.000Z,0.00000394847157054331,536192.7584419412,-0.011925642570165913,0,0.010260946251436691,0.01087760608364475,false,false
PEPE,day,2026-04-30T00:00:00.000Z,0.00000388514552659399,778335.3957000125,-0.015492507003818726,0,0.0261587173672789,0.012413450238452913,false,false
PEPE,day,2026-04-29T00:00:00.000Z,0.00000383529400194746,1522982.4380779746,-0.03799610268893216,0,0.029509489634531757,0.012515233481695729,false,false
PEPE,day,2026-04-28T00:00:00.000Z,0.00000387257924545931,353882.2169179379,-0.019220684188326835,0,0.012998097309154624,0.012088247949780478,false,false
PEPE,day,2026-04-27T00:00:00.000Z,0.00000388981388469067,618853.7450904545,0.0012015915658049737,0.0403885471499803,0.01421530727905779,0.01131669412461112,false,false
PEPE,day,2026-04-26T00:00:00.000Z,0.00000388259652492433,397583.70078035106,0.012333480289347162,0.17793400940585924,0.004450429065219998,0.010298249479822068,false,false
PEPE,day,2026-04-25T00:00:00.000Z,0.000003853358653352,295258.38043070986,-0.0049632534001330265,0.2546841329138637,0.009460638009119213,0.009966366381213631,false,false
PEPE,day,2026-04-24T00:00:00.000Z,0.0000038575366229875,509875.7166053866,-0.00829789359079765,0.26692559931747833,0.007587633076120904,0.009283378224074098,false,false
PEPE,day,2026-04-23T00:00:00.000Z,0.00000383755751837952,439328.62965795083,-0.011600228418194535,0.1589001686004947,0.005206203297877008,0.007258727210656327,false,false
PEPE,day,2026-04-22T00:00:00.000Z,0.00000379720609953847,1067372.9815596393,-0.014572366308203208,-0.15207223667123262,0.015888135083413763,0.006695199175757076,false,false
PEPE,day,2026-04-21T00:00:00.000Z,0.000003787268088661,477420.09959213185,-0.018215908543229804,-0.08343644752314587,0.013278550274559427,0.005695216207277129,false,false
PEPE,day,2026-04-20T00:00:00.000Z,0.0000037531395345371,644725.5826714886,-0.02199784197060498,-0.08980646398375322,0.011741254114285142,0.006428429265746722,false,false
PEPE,day,2026-04-19T00:00:00.000Z,0.00000365095825180537,933963.79099115,-0.0385145930716996,0.07637637824648484,0.03733535895356397,0.012234326095745908,false,false
PEPE,day,2026-04-18T00:00:00.000Z,0.00000377940399263337,623892.3235081735,-0.0020764561270893095,0.22188505048268956,0.035181377591618455,0.017672245746364786,false,false
PEPE,day,2026-04-17T00:00:00.000Z,0.00000397823767031319,2166214.975643232,0.05997595711662058,0.46514555293271637,0.08964205995672046,0.026223934680850606,false,false
PEPE,day,2026-04-16T00:00:00.000Z,0.00000397962509576149,3252851.12903878,0.09002207675028798,0.6625716355345791,0.052976898875690855,0.026150718991991492,false,false
PEPE,day,2026-04-15T00:00:00.000Z,0.00000370847112539567,743524.5037860931,-0.01876826805918571,0.6205400571132975,0.07311745492878544,0.03713895902832203,false,false
PEPE,day,2026-04-14T00:00:00.000Z,0.00000356535703379261,1534930.862147184,-0.10378480893728907,0.7846413361326441,0.1161925882996933,0.0399948272978442,false,false
PEPE,day,2026-04-13T00:00:00.000Z,0.00000374432551798439,807544.887880107,-0.05912606642965107,0.8392186213957765,0.05019651117560147,0.04393816494041125,false,false
PEPE,day,2026-04-12T00:00:00.000Z,0.00000347776285826292,549120.0082007356,-0.06221115368887632,0.7936722874848092,0.07664773895900803,0.05099883277025117,false,false
PEPE,day,2026-04-11T00:00:00.000Z,0.00000365572718030924,2117745.3216835517,0.025346731241807793,0.980242077892353,0.07664773895900803,0.05278150405592163,false,false
PEPE,day,2026-04-10T00:00:00.000Z,0.00000361925239271772,864653.4592086979,-0.03340337923771061,0.7381244128446908,0.051172069315620385,0.04924121703722521,false,false
PEPE,day,2026-04-09T00:00:00.000Z,0.00000352822493863647,816727.2575825906,0.01450992561314395,0.253244078749477,0.0361377870998342,0.0501734326215804,false,false
PEPE,day,2026-04-08T00:00:00.000Z,0.00000354650993916567,991304.8776217657,-0.029875654215075084,0.3044204999228463,0.025799787616837454,0.04254157883829158,false,false
PEPE,day,2026-04-07T00:00:00.000Z,0.00000373772302105472,1139574.9316695367,0.032733453067648396,0.21142456209652416,0.05937775682159689,0.04452482437212171,false,false
PEPE,day,2026-04-06T00:00:00.000Z,0.0000033124724728485,1402695.100588564,-0.06115042820125583,0.31519890082230917,0.12837859082358902,0.061023027885598366,false,false
PEPE,day,2026-04-05T00:00:00.000Z,0.00000348092293662873,344653.89576087054,-0.018493393127884374,0.30132143679227413,0.12837859082358902,0.05741195595979575,false,false
PEPE,day,2026-04-04T00:00:00.000Z,0.00000341060818077381,344835.79739616305,-0.08751714304089975,-0.07470470788200455,0.05085339279374413,0.054770663885144476,false,false
PEPE,day,2026-04-03T00:00:00.000Z,0.00000343067007934148,725151.6414078868,0.03568259282509239,-0.13323540101652648,0.02061648601305081,0.054684322123044915,false,false
PEPE,day,2026-04-02T00:00:00.000Z,0.00000335233592366131,375051.6631892946,-0.03694049403229715,-0.2340045340972307,0.023367036437868707,0.054533475935159184,false,false
PEPE,day,2026-04-01T00:00:00.000Z,0.00000341828919492987,650106.9134406474,0.002252095153984388,-0.3157632689576466,0.023367036437868707,0.05499371349168644,false,false
PEPE,day,2026-03-31T00:00:00.000Z,0.0000033999229486087,351210.75256398955,-0.008962427170694901,-0.46222637535329836,0.019673825287928833,0.05132753424463475,false,false
PEPE,day,2026-03-30T00:00:00.000Z,0.00000332238921392021,356456.5765508005,-0.008933087382362648,-0.634196586581393,0.02886476413054089,0.025030111167903216,true,false
PEPE,day,2026-03-29T00:00:00.000Z,0.00000327669539907883,269544.05870918545,-0.04142241565197508,-0.6440017910458432,0.03760726418589682,0.017390130035456912,true,false
PEPE,day,2026-03-28T00:00:00.000Z,0.00000329733972998723,311267.6949584685,-0.030172218656734202,-0.6298083825294668,0.013945090793067346,0.01576579885957203,true,false
PEPE,day,2026-03-27T00:00:00.000Z,0.00000326398695109926,328447.2527950149,-0.017578392855435183,-0.7102901175835848,0.01021841673623631,0.016075198127393747,true,false
PEPE,day,2026-03-26T00:00:00.000Z,0.00000340877683320903,274785.5984405024,0.04030934159071726,-0.7302489302932957,0.04435982259702563,0.021244399695261786,true,false
PEPE,day,2026-03-25T00:00:00.000Z,0.00000354054764529873,619564.6069423497,0.07375882839723105,-0.7441096864984419,0.08473094358000681,0.024547962110645277,true,false
PEPE,day,2026-03-24T00:00:00.000Z,0.00000353541041220244,587132.9324297933,0.08315703008915791,-0.703293513525268,0.038656332912721296,0.024469517989848033,true,false
PEPE,day,2026-03-23T00:00:00.000Z,0.00000345516741245161,1156423.4258679627,0.013609157041503298,-0.5333887131974552,0.024710881602850808,0.02445471796170214,true,false
PEPE,day,2026-03-22T00:00:00.000Z,0.00000330104843114123,251843.91028115258,-0.06764468047069387,-0.5214297390718701,0.07099622618386948,0.02946332675545695,true,false
PEPE,day,2026-03-21T00:00:00.000Z,0.00000331543394672438,254944.31291452053,-0.06222091350945084,-0.5081431505299057,0.046687888567905206,0.029413495763591493,true,false
PEPE,day,2026-03-20T00:00:00.000Z,0.00000341741405934626,654576.8204083646,-0.01092663497846614,-0.4247502903423928,0.035251112073142264,0.03132899599124834,true,false
PEPE,day,2026-03-19T00:00:00.000Z,0.00000341563200523575,699593.8260143936,0.03471126718819648,-0.33872873909270973,0.030759205057496346,0.026691087762148215,true,false
PEPE,day,2026-03-18T00:00:00.000Z,0.00000350528206201584,1087901.326730105,0.05726192056368009,-0.19922094743443405,0.02624698932515781,0.024552049630989854,false,false
PEPE,day,2026-03-17T00:00:00.000Z,0.00000369249820718004,1810480.4245465081,0.08049482534358242,0.2059002201476306,0.08105855710447957,0.03145261636050757,false,false
PEPE,day,2026-03-16T00:00:00.000Z,0.00000403376548658835,5221197.538526983,0.18097191981017746,0.5672635272793016,0.15076773144714808,0.045058401448439624,false,false
PEPE,day,2026-03-15T00:00:00.000Z,0.00000343462129275879,390290.67423640715,-0.020158369000528815,0.6317301188627736,0.17444257831066698,0.0736635601839777,false,false
PEPE,day,2026-03-14T00:00:00.000Z,0.00000333528096315987,441491.1844733363,-0.09674134528367902,0.6713785621889206,0.20942299348799998,0.07447601706867028,false,false
PEPE,day,2026-03-13T00:00:00.000Z,0.00000335490027556608,1796393.968183702,-0.16829565657185386,0.7902735951396734,0.02978469601097846,0.07362386523556785,false,false
PEPE,day,2026-03-12T00:00:00.000Z,0.00000335903043421241,651543.5074999441,-0.02200849878434874,0.8595217613725588,0.007120680780679905,0.07362506983793424,false,false
PEPE,day,2026-03-11T00:00:00.000Z,0.00000334243770923207,609077.4859862834,0.0021457700719220937,0.7935405381039374,0.004964258551329086,0.07299494185555426,false,false
PEPE,day,2026-03-10T00:00:00.000Z,0.00000329021991736215,1102316.2100166546,-0.01927936835410584,0.6722128147993622,0.020913652758332006,0.07054725968672916,false,false
PEPE,day,2026-03-09T00:00:00.000Z,0.00000326812748234768,652787.875723924,-0.027062259078948783,-0.02436859805525182,0.022737860528931616,0.0621860824867299,false,false
PEPE,day,2026-03-08T00:00:00.000Z,0.00000317866686151799,1142158.3342016381,-0.04899742701613624,0.0921767549070397,0.0350942897460124,0.016841811072881147,false,false
PEPE,day,2026-03-07T00:00:00.000Z,0.00000324821388406305,518526.7142446667,-0.012766937880789949,0.1368305364083461,0.028144069425056883,0.015083362553753124,false,false
PEPE,day,2026-03-06T00:00:00.000Z,0.00000340118493905225,670445.0003207597,0.04071366781842527,-0.050784630949813274,0.07000358553711261,0.022915583260263467,false,false
PEPE,day,2026-03-05T00:00:00.000Z,0.00000349479752786642,672812.5927852498,0.09945385286379457,-0.05967513103154326,0.07591361055785195,0.025104243197701808,false,false
PEPE,day,2026-03-04T00:00:00.000Z,0.00000365894834733551,1917751.7044380647,0.1264493281331248,0.09998224258912483,0.07578635472703427,0.030458119137991995,false,false
PEPE,day,2026-03-03T00:00:00.000Z,0.00000348468009087629,1149593.4914009424,0.024548842041887443,0.07974332128201071,0.05000982928547592,0.03510664714062356,false,false
PEPE,day,2026-03-02T00:00:00.000Z,0.00000352641194540122,1250318.921708236,0.009046137088834637,0.1500847532365215,0.05000982928547592,0.03530209946997224,false,false
PEPE,day,2026-03-01T00:00:00.000Z,0.00000344399570619205,1114186.7944832311,-0.05874711002684447,0.1190244459316652,0.023930412880884655,0.0348723499621457,false,false
PEPE,day,2026-02-28T00:00:00.000Z,0.00000365294884498017,1031608.313668886,0.048288149762856815,0.17523309196961037,0.06067171872846341,0.040556173614644496,false,false
PEPE,day,2026-02-27T00:00:00.000Z,0.00000368430299129686,1075519.1798751652,0.04477385181885663,0.21106157281264112,0.06977572146003408,0.03677917615770908,false,false
PEPE,day,2026-02-26T00:00:00.000Z,0.0000038163465949142,896373.7549647756,0.1081159561414929,0.2268466639756886,0.04473036904378462,0.03774282818500913,false,false
PEPE,day,2026-02-25T00:00:00.000Z,0.00000413136750886686,2146832.812749516,0.13096779730275332,0.1928849558210329,0.1213430379168231,0.044969290456255286,false,false
PEPE,day,2026-02-24T00:00:00.000Z,0.00000395719112565283,605699.3727840274,0.07406777754180163,0.09653504517745445,0.08254515309811435,0.044125852363312644,false,false
PEPE,day,2026-02-23T00:00:00.000Z,0.00000395405668533452,1457603.7818682212,0.036084272482965134,0.09854853020318396,0.044842762166253325,0.04389686419432336,false,false
PEPE,day,2026-02-22T00:00:00.000Z,0.00000404522164719097,573913.8419877894,-0.020851657832667115,0.01367341087162372,0.023056058400623827,0.043832257183540876,false,false
PEPE,day,2026-02-21T00:00:00.000Z,0.0000041765365511886,714340.4729292475,0.05542957582054719,-0.020088644004497357,0.05626623074961259,0.03964110411204015,false,false
PEPE,day,2026-02-20T00:00:00.000Z,0.00000426192035627367,2002997.1275359741,0.07786020672920735,0.061578984281884755,0.05356905702143106,0.04024289201924196,false,false
PEPE,day,2026-02-19T00:00:00.000Z,0.00000420466598947861,569674.587491904,0.0394154773690484,-0.001398949115829997,0.02044368678175948,0.038320933576988674,false,false
PEPE,day,2026-02-18T00:00:00.000Z,0.00000420267539025741,795332.4485609874,0.006258496423638663,-0.22186513913233283,0.014096964555863784,0.023871171537372442,false,false
PEPE,day,2026-02-17T00:00:00.000Z,0.00000440829050673427,1264752.3785712752,0.034343708522177996,-0.13851416422692792,0.048924815119795836,0.02511407544201631,false,false
PEPE,day,2026-02-16T00:00:00.000Z,0.00000447313021179255,2092396.5933348294,0.06384911976021915,-0.0732605750459246,0.06435301240778787,0.02571156562293079,false,false
PEPE,day,2026-02-15T00:00:00.000Z,0.00000440818316283553,4612071.336639938,0.04889927331873541,0.38241409868149745,0.014733291825206975,0.024847900866958726,false,false
PEPE,day,2026-02-14T00:00:00.000Z,0.00000483635632892497,5229709.840870594,0.09710472155516313,0.9728173018028172,0.09713143720961463,0.04122149934394862,false,false
PEPE,day,2026-02-13T00:00:00.000Z,0.00000377765328581238,690729.6731614154,-0.15547880187942628,0.7970505553231523,0.2802541586038956,0.10178611214891159,false,false
PEPE,day,2026-02-12T00:00:00.000Z,0.00000371142121526815,730208.3675503725,-0.15806102465107041,0.8142309039255501,0.3031009008163854,0.10187725977748163,false,false
PEPE,day,2026-02-11T00:00:00.000Z,0.00000356249904801914,950910.4491454692,-0.2633919410129535,0.8623224584436049,0.06039418815083541,0.10304626129814301,false,false
PEPE,day,2026-02-10T00:00:00.000Z,0.0000036322483174303,481069.74615984363,-0.03849081887111591,0.7608602203424848,0.04180272478439405,0.1017167781504847,false,false
PEPE,day,2026-02-09T00:00:00.000Z,0.00000383595784162212,599990.5447898443,0.03355496968160014,0.5636294942098334,0.07676038362874281,0.1036398382726622,false,false
PEPE,day,2026-02-08T00:00:00.000Z,0.00000378458312738943,570729.5905143031,0.06233940735893679,0.04524821381068426,0.05608358966380868,0.10361770457356974,false,false
PEPE,day,2026-02-07T00:00:00.000Z,0.00000384052869030365,1419112.5480636654,0.057341997207036144,-0.48143566911029995,0.014782490179522314,0.09767192403064465,false,false
PEPE,day,2026-02-06T00:00:00.000Z,0.00000393476532468911,3009783.803399412,0.025758229664277616,-0.223960190676291,0.03968262612936027,0.030067323757889012,false,false
PEPE,day,2026-02-05T00:00:00.000Z,0.00000341040398941847,3289410.464617421,-0.09886931410304767,0.01853012850285035,0.15375343709941297,0.06149366721978999,false,false
PEPE,day,2026-02-04T00:00:00.000Z,0.00000421363507727904,1397783.0805580614,0.09714974605381485,0.052959230498996666,0.23552373570778457,0.09965891780644204,false,false
WIF,hour,2026-05-04T10:00:00.000Z,0.19025278954007174,11259.934785013811,,,,,false,false
WIF,hour,2026-05-04T09:00:00.000Z,0.19397283122478773,17882.774636345963,,0,,0.01936444489163213,false,false
WIF,hour,2026-05-04T08:00:00.000Z,0.19181398726817467,6472.404809780108,,0,0.019553151855008447,0.015815229857941173,false,false
WIF,hour,2026-05-04T07:00:00.000Z,0.1907044393265409,3511.9078191006643,0.0023739456728125285,0,0.01713852026617163,0.013340389932983789,false,false
WIF,hour,2026-05-04T06:00:00.000Z,0.19156865554284577,11739.239341862776,-0.012394393930126472,0,0.005818154761116462,0.011772230875120733,false,false
WIF,hour,2026-05-04T05:00:00.000Z,0.19247565023651939,8872.292108708905,0.003449503228456681,0,0.009287727733205275,0.010739200479254868,false,false
WIF,hour,2026-05-04T04:00:00.000Z,0.1931535061932569,8164.248046986655,0.012842212144429929,0,0.008273016511600858,0.009908005980192624,false,false
WIF,hour,2026-05-04T03:00:00.000Z,0.1921311601410099,10659.52441851184,0.0029363081166392194,-0.051800095933430226,0.005321084052668469,0.00938977788434125,false,false
WIF,hour,2026-05-04T02:00:00.000Z,0.19427168079431958,21327.76048263657,0.009331209197595577,-0.19061562736842164,0.011140934410320059,0.007220460586890569,false,false
WIF,hour,2026-05-04T01:00:00.000Z,0.19179033507335969,5988.196844726241,-0.007057449521694556,-0.10642107496300746,0.012937803774161954,0.00760573680967136,false,false
WIF,hour,2026-05-04T00:00:00.000Z,0.18898171167445305,7651.541172648905,-0.016392179510316747,0.06159761428373032,0.02799196320636167,0.009172260704448433,false,false
WIF,hour,2026-05-03T23:00:00.000Z,0.18724489860956522,2370.592098099745,-0.03616987383865688,-0.06980454597025022,0.024275355417144925,0.00966373749559942,false,false
WIF,hour,2026-05-03T22:00:00.000Z,0.18912317122783917,6246.6732841660705,-0.013906664506844552,-0.09341466363247831,0.010031101686729726,0.0102192195675719,false,false
WIF,hour,2026-05-03T21:00:00.000Z,0.1870989078070307,28590.210748657362,-0.009962889269760309,0.15236973033221748,0.010819215593156996,0.010918327943759262,false,false
WIF,hour,2026-05-03T20:00:00.000Z,0.18789791060751748,4490.403229123308,0.0034874755082854847,0.08697008275059623,0.010819215593156996,0.010852679996737133,false,false
WIF,hour,2026-05-03T19:00:00.000Z,0.18819218822291794,462.07312729645656,-0.0049226279301316225,-0.24659009979708776,0.005843328690164383,0.010029685016667246,false,false
WIF,hour,2026-05-03T18:00:00.000Z,0.18785683424596983,5145.103177829546,0.00405093994306388,-0.2298328811588876,0.0017851571825650025,0.008800135088292426,false,false
WIF,hour,2026-05-03T17:00:00.000Z,0.18692059482493067,1633.5333032647693,-0.005201312667218698,-0.2890501976887866,0.006802853367646516,0.007065229003097243,true,false
WIF,hour,2026-05-03T16:00:00.000Z,0.18683272448399169,5195.3075891462895,-0.007223805364949276,-0.20704468128901546,0.005481426044642896,0.006145816913371373,false,false
WIF,hour,2026-05-03T15:00:00.000Z,0.18743168194038085,5668.710161470846,-0.0022631718845656196,-0.2002043857676807,0.003205848750765715,0.0050002747727044,false,false
WIF,hour,2026-05-03T14:00:00.000Z,0.1871484551061632,5670.086598032479,0.0012190218068049,-0.6763254314841347,0.003205848750765715,0.0029641832902017693,true,false
WIF,hour,2026-05-03T13:00:00.000Z,0.18675281929837093,12445.095287037535,-0.0004276830295198445,-0.5401160090651504,0.003635086445068953,0.002613803406527064,true,false
WIF,hour,2026-05-03T12:00:00.000Z,0.18540770175874288,255.76855335609932,-0.010798495540800623,-0.482161676153845,0.009388786608689201,0.0037345732166318185,true,false
WIF,hour,2026-05-03T11:00:00.000Z,0.18546928139755584,12204.261181873588,-0.008972415549221782,-0.3591759807618869,0.007254917281582746,0.0036753702938277714,true,false
WIF,hour,2026-05-03T10:00:00.000Z,0.18543428409821364,3305.362984925996,-0.007060322864795385,-0.2930381804167745,0.00033213096451129086,0.0031539430997432187,true,false
WIF,hour,2026-05-03T09:00:00.000Z,0.18591135602770106,2056.8249040784985,0.0027164689717881774,-0.3259630630374707,0.0025727277553203166,0.003295285512177972,true,false
WIF,hour,2026-05-03T08:00:00.000Z,0.18619726020521757,3101.603554063899,0.003925064043901163,-0.3572656850853047,0.004114536374513294,0.0031197318755661558,true,false
WIF,hour,2026-05-03T07:00:00.000Z,0.18787007666020034,1312.442631635328,0.0131356106764842,-0.4178414820268925,0.010535777234648432,0.004564415463478447,true,false
WIF,hour,2026-05-03T06:00:00.000Z,0.18702162647169526,16947.503927368027,0.005972042094237466,-0.36116238994019384,0.008984108859276824,0.00480842723111697,true,false
WIF,hour,2026-05-03T05:00:00.000Z,0.18670058882695872,7008.625360923412,0.002703201009437043,-0.21188718619859703,0.006263975066117963,0.004009703011244553,false,false
WIF,hour,2026-05-03T04:00:00.000Z,0.18781555771237124,160.37009495524123,-0.0002901949517362711,-0.4149714290393388,0.005971962340439702,0.004596369081074875,true,false
WIF,hour,2026-05-03T03:00:00.000Z,0.1868606439058793,4111.361581160954,-0.0008607697882486199,-0.34079686536807907,0.005971962340439702,0.004983300291315495,true,false
WIF,hour,2026-05-03T02:00:00.000Z,0.1871929912666848,3115.905617059938,0.0026373909306865737,-0.29690248236140687,0.005110299239752782,0.004933685628444863,true,false
WIF,hour,2026-05-03T01:00:00.000Z,0.18755929929585602,10365.386178057564,-0.001364415278672843,-0.1687187233805822,0.0037389113907186308,0.004954783977908611,false,false
WIF,hour,2026-05-03T00:00:00.000Z,0.18833089061526373,1696.9039274183701,0.00786814536572493,-0.10657622322655894,0.006078749748476593,0.003940787137386885,false,false
WIF,hour,2026-05-02T23:00:00.000Z,0.18922530454201564,3515.272552906982,0.010856780809894271,-0.3810618414663494,0.008882552091067808,0.003976149848292241,true,false
WIF,hour,2026-05-02T22:00:00.000Z,0.19037118312182277,379.13277333803063,0.014991972333673997,-0.48250856052055,0.010833552052419825,0.0045381948159505,true,false
WIF,hour,2026-05-02T21:00:00.000Z,0.19028590516012203,2393.627542441369,0.010380742842936747,-0.3905949290159108,0.006055630786699062,0.003944521195890999,true,false
WIF,hour,2026-05-02T20:00:00.000Z,0.18840361092222493,2182.6904145566423,-0.004342408758593141,-0.36967567017468345,0.010443389009195128,0.005095648095621211,true,false
WIF,hour,2026-05-02T19:00:00.000Z,0.18913533660109258,7068.8793588709495,-0.0064917730743909285,-0.27822050170582097,0.009990754575686605,0.0052593772447772184,true,false
WIF,hour,2026-05-02T18:00:00.000Z,0.189298888515026,12777.861053643297,-0.005187019208098905,-0.2427295383415297,0.0047519131317002115,0.00521745276110249,true,false
WIF,hour,2026-05-02T17:00:00.000Z,0.18936204033251297,50944.622414332356,0.005087107437042098,0.39664950420694506,0.001198632341763478,0.004982964233503225,false,false
WIF,hour,2026-05-02T16:00:00.000Z,0.19378134580288398,17476.385164920313,0.024564469470823132,0.5495330193452721,0.023679258357093724,0.00988196547634528,false,false
WIF,hour,2026-05-02T15:00:00.000Z,0.19207198607673365,17384.662082544026,0.014649307153684288,0.8749888105300996,0.023337863610947907,0.010181398999566642,false,false
WIF,hour,2026-05-02T14:00:00.000Z,0.19312483242012052,143761.31623748338,0.019870889017673334,0.9114178690829821,0.008899578543783218,0.010387551758424636,false,false
WIF,hour,2026-05-02T13:00:00.000Z,0.18940046030719726,72446.95954698761,-0.022607364385543016,1.1153054460672482,0.019664007716150893,0.01216368087136002,false,false
WIF,hour,2026-05-02T12:00:00.000Z,0.18932425508538767,15680.662578074669,-0.014305735299932027,1.1484327276806257,0.020074434377247347,0.012076081414692696,false,false
WIF,hour,2026-05-02T11:00:00.000Z,0.18710141175990846,938.6464690698258,-0.031189260255816326,1.0890041051393269,0.012287713522113728,0.012870568107468578,false,false
WIF,hour,2026-05-02T10:00:00.000Z,0.18730459562834342,5467.743002701477,-0.011065784504717985,0.8590688257018559,0.011880419845958135,0.012876487024609907,false,false
WIF,hour,2026-05-02T09:00:00.000Z,0.18791357450270074,1035.4987789138552,-0.007451134996150858,0.7797778934218215,0.004340762237724094,0.009554003649228423,false,false
WIF,hour,2026-05-02T08:00:00.000Z,0.18732958435823868,561.1572244749185,0.0012195129699128736,0.6993020201382856,0.0032512756684607825,0.009024869092602077,false,false
WIF,hour,2026-05-02T07:00:00.000Z,0.18643246012097822,11.672490645017376,-0.004656241906075409,-0.008916574771980535,0.007944509130874569,0.0089705840268682,false,false
WIF,hour,2026-05-02T06:00:00.000Z,0.18732332605844523,3044.2683309597705,-0.0031410633628653887,-0.36025649903362333,0.004812060285415458,0.005435605967739944,true,false
WIF,hour,2026-05-02T05:00:00.000Z,0.18638084620503048,2584.88892548668,-0.005064539893463312,-0.4136115913406872,0.005056742002222511,0.005758232211088469,true,false
WIF,hour,2026-05-02T04:00:00.000Z,0.18670186099461877,1439.6774470432288,0.0014450320157001328,-0.4085740081689765,0.005056742002222511,0.0036951029355861247,true,false
WIF,hour,2026-05-02T03:00:00.000Z,0.18813369684623207,4749.969732246384,0.004326053806742697,-0.41577476323264434,0.009404671546953638,0.004671581465559783,true,false
WIF,hour,2026-05-02T02:00:00.000Z,0.1863579248702127,6064.2828632075625,-0.00012298117153400405,-0.3945142314857317,0.009528824584498385,0.005759091869468159,true,false
WIF,hour,2026-05-02T01:00:00.000Z,0.18707401190108652,4344.236926782082,0.0019932897534346273,-0.3796319494640599,0.009528824584498385,0.0058210241151123955,true,false
WIF,hour,2026-05-02T00:00:00.000Z,0.18724692837792004,3955.9554122107147,-0.004713501532034548,-0.34403158970411984,0.004770408923186316,0.005542032208939878,true,false
WIF,hour,2026-05-01T23:00:00.000Z,0.18891854081887446,5933.2989277050465,0.013740311556082708,-0.3282068586956585,0.009859888602609414,0.006225119188514638,true,false
WIF,hour,2026-05-01T22:00:00.000Z,0.18920143385834032,4745.835883255599,0.011372087098760928,-0.32342263134688076,0.010438117716278412,0.005952931877569609,true,false
WIF,hour,2026-05-01T21:00:00.000Z,0.19067939273006312,2716.231327907763,0.01833121847112682,-0.31520125837023355,0.009320694006825279,0.006607869781508363,true,false
WIF,hour,2026-05-01T20:00:00.000Z,0.18907351737776767,21593.014357561933,0.0008203353584114027,-0.2526789425561461,0.008493391219283877,0.0067486517306918695,true,false
WIF,hour,2026-05-01T19:00:00.000Z,0.19208553373166637,14967.36130279696,0.015243541312088823,-0.2134480954164376,0.015930397845620576,0.00826923994640936,true,false
WIF,hour,2026-05-01T18:00:00.000Z,0.19361288096202944,24274.15707760993,0.015384400956841394,-0.14006515421283172,0.02400845791212605,0.008674093574856405,true,false
WIF,hour,2026-05-01T17:00:00.000Z,0.19598524060446484,30879.50206593425,0.03655574467833901,-0.03670566050274543,0.02030192902629599,0.009813584996895067,false,false
WIF,hour,2026-05-01T16:00:00.000Z,0.1964629252225197,52108.16902863067,0.022788761890670695,0.13191455712752162,0.01472032359793873,0.009266530558968996,false,false
WIF,hour,2026-05-01T15:00:00.000Z,0.19235954586900172,62854.11385720141,-0.0064734075894130085,0.3375526293640403,0.021331820757740896,0.012214552040374166,false,false
WIF,hour,2026-05-01T14:00:00.000Z,0.19062836145043283,17157.42368128786,-0.0273330743555491,0.392018512751603,0.030607007937819286,0.012337804356389676,false,false
WIF,hour,2026-05-01T13:00:00.000Z,0.18986577993979423,9178.437627114396,-0.03357959409009796,0.3304392448736355,0.013134362232089754,0.01201241791578174,false,false
WIF,hour,2026-05-01T12:00:00.000Z,0.18847633636851968,10810.062577924495,-0.0201872461433577,0.31248862832224783,0.011418012061235012,0.010785191050377783,false,false
WIF,hour,2026-05-01T11:00:00.000Z,0.18736856374234095,4218.8802164546305,-0.0171002765972968,0.27246289229739123,0.013327829106313202,0.010598289724342683,false,false
WIF,hour,2026-05-01T10:00:00.000Z,0.1869194577578758,9119.61929000747,-0.015517921043237463,0.17574956682940837,0.008329141488632858,0.009589471650249095,false,false
WIF,hour,2026-05-01T09:00:00.000Z,0.18566133046425914,3119.974126552309,-0.014935593287193766,-0.04588784289652351,0.009195416588972802,0.009880650232823569,false,false
WIF,hour,2026-05-01T08:00:00.000Z,0.18504754579328847,5529.982205040859,-0.012387445912454245,-0.27223287152586545,0.01011584323673437,0.005962147241143317,true,false
WIF,hour,2026-05-01T07:00:00.000Z,0.18576772549929768,1894.5995168863017,-0.0061616499020129,-0.32772503941183617,0.0038918630502330666,0.005101653479148908,true,false
WIF,hour,2026-05-01T06:00:00.000Z,0.18495316366764727,11023.350800911236,-0.003814293449481641,-0.29945000547789197,0.004404151924181943,0.00514687756289215,true,false
WIF,hour,2026-05-01T05:00:00.000Z,0.18787656084615004,1223.8269581661166,0.015288044165804725,-0.3946284229009115,0.01580614854340085,0.007342889030420429,true,false
WIF,hour,2026-05-01T04:00:00.000Z,0.18671958006495645,12614.72368330317,0.0051238963232198825,-0.32911183618013184,0.01580614854340085,0.007375975038096552,true,false
WIF,hour,2026-05-01T03:00:00.000Z,0.18699310022561258,40400.923083835514,0.011029476422641689,-0.10532067966149755,0.006196354880356365,0.007340871633422604,false,false
WIF,hour,2026-05-01T02:00:00.000Z,0.187376426601289,13099.805929831227,-0.0026620364062901265,-0.039720077963838495,0.0035178235517884363,0.006926153984784667,false,false
WIF,hour,2026-05-01T01:00:00.000Z,0.18769236095494396,19857.27580230962,0.0052098493883131775,0.0524862123181651,0.0037395001659831398,0.006841824430027856,false,false
WIF,hour,2026-05-01T00:00:00.000Z,0.18373995562965698,8872.32488195593,-0.017397137070996688,0.1068390618008562,0.021510864698658046,0.010457686328586414,false,false
WIF,hour,2026-04-30T23:00:00.000Z,0.1825536826524405,2349.5022397930798,-0.025738264072623283,0.023981485903370355,0.02814886135322096,0.010611213531282221,false,false
WIF,hour,2026-04-30T22:00:00.000Z,0.1837988842788818,7771.088065438351,-0.020743927223531473,0.07334324019418598,0.006821016198352996,0.00916868916772642,false,false
WIF,hour,2026-04-30T21:00:00.000Z,0.18374607898616535,16906.529604305197,0.00003332621087988763,0.08799238310042513,0.006821016198352996,0.00886710084958932,false,false
WIF,hour,2026-04-30T20:00:00.000Z,0.18428913107252723,4764.751783912987,0.009506510057048773,-0.2561894463934006,0.002955448569886304,0.008919837959733553,true,false
WIF,hour,2026-04-30T19:00:00.000Z,0.18607778665401176,14085.651837288282,0.01239889123413899,-0.2708646584081036,0.012689836325824209,0.009606882368254533,true,false
WIF,hour,2026-04-30T18:00:00.000Z,0.18386260872073934,18367.657744685755,0.0006341889591165798,-0.321177497801815,0.012048006653908358,0.010600754289351613,true,false
WIF,hour,2026-04-30T17:00:00.000Z,0.18596120654537182,28739.796094124624,0.009073109537786818,-0.17601316492800934,0.012048006653908358,0.00812827652363756,false,false
WIF,hour,2026-04-30T16:00:00.000Z,0.18925157735228879,40893.20499431516,0.017056257790610405,0.11582707474747983,0.029309758351870815,0.010199087081091851,false,false
WIF,hour,2026-04-30T15:00:00.000Z,0.18847525685661598,32846.93703771671,0.025087472477248404,0.28679928642342123,0.01769385598234523,0.009991674454691506,false,false
WIF,hour,2026-04-30T14:00:00.000Z,0.1834916517084428,17133.41961606191,-0.013279946300662851,0.29908806340419336,0.031390668677385665,0.014227045367765707,false,false
WIF,hour,2026-04-30T13:00:00.000Z,0.18192645493177154,29451.818438350285,-0.038705740385358324,0.49700413305362584,0.035996974311957336,0.014548148987158616,false,false
WIF,hour,2026-04-30T12:00:00.000Z,0.18036443142526146,16151.276289084517,-0.04303390039958878,0.5355076670051018,0.017338342479554767,0.014454874000702417,false,false
WIF,hour,2026-04-30T11:00:00.000Z,0.1809835002469815,17099.850352192483,-0.013669022204054283,0.560767962347137,0.008660374410668343,0.013788812523243835,false,false
WIF,hour,2026-04-30T10:00:00.000Z,0.18239635404243354,19681.467290876535,0.002582906982045195,0.6040304537433415,0.01126565033424598,0.01343014994645067,false,false
WIF,hour,2026-04-30T09:00:00.000Z,0.1852956855791159,39444.79346850911,0.027340502309058882,0.7713387618316614,0.02382640034174231,0.013113122601123345,false,false
WIF,hour,2026-04-30T08:00:00.000Z,0.1847419471267931,42065.65870476315,0.02076679296556078,0.7518242065239802,0.0158957757237179,0.013069807450643959,false,false
WIF,hour,2026-04-30T07:00:00.000Z,0.18086879653670773,26346.30733764228,-0.008374934431915395,0.80975533113516,0.02447569247528957,0.01150505824337732,false,false
WIF,hour,2026-04-30T06:00:00.000Z,0.18154663829455273,10503.673867805064,-0.02023278239234798,0.5907194768715059,0.02141414475160339,0.011130201386741225,false,false
WIF,hour,2026-04-30T05:00:00.000Z,0.18021606729277137,27181.385871055776,-0.024498387639681513,0.6626924177961506,0.007383198522581043,0.010999505711953529,false,false
WIF,hour,2026-04-30T04:00:00.000Z,0.18220486037903091,56851.18794330458,0.007386922829732129,0.873494548051979,0.011035603629218226,0.011684161423463547,false,false
WIF,hour,2026-04-30T03:00:00.000Z,0.1846229151074818,109566.18398340701,0.016944829393854863,1.0202171010820118,0.024453134955782004,0.012357646858403041,false,false
WIF,hour,2026-04-30T02:00:00.000Z,0.17892715516794924,7204.117064816395,-0.007152037796542392,0.8004470419925628,0.03183284244465998,0.01604569651470307,false,false
WIF,hour,2026-04-30T01:00:00.000Z,0.18149062393547036,8773.105292122162,-0.003919963726954204,0.568425298020956,0.03183284244465998,0.016884694418743254,false,false
WIF,hour,2026-04-30T00:00:00.000Z,0.18195754809992232,8041.338337869416,-0.014436815744176651,0.4461212598487068,0.01693646181949637,0.01489639143343772,false,false
WIF,hour,2026-04-29T23:00:00.000Z,0.17804987794586866,6002.674491650904,-0.004902985358802207,0.4106611317227462,0.02194705325909678,0.016947966212499707,false,false
WIF,hour,2026-04-29T22:00:00.000Z,0.17759460217301767,3165.168444520704,-0.02146679358950206,0.25741175067551497,0.024566883641283975,0.01674633489181533,false,false
WIF,hour,2026-04-29T21:00:00.000Z,0.17964389636341635,1033.1031795160854,-0.012715338059157739,-0.06017450615483483,0.011539169351567317,0.016793945033416642,false,false
WIF,hour,2026-04-29T20:00:00.000Z,0.17743972283564013,8555.912342414624,-0.0034268774416909365,-0.7352876304460783,0.012422097445552874,0.016702682093786326,true,false
WIF,hour,2026-04-29T19:00:00.000Z,0.1764470974205027,5227.803208236862,-0.006461371789875849,-0.7186557569186585,0.018117605727994122,0.011966263191738408,true,false
WIF,hour,2026-04-29T18:00:00.000Z,0.17466616432906218,31609.8140890527,-0.027708884827816856,-0.6026429823798323,0.0158791974234501,0.011357160550667815,true,false
WIF,hour,2026-04-29T17:00:00.000Z,0.17531763311907156,7891.903068192678,-0.011959496344199304,-0.6165763036063487,0.010196211145310014,0.011402715431318761,true,false
WIF,hour,2026-04-29T16:00:00.000Z,0.17556966810353225,7493.190255689905,-0.004972761410063908,-0.605890621608504,0.0051727464099338444,0.007936414974455549,true,false
WIF,hour,2026-04-29T15:00:00.000Z,0.17567346835335843,18551.86652583517,0.005767024358527371,-0.5048716361125491,0.0020296602683723872,0.007880364764216942,true,false
WIF,hour,2026-04-29T14:00:00.000Z,0.17832912918559932,8540.731865242094,0.017177371225873334,-0.4621374567591858,0.01571718572959784,0.008686493286303176,true,false
WIF,hour,2026-04-29T13:00:00.000Z,0.17912173692740427,19585.106244706658,0.02023167704445045,-0.3969218868213371,0.01962885236095995,0.007516080218804159,true,false
WIF,hour,2026-04-29T12:00:00.000Z,0.18163396138920976,18199.184652763677,0.03392938667244901,-0.30842594040776056,0.01853220625650494,0.008927910194573578,true,false
WIF,hour,2026-04-29T11:00:00.000Z,0.18434444606763933,13529.169060636606,0.03373154408094185,-0.40674138870646115,0.02915731630244163,0.009815816571033567,true,false
WIF,hour,2026-04-29T10:00:00.000Z,0.1860971156145058,13375.897109894433,0.0389421116987524,-0.3297652844901122,0.024572245141602517,0.010351909446809799,true,false
WIF,hour,2026-04-29T09:00:00.000Z,0.18631292493198975,21940.12492060049,0.025760400241196066,-0.21416823856169778,0.010678265097436945,0.010346937140651184,true,false
WIF,hour,2026-04-29T08:00:00.000Z,0.18200337672197953,7642.363344774597,-0.012699429766388657,-0.27262120161609027,0.02367839700355289,0.0136105909607433,true,false
WIF,hour,2026-04-29T07:00:00.000Z,0.182249515612033,11043.987449547352,-0.02067522642555599,-0.22598267268012426,0.02367839700355289,0.012383437215064049,true,false
WIF,hour,2026-04-29T06:00:00.000Z,0.18021390796972908,771.4402200862265,-0.032735340097779106,-0.3263605383146561,0.011295508017316025,0.012983183570310102,true,false
WIF,hour,2026-04-29T05:00:00.000Z,0.18016231518335565,964.3391942663735,-0.010115535061946672,-0.41279026999515905,0.011585111051404725,0.01186856590754685,true,false
WIF,hour,2026-04-29T04:00:00.000Z,0.1808020343321657,2260.5488153415135,-0.00794230522372772,-0.45675839104914406,0.0035507933396559674,0.010550506234303975,true,false
WIF,hour,2026-04-29T03:00:00.000Z,0.18003390599842467,669.3665523324422,-0.0009988239716473286,-0.4845741245222603,0.004266575951242,0.010055393051064206,true,false
WIF,hour,2026-04-29T02:00:00.000Z,0.17898739001298478,3260.2608889819776,-0.006521481305205958,-0.5593475858752619,0.010138391978615316,0.010284664910044948,true,false
WIF,hour,2026-04-29T01:00:00.000Z,0.17801252306672743,934.9328046388684,-0.015428539151907136,-0.563066028677779,0.01135528499272788,0.005638831301849328,true,false
WIF,hour,2026-04-29T00:00:00.000Z,0.17929251199942095,689.2493496985105,-0.004118079841083975,-0.6138362439359881,0.007190443181425588,0.006234484679174933,true,false
WIF,hour,2026-04-28T23:00:00.000Z,0.17811881836098922,4110.6040627312195,-0.004852697455013686,-0.5565508968418648,0.007190443181425588,0.005196909979485818,true,false
WIF,hour,2026-04-28T22:00:00.000Z,0.17811318055359351,23642.009757525513,0.000565451717283666,-0.37696415117692456,0.006621247468390361,0.005195796815877066,true,false
WIF,hour,2026-04-28T21:00:00.000Z,0.17817624231950965,3606.8175815287022,-0.006225969325003948,-0.47092942352240846,0.00035405445975495445,0.005021893956062247,true,false
WIF,hour,2026-04-28T20:00:00.000Z,0.17877751166583358,2766.782073470948,0.003698055662537586,-0.4096538683069514,0.0037298256657663474,0.004924560638903999,true,false
WIF,hour,2026-04-28T19:00:00.000Z,0.17953038584614728,41974.89627007932,0.007956768208556763,0.12170399993880066,0.0076000229267903395,0.00468175967853724,false,false
WIF,hour,2026-04-28T18:00:00.000Z,0.1787673767947347,6666.013177279125,0.0033176952635751026,0.20907249223237417,0.004268167185160882,0.004499911614307315,false,false
WIF,hour,2026-04-28T17:00:00.000Z,0.1777108920802276,1673.8281293147697,-0.005966184312933439,0.23585102766046115,0.010238504486817025,0.004234971813228718,false,false
WIF,hour,2026-04-28T16:00:00.000Z,0.1772946630672588,8697.301765524628,-0.012453172026291034,0.28515465123030276,0.008306588038226556,0.0035437656254206106,false,false
WIF,hour,2026-04-28T15:00:00.000Z,0.17895975232308958,5864.31663095201,0.0010761221191703941,0.012319677734639824,0.009391649060519721,0.0050041224812573245,false,false
WIF,hour,2026-04-28T14:00:00.000Z,0.1766040035814003,5856.545033242002,-0.006228591201532026,0.05420895246954688,0.013339158195264088,0.00707865725414381,false,false
WIF,hour,2026-04-28T13:00:00.000Z,0.17752427280859068,5976.778477275771,0.0012950741853113275,0.09850854147389698,0.013339158195264088,0.007234985654749824,false,false
WIF,hour,2026-04-28T12:00:00.000Z,0.17645484100598377,2661.5054024349215,-0.013997065175769279,-0.4086243122829434,0.0060606543663522475,0.007418751914950969,true,false
WIF,hour,2026-04-28T11:00:00.000Z,0.17568890521099834,5948.102634309292,-0.005181640007272967,-0.41213053350146595,0.01044669038940226,0.00742629559044175,true,false
WIF,hour,2026-04-28T10:00:00.000Z,0.17612174078588855,10085.892401319188,-0.00790050847984242,-0.28875051393966084,0.004359613909970938,0.007141129242836644,true,false
WIF,hour,2026-04-28T09:00:00.000Z,0.17534519524263936,5085.357472205025,-0.006288553813645604,-0.301181794745868,0.00442866736196915,0.007280090661444142,true,false
WIF,hour,2026-04-28T08:00:00.000Z,0.17633932610210204,32312.432970005164,0.003702117047872562,0.03153740300074878,0.00566956430193036,0.006714365503496282,false,false
WIF,hour,2026-04-28T07:00:00.000Z,0.17801389619610103,2705.986034725726,0.010743451670244264,0.04348093849838456,0.015219698205980318,0.0057236503241184815,false,false
WIF,hour,2026-04-28T06:00:00.000Z,0.17634510996081992,5286.843351925741,0.00570254985770724,0.07870374794096183,0.009496294054279182,0.006447813016384696,false,false
WIF,hour,2026-04-28T05:00:00.000Z,0.17756831886924054,5487.559309625321,0.0069694763743562566,0.149269548421628,0.009463184069305203,0.006571503407240767,false,false
WIF,hour,2026-04-28T04:00:00.000Z,0.17813089580997288,22505.310180279885,0.0006572498910026743,0.3536882708644134,0.010126653637005968,0.006473846898583615,false,false
WIF,hour,2026-04-28T03:00:00.000Z,0.17809481376092512,4543.390135284367,0.009922043205473302,0.34277908904249,0.003168228118139758,0.006407152850636243,false,false
WIF,hour,2026-04-28T02:00:00.000Z,0.1779580835664746,4896.864676444265,0.002195012599748053,0.3489989293906943,0.0009710839768271559,0.006192444041306364,false,false
WIF,hour,2026-04-28T01:00:00.000Z,0.17640751461754411,11515.77455193292,-0.009674802254782563,0.036944181947390846,0.00956478042921874,0.006687376566854478,false,false
WIF,hour,2026-04-28T00:00:00.000Z,0.17812814406558355,3921.970934277455,0.00018714921537905157,0.04439645759552123,0.009753719685750393,0.00673934893493985,false,false
WIF,hour,2026-04-27T23:00:00.000Z,0.17765079224332217,2199.37128456356,-0.0017267623756897265,-0.006292063519756882,0.009753719685750393,0.005811574833471028,false,false
WIF,hour,2026-04-27T22:00:00.000Z,0.17602411957298592,2679.6172606706427,-0.002173348711302968,-0.05007705795308028,0.01195304653533708,0.006247916029691888,false,false
WIF,hour,2026-04-27T21:00:00.000Z,0.17488075974842585,4548.384745722931,-0.018230607713299256,-0.3368904836553461,0.01583954975310689,0.006608609955940721,true,false
WIF,hour,2026-04-27T20:00:00.000Z,0.1744552981619989,2324.5075764415255,-0.017987502565969513,-0.36658949175618744,0.008992684243560293,0.006671991701921251,true,false
WIF,hour,2026-04-27T19:00:00.000Z,0.17469422054042108,14155.646836101956,-0.007555209114472584,-0.27398358825089925,0.0024388000302052607,0.0066857149915702085,true,false
WIF,hour,2026-04-27T18:00:00.000Z,0.17485347102959248,7920.132207509652,-0.00015604185887929718,-0.35857437045847956,0.002282377616435815,0.005820365598915295,true,false
WIF,hour,2026-04-27T17:00:00.000Z,0.17588293653805304,2408.864174638804,0.008183405096292567,-0.3744159435404146,0.006804552514414229,0.005033913026499963,true,false
WIF,hour,2026-04-27T16:00:00.000Z,0.17540086963391452,7694.014948975122,0.004045062803494023,-0.24419694035052145,0.005887589776735575,0.005038623167307361,true,false
WIF,hour,2026-04-27T15:00:00.000Z,0.174683574816345,20885.14431556076,-0.0009716490742052495,-0.015975592881847422,0.00686591010613903,0.003962130214785681,false,false
WIF,hour,2026-04-27T14:00:00.000Z,0.17699196851722568,8436.090910664137,0.006305512069573038,0.024316722791258016,0.013214715254754933,0.005852607818941434,false,false
WIF,hour,2026-04-27T13:00:00.000Z,0.17531164538963773,3426.1218491522636,-0.0005086875821255347,0.24762063880837207,0.013214715254754933,0.006812100076791298,false,false
WIF,hour,2026-04-27T12:00:00.000Z,0.17604047633226272,358.7837987404083,0.00776776819082337,-0.014317134715968986,0.009584777576260611,0.00697108138766001,false,false
WIF,hour,2026-04-27T11:00:00.000Z,0.17670772951276248,6424.938124965662,-0.001605942952352303,-0.06951811032346697,0.007963442017909848,0.007107882829348641,false,false
WIF,hour,2026-04-27T10:00:00.000Z,0.17713540050030846,1364.2779768038297,0.010402931913720609,-0.05473198585812551,0.006219729637513345,0.0068142347715586145,false,false
WIF,hour,2026-04-27T09:00:00.000Z,0.17731735834341553,5259.201189566071,0.007253343309198915,-0.10251868670032628,0.0034499273593406547,0.006745981166200421,false,false
WIF,hour,2026-04-27T08:00:00.000Z,0.17680957790778337,3579.846290185518,0.0005763663836421866,-0.4504541067860058,0.002871905705792659,0.006654640922243379,true,false
WIF,hour,2026-04-27T07:00:00.000Z,0.17676950305789035,3707.51950397738,-0.0020656370289882787,-0.5356581183417146,0.0030992635949525487,0.004435126864452719,true,false
WIF,hour,2026-04-27T06:00:00.000Z,0.1767645996841744,9478.861446987392,-0.00311734093269412,-0.44586972315415513,0.0002544526658014581,0.0025828590136421133,true,false
WIF,hour,2026-04-27T05:00:00.000Z,0.17839897340449,12461.858245474306,0.008989306549533222,-0.2238794893893959,0.009246046568349915,0.0040389491627682746,true,false
WIF,hour,2026-04-27T04:00:00.000Z,0.18142269742251146,1821.5249906069187,0.02632351329910812,-0.27673230141794686,0.026351983070477283,0.007390736730407577,true,false
WIF,hour,2026-04-27T03:00:00.000Z,0.18208949307342703,19192.403565839606,0.03012420698921969,0.019954309958556696,0.0206868884865687,0.007463975290192457,false,false
WIF,hour,2026-04-27T02:00:00.000Z,0.1804892589299582,2274.4178580766943,0.011716914540359035,0.12540744416079552,0.008866090718948672,0.008166469985705799,false,false
WIF,hour,2026-04-27T01:00:00.000Z,0.17949204223723836,8316.723912669273,-0.010641751074711693,0.21232581981019424,0.014471119743323052,0.00836071066604697,false,false
WIF,hour,2026-04-27T00:00:00.000Z,0.18023722861345512,6003.370996071167,-0.010172275339494706,0.26595541295308583,0.005555771054194185,0.008505660509946623,false,false
WIF,hour,2026-04-26T23:00:00.000Z,0.17807176108736972,1263.4533192230858,-0.013394136897235747,0.08324441114770305,0.012160645308735559,0.009654945772995152,false,false
WIF,hour,2026-04-26T22:00:00.000Z,0.17828051274222464,30213.715509835634,-0.00674976717581947,0.4191596368093375,0.012160645308735559,0.009017387304318943,false,false
WIF,hour,2026-04-26T21:00:00.000Z,0.1791136110938641,4953.499963412405,-0.006234103399363686,0.4853926611794488,0.005850731189114228,0.006638054123695211,false,false
WIF,hour,2026-04-26T20:00:00.000Z,0.17841478527179477,1937.3743096655835,0.0019263255573507435,0.12473142741167385,0.004672963628077618,0.006657642112950632,false,false
WIF,hour,2026-04-26T19:00:00.000Z,0.17890652393544856,1403.0083612975202,0.0035113831769659916,0.1563025477782943,0.003916860483309908,0.005854529989742442,false,false
WIF,hour,2026-04-26T18:00:00.000Z,0.1777500351115897,5403.3505019108115,-0.007612911011881726,0.0865389445943822,0.006506264953100128,0.005991546107561546,false,false
WIF,hour,2026-04-26T17:00:00.000Z,0.17813102124076044,4561.9725611366375,-0.0015904737412992494,0.04393146104693293,0.006506264953100128,0.0058396404048406516,false,false
WIF,hour,2026-04-26T16:00:00.000Z,0.17786612079790487,4489.642797111188,-0.005815344877636116,0.10510490545675524,0.0021433814566143416,0.003680485225603799,false,false
WIF,hour,2026-04-26T15:00:00.000Z,0.17794986660099738,1112.04144268729,0.001124227566437399,-0.5049971929654142,0.0014893249016014434,0.0036580777442660425,true,false
WIF,hour,2026-04-26T14:00:00.000Z,0.17767055901505155,1670.9563711985952,-0.0025849637109896417,-0.5710152100920416,0.0015720532849911517,0.003260219509978906,true,false
WIF,hour,2026-04-26T13:00:00.000Z,0.17759596711233544,6199.534618002547,-0.001518859715147124,-0.44936949207361476,0.0019927225511719064,0.0029105137714817144,true,false
WIF,hour,2026-04-26T12:00:00.000Z,0.17817427527981558,10165.721977510766,0.0012610780952220595,-0.26738659631368034,0.003256313625153104,0.0029830780714280997,true,false
WIF,hour,2026-04-26T11:00:00.000Z,0.18093389074261745,1550.8920968403422,0.018367318399045776,-0.34612277695913773,0.018795041827558305,0.006052831629911997,true,false
WIF,hour,2026-04-26T10:00:00.000Z,0.18035782122660526,2716.475585443806,0.015551333508169462,-0.3593185484821761,0.01548829346137655,0.00611838587091943,true,false
WIF,hour,2026-04-26T09:00:00.000Z,0.17907942055550455,8917.911905627088,0.005080112009814398,-0.22135552837621925,0.010355573975838972,0.006659341913910727,true,false
WIF,hour,2026-04-26T08:00:00.000Z,0.17950986421472856,2867.998767140021,-0.007870424507228467,-0.14890567947639474,0.0071387358030035805,0.006718523664610865,false,false
WIF,hour,2026-04-26T07:00:00.000Z,0.17960460375844328,4950.128262702167,-0.004176239561109046,-0.07998257807312392,0.0029326831710177245,0.006695209818751467,false,false
WIF,hour,2026-04-26T06:00:00.000Z,0.1797429189584925,4015.522613533397,0.0037050510936979144,-0.15384967549345815,0.0012982837727801466,0.006699649460659928,false,false
WIF,hour,2026-04-26T05:00:00.000Z,0.17831422534362334,7321.315713273691,-0.006660574761925055,-0.22692383782438502,0.008012224555365545,0.0072438457587408805,true,false
WIF,hour,2026-04-26T04:00:00.000Z,0.1784006056935915,110315.38118489723,-0.0067036035806246645,0.5381856988172948,0.008012224555365545,0.004331345184051493,false,false
WIF,hour,2026-04-26T03:00:00.000Z,0.1785566049495384,7722.444700579545,-0.0066000597733035645,0.5708518989536816,0.0013592836210794374,0.004173358369226401,false,false
WIF,hour,2026-04-26T02:00:00.000Z,0.17774281200032754,11867.686043543243,-0.003204530329504838,0.579133941232739,0.004578485847345303,0.0036289566493965283,false,false
WIF,hour,2026-04-26T01:00:00.000Z,0.17720757050195998,4723.796432469737,-0.006687394288787335,0.5912534314937314,0.007612735978249286,0.003693954301360157,false,false
WIF,hour,2026-04-26T00:00:00.000Z,0.17901978964914578,7777.060708980765,0.002594049655784379,0.6146818390381803,0.01022653344917762,0.0053286436956044994,false,false
WIF,hour,2026-04-25T23:00:00.000Z,0.1783829023741561,2813.9288243353867,0.0036012166490726034,0.621230349040295,0.01022653344917762,0.005488565305551665,false,false
WIF,hour,2026-04-25T22:00:00.000Z,0.1786579886107789,2884.3770228924454,0.008184854093481662,0.587471254625899,0.0035703381126393425,0.004622302240818377,false,false
WIF,hour,2026-04-25T21:00:00.000Z,0.177271531217858,6755.482514708076,-0.009765727212137454,-0.1473985836532313,0.007821094472394497,0.005477482494210531,true,false
WIF,hour,2026-04-25T20:00:00.000Z,0.17667451381021176,6858.765766672736,-0.009577086936061928,-0.1618656249483792,0.011226717186259385,0.00561421944751571,true,false
WIF,hour,2026-04-25T19:00:00.000Z,0.17635615750643527,1042.250451506016,-0.012884008838576759,-0.22816963361545065,0.005190483419266613,0.00538545792680031,true,false
WIF,hour,2026-04-25T18:00:00.000Z,0.17778187107609347,6455.309761000691,0.0028788596495412377,-0.2162990349742113,0.00808428574208519,0.006079918272429224,true,false
WIF,hour,2026-04-25T17:00:00.000Z,0.17651894522882008,6648.278872273989,-0.000880537764257245,-0.23433580507373067,0.00808428574208519,0.005425602838478728,true,false
WIF,hour,2026-04-25T16:00:00.000Z,0.17688732159391354,7045.82735538794,0.003011882856763269,-0.16696585312048132,0.00715461927124178,0.005314458294580062,true,false
WIF,hour,2026-04-25T15:00:00.000Z,0.17714207864543566,2008.7443607274304,-0.003598749561950407,-0.1681484954087483,0.0035301220263230697,0.005310381761322612,true,false
WIF,hour,2026-04-25T14:00:00.000Z,0.17781042193779498,1820.3837336559038,0.00731636316600896,-0.20481234064170603,0.005218578333164133,0.004642782255411405,true,false
WIF,hour,2026-04-25T13:00:00.000Z,0.17839730009798807,10067.670489539445,0.00853638627386217,-0.19638814800447785,0.007085958695702343,0.004634737030393433,true,false
WIF,hour,2026-04-25T12:00:00.000Z,0.1779854750774515,3864.605541757058,0.004761129814356322,-0.17245987795969947,0.003300583586705659,0.0046668135624592134,true,false
WIF,hour,2026-04-25T11:00:00.000Z,0.17949329007018724,3628.4504509280005,0.009464395360250597,-0.19191491806231134,0.008471562031000652,0.00476275580144957,true,false
WIF,hour,2026-04-25T10:00:00.000Z,0.18002042896562834,2156.264221227677,0.009098393679437596,-0.22120274572333548,0.01143325817621534,0.004080647742113668,true,false
WIF,hour,2026-04-25T09:00:00.000Z,0.17996852164224472,2119.9114801223736,0.011141620202043415,-0.2599454112396446,0.002936816720195867,0.004005334131456987,true,false
WIF,hour,2026-04-25T08:00:00.000Z,0.17867343903108435,1014.3385838328878,-0.004567586001584302,-0.26612060326798354,0.007538837008166898,0.0048164528321117586,true,false
WIF,hour,2026-04-25T07:00:00.000Z,0.1782439671879117,9645.46464283864,-0.0098681121244069,-0.21368276435871258,0.00967524725543693,0.004690379954348963,true,false
WIF,hour,2026-04-25T06:00:00.000Z,0.17882660494940447,9803.79450835271,-0.006345091254959799,-0.21503343435141198,0.0032687656737270844,0.004687211348485681,true,false
WIF,hour,2026-04-25T05:00:00.000Z,0.17978179761291016,6442.166407624417,0.006203264390254385,-0.20473250745906282,0.008627671664069452,0.0050260418394091465,true,false
WIF,hour,2026-04-25T04:00:00.000Z,0.18002855515072017,5736.172666492231,0.010012052530939767,-0.19447086123206053,0.00672131644872284,0.003919637195011034,true,false
WIF,hour,2026-04-25T03:00:00.000Z,0.18043095320347488,5081.533741670298,0.008971530016600877,-0.1656916459906182,0.003610797083931842,0.0038532025661091904,true,false
WIF,hour,2026-04-25T02:00:00.000Z,0.17953247861397725,10878.125308335246,-0.001386786661626991,-0.11420924191524617,0.005004523952624125,0.004288981201123673,true,false
WIF,hour,2026-04-25T01:00:00.000Z,0.17886075655345654,8792.529447866971,-0.006486740929992703,-0.06257705316386286,0.008778877380791198,0.0035987910701259034,false,false
WIF,hour,2026-04-25T00:00:00.000Z,0.1780801458116293,2995.1846538127566,-0.013028847601301262,-0.11071459572051913,0.008155500972490353,0.0038544694182942787,true,false
WIF,hour,2026-04-24T23:00:00.000Z,0.17884402220636456,5746.128617701558,-0.0038347178901984966,-0.1383831590219149,0.004383479911640305,0.003994099303727356,true,false
WIF,hour,2026-04-24T22:00:00.000Z,0.17813612401786516,12349.575389061218,-0.00405137800798023,0.456524514838947,0.004289509036809116,0.0037610770102237258,false,false
WIF,hour,2026-04-24T21:00:00.000Z,0.18038609158555247,6190.321551484711,0.012948921191710932,0.4950057965593581,0.012630608081837785,0.006031808030480207,false,false
WIF,hour,2026-04-24T20:00:00.000Z,0.17991533259535972,9413.872430899264,0.005990194001334849,0.741684401140466,0.012630608081837785,0.0060536002674635644,false,false
WIF,hour,2026-04-24T19:00:00.000Z,0.18026987701863478,7607.43987155484,0.011978216167741642,0.5574994655304601,0.0026165584856045255,0.005799972140375735,false,false
WIF,hour,2026-04-24T18:00:00.000Z,0.18013369605008156,3476.928343609569,-0.0013991962088230152,0.358172764154344,0.001970618168894241,0.005631510935253743,false,false
WIF,hour,2026-04-24T17:00:00.000Z,0.17963070314347437,3412.4229416684925,-0.0015820188739860861,0.3729316363910259,0.0035582662873055127,0.005486155865540799,false,false
WIF,hour,2026-04-24T16:00:00.000Z,0.18088305193295662,8740.805297739245,0.003401427484517836,0.44825981064374526,0.006971796956570223,0.005863120900154646,false,false
WIF,hour,2026-04-24T15:00:00.000Z,0.18200458052123691,3862.980569495038,0.010386088289862228,0.08695205705610189,0.013215320856738395,0.006130841029841005,false,false
WIF,hour,2026-04-24T14:00:00.000Z,0.18049409698380758,9453.044203218069,0.004806493685233761,0.20485792449800322,0.008368603531476369,0.005000314997542883,false,false
WIF,hour,2026-04-24T13:00:00.000Z,0.18019196058607256,2940.1845867613747,-0.003820652844469937,-0.10925272145685597,0.010059382945103777,0.004942531424328489,false,false
WIF,hour,2026-04-24T12:00:00.000Z,0.182878249096364,2900.8431302517033,0.004800255975014521,-0.2839646902160509,0.01490792653320549,0.00742680795952949,false,false
WIF,hour,2026-04-24T11:00:00.000Z,0.18121869860129483,729.3851077770635,0.004014544683709253,-0.33259656092626705,0.01490792653320549,0.008182153918017583,false,false
WIF,hour,2026-04-24T10:00:00.000Z,0.18076004100571322,4067.3797141176697,0.003152640205439678,-0.2734468369171464,0.011718342609713314,0.008169949960798315,false,false
WIF,hour,2026-04-24T09:00:00.000Z,0.1794686494211145,4410.851604155756,-0.01864409623395323,-0.4960600977088935,0.009751280715741682,0.008197337827602553,true,false
WIF,hour,2026-04-24T08:00:00.000Z,0.18127829070105442,3363.2411199244902,0.0003288407886136364,-0.542708878376636,0.010083328123195876,0.008724558579990308,true,false
WIF,hour,2026-04-24T07:00:00.000Z,0.17989395462439922,6576.173904437059,-0.004791359730254886,-0.6567534169544499,0.010083328123195876,0.008636620792603796,true,false
WIF,hour,2026-04-24T06:00:00.000Z,0.1807679478525755,7517.465753215923,0.007239695822373084,-0.4825918364775157,0.007695289591835105,0.008806016176537092,true,false
WIF,hour,2026-04-24T05:00:00.000Z,0.18055140550573653,6921.2651644664675,-0.004009775205331056,-0.3327930217119084,0.00485838020516634,0.006816790435106155,false,false
WIF,hour,2026-04-24T04:00:00.000Z,0.17949873735724187,4139.5218746274295,-0.0021969457949964446,-0.19839433615808852,0.007070860296959197,0.00628342215799266,false,false
WIF,hour,2026-04-24T03:00:00.000Z,0.17898904349934477,3278.7245290914925,-0.009840817326097533,-0.25257510619131596,0.008728813651643874,0.006302308907986874,false,false
WIF,hour,2026-04-24T02:00:00.000Z,0.18070519889847642,8630.415146767959,0.0008517983690522708,-0.13915417391666066,0.009588047209928376,0.00673671695427413,false,false
WIF,hour,2026-04-24T01:00:00.000Z,0.18066124980077405,3758.1809355926302,0.006476437999775635,-0.05090266459877694,0.009588047209928376,0.00556885424843912,false,false
WIF,hour,2026-04-24T00:00:00.000Z,0.18071568250307818,13119.437821269577,0.009646618418516356,0.2272646844185916,0.00030129705381840797,0.004757111033108817,false,false
WIF,hour,2026-04-23T23:00:00.000Z,0.1794305654356406,2620.353875104203,-0.0070536623772066214,0.035849169963871295,0.007162197055543139,0.005152712336608083,false,false
WIF,hour,2026-04-23T22:00:00.000Z,0.18009236901533748,9352.581544633953,-0.0031488810470641023,0.10778151662019947,0.007162197055543139,0.005318033656240034,false,false
WIF,hour,2026-04-23T21:00:00.000Z,0.18093910084898684,3445.7849911373914,0.0012362974967867566,0.09258689204209022,0.008407349158621158,0.0051517102017571295,false,false
WIF,hour,2026-04-23T20:00:00.000Z,0.18038346342214698,6378.5822968479415,0.005310678167863082,0.2926115859580942,0.004701653036599512,0.005170715110813691,false,false
WIF,hour,2026-04-23T19:00:00.000Z,0.17790809189413698,8524.33367926977,-0.012128648943556756,0.29135219669745394,0.017036937008202243,0.006403462998192573,false,false
WIF,hour,2026-04-23T18:00:00.000Z,0.17758376419803856,9169.169115808312,-0.018544010858928008,0.47818829925426226,0.0157655134564342,0.006439838361017827,false,false
WIF,hour,2026-04-23T17:00:00.000Z,0.17836507133449545,34198.06668759111,-0.011189451900742916,0.5963874234032733,0.00439965410118,0.006649189087391648,false,false
WIF,hour,2026-04-23T16:00:00.000Z,0.18100596619613565,5302.748352781949,0.017412779087316872,0.7107967935374487,0.019270917099609996,0.008233805072608872,false,false
WIF,hour,2026-04-23T15:00:00.000Z,0.1820776805762834,10985.367732798228,0.02530589662033121,0.7175985501746311,0.020814665192074214,0.008416524790536855,false,false
WIF,hour,2026-04-23T14:00:00.000Z,0.1805248359520946,11745.471264402071,0.01210867464935918,0.8995788005987088,0.008601833736610534,0.008841648459638515,false,false
WIF,hour,2026-04-23T13:00:00.000Z,0.17942527739773806,5924.076753054981,-0.008732799429852944,0.8977559322251564,0.014782773180089175,0.00906398161491145,false,false
WIF,hour,2026-04-23T12:00:00.000Z,0.17928240170934687,6757.878968179076,-0.015352122556094527,0.8415169762610487,0.006930040153979883,0.0074141923066296765,false,false
WIF,hour,2026-04-23T11:00:00.000Z,0.17985258342711485,13026.4163478745,-0.0037238783319439345,0.8728466122738641,0.003180355195667041,0.007478969507362056,false,false
WIF,hour,2026-04-23T10:00:00.000Z,0.17946391807122564,8231.68758393053,0.00021535802562490475,0.2493550414628485,0.003180355195667041,0.007338284026338802,false,false
WIF,hour,2026-04-23T09:00:00.000Z,0.17899847386911807,12877.3617899977,-0.0015836905213323569,0.37870364944563145,0.004771602458584624,0.004894280485619773,false,false
WIF,hour,2026-04-23T08:00:00.000Z,0.1799676442039021,17692.012105565573,0.0006397504811704532,0.4727771038441171,0.005414405574723911,0.0048104849133354605,false,false
WIF,hour,2026-04-23T07:00:00.000Z,0.18092358658295105,14709.46860508193,0.008133492946175934,0.4745391088726466,0.010754911325336746,0.004082905060838941,false,false
WIF,hour,2026-04-23T06:00:00.000Z,0.18203457582923757,9354.061338543706,0.016961608076834583,0.5251740150249257,0.011485017956859248,0.004085547601583231,false,false
WIF,hour,2026-04-23T05:00:00.000Z,0.1815252183072416,12647.487294573753,0.008654745191723401,0.6102880816123154,0.006140654556265675,0.004209832565274169,false,false
WIF,hour,2026-04-23T04:00:00.000Z,0.181292860405505,2082.5899545518664,0.002041048541698226,0.35893743232544384,0.004091255563366126,0.004064073012913576,false,false
WIF,hour,2026-04-23T03:00:00.000Z,0.18018761622196328,11810.77119417639,-0.010146202164400271,0.4046623154115496,0.007423385209950357,0.0046032806568139135,false,false
WIF,hour,2026-04-23T02:00:00.000Z,0.1805730177136743,26626.969545844993,-0.005245555424457155,0.5413503041281428,0.006133852074385761,0.004569347786500038,false,false
WIF,hour,2026-04-23T01:00:00.000Z,0.18593395931916515,12531.258139536041,0.025600009306925967,0.40326010735461754,0.03189088805150331,0.011789386266247294,false,false
WIF,hour,2026-04-23T00:00:00.000Z,0.18795115522711905,22028.52990089597,0.043085863323660926,0.4653244306858755,0.040859579171146784,0.012313164577711089,false,false
WIF,hour,2026-04-22T23:00:00.000Z,0.18971002218115923,14054.450585895755,0.05060005411203262,0.5275581953267858,0.020308623964233875,0.012595817735058844,false,false
WIF,hour,2026-04-22T22:00:00.000Z,0.1928187286610821,12759.792517429116,0.03702803601411452,0.4963020879646819,0.025898076700199578,0.013974043271119911,false,false
WIF,hour,2026-04-22T21:00:00.000Z,0.19468829900597337,5218.534432248796,0.03584518419540008,0.5568916181051579,0.026241506735264868,0.014434014965642351,false,false
WIF,hour,2026-04-22T20:00:00.000Z,0.1938457497870612,15860.808961116334,0.021800258933883078,0.6032192284923976,0.009695999749990143,0.01434175263169302,false,false
WIF,hour,2026-04-22T19:00:00.000Z,0.1974414221173232,13772.488360336207,0.023974296938584373,0.2941737388516321,0.018549141955456018,0.015915092418128534,false,false
WIF,hour,2026-04-22T18:00:00.000Z,0.1991561162973895,7988.8568871894495,0.022948566062920124,0.22246242723450455,0.027394804973344566,0.01190360359562062,false,false
WIF,hour,2026-04-22T17:00:00.000Z,0.19982258197051123,19547.461307085938,0.030832928707570567,0.08782444557987967,0.012060082568555884,0.011254177328208432,false,false
WIF,hour,2026-04-22T16:00:00.000Z,0.19917303616223087,112210.59376426543,0.008770267284028665,0.5839425723539499,0.003346448432075927,0.010759944779277355,false,false
WIF,hour,2026-04-22T15:00:00.000Z,0.199692546041803,9727.827933154198,0.0026935137839928817,0.5532742659919028,0.0032612135698493402,0.008888469495771188,false,false
WIF,hour,2026-04-22T14:00:00.000Z,0.20087936438414516,12830.757695826322,0.005288603536260447,0.6013114820434968,0.008567064371727794,0.008409505699603064,false,false
WIF,hour,2026-04-22T13:00:00.000Z,0.1992182194334528,15245.518125638435,0.00022685435786164957,0.5864228869419076,0.008338318429993061,0.008825130493796931,false,false
WIF,hour,2026-04-22T12:00:00.000Z,0.19902535572754645,15037.27062618787,-0.003341087724510668,0.5869900121970603,0.00931543948167456,0.005455317946536063,false,false
WIF,hour,2026-04-22T11:00:00.000Z,0.2014912833341199,12925.9986749565,0.003046201145900399,0.6719572814910537,0.012390017329998601,0.0063828271031780015,false,false
WIF,hour,2026-04-22T10:00:00.000Z,0.20151718792816417,12138.198460879625,0.011539951020791644,0.6056555535322539,0.012520174585337168,0.006256865300013029,false,false
WIF,hour,2026-04-22T09:00:00.000Z,0.20044884655093456,21930.80404885235,0.007152308901468711,-0.11054021721768247,0.005329745696282372,0.006455265166128595,false,false
WIF,hour,2026-04-22T08:00:00.000Z,0.20252460797876046,9964.306698311433,0.005128383856323304,-0.1054120827625544,0.010355566836841034,0.007474194973177855,false,false
WIF,hour,2026-04-22T07:00:00.000Z,0.20129515151282118,3425.604871635872,-0.0011018237085669408,-0.1729070585777155,0.010355566836841034,0.007492946720193856,false,false
WIF,hour,2026-04-22T06:00:00.000Z,0.20246140138945637,12746.571541776233,0.010040241553649508,-0.20361324733313516,0.006107730149978147,0.0071457420510148365,true,false
WIF,hour,2026-04-22T05:00:00.000Z,0.20295868183978363,12280.276609195113,0.002143314164907306,-0.22347497614401707,0.008264135099431332,0.00719634115428159,true,false
WIF,hour,2026-04-22T04:00:00.000Z,0.20026185397839683,8857.06327362285,-0.005133246015409071,-0.2560966150183943,0.013466508013441878,0.007462419416558027,true,false
WIF,hour,2026-04-22T03:00:00.000Z,0.2015400146754332,9661.166530672845,-0.004550925300822073,-0.2689928948216055,0.013466508013441878,0.007840139840053013,true,false
WIF,hour,2026-04-22T02:00:00.000Z,0.20100826496247012,10501.218649936765,-0.009609920894407348,-0.34361669825128893,0.006382447139305195,0.0076438468131498636,true,false
WIF,hour,2026-04-22T01:00:00.000Z,0.19648787465047998,8344.149455685972,-0.01884522315629795,-0.3437290290139943,0.0257122228734987,0.010824640517473644,true,false
WIF,hour,2026-04-22T00:00:00.000Z,0.19698775634956142,6209.874959176945,-0.022587367244181693,-0.31598371117179275,0.023005950469112565,0.010620654013232072,true,false
WIF,hour,2026-04-21T23:00:00.000Z,0.19604348592856685,6322.172293492381,-0.024699377584450254,-0.35255109496680076,0.004816637576719265,0.01055125532727324,true,false
WIF,hour,2026-04-21T22:00:00.000Z,0.1939028319376591,4197.456888049428,-0.013156245480385324,-0.41898230988840135,0.015909640829248724,0.011300004412150389,true,false
WIF,hour,2026-04-21T21:00:00.000Z,0.19484056276954492,5844.44961335982,-0.010900137246125242,-0.42974869041652575,0.011039828400216443,0.01026903328315904,true,false
WIF,hour,2026-04-21T20:00:00.000Z,0.19386960497254566,6504.531807146073,-0.01108876913570748,-0.4192662383467066,0.005008303375543404,0.010160513304104335,true,false
WIF,hour,2026-04-21T19:00:00.000Z,0.19220801917057312,10747.413532639792,-0.00874052611893188,-0.4139948334096856,0.013696325524459927,0.010621829443306986,true,false
WIF,hour,2026-04-21T18:00:00.000Z,0.19402744881614759,4401.359149135903,-0.004173227288196036,-0.41192182957243734,0.0094659403568372,0.007183086532761231,true,false
WIF,hour,2026-04-21T17:00:00.000Z,0.19554895616623036,25133.737071614127,0.00866227170536877,-0.2858324476159976,0.017381881411994357,0.007706535901867639,true,false
WIF,hour,2026-04-21T16:00:00.000Z,0.19859007266441195,5322.033554044411,0.033203887753377966,-0.2792416296692624,0.023515352472565455,0.009492800029148115,true,false
WIF,hour,2026-04-21T15:00:00.000Z,0.19817415138188618,2488.7332122649846,0.021371731634052673,-0.286585717974552,0.015551688732086235,0.008574401927124518,true,false
WIF,hour,2026-04-21T14:00:00.000Z,0.19917326155555737,3629.9665745027623,0.018534005296587188,-0.28046527941389593,0.005041576647127292,0.008591169837507988,true,false
WIF,hour,2026-04-21T13:00:00.000Z,0.19811278575623562,4229.909056109962,-0.0024033774789079102,-0.27972438233054764,0.005352889240710575,0.008620574515037291,true,false
WIF,hour,2026-04-21T12:00:00.000Z,0.1981248614552579,6158.335880890169,-0.00024872026086439087,-0.31046986130213033,0.005352889240710575,0.007983138496716365,true,false
WIF,hour,2026-04-21T11:00:00.000Z,0.20036818610606688,4788.884808375036,0.005999422518751097,-0.28157174946564323,0.011384426003712771,0.008316240842518556,true,false
WIF,hour,2026-04-21T10:00:00.000Z,0.2016768042378114,1732.0471032363944,0.017989845874768855,-0.9411179055645849,0.01792779945163835,0.008154606668024105,true,false
WIF,hour,2026-04-21T09:00:00.000Z,0.2007339208949601,6725.02913017868,0.013168763478435978,-0.882688048447779,0.0065310674173183645,0.005967733912947318,true,false
WIF,hour,2026-04-21T08:00:00.000Z,0.20027571282412818,5294.269476044393,-0.0004615167893457524,-0.7629604294377778,0.00699581289176879,0.005977622742000696,true,false
WIF,hour,2026-04-21T07:00:00.000Z,0.19968479426234192,3287.9477451692496,-0.009877238897144324,-0.7048921946136167,0.0052539134814634,0.005776370963912794,true,false
WIF,hour,2026-04-21T06:00:00.000Z,0.2000936751197814,5889.7887975648855,-0.0031895245822140352,-0.6183782251558084,0.0029592566823586734,0.005467418589133211,true,false
WIF,hour,2026-04-21T05:00:00.000Z,0.19934373617217244,2627.4296610093547,-0.004653468155542926,-0.6484684616345872,0.0037620391892386807,0.005648575357911753,true,false
WIF,hour,2026-04-21T04:00:00.000Z,0.19821884477960774,2.589494807562203,-0.007341317540724933,-0.6874704099868313,0.009458385968590504,0.004286189278808709,true,false
WIF,hour,2026-04-21T03:00:00.000Z,0.198351258245135,4833.756318092119,-0.008708005755820869,-0.5762931701181272,0.005674997217421065,0.0035186840066851995,true,false
WIF,hour,2026-04-21T02:00:00.000Z,0.20014149500195566,2433.253722549573,0.004001925744454808,-0.6520000164571441,0.009699633879339978,0.004558190290958395,true,false
WIF,hour,2026-04-21T01:00:00.000Z,0.19973934121589393,1536.2338652563544,0.007670796578280779,-0.7460475977986991,0.00902558810394928,0.004539710851882832,true,false
WIF,hour,2026-04-21T00:00:00.000Z,0.20133619716332415,4904.231066144155,0.01504875212084705,-0.6609235572846821,0.007994699179988877,0.005331033358423849,true,false
WIF,hour,2026-04-20T23:00:00.000Z,0.19990518426897705,6791.116069057562,-0.0011807183361766272,-0.6112257518152556,0.007994699179988877,0.005923732913154172,true,false
WIF,hour,2026-04-20T22:00:00.000Z,0.20054394983106757,7110.90014817853,0.004028293125809213,-0.4544448648020374,0.007158458143945105,0.005876248660909235,true,false
WIF,hour,2026-04-20T21:00:00.000Z,0.20155470250182694,6244.312240870227,0.0010852759790905223,-0.2261834197802688,0.008251503025706576,0.005793629965481652,false,false
WIF,hour,2026-04-20T20:00:00.000Z,0.20130449139008108,9033.748056589015,0.006999854086931692,-0.07593292367501982,0.005040055666654602,0.0058071395948828194,false,false
WIF,hour,2026-04-20T19:00:00.000Z,0.2010089298677767,2122.354053000439,0.0023185941889585673,-0.03740618605932881,0.0027151661093328784,0.004743219603879322,false,false
WIF,hour,2026-04-20T18:00:00.000Z,0.20160905082099104,10265.74203051967,0.00026964550312886414,0.21873431197429366,0.002985543744793372,0.004815573745576728,false,false
WIF,hour,2026-04-20T17:00:00.000Z,0.20126366934633916,9396.775930733973,-0.00020278754567288357,0.33876536645090605,0.002985543744793372,0.003814636025574614,false,false
WIF,hour,2026-04-20T16:00:00.000Z,0.19775834048703594,48372.12131676484,-0.016171368022699164,0.6765879381099607,0.01947179736880694,0.007168261664781147,false,false
WIF,hour,2026-04-20T15:00:00.000Z,0.19821964014020338,9948.814633547066,-0.01681179821533469,0.7063796176570211,0.01772531490034933,0.007120781470947427,false,false
WIF,hour,2026-04-20T14:00:00.000Z,0.19773123182188088,6220.3736410730935,-0.017551292470871043,0.7069772344343113,0.0024700615771334907,0.0069256268161233875,false,false
WIF,hour,2026-04-20T13:00:00.000Z,0.19984972100978116,3881.029910375526,0.010575435238759564,0.64952798347517,0.010713983665507356,0.007998023867674516,false,false
WIF,hour,2026-04-20T12:00:00.000Z,0.19929539396882048,6763.815481627489,0.005427079919306731,0.716979486493154,0.010713983665507356,0.008047490661897728,false,false
WIF,hour,2026-04-20T11:00:00.000Z,0.19878708349978988,4876.066836283081,0.005339832600952638,0.7620951252205443,0.005345606421115383,0.008026471238741286,false,false
WIF,hour,2026-04-20T10:00:00.000Z,0.19909001124397216,1975.2656365446396,-0.003801405185708589,0.6427161607103739,0.00255705984554646,0.008020941601238733,false,false
WIF,hour,2026-04-20T09:00:00.000Z,0.19921114808630005,6160.906714482154,-0.0004227186632000566,-0.10842952656691571,0.0021332602654267714,0.004504152651673778,false,false
WIF,hour,2026-04-20T08:00:00.000Z,0.19999474356797983,19275.446509808116,0.006075143550215774,-0.008782894307426908,0.004544338102924618,0.004659780761791109,false,false
WIF,hour,2026-04-20T07:00:00.000Z,0.19941668937564605,8436.452844403779,0.0016408564630275078,0.012101657550473986,0.0039334921223400455,0.004694785026344876,false,false
WIF,hour,2026-04-20T06:00:00.000Z,0.19853804569354203,3643.7067114901947,-0.0033788389817744303,0.01796838898039406,0.007337122058138551,0.0029329365267436514,false,false
WIF,hour,2026-04-20T05:00:00.000Z,0.19771226589071159,8997.755232997128,-0.011412688336443272,0.039128776803283305,0.008620727081629876,0.00315938357084416,false,false
WIF,hour,2026-04-20T04:00:00.000Z,0.19943765986524742,7761.137968804032,0.00010515915025480075,0.06458473516021657,0.008726792780219159,0.004453692504976086,false,false
WIF,hour,2026-04-20T03:00:00.000Z,0.19863170000019992,3860.283880739366,0.000471719696498143,0.10773272034360733,0.008726792780219159,0.004674034530636812,false,false
WIF,hour,2026-04-20T02:00:00.000Z,0.19726251754114954,5366.69406337417,-0.002274762000910206,0.09397367015366141,0.01102663775769838,0.005350570545291561,false,false
WIF,hour,2026-04-20T01:00:00.000Z,0.1978943945418993,7054.357941540333,-0.0077380837921526,-0.12889016989802812,0.0069409154669475516,0.0052809147209503535,false,false
WIF,hour,2026-04-20T00:00:00.000Z,0.19699235969271284,14013.063041636016,-0.008253165569672065,-0.0655796349752484,0.004579034692480184,0.005447280515958441,false,false
WIF,hour,2026-04-19T23:00:00.000Z,0.19480815924445877,7618.14056328817,-0.012442091519889412,-0.018227236224638933,0.01584243344534515,0.006681807384599589,false,false
WIF,hour,2026-04-19T22:00:00.000Z,0.19580685786655427,17347.42842619311,-0.01054874080783044,0.0547395551384098,0.0112120583487121,0.006774969544211805,false,false
WIF,hour,2026-04-19T21:00:00.000Z,0.198851897499514,2903.0079136308536,0.009439644307534857,-0.019861675929966002,0.020757540499014127,0.008314676677398637,false,false
WIF,hour,2026-04-19T20:00:00.000Z,0.19880161374728655,423.9124175773716,0.02049942116549915,-0.06948067451600684,0.015551240983780999,0.008173158740603939,false,false
WIF,hour,2026-04-19T19:00:00.000Z,0.19983958510034322,6273.079159958685,0.02059543408095195,-0.07355156404200916,0.005221141486185915,0.007989978535356965,false,false
WIF,hour,2026-04-19T18:00:00.000Z,0.19902868419507613,15028.85880347196,0.0008890370058578499,0.02135800172183789,0.005221141486185915,0.00804614251819682,false,false
WIF,hour,2026-04-19T17:00:00.000Z,0.19858622090949,4710.543632277913,-0.0010834561839642156,-0.12670452292414427,0.0063114358343345335,0.00790356301894039,false,false
WIF,hour,2026-04-19T16:00:00.000Z,0.20164431912796282,31025.56855570938,0.009030913603595666,0.15643519085728222,0.015399347469664712,0.008835706594628907,false,false
WIF,hour,2026-04-19T15:00:00.000Z,0.20404518233452432,28862.82123557255,0.02520490028729381,0.23656193531090616,0.02748912487499506,0.009713272447161168,false,false
WIF,hour,2026-04-19T14:00:00.000Z,0.20431405627223892,11983.188676700192,0.028843065427784715,0.35673194314452034,0.013239833166744906,0.00778308324062874,false,false
WIF,hour,2026-04-19T13:00:00.000Z,0.20489271354025568,17786.43446503197,0.0161095260523131,0.5553605891497575,0.0041536447762920755,0.007855565846985572,false,false
WIF,hour,2026-04-19T12:00:00.000Z,0.20216762344687098,30313.402172243128,-0.00920168203028266,0.7874689689556131,0.01347935958747048,0.009134899013075803,false,false
WIF,hour,2026-04-19T11:00:00.000Z,0.20184232801956925,9430.722097273363,-0.012097690671738253,0.7113437562500169,0.01511271471458,0.009025245262058751,false,false
WIF,hour,2026-04-19T10:00:00.000Z,0.19932344610765795,3458.563788985994,-0.027181383546387165,1.0852607074814362,0.014269155961094682,0.01016250022271922,false,false
WIF,hour,2026-04-19T09:00:00.000Z,0.2007854893208509,762.8713215700732,-0.0068365750284603965,0.5774353082355145,0.012637158152236674,0.008805895544755072,false,false
WIF,hour,2026-04-19T08:00:00.000Z,0.20034226812525077,0,-0.007431840035916762,0.1026376733960317,0.007335028777313459,0.0076307349264526595,false,false
WIF,hour,2026-04-19T07:00:00.000Z,0.20034226812525077,3893.2043595523364,0.005111400778423907,-0.0342097509800228,0.002212319945000553,0.007614485388511319,false,false
WIF,hour,2026-04-19T06:00:00.000Z,0.20159373427825628,11277.58841824567,0.004025415183832357,-0.16233230980439597,0.006246640635131011,0.0078979400940743,false,false
WIF,hour,2026-04-19T05:00:00.000Z,0.20164024551538648,8526.241951374685,0.006478799517854278,-0.5487315960610355,0.006478799517854278,0.006064198211448364,true,false
WIF,hour,2026-04-19T04:00:00.000Z,0.2016266924758384,3028.0068359323286,0.006411150091325806,-0.6644186311829839,0.0002307176723360102,0.006033630058639793,true,false
WIF,hour,2026-04-19T03:00:00.000Z,0.20174137672634668,9760.192125074407,0.0007323761753756356,-0.5731084576808478,0.0005687949799703607,0.003731208781050951,true,false
WIF,hour,2026-04-19T02:00:00.000Z,0.2002290406903307,10000.785444504472,-0.006998626794213503,-0.3856878952872912,0.007553030423568341,0.0037921561502950547,true,false
WIF,hour,2026-04-19T01:00:00.000Z,0.20100650182772897,3752.770911681832,-0.003075935237015999,-0.29825026417635037,0.007553030423568341,0.003978475046119275,true,false
WIF,hour,2026-04-19T00:00:00.000Z,0.2019790687240648,7942.788716507038,0.001178201525017515,-0.24736796083785337,0.008740130940549408,0.004376822190269563,true,false
WIF,hour,2026-04-18T23:00:00.000Z,0.20261452684847223,5543.3711684293485,0.011913787080620608,-0.3323225847461826,0.007999865706440672,0.0038763957389159956,true,false
WIF,hour,2026-04-18T22:00:00.000Z,0.20324696507928974,6665.574038750721,0.011146222789753048,-0.3598547359782759,0.006277365091513999,0.004050478228763679,true,false
WIF,hour,2026-04-18T21:00:00.000Z,0.20363048052690091,11023.298945855944,0.008176153169080163,-0.25171352659143814,0.005014219336743222,0.004112592964703005,true,false
WIF,hour,2026-04-18T20:00:00.000Z,0.2026520855485161,2560.746071268085,0.00018537022309345966,-0.3637115573335113,0.004827954154711019,0.004492337987647108,true,false
WIF,hour,2026-04-18T19:00:00.000Z,0.2025669728786239,13671.751759717317,-0.0033456450402620285,-0.3261247048282978,0.005250153236550806,0.0034810472368841786,true,false
WIF,hour,2026-04-18T18:00:00.000Z,0.2019957663017306,10827.943374357696,-0.008027846425252392,-0.19083961681337183,0.0032491732812118556,0.0033333712809282506,false,false
WIF,hour,2026-04-18T17:00:00.000Z,0.20377027976299378,6918.36631008535,0.005517802649062658,-0.2056954851069399,0.008784904227212849,0.0043257266074224615,false,false
WIF,hour,2026-04-18T16:00:00.000Z,0.20513668270005989,12588.54896493034,0.01268572948945494,-0.06415712154614425,0.015549416979549684,0.004866526663382844,false,false
WIF,hour,2026-04-18T15:00:00.000Z,0.20671395408847326,4736.609394221419,0.023357854835902234,-0.10639265631002133,0.014446043500079041,0.005538647944555237,false,false
WIF,hour,2026-04-18T14:00:00.000Z,0.2079184590782778,6280.048381650791,0.020357136085344688,-0.2193070218339673,0.013560599409152397,0.0059153392431894455,false,false
WIF,hour,2026-04-18T13:00:00.000Z,0.20650660874274832,8585.930778252881,0.006678113463945714,-0.12024498712013494,0.00683682882656928,0.006189463593205892,false,false
WIF,hour,2026-04-18T12:00:00.000Z,0.20658866560055145,11246.200561127618,-0.0006060959381009758,-0.14927562374134637,0.00683682882656928,0.00618924848656264,false,false
WIF,hour,2026-04-18T11:00:00.000Z,0.206155812643447,8634.680077750563,-0.008477585119881935,-0.20766214626591664,0.0020996398382085286,0.006147854976005004,false,false
WIF,hour,2026-04-18T10:00:00.000Z,0.20861246232250502,10269.681727606285,0.010197511801571604,-0.0654497667922314,0.011916470593564406,0.006849392566192317,false,false
WIF,hour,2026-04-18T09:00:00.000Z,0.2123383053623889,7974.560830553634,0.02783134178791127,-0.0712153058712578,0.029989417420088496,0.009235894838598598,false,false
WIF,hour,2026-04-18T08:00:00.000Z,0.21228794494295505,13878.268441704717,0.029745134133635893,0.1480729187368754,0.0178601172643459,0.008770901847081939,false,false
WIF,hour,2026-04-18T07:00:00.000Z,0.21452630894532268,6548.297003156709,0.028348481950589945,0.23070117114995742,0.010543999580235743,0.00937138331722532,false,false
WIF,hour,2026-04-18T06:00:00.000Z,0.2144012014482577,3166.6167104654414,0.009715138690346682,0.37645841410181,0.010543999580235743,0.009013287210411754,false,false
WIF,hour,2026-04-18T05:00:00.000Z,0.215964556918795,10727.259037836191,0.017318986138510566,0.34171044949138035,0.007291729057379293,0.00942111447156335,false,false
WIF,hour,2026-04-18T04:00:00.000Z,0.21356404988398608,12030.039243436951,-0.004485506071807029,0.39440624867559687,0.011240220608819339,0.010294516304077824,false,false
WIF,hour,2026-04-18T03:00:00.000Z,0.21445570253518284,12763.753631670465,0.0002542014063214057,0.3966266054422943,0.011240220608819339,0.009402659829877551,false,false
WIF,hour,2026-04-18T02:00:00.000Z,0.21436793218683908,7933.033294199099,-0.007392994270611968,0.3542997288530504,0.0041751064923198754,0.0066079948517098,false,false
WIF,hour,2026-04-18T01:00:00.000Z,0.21406665627232316,8288.644582526536,0.002353422257210908,0.0661402535009471,0.0018174071087687772,0.006628734843824613,false,false
WIF,hour,2026-04-18T00:00:00.000Z,0.2140902756474754,16565.62030230307,-0.0017039737502316439,0.42690985567913103,0.0014073930044138179,0.005312762820226049,false,false
WIF,hour,2026-04-17T23:00:00.000Z,0.2143936202814377,11828.441992268075,0.00011983179730558372,0.7463757428099502,0.0015273934521526358,0.005335094191563793,false,false
WIF,hour,2026-04-17T22:00:00.000Z,0.21770388163284432,3620.9922147283887,0.016991087840855026,0.4522690088603178,0.016878888938043787,0.0073797595249056784,false,false
WIF,hour,2026-04-17T21:00:00.000Z,0.21822121923549104,7512.782663782826,0.019295334996054254,0.2860085923098476,0.017853138302477367,0.00611698586738952,false,false
WIF,hour,2026-04-17T20:00:00.000Z,0.21668793978659126,10978.307565606157,0.010701435528453502,0.20153698691325247,0.007075979634168163,0.00648383792756234,false,false
WIF,hour,2026-04-17T19:00:00.000Z,0.2208959960548348,7867.705087427869,0.014662643578280057,0.1651467920386869,0.019419891445679446,0.009739829431753824,false,false
WIF,hour,2026-04-17T18:00:00.000Z,0.22152030487571278,12073.164551856458,0.015118079038233086,0.28265885688608855,0.02230103389178353,0.009783639267954156,false,false
WIF,hour,2026-04-17T17:00:00.000Z,0.2204048642066975,10897.754470802607,0.017153351606771068,-0.010435024572133056,0.005060871378815004,0.009967865547405922,false,false
WIF,hour,2026-04-17T16:00:00.000Z,0.22259361387117957,56629.977242380875,0.007685145256880839,0.5167321331810684,0.009930586933097098,0.01063115173330105,false,false
WIF,hour,2026-04-17T15:00:00.000Z,0.22020974661755813,32245.399300784495,-0.005916199234602723,0.8191435038384334,0.01082543933789426,0.00980026343466022,false,false
WIF,hour,2026-04-17T14:00:00.000Z,0.22511156731512047,30360.554109361678,0.02135480596294366,1.0149817416902323,0.022259780835565898,0.012825038704144474,false,false
WIF,hour,2026-04-17T13:00:00.000Z,0.22288328535422294,46975.99336008216,0.0013013467817231021,1.2062941839234522,0.022259780835565898,0.013096423902018837,false,false
WIF,hour,2026-04-17T12:00:00.000Z,0.21833555598118046,23034.161357762572,-0.008510934076104306,1.3417116984969466,0.031034850478151504,0.013393287837615333,false,false
WIF,hour,2026-04-17T11:00:00.000Z,0.21389908243033084,24368.67851387,-0.049808568340221834,1.4318463399570462,0.04200206387897128,0.015441722506230776,false,false
WIF,hour,2026-04-17T10:00:00.000Z,0.21198795767873913,16860.23784256576,-0.048883556513303096,1.490317563369385,0.029943202302372813,0.01569436757084162,false,false
WIF,hour,2026-04-17T09:00:00.000Z,0.21477127018837536,17602.674238813994,-0.016324806909197718,1.0072388311991824,0.013129578397345815,0.01602094850669472,false,false
WIF,hour,2026-04-17T08:00:00.000Z,0.2136300418613806,30991.8217703516,-0.0012577920666764688,0.9084307248938948,0.013129578397345815,0.01562574641425984,false,false
WIF,hour,2026-04-17T07:00:00.000Z,0.2132875668486042,9695.403750239751,0.006130580171136839,0.6646937679705706,0.006956351754081948,0.013239729275371002,false,false
WIF,hour,2026-04-17T06:00:00.000Z,0.2126834991937614,7787.86864651018,-0.009720904443051365,0.21363539230246473,0.004450475336391161,0.012739794907392549,false,false
WIF,hour,2026-04-17T05:00:00.000Z,0.2122153340244382,16366.518679589888,-0.006622232643947902,0.11553808451289829,0.005052569971416467,0.010113565185288654,false,false
WIF,hour,2026-04-17T04:00:00.000Z,0.21431361748019065,21872.569205469565,0.004810644365007745,0.05451344004520717,0.009887520453686013,0.007477230772083924,false,false
WIF,hour,2026-04-17T03:00:00.000Z,0.21613461313517138,14535.29182892415,0.016226524175558674,0.00928383588047493,0.01846840676594009,0.007391142932846567,false,false
WIF,hour,2026-04-17T02:00:00.000Z,0.2147700684158729,23105.146631629363,0.01203840619330786,0.04881362797603113,0.008496873303671642,0.0060043522204394064,false,false
WIF,hour,2026-04-17T01:00:00.000Z,0.21599188669194067,63945.439979518414,0.007830903287819038,0.2325790224421168,0.006353514385702121,0.006049329718212463,false,false
WIF,hour,2026-04-17T00:00:00.000Z,0.21836009198340728,22941.703505331927,0.010296725804136141,0.3237875226847787,0.016715660585360472,0.007294793218277851,false,false
WIF,hour,2026-04-16T23:00:00.000Z,0.21829925576663262,13336.254441695943,0.016432398503156066,0.3745082486708074,0.01096432522414268,0.0072163673965715686,false,false
WIF,hour,2026-04-16T22:00:00.000Z,0.21942048260962282,21856.830477853164,0.01587372549123666,0.4086691952376078,0.005136191779732076,0.007425065814006912,false,false
WIF,hour,2026-04-16T21:00:00.000Z,0.2180152129535679,50575.96238692253,-0.001579405040118686,0.5715465728327973,0.006445741271982743,0.006870199160754066,false,false
WIF,hour,2026-04-16T20:00:00.000Z,0.22380768091447353,80576.7997461139,0.025233366593469114,0.8577367969276876,0.02656909984597858,0.011627656758194894,false,false
WIF,hour,2026-04-16T19:00:00.000Z,0.22518881592965437,93036.09560024261,0.026288946462186706,1.045255703996079,0.03290413948137771,0.011613743040662861,false,false
WIF,hour,2026-04-16T18:00:00.000Z,0.22018353265521254,52932.792370815136,0.009945726595264864,0.9005581012369036,0.022732323412576225,0.014228860654149255,false,false
WIF,hour,2026-04-16T17:00:00.000Z,0.21540390016760066,37131.70769614952,-0.037549116779795916,0.960109800387877,0.04542589876246573,0.015946175838227737,false,false
WIF,hour,2026-04-16T16:00:00.000Z,0.21307594796815094,143955.49360707967,-0.05378982926615375,1.1810994737231582,0.03335704829586863,0.016466244489584704,false,false
WIF,hour,2026-04-16T15:00:00.000Z,0.21724122690437547,53001.92130228571,-0.013362969134682972,1.2881927263787412,0.019548329954383836,0.017914532926402937,false,false
WIF,hour,2026-04-16T14:00:00.000Z,0.21063242737779445,31067.387182964536,-0.022151283175901874,1.1843239659619804,0.03137598331299366,0.021245705448867006,false,false
WIF,hour,2026-04-16T13:00:00.000Z,0.21051342865086028,51973.90885780842,-0.012026318980280582,1.0055555798107014,0.031958998039376116,0.018793508960757578,false,false
WIF,hour,2026-04-16T12:00:00.000Z,0.21415647968648507,52764.96049194679,-0.01419964001238233,0.7665116078507944,0.01730555175967821,0.019744451939744913,false,false
WIF,hour,2026-04-16T11:00:00.000Z,0.20892751567702547,21602.377462157467,-0.008094250833044861,0.6039376528494963,0.025027646514224074,0.020123583518688638,false,false
WIF,hour,2026-04-16T10:00:00.000Z,0.20803111283705242,6747.789788785017,-0.011791721932973813,0.5032380907917332,0.0294444747513828,0.018406311651278786,false,false
WIF,hour,2026-04-16T09:00:00.000Z,0.20795954793405708,39404.20819929118,-0.028936466276901877,-0.024170377436514966,0.004654596302908549,0.01794272680245756,false,false
WIF,hour,2026-04-16T08:00:00.000Z,0.21155883141284618,32120.657918918747,0.012594395368623317,-0.12998590490184558,0.01730761349765203,0.01761996206752271,false,false
WIF,hour,2026-04-16T07:00:00.000Z,0.21243030001513263,41901.7495264606,0.02114677520148648,-0.07036630843747353,0.021498181379453713,0.013286471637525893,false,false
WIF,hour,2026-04-16T06:00:00.000Z,0.20956573481073856,26170.670669506137,0.007723554376982973,-0.2027448486840195,0.013669053325826835,0.014241356279283074,false,false
WIF,hour,2026-04-16T05:00:00.000Z,0.20732345765756402,39133.20729079731,-0.020019839053738404,-0.28887667038838377,0.024632245744249458,0.013315149848021752,true,false
WIF,hour,2026-04-16T04:00:00.000Z,0.2114299857286613,48804.12198353249,-0.0047089058688899975,-0.1914834769227563,0.01980734894881042,0.012039775085332964,false,false
WIF,hour,2026-04-16T03:00:00.000Z,0.20716152556109782,41188.95719755418,-0.011472339463376561,-0.046127064117464055,0.02060450248183079,0.014203449216896813,false,false
WIF,hour,2026-04-16T02:00:00.000Z,0.2040684276584361,41176.108083935986,-0.015700249435856132,-0.04928253582230432,0.03607396869126061,0.015298704158213007,false,false
WIF,hour,2026-04-16T01:00:00.000Z,0.2012287334801037,14349.566964130698,-0.04824884329155369,-0.14619739662755973,0.029482827717447816,0.014833698651250784,false,false
WIF,hour,2026-04-16T00:00:00.000Z,0.20108731640553928,13729.301979141395,-0.029321125817675438,-0.29994656747995413,0.014824959157964591,0.014754494537311588,true,false
WIF,hour,2026-04-15T23:00:00.000Z,0.19918867127350598,9894.620986896905,-0.02391235352240634,-0.3733503182477982,0.010241858603477056,0.01429057408340602,true,false
WIF,hour,2026-04-15T22:00:00.000Z,0.20009400959779383,14501.643578718122,-0.005638975422076405,-0.4874116385452977,0.009531893153834414,0.013806773615902553,true,false
WIF,hour,2026-04-15T21:00:00.000Z,0.20083893879702308,10476.440463434708,-0.0012351729236631344,-0.674509239310348,0.008284946693836413,0.011732122448675556,true,false
WIF,hour,2026-04-15T20:00:00.000Z,0.19932076567077864,17370.850619249595,0.0006631621990754667,-0.7847338734988013,0.007616733365112767,0.009297576755320891,true,false
WIF,hour,2026-04-15T19:00:00.000Z,0.2005396804894776,30278.863769911783,0.002227307516999637,-0.8092713719320135,0.007616733365112767,0.0077088028609468605,true,false
WIF,hour,2026-04-15T18:00:00.000Z,0.1994521628411905,8976.076576606623,-0.006904915770512635,-0.8094285962210509,0.006115342847479619,0.0059663392877489585,true,false
WIF,hour,2026-04-15T17:00:00.000Z,0.19859297552610966,14970.032428367791,-0.003651351339233164,-0.8064046826538769,0.009802486508955072,0.0061797254575248674,true,false
WIF,hour,2026-04-15T16:00:00.000Z,0.19734226888975986,31428.439360846984,-0.015944034576665742,-0.7123667261953581,0.010691546029650991,0.005570824720051793,true,false
WIF,hour,2026-04-15T15:00:00.000Z,0.1954961640735128,15346.275967084985,-0.01983432373620118,-0.6617454810776926,0.015840778601836678,0.006380916291352769,true,false
WIF,hour,2026-04-15T14:00:00.000Z,0.1992279015433251,12653.188308730367,0.003197122232210855,-0.5887709071467055,0.019088545739490995,0.009477348793947744,true,false
WIF,hour,2026-04-15T13:00:00.000Z,0.1945650974406066,6697.656496046837,-0.014072866724283279,-0.5766328019680605,0.023965264911615877,0.012716867056991368,true,false
WIF,hour,2026-04-15T12:00:00.000Z,0.19459663869050098,6258.732854701437,-0.004601243135765971,-0.6468433731807834,0.023965264911615877,0.012506496797786404,true,false
WIF,hour,2026-04-15T11:00:00.000Z,0.19497277515680742,11761.760660199048,-0.021358084653581196,-0.5945787773322078,0.0020953281013068887,0.01235803627255144,true,false
WIF,hour,2026-04-15T10:00:00.000Z,0.19242763040485306,4053.167014260505,-0.010985870867235226,-0.7934263863667728,0.013226503629440162,0.013218303581545436,true,false
WIF,hour,2026-04-15T09:00:00.000Z,0.19301265221151864,2112.4229317599033,-0.008139845012953227,-0.976382892072842,0.013226503629440162,0.013051358584615308,true,false
WIF,hour,2026-04-15T08:00:00.000Z,0.19227793565138698,13475.669963612685,-0.013821619470990755,-0.9536871514447414,0.0038211173718015723,0.012641046160174097,true,false
WIF,hour,2026-04-15T07:00:00.000Z,0.19022814752600062,11780.322119718225,-0.011430182215645922,-0.9281349619505124,0.014637711199586985,0.011186128206483003,true,false
WIF,hour,2026-04-15T06:00:00.000Z,0.19285114778552284,330.73628388954995,-0.0008367556434529045,-0.9180466096607723,0.013788707368680592,0.008473319631247773,true,false
WIF,hour,2026-04-15T05:00:00.000Z,0.19412508049198013,3483.0357541960534,0.009606639650750906,-0.8835641037396872,0.02048557490918568,0.008830981066588023,true,false
WIF,hour,2026-04-15T04:00:00.000Z,0.19529410760524876,2376.9818614490273,0.02663096994389709,-0.9590614119940172,0.01266759284441921,0.009088629787143974,true,false
WIF,hour,2026-04-15T03:00:00.000Z,0.19417195318980182,8178.538202129581,0.006848833514581401,-0.8684253015549231,0.006022030282258811,0.007917205281224226,true,false
WIF,hour,2026-04-15T02:00:00.000Z,0.19366100611711612,4440.928686197612,-0.002390594629441413,-0.7800983797479133,0.008432784280512456,0.007896678230928314,true,false
WIF,hour,2026-04-15T01:00:00.000Z,0.194619780748819,13858.704960636163,-0.003452878659261914,-0.7521439863313878,0.0049507882403702005,0.007985226142812444,true,false
WIF,hour,2026-04-15T00:00:00.000Z,0.19370026132805865,12904.532651350235,-0.0024292481689263197,-0.7123544880191423,0.0049507882403702005,0.00711040247971975,true,false
WIF,hour,2026-04-14T23:00:00.000Z,0.19275421343399912,6019.371113307081,-0.004682371021911431,-0.5928831393434657,0.009678477484792648,0.005214492115308273,true,false
WIF,hour,2026-04-14T22:00:00.000Z,0.19182821625888927,4653.226336798102,-0.0143436832535157,-0.5328166118631085,0.009758966150437899,0.004930614654128233,true,false
WIF,hour,2026-04-14T21:00:00.000Z,0.19237879168157626,11231.88626404858,-0.006822239874236888,-0.36315635845766153,0.004827220901956046,0.004509406612004684,true,false
WIF,hour,2026-04-14T20:00:00.000Z,0.19229606163738952,5920.9992106627815,-0.0023768704634126044,-0.3351661658659298,0.002870148268198165,0.003951877351000545,true,false
WIF,hour,2026-04-14T19:00:00.000Z,0.1929256513202176,10555.172914331906,0.00572092616368414,-0.19347378135296225,0.003274064364434544,0.004018941515064371,false,false
WIF,hour,2026-04-14T18:00:00.000Z,0.19043504481244425,7440.889378912665,-0.010103748194599776,-0.2947904305273989,0.013078509316529987,0.006065247540245099,false,false
WIF,hour,2026-04-14T17:00:00.000Z,0.1948287909643113,15925.791635491318,0.01317098907463699,-0.25925456920580253,0.023072151221926435,0.010388033131615036,false,false
WIF,hour,2026-04-14T16:00:00.000Z,0.19478324225243016,19523.748793089595,0.009628532647166363,-0.009156528370615704,0.023072151221926435,0.010222258713757853,false,false
WIF,hour,2026-04-14T15:00:00.000Z,0.19425572448060785,28201.545251062038,0.020062902140341416,0.3451537405421895,0.002950062270935328,0.010111000804169169,false,false
WIF,hour,2026-04-14T14:00:00.000Z,0.19845672478987217,22050.855775332035,0.01862113811621114,0.5117447447925938,0.021626133904144976,0.012901739526871096,false,false
WIF,hour,2026-04-14T13:00:00.000Z,0.1993770400216926,18028.99409380965,0.023584152908334335,0.8512915951668848,0.026363781838490932,0.013018695178386136,false,false
WIF,hour,2026-04-14T12:00:00.000Z,0.195370517069056,9961.426983695414,0.005738788864157474,0.8360978959215302,0.020507305875739894,0.01506085216025366,false,false
WIF,hour,2026-04-14T11:00:00.000Z,0.19827675845463735,2264.7336527783136,-0.0009068291106051749,0.778522498359301,0.020507305875739894,0.015292398759863032,false,false
WIF,hour,2026-04-14T10:00:00.000Z,0.19833587665171035,33778.16309869583,-0.005222082592203046,1.0776188798839437,0.015178132438510161,0.012630995742782692,false,false
WIF,hour,2026-04-14T09:00:00.000Z,0.19607693259192627,14711.382145950554,0.0036157734210253024,0.9923260030920813,0.011520702766629747,0.013352116867762373,false,false
WIF,hour,2026-04-14T08:00:00.000Z,0.1966404086606438,6960.0943677828345,-0.008252857302828653,0.6193980523092448,0.011520702766629747,0.013356825546988815,false,false
WIF,hour,2026-04-14T07:00:00.000Z,0.19526112937917883,7135.006172157027,-0.015502728626001204,0.3406713256741029,0.007063767816207506,0.010958415919712484,false,false
WIF,hour,2026-04-14T06:00:00.000Z,0.19476276441683854,14784.81155210298,-0.006702308923930194,0.243651879242239,0.009640673613497604,0.010861026362225095,false,false
WIF,hour,2026-04-14T05:00:00.000Z,0.1954828478208471,25010.611325972906,-0.005886688538134553,0.4428972016643399,0.0036972334325025787,0.007812700375632937,false,false
WIF,hour,2026-04-14T04:00:00.000Z,0.19840848427802193,18273.06341465147,0.0161186965826221,0.6695099412299972,0.01871877241062716,0.007836856493668795,false,false
WIF,hour,2026-04-14T03:00:00.000Z,0.19944440150111145,15671.036528109016,0.024037639321308337,0.29879057834877726,0.020265479679807873,0.00807946206441176,false,false
WIF,hour,2026-04-14T02:00:00.000Z,0.19782074716793338,9027.653820325093,0.011959613711116385,0.21396862837667013,0.008207704987585164,0.007488544659979623,false,false
WIF,hour,2026-04-14T01:00:00.000Z,0.198463764155814,44028.215473168406,0.00027861650167434966,0.6063564790635438,0.008207704987585164,0.007510420086787285,false,false
WIF,hour,2026-04-14T00:00:00.000Z,0.19941486770338002,62030.1325102462,-0.0001480803547713027,0.9115402867260447,0.008058409232947442,0.0072521432916436545,false,false
WIF,hour,2026-04-13T23:00:00.000Z,0.20164448694936768,32256.10949905243,0.01932931624299377,1.0188861628305375,0.016026718061522328,0.00832595850839242,false,false
WIF,hour,2026-04-13T22:00:00.000Z,0.20049376688695822,52540.64869334156,0.010228581221257476,1.086366161310091,0.011180807487755195,0.00848852098476596,false,false
WIF,hour,2026-04-13T21:00:00.000Z,0.19037494195921859,9951.923915137675,-0.04533225555482595,1.0014467382221446,0.059196577418068046,0.02058316021289923,false,false
WIF,hour,2026-04-13T20:00:00.000Z,0.19024174836243787,19537.585503025937,-0.0565487247354945,1.0208565576334498,0.05388942549554778,0.020490543606889223,false,false
WIF,hour,2026-04-13T19:00:00.000Z,0.19071624210283528,20371.07815230738,-0.048767225714481575,1.122921391396271,0.002494162004301095,0.02027815283977871,false,false
WIF,hour,2026-04-13T18:00:00.000Z,0.18610539560055225,7054.561698674949,-0.02242703958161121,0.7525549175601634,0.024775458483640763,0.022254521886627344,false,false
WIF,hour,2026-04-13T17:00:00.000Z,0.1873046777536166,3329.3185793598805,-0.01543862287906303,0.16306931933503876,0.024775458483640763,0.022313512246218064,false,false
WIF,hour,2026-04-13T16:00:00.000Z,0.18825653646052354,12863.936595561625,-0.012897200653657232,-0.05222200488532211,0.011558723770633661,0.021997784591978136,false,false
WIF,hour,2026-04-13T15:00:00.000Z,0.18616502640550792,1328.8548665371065,0.00032041416511991604,-0.5403600568940011,0.011234709845338286,0.022294713752400417,true,false
WIF,hour,2026-04-13T14:00:00.000Z,0.18824970068813998,9024.525155781173,0.005045378181993353,-0.5599947857153345,0.011234709845338286,0.011473099089772282,true,false
WIF,hour,2026-04-13T13:00:00.000Z,0.1901624216266277,10860.15842628493,0.01012387246646179,-0.6482540662127763,0.021472321081471984,0.012089734392750138,true,false
WIF,hour,2026-04-13T12:00:00.000Z,0.19043683469177808,7711.233262595284,0.02294635232379918,-0.7766680284216295,0.0116182601918787,0.01206533262819181,true,false
WIF,hour,2026-04-13T11:00:00.000Z,0.1885868213441601,987.1081219180093,0.0017908164251406033,-0.783945311908441,0.009809876079526287,0.008580296700420912,true,false
WIF,hour,2026-04-13T10:00:00.000Z,0.1888106262770164,150.18762897806624,-0.007108635544542385,-0.7529589618907048,0.009809876079526287,0.008241850682863464,true,false
WIF,hour,2026-04-13T09:00:00.000Z,0.18882469062062765,5311.122201964773,-0.008465505498238737,-0.7736942637814082,0.0012613250213992801,0.00801612179306248,true,false
WIF,hour,2026-04-13T08:00:00.000Z,0.187759562537502,4939.626313584817,-0.00438662044761017,-0.6957259141784545,0.005672830021176158,0.007141345582005497,true,false
WIF,hour,2026-04-13T07:00:00.000Z,0.18700426387638014,7341.100726964671,-0.009567058995853443,-0.6846075509327504,0.009734680410554225,0.005966980531732249,true,false
WIF,hour,2026-04-13T06:00:00.000Z,0.1889365207521485,3126.8049240212026,0.0005922431603266209,-0.7362205965725886,0.010332688868771962,0.006008423638739616,true,false
WIF,hour,2026-04-13T05:00:00.000Z,0.1886748900256908,3277.00517194034,0.004874997980494156,-0.7815718362540751,0.010332688868771962,0.00600653104805763,true,false
WIF,hour,2026-04-13T04:00:00.000Z,0.18830738045957912,5774.917493372659,0.006968378988729434,-0.688475521649731,0.0033410283284378913,0.004796611458943012,true,false
WIF,hour,2026-04-13T03:00:00.000Z,0.18899263434933833,4621.448217839079,0.0002969970917556647,-0.6185186080349954,0.0036390176958905752,0.004969048355650727,true,false
WIF,hour,2026-04-13T02:00:00.000Z,0.18943127139124233,3575.865013548174,0.004008913774633931,-0.6247634488294865,0.005968384929577705,0.005045630969380966,true,false
WIF,hour,2026-04-13T01:00:00.000Z,0.18978059140956005,1827.1902497179785,0.007823437118531635,-0.6378428455336334,0.0041692474573651606,0.004622979897460601,true,false
WIF,hour,2026-04-13T00:00:00.000Z,0.18893761881058752,7463.522000198586,-0.00029109885123417744,-0.6188502668665242,0.0044616450883591735,0.004677820745208046,true,false
WIF,hour,2026-04-12T23:00:00.000Z,0.18721431899404706,3158.013597827317,-0.011703201804608506,-0.5720791019536624,0.013707671663696805,0.004333593361828351,true,false
WIF,hour,2026-04-12T22:00:00.000Z,0.18767006557623592,8400.525691391535,-0.011120872886150242,-0.5025023049650783,0.009204957322710206,0.0043988913889215775,true,false
WIF,hour,2026-04-12T21:00:00.000Z,0.1902759938735822,4015.2731721767373,0.007083687575931792,-0.49133090871736745,0.01635384994046586,0.0067804225674713645,true,false
WIF,hour,2026-04-12T20:00:00.000Z,0.19107458067800262,2589.26029372041,0.02061947881282686,-0.4934412827685611,0.018140959727984483,0.006826059166905279,true,false
WIF,hour,2026-04-12T19:00:00.000Z,0.1909199184264539,6490.506609191377,0.017316841874805075,-0.4166495438430575,0.004196991896681321,0.006776504575510502,true,false
WIF,hour,2026-04-12T18:00:00.000Z,0.19017116805172182,3825.8424457542346,-0.0005509145937244903,-0.34957881488740034,0.004750523623197664,0.006902317748129482,true,false
WIF,hour,2026-04-12T17:00:00.000Z,0.19129461207077395,13393.202178380505,0.0011515471706941493,-0.22810910725750408,0.005907541245929422,0.007054584068608627,true,false
WIF,hour,2026-04-12T16:00:00.000Z,0.18857027947228497,1768.4859815072664,-0.012306934622298472,-0.13954057978543014,0.014447306362980621,0.00819547650610667,false,false
WIF,hour,2026-04-12T15:00:00.000Z,0.18750237059086008,4686.644628808235,-0.014033659719310825,-0.21325077333545295,0.0202250321847329,0.008421939157022832,false,false
WIF,hour,2026-04-12T14:00:00.000Z,0.18802632101045172,10151.372808865031,-0.017085118210820517,0.034696147493853274,0.005695442025931056,0.006698842512815612,false,false
WIF,hour,2026-04-12T13:00:00.000Z,0.1886665270444717,6505.534378298281,0.0005104069021697671,0.34874010335170347,0.0062087559210217665,0.006634694113670288,false,false
WIF,hour,2026-04-12T12:00:00.000Z,0.18949051518966356,13093.955016226293,0.01060330380111146,0.5292590850845384,0.007787176664114236,0.006829243130079973,false,false
WIF,hour,2026-04-12T11:00:00.000Z,0.18924182922118843,6098.501534045692,0.006464564132322432,0.5980294520638549,0.0043674315635100925,0.006684240434422622,false,false
WIF,hour,2026-04-12T10:00:00.000Z,0.18917711754501357,9352.954501975544,0.002706312076341496,0.49443405403181306,0.001656636112850287,0.006303927076972754,false,false
WIF,hour,2026-04-12T09:00:00.000Z,0.18927564205683894,2808.31123455357,-0.0011339519163243996,0.531873008495767,0.0005208056508310686,0.003222665348658259,false,false
WIF,hour,2026-04-12T08:00:00.000Z,0.18971025504489444,2070.2727631764915,0.0024752763468509496,0.48873080568378896,0.002818192320506305,0.002555250735944416,false,false
WIF,hour,2026-04-12T07:00:00.000Z,0.1899293541385147,9015.745960981818,0.00397636142924176,0.4702988473446858,0.0034537570422265023,0.0023679620585317623,false,false
WIF,hour,2026-04-12T06:00:00.000Z,0.19153728674647366,1873.2342715002842,0.011948947392583944,0.3244539530381495,0.009630642798655538,0.0037562731341116437,false,false
WIF,hour,2026-04-12T05:00:00.000Z,0.19156147217295538,4648.751080828667,0.00975812892994558,-0.07913258558150449,0.008593290078006537,0.003376210319643368,false,false
WIF,hour,2026-04-12T04:00:00.000Z,0.1910100786493085,1642.3747391579334,0.005690139450511864,-0.2990543847128553,0.0028867247610490586,0.0035127547766666293,false,false
WIF,hour,2026-04-12T03:00:00.000Z,0.19116158479193157,3050.129344494434,-0.0019615081790282656,-0.5561914812684768,0.0028867247610490586,0.0035231437608192672,true,false
WIF,hour,2026-04-12T02:00:00.000Z,0.19023432882187397,13770.638568116157,-0.006928028564549645,-0.14063320137623583,0.004874283079190414,0.003968807679114875,false,false
WIF,hour,2026-04-12T01:00:00.000Z,0.1902215515133584,18047.206067129333,-0.004128196488510007,0.34459720386815124,0.004941781155155582,0.00387305972397262,false,false
WIF,hour,2026-04-12T00:00:00.000Z,0.1979942295677218,7747.096155238042,0.03574277113901927,0.2654161211395924,0.040861185247022695,0.01561843625671481,false,false
WIF,hour,2026-04-11T23:00:00.000Z,0.19793694947838553,4929.142725352833,0.04049017180134672,0.36022423924296243,0.040861185247022695,0.015290344070085813,false,false
WIF,hour,2026-04-11T22:00:00.000Z,0.1989644130882684,9479.249433795465,0.0459614670648716,0.4934843136669015,0.005190863113685959,0.015414984660151638,false,false
WIF,hour,2026-04-11T21:00:00.000Z,0.20090608177830405,8538.854252476498,0.014706752903555054,0.6988554380134132,0.01500039435660165,0.01580848575034496,false,false
WIF,hour,2026-04-11T20:00:00.000Z,0.20185005432075012,28360.742224811896,0.019769451093778232,1.0021203627074369,0.014503303317872926,0.01590463654174424,false,false
WIF,hour,2026-04-11T19:00:00.000Z,0.20340445689030792,16073.414342429676,0.022315768599632666,0.956609521701027,0.012435537490402026,0.016061966702252996,false,false
WIF,hour,2026-04-11T18:00:00.000Z,0.1992993659793946,10022.195644415839,-0.0079973477392408,0.7422660579948502,0.02059761149133683,0.017814872189464533,false,false
WIF,hour,2026-04-11T17:00:00.000Z,0.1974407677945322,6691.995694569688,-0.021844366309712912,0.7034069480448618,0.030204952920269534,0.010039185077358863,false,false
WIF,hour,2026-04-11T16:00:00.000Z,0.19829125857784385,19364.79084792095,-0.02513808394681104,0.9408007644112327,0.00941344690675308,0.010169200856849143,false,false
WIF,hour,2026-04-11T15:00:00.000Z,0.19602606991258653,6749.691291579355,-0.016424016457465756,0.8683408554431118,0.011555548026175463,0.010883057034168399,false,false
WIF,hour,2026-04-11T14:00:00.000Z,0.19315104797709973,9389.312049341099,-0.021726616368796744,0.8647236987317366,0.026612387841424282,0.011668498233136036,false,false
WIF,hour,2026-04-11T13:00:00.000Z,0.19261833392823238,9182.50518908583,-0.028609050597076285,0.39074170216931514,0.01769164915331391,0.011580348609950544,false,false
WIF,hour,2026-04-11T12:00:00.000Z,0.19436867359895135,7191.818320542465,-0.00845497904627817,0.16016150345501756,0.009087087584150368,0.011721249260936678,false,false
WIF,hour,2026-04-11T11:00:00.000Z,0.1938615492188568,2605.7836821788446,0.0036784746922072053,0.04091204464808274,0.009087087584150368,0.008887022065124688,false,false
WIF,hour,2026-04-11T10:00:00.000Z,0.193954434929913,3459.993950277436,0.006936520394670342,-0.046983781537633995,0.0026159100767427323,0.008152980367486864,false,false
WIF,hour,2026-04-11T09:00:00.000Z,0.19582045624371147,17804.13138597873,0.007469221340449336,-0.15470494197227944,0.010104670228561973,0.00877090573789817,false,false
WIF,hour,2026-04-11T08:00:00.000Z,0.1946911559968417,2073.508141886065,0.004279377634851862,-0.21629747638899036,0.009620926247305378,0.007927790134492683,false,false
WIF,hour,2026-04-11T07:00:00.000Z,0.1942770241624661,1253.5564132051006,0.0016632217390113824,-0.368315842764103,0.007944491058060846,0.005684293730934415,true,false
WIF,hour,2026-04-11T06:00:00.000Z,0.1938403911625044,2801.729431442827,-0.010111635521585907,-0.456810745841455,0.004388996685546648,0.005651968008743301,true,false
WIF,hour,2026-04-11T05:00:00.000Z,0.19364010050214844,3866.5615419217133,-0.005398578529732003,-0.5170808263996448,0.0032892136425563294,0.004517441884295738,true,false
WIF,hour,2026-04-11T04:00:00.000Z,0.19489680790493194,3118.8433294653505,0.0031902060737123046,-0.4686327377591272,0.0064899129856088545,0.005040876897517041,true,false
WIF,hour,2026-04-11T03:00:00.000Z,0.19547295106617232,2291.6511710546956,0.008422186386836589,-0.4908407267284925,0.009465242784273109,0.005159687803506736,true,false
WIF,hour,2026-04-11T02:00:00.000Z,0.1962071860011128,4835.13830522218,0.01325699321735213,-0.8010333706224756,0.006723445654482216,0.003941235787824173,true,false
WIF,hour,2026-04-11T01:00:00.000Z,0.19708101588076862,9705.046682672693,0.011206997176178023,-0.6330672430567157,0.00822653367550547,0.003684498350448826,true,false
WIF,hour,2026-04-11T00:00:00.000Z,0.1962126135142665,9694.013191360227,0.00378396317270404,-0.4923932856462177,0.0044536079308066575,0.003964052319029364,true,false
WIF,hour,2026-04-10T23:00:00.000Z,0.19821685300852362,5624.069817414562,0.010242575964569497,-0.43449829190157063,0.010214631253109521,0.005453914035009936,true,false
WIF,hour,2026-04-10T22:00:00.000Z,0.19878880460631873,5837.300803289616,0.008665414666744448,-0.4188633058776944,0.013129589611551242,0.005547837957970581,true,false
WIF,hour,2026-04-10T21:00:00.000Z,0.19992451634103617,8636.284841281318,0.01891775844726608,-0.32546324090308903,0.008615126850183175,0.005425560724055992,true,false
WIF,hour,2026-04-10T20:00:00.000Z,0.20025450798094566,3529.0850233044753,0.010279927975319078,-0.24059752228240117,0.007373168612435714,0.005346078191956882,false,false
WIF,hour,2026-04-10T19:00:00.000Z,0.20120687595953224,16637.996806047227,0.0121640218019433,0.045624249764932324,0.006414218936053795,0.005457865671182095,false,false
WIF,hour,2026-04-10T18:00:00.000Z,0.19812604933720296,5569.658301065048,-0.008995730172308333,-0.04067486222516517,0.015549831194008372,0.007808984085562997,false,false
WIF,hour,2026-04-10T17:00:00.000Z,0.19711519476201692,5192.177280021554,-0.015676616973973184,-0.1491736694012035,0.02075781728778105,0.007869694995400122,false,false
WIF,hour,2026-04-10T16:00:00.000Z,0.1974839639611718,16294.041617876312,-0.018502906427060754,0.06481191943589978,0.005128242784157144,0.006904815802968411,false,false
WIF,hour,2026-04-10T15:00:00.000Z,0.19777026607162254,18119.70018863109,-0.001795741987339018,0.28587290707503255,0.003323291795929346,0.006840342923818416,false,false
WIF,hour,2026-04-10T14:00:00.000Z,0.19847937424962445,7628.328199361866,0.006920722115078676,0.4506381044796184,0.005040461354362751,0.00663203641715518,false,false
WIF,hour,2026-04-10T13:00:00.000Z,0.19601929003019278,7945.222986487749,-0.007416672734333973,0.6474552909007244,0.012550214925545046,0.008112785700474036,false,false
WIF,hour,2026-04-10T12:00:00.000Z,0.19565285763717583,14721.576426999049,-0.01070640433724196,0.5477401238900296,0.01444658997871727,0.00794365609645273,false,false
WIF,hour,2026-04-10T11:00:00.000Z,0.1958424359724735,1038.138638633216,-0.013285704306153796,0.44752072042258956,0.0018728701305067302,0.00540581003441332,false,false
WIF,hour,2026-04-10T10:00:00.000Z,0.19565614308259358,11792.462497077697,-0.0018526082180139864,0.7235251644273144,0.0009689525498739902,0.005061063598147357,false,false
WIF,hour,2026-04-10T09:00:00.000Z,0.19577143262094768,6053.688373291643,0.0006060477991675478,0.43299159044336194,0.0009521443433610122,0.005016459873387349,false,false
WIF,hour,2026-04-10T08:00:00.000Z,0.1969842573141396,17391.78180228214,0.005830306062096712,0.337832065443637,0.006788001698394813,0.005505818625680804,false,false
WIF,hour,2026-04-10T07:00:00.000Z,0.19723006088682277,6166.779015271895,0.008044305583417247,0.3172813270396117,0.007450669621952876,0.005357817361143964,false,false
WIF,hour,2026-04-10T06:00:00.000Z,0.19804230561591196,16815.490345525206,0.011599613715659655,0.4743146435319882,0.005371232788846908,0.0029828153323763185,false,false
WIF,hour,2026-04-10T05:00:00.000Z,0.2002619300635206,5595.266777521339,0.016639262416559306,0.22295639434882694,0.01537224682213951,0.00511302421871734,false,false
WIF,hour,2026-04-10T04:00:00.000Z,0.20151455708178587,6437.491911721693,0.02172334265729243,0.34998837793024,0.017532877407557924,0.005618135774450794,false,false
WIF,hour,2026-04-10T03:00:00.000Z,0.19916674979404,12424.29426340523,0.005677797855518894,0.41861819981830606,0.011788148825914713,0.007145211284143128,false,false
WIF,hour,2026-04-10T02:00:00.000Z,0.2010303225816543,10662.761632405343,0.0038369375441950292,0.5003560284002465,0.011788148825914713,0.007962139499432589,false,false
WIF,hour,2026-04-10T01:00:00.000Z,0.19913454984053022,9731.866395669202,-0.011810597088972108,0.23562291393216817,0.009520059390207428,0.008412600450352782,false,false
WIF,hour,2026-04-10T00:00:00.000Z,0.20011985911254226,9022.650908786352,0.0047854841206570785,0.2834529573273582,0.009520059390207428,0.008604064394258764,false,false
WIF,hour,2026-04-09T23:00:00.000Z,0.19832373576882706,43534.94389132032,-0.013463574937695653,0.4943485905489753,0.009056522340870125,0.00912299195960907,false,false
WIF,hour,2026-04-09T22:00:00.000Z,0.20037652381443316,72736.96241116023,0.006236858319651353,0.8185778046926427,0.01035069270780025,0.008979494965800028,false,false
WIF,hour,2026-04-09T21:00:00.000Z,0.2005568056430441,12213.14261339442,0.0021834241361128634,0.8632191321497902,0.011259720706451289,0.008671357434297106,false,false
WIF,hour,2026-04-09T20:00:00.000Z,0.20024362273796545,5262.4522508585715,0.009680570818695531,0.7865837443363453,0.0015640093841513775,0.007478058418061729,false,false
WIF,hour,2026-04-09T19:00:00.000Z,0.19887526798640706,9197.122994988094,-0.0074921742300330454,0.7720331750775538,0.00845523766561041,0.007088504710023058,false,false
WIF,hour,2026-04-09T18:00:00.000Z,0.19821612586507542,17923.167344688074,-0.011670906756137077,0.8374355049122584,0.010228718092644659,0.006244695412539675,false,false
WIF,hour,2026-04-09T17:00:00.000Z,0.1990278162478787,20616.765886774025,-0.006071636506884983,0.9236140089483268,0.004094976527569739,0.006156440006988544,false,false
WIF,hour,2026-04-09T16:00:00.000Z,0.1971625861315081,14046.788731036357,-0.008611839331454785,0.593720395193763,0.009460365442389198,0.006241422554166818,false,false
WIF,hour,2026-04-09T15:00:00.000Z,0.19664006837021916,19790.981898606635,-0.00795120723895629,0.0010177628695611552,0.01214273315428308,0.00498126944295461,false,false
WIF,hour,2026-04-09T14:00:00.000Z,0.19202724664155593,1658.7856074209642,-0.035173825138110036,-0.10645650185638109,0.02674276478867587,0.010256440490131491,false,false
WIF,hour,2026-04-09T13:00:00.000Z,0.1920597922274032,7706.894505598042,-0.025881147149801248,-0.058189781022835035,0.024021704259883845,0.010239617847602694,false,false
WIF,hour,2026-04-09T12:00:00.000Z,0.19198153810640947,5721.192554082603,-0.02369064607442548,-0.09540017563988888,0.0004076127411289986,0.009907409586993038,false,false
WIF,hour,2026-04-09T11:00:00.000Z,0.19001438252630792,4383.871549584653,-0.010482179745071717,-0.23651782763605853,0.010764499370525657,0.010570541869116877,true,false
WIF,hour,2026-04-09T10:00:00.000Z,0.19042072179061667,4538.346864800617,-0.008534167499493175,-0.3750761367875068,0.010352666750524483,0.010488206589283414,true,false
WIF,hour,2026-04-09T09:00:00.000Z,0.19195359252372243,16781.83589379654,-0.00014556390662705062,-0.3433942883274595,0.010205595869281218,0.01032086343940256,true,false
WIF,hour,2026-04-09T08:00:00.000Z,0.1902981675413786,4925.355759533836,0.0014934922888344248,-0.4914584104867046,0.008699111524465293,0.01078107370841219,true,false
WIF,hour,2026-04-09T07:00:00.000Z,0.19066686447100015,3908.4623721782555,0.0012926254982592218,-0.455617366105169,0.008699111524465293,0.006022433503651645,true,false
WIF,hour,2026-04-09T06:00:00.000Z,0.19118800085839377,14470.965896859561,-0.003988420613873367,-0.3844910498634226,0.004675995194865366,0.006109821080703912,true,false
WIF,hour,2026-04-09T05:00:00.000Z,0.19061564033730286,12044.37554877201,0.001668291397788813,-0.3499614266777543,0.003002694427792478,0.006212113630935842,true,false
WIF,hour,2026-04-09T04:00:00.000Z,0.19297153879999487,11640.617482727546,0.012087440234510496,-0.27287267620232475,0.012359418453402625,0.006707589898561834,true,false
WIF,hour,2026-04-09T03:00:00.000Z,0.19143452863629798,9783.556401451819,0.001289452145518296,-0.22750088271350716,0.012359418453402625,0.0073126957128491,true,false
WIF,hour,2026-04-09T02:00:00.000Z,0.19298545918475238,6611.008412417175,0.012432447008314864,-0.30787335186094367,0.008101623878944931,0.0073207511411063275,true,false
WIF,hour,2026-04-09T01:00:00.000Z,0.19245385055514425,9313.327221080372,-0.0026827181255324162,-0.27007445415457515,0.008101623878944931,0.006630464539782921,true,false
WIF,hour,2026-04-09T00:00:00.000Z,0.19469859395940012,15458.194870542975,0.01705055689981331,-0.1442236433570787,0.011663800946464725,0.007914445548975062,false,false
WIF,hour,2026-04-08T23:00:00.000Z,0.19370773364267416,21706.52951196468,0.003742636678291486,-0.1072641253051207,0.011663800946464725,0.008080411559382878,false,false
WIF,hour,2026-04-08T22:00:00.000Z,0.19820235227230054,25207.756100558705,0.029869507419957617,-0.013915138591421636,0.02320309336702813,0.011797177467616818,false,false
WIF,hour,2026-04-08T21:00:00.000Z,0.19473444097285725,8722.93739859797,0.0001841154202921716,-0.035507533545041506,0.02320309336702813,0.012733016150509237,false,false
WIF,hour,2026-04-08T20:00:00.000Z,0.1932944074180491,11567.693404724914,-0.002133762121173275,-0.018954779765849153,0.025391033914585776,0.012683225126696356,false,false
WIF,hour,2026-04-08T19:00:00.000Z,0.19358768147336405,1802.9103069858518,-0.023282623773287093,-0.049520233100293576,0.007449949401245254,0.012324420927527481,false,false
WIF,hour,2026-04-08T18:00:00.000Z,0.19376295214197378,20206.83159208494,-0.004988787941311702,0.036684949989928765,0.0024239952421972375,0.012285004475230857,false,false
WIF,hour,2026-04-08T17:00:00.000Z,0.19546957113472913,11474.727925149757,0.011253112522679846,0.07943662267493704,0.009721122992136268,0.011945555401779644,false,false
WIF,hour,2026-04-08T16:00:00.000Z,0.195365248736265,8508.371088302996,0.009182233339291974,0.20335040813820163,0.008807767294466442,0.011790593403529255,false,false
WIF,hour,2026-04-08T15:00:00.000Z,0.19402364873563777,6361.107543344424,0.0013454408636020701,-0.19817367300746935,0.007452299802182702,0.00840457802323033,false,false
WIF,hour,2026-04-08T14:00:00.000Z,0.19196605194631866,18628.87580587565,-0.017923604006864234,-0.04268708132708622,0.017707280821178225,0.0065087166939993965,false,false
WIF,hour,2026-04-08T13:00:00.000Z,0.19778764363785506,12616.205306030603,0.012399313169867686,-0.037067474628916026,0.030326152111334492,0.012727879907469307,false,false
WIF,hour,2026-04-08T12:00:00.000Z,0.19630421923575953,7453.0223767852385,0.011754085210659527,0.14853119367126535,0.030326152111334492,0.013029472434245628,false,false
WIF,hour,2026-04-08T11:00:00.000Z,0.1976999234910391,13254.352838338666,0.029869195550908424,0.02931794646897436,0.007556762701640945,0.013297393666859923,false,false
WIF,hour,2026-04-08T10:00:00.000Z,0.20056075401880769,12164.509797398636,0.014020645223066269,0.0564912069353535,0.02168335861358182,0.013975758344116244,false,false
WIF,hour,2026-04-08T09:00:00.000Z,0.1992279170974449,13927.388381219005,0.0148937087193935,0.22682014478541104,0.014470569726337082,0.014199730429142096,false,false
WIF,hour,2026-04-08T08:00:00.000Z,0.19912764873406463,39014.43688556991,0.0072216782779394835,0.634435761202039,0.007196917624719044,0.013960128777065898,false,false
WIF,hour,2026-04-08T07:00:00.000Z,0.19975472345928857,6619.8182913270275,-0.004018884768669771,0.40770614288904045,0.003149109273425918,0.013418613670659947,false,false
WIF,hour,2026-04-08T06:00:00.000Z,0.20048676765385942,26049.344083104992,0.006318645372369233,0.5503906295754555,0.006825365178744687,0.007380046769326777,false,false
WIF,hour,2026-04-08T05:00:00.000Z,0.2009355292441063,14933.449848922053,0.009079002948787326,0.6544983089145735,0.00591127841369105,0.006861680256715713,false,false
WIF,hour,2026-04-08T04:00:00.000Z,0.1979100298775799,21182.329538842296,-0.009234793299316516,0.7328894275533224,0.015287246272449383,0.008531969976550131,false,false
WIF,hour,2026-04-08T03:00:00.000Z,0.1987653236821487,9148.458612792172,-0.008586322139138895,0.7083256741397828,0.015287246272449383,0.006779704038662542,false,false
WIF,hour,2026-04-08T02:00:00.000Z,0.197455306976675,10994.567757246507,-0.01732009406461592,0.6390961236732572,0.00663449732261921,0.00677198377983311,false,false
WIF,hour,2026-04-08T01:00:00.000Z,0.19650060514469503,11189.805076096993,-0.00712154272199698,0.07784102140463131,0.01152524968452905,0.007012804123509215,false,false
WIF,hour,2026-04-08T00:00:00.000Z,0.19654635778818388,23521.125792889157,-0.011163747543375423,0.35751988168862237,0.0048585185337060716,0.006911940005808636,false,false
WIF,hour,2026-04-07T23:00:00.000Z,0.20031290655511003,61083.85209681525,0.014472133578929843,0.5365222175891088,0.019400965241851417,0.009866053967666297,false,false
WIF,hour,2026-04-07T22:00:00.000Z,0.20082273808504153,75127.98623497912,0.021995519744907956,0.8090466111910903,0.021757616599877468,0.009876635863605694,false,false
WIF,hour,2026-04-07T21:00:00.000Z,0.19159911418900516,27370.711647688124,-0.025170873959976005,0.8272689590190457,0.04814022202074285,0.019505649746091123,false,false
WIF,hour,2026-04-07T20:00:00.000Z,0.18652996401501784,9998.73396978468,-0.06880706179709008,0.8317827372013309,0.07662454740447468,0.02192080654801726,false,false
WIF,hour,2026-04-07T19:00:00.000Z,0.18652487165870005,23447.916432380884,-0.07119645196893405,0.9207848042189306,0.027204106804533137,0.021777861534073212,false,false
WIF,hour,2026-04-07T18:00:00.000Z,0.18218953054605413,16322.04181882033,-0.04911078886131401,0.9669925348506749,0.023823726072264757,0.02345052011209916,false,false
WIF,hour,2026-04-07T17:00:00.000Z,0.18234733117843738,17092.87905709564,-0.02242338306698924,0.9175077946675751,0.023795775199881856,0.023452637968715665,false,false
WIF,hour,2026-04-07T16:00:00.000Z,0.17902640274504641,3956.693710031483,-0.04020090643661828,0.42714813263176826,0.018549936671186627,0.02338399213469748,false,false
WIF,hour,2026-04-07T15:00:00.000Z,0.17917948782738485,695.2666372106829,-0.016521491161691083,-0.23673077954480543,0.018549936671186627,0.023366480004512333,true,false
WIF,hour,2026-04-07T14:00:00.000Z,0.17869614573150414,4949.536731997788,-0.020023245875533797,-0.422426395023354,0.002704826642466886,0.015206245713457507,true,false
WIF,hour,2026-04-07T13:00:00.000Z,0.17965902916220902,6700.278834526421,0.003533704567943187,-0.46642647000651716,0.00538838387791332,0.011517270016482915,true,false
WIF,hour,2026-04-07T12:00:00.000Z,0.1785752464963565,13357.339775927372,-0.0033722684351595736,-0.5429875971690218,0.00606905317011353,0.011742127541399803,true,false
WIF,hour,2026-04-07T11:00:00.000Z,0.17760615544545919,7907.948932648128,-0.006099685483327049,-0.6094105776877236,0.011558573021306409,0.00794356088061369,true,false
WIF,hour,2026-04-07T10:00:00.000Z,0.1794698249645044,15951.423284722308,-0.001053129356130505,-0.638784937484512,0.010493270992612188,0.008863375046394574,true,false
WIF,hour,2026-04-07T09:00:00.000Z,0.18166421662912938,7775.647156589045,0.017297862908652893,-0.6083567041851428,0.02284865168941949,0.0071692380261568905,true,false
WIF,hour,2026-04-07T08:00:00.000Z,0.1798955574206651,7824.518527661231,0.012890330120956656,-0.5173314883486443,0.012227078647115143,0.008060251330023742,true,false
WIF,hour,2026-04-07T07:00:00.000Z,0.17906673371610937,6052.059365718349,-0.0022460112638698153,-0.4901298683474306,0.014505669808765422,0.0081836262671434,true,false
WIF,hour,2026-04-07T06:00:00.000Z,0.18002108142607381,3015.271642777857,-0.009044902917837976,-0.5103863351821818,0.00532956451574895,0.008178165913510204,true,false
WIF,hour,2026-04-07T05:00:00.000Z,0.18079889326420812,2925.149630395508,0.005021446090692897,-0.5751741651209726,0.009673262655501901,0.008019204986415588,true,false
WIF,hour,2026-04-07T04:00:00.000Z,0.18019956814686308,5129.039371592326,0.006326325427645842,-0.5811071192642159,0.004320670845729321,0.007851912778676242,true,false
WIF,hour,2026-04-07T03:00:00.000Z,0.18008522543879238,376.6979080795099,0.00035631389507514614,-0.6793511841482472,0.003962944898321486,0.006792919473239615,true,false
WIF,hour,2026-04-07T02:00:00.000Z,0.17904469037097154,3379.836856802535,-0.009702509022956775,-0.6624007426826638,0.006450220743763447,0.005462755943601118,true,false
WIF,hour,2026-04-07T01:00:00.000Z,0.17831327466452818,7630.68265199821,-0.01046780245775934,-0.6668627900866925,0.009937290297639834,0.0043082991055774286,true,false
WIF,hour,2026-04-07T00:00:00.000Z,0.17903165528817108,10045.442349935283,-0.0058503974884901696,-0.60277577614989,0.004101857855616297,0.00422189619287279,true,false
WIF,hour,2026-04-06T23:00:00.000Z,0.17813289330971313,12369.911177902706,-0.005092566885782592,-0.5139483677071657,0.005045457701600945,0.004172118936892203,true,false
WIF,hour,2026-04-06T22:00:00.000Z,0.1805423980361695,10002.895145460814,0.012501163336465646,-0.4285901452113752,0.013526444676711429,0.006367084291499747,true,false
WIF,hour,2026-04-06T21:00:00.000Z,0.18504373226792145,2982.771962227108,0.033581083580293505,-0.43225282495518086,0.03879597321867275,0.01120726910957929,true,false
WIF,hour,2026-04-06T20:00:00.000Z,0.1851854743657797,3160.054790022637,0.039591683068912524,-0.388797488091871,0.025717373758822076,0.011208437974646747,true,false
WIF,hour,2026-04-06T19:00:00.000Z,0.1848582298245686,7094.628280997483,0.023904810367781106,-0.3468478701116542,0.0017702459961975443,0.011012670775777998,true,false
WIF,hour,2026-04-06T18:00:00.000Z,0.1871495786952284,1089.0333140067514,0.01138026347338231,-0.3577856198919057,0.01239516830186204,0.011855999926950328,true,false
WIF,hour,2026-04-06T17:00:00.000Z,0.18692482414240227,7925.3553740095185,0.009392474126707134,-0.3212462583004615,0.01239516830186204,0.011766971917078936,true,false
WIF,hour,2026-04-06T16:00:00.000Z,0.18696568379771705,9293.935267904626,0.01140037949702561,-0.4093853840437343,0.0012023793728698018,0.011612495566260648,true,false
WIF,hour,2026-04-06T15:00:00.000Z,0.18635075234740023,6785.277793186946,-0.004268384430237311,-0.4479833328304027,0.0032998603041347126,0.010517220366050909,true,false
WIF,hour,2026-04-06T14:00:00.000Z,0.18505101664942483,5539.761913388991,-0.010024390829705666,-0.35065730704408954,0.010346698888553076,0.005565252881318602,true,false
WIF,hour,2026-04-06T13:00:00.000Z,0.1882259798859803,7896.161750342758,0.006740788270144796,-0.1492949260953132,0.01715723206520055,0.008498875744443565,false,false
WIF,hour,2026-04-06T12:00:00.000Z,0.19001719304440423,24800.68126368305,0.019674944430430434,0.3070525928431285,0.026836796062502662,0.00919777488886655,false,false
WIF,hour,2026-04-06T11:00:00.000Z,0.1903122634329674,5068.9428314157685,0.028431331417702394,0.5251320093243674,0.011083929796784032,0.007953830001224372,false,false
WIF,hour,2026-04-06T10:00:00.000Z,0.19006003788023876,22902.057641726697,0.009743915241506255,0.7257949996681328,0.0015528615270840708,0.007956656857922628,false,false
WIF,hour,2026-04-06T09:00:00.000Z,0.1871205265842594,13262.033585835981,-0.015244233501901707,0.7615845433189017,0.01705711771429187,0.00989998444819491,false,false
WIF,hour,2026-04-06T08:00:00.000Z,0.18557343183218594,3373.211640209975,-0.024900295521158484,0.6784738559171408,0.024176984839672813,0.010310482463432528,false,false
WIF,hour,2026-04-06T07:00:00.000Z,0.1853409162764042,12302.244519800728,-0.02482963623740929,0.8117467166029576,0.009601821031256891,0.009976591630845914,false,false
WIF,hour,2026-04-06T06:00:00.000Z,0.18588074087411227,11245.8854460592,-0.006625599728573122,0.9178832672601915,0.002912603479865266,0.007707019436450352,false,false
WIF,hour,2026-04-06T05:00:00.000Z,0.18508682254412165,6035.155374466799,-0.002622192645035171,0.44641980739277765,0.004289437352037127,0.007014294072064689,false,false
WIF,hour,2026-04-06T04:00:00.000Z,0.1867381815325781,11101.345061037753,0.007538892567521975,0.6486600093710753,0.008922077572879564,0.007754202652351277,false,false
WIF,hour,2026-04-06T03:00:00.000Z,0.18427409782082715,3338.662752795971,-0.008643407841661318,0.15824248448835182,0.013371839780471004,0.009224028271992694,false,false
WIF,hour,2026-04-06T02:00:00.000Z,0.18631598686813508,18865.86307414035,0.006641014779539043,0.22296144111640626,0.013371839780471004,0.008229367546881439,false,false
WIF,hour,2026-04-06T01:00:00.000Z,0.18479014920054967,17213.457074411417,-0.01043189087545318,0.48132790245834134,0.011080716560030537,0.008218022496740694,false,false
WIF,hour,2026-04-06T00:00:00.000Z,0.1854462310410617,20843.618000699786,0.006360813777388452,0.5575708688324953,0.008257137483716405,0.0083129866338562,false,false
WIF,hour,2026-04-05T23:00:00.000Z,0.1822797897375407,21130.41595706875,-0.021663181986905942,0.6593587896449914,0.017371324095119222,0.01050091605159479,false,false
WIF,hour,2026-04-05T22:00:00.000Z,0.17818611086204705,15826.715914103024,-0.035738043218609926,0.8140917931205643,0.040744590831972766,0.013466894877826614,false,false
WIF,hour,2026-04-05T21:00:00.000Z,0.17547359129159798,4418.55603844431,-0.05377644880394235,0.6653347152269796,0.03878759416641977,0.014272440453932026,false,false
WIF,hour,2026-04-05T20:00:00.000Z,0.17507555118169182,1713.453444438941,-0.03952296942092176,0.6315033303220042,0.017766956376034017,0.013387793130358904,false,false
WIF,hour,2026-04-05T19:00:00.000Z,0.17558309590512075,3556.1918310696738,-0.01460840547185844,0.31201036250634134,0.0028990040014336507,0.01277036476698167,false,false
WIF,hour,2026-04-05T18:00:00.000Z,0.17604552173974816,3772.5539984122897,0.0032593534100510946,0.05221473717036864,0.005540297040388644,0.012426192789364358,false,false
WIF,hour,2026-04-05T17:00:00.000Z,0.1752774853142258,1773.5268204622726,0.0011534113768084347,-0.29571571778756456,0.004381831609150956,0.012463820099979043,true,false
WIF,hour,2026-04-05T16:00:00.000Z,0.17615353874554432,5825.649501978064,0.003248848287376233,-0.5925923505438822,0.004998094477154291,0.010794716211580709,true,false
WIF,hour,2026-04-05T15:00:00.000Z,0.17644714282741805,5077.916617469746,0.002281347936039038,-0.8330493947324675,0.006673176027687601,0.0065739521128338535,true,false
WIF,hour,2026-04-05T14:00:00.000Z,0.17601704990305989,1666.6833066583872,0.004219392967147199,-0.8769268048433655,0.0024434730873800973,0.0032328190983747936,true,false
WIF,hour,2026-04-05T13:00:00.000Z,0.1755570752924523,10486.147614537564,-0.003386042978981112,-0.7118241896933738,0.0050699610567277835,0.0032699391668738298,true,false
WIF,hour,2026-04-05T12:00:00.000Z,0.17539358628244034,3700.7981178011287,-0.005970947038843188,-0.7312361620238381,0.003554654613285395,0.0031015120922635135,true,false
WIF,hour,2026-04-05T11:00:00.000Z,0.17627821477713843,2593.4305189759643,0.001483747592760898,-0.7181990497501373,0.005043676416271852,0.0034995646134065687,true,false
WIF,hour,2026-04-05T10:00:00.000Z,0.17662432480808665,5262.7600576438035,0.006079216766720908,-0.6224877779113552,0.007017009867535445,0.0031726401719142983,true,false
WIF,hour,2026-04-05T09:00:00.000Z,0.1774969138786596,3663.814465469576,0.011992043955542478,-0.6465559962548173,0.006913498091990115,0.003159793227577651,true,false
WIF,hour,2026-04-05T08:00:00.000Z,0.17687162420139244,100935.42397702235,0.00336632308765002,0.33644409171470135,0.004940367480646087,0.0033715350175008707,false,false
WIF,hour,2026-04-05T07:00:00.000Z,0.17775509101664658,7134.496629114573,0.006402097841215091,0.3814616364888012,0.0049949607193531175,0.0037500535686675884,false,false
WIF,hour,2026-04-05T06:00:00.000Z,0.17864613089232173,11942.487069988701,0.006474574619634021,0.420668259278548,0.01003273814520286,0.004081238893649888,false,false
WIF,hour,2026-04-05T05:00:00.000Z,0.17808761979125529,12134.136977704413,0.006875017942269099,0.4766008407156334,0.005012738991490875,0.004234758587954087,false,false
WIF,hour,2026-04-05T04:00:00.000Z,0.1810379264486163,3536.373830285148,0.018468306101355417,0.5223181381483482,0.016566601658325283,0.007272206146245846,false,false
WIF,hour,2026-04-05T03:00:00.000Z,0.1795573370590949,2319.6578629635374,0.005100620775954014,0.5170427476131021,0.016566601658325283,0.007872045739344639,false,false
WIF,hour,2026-04-05T02:00:00.000Z,0.18037997831250657,2980.6015832234784,0.012872082427393131,0.5120950246805707,0.008245774936137021,0.007841199602080273,false,false
WIF,hour,2026-04-05T01:00:00.000Z,0.18188492556285568,124.22642117646211,0.004678572776736842,-0.27725969624717783,0.012962926171013172,0.008340687556697101,true,false
WIF,hour,2026-04-05T00:00:00.000Z,0.18209165663822374,859.6536496888918,0.014114263558579922,-0.30668314976846156,0.00948929222483719,0.00813663940239331,true,false
WIF,hour,2026-04-04T23:00:00.000Z,0.18224224983325615,1375.7534087866852,0.010324158690845464,-0.38118772365841647,0.001964562314852135,0.007920277136951683,true,false
WIF,hour,2026-04-04T22:00:00.000Z,0.18143993232682049,1779.2670977186526,-0.0024465646873050814,-0.4447803098794997,0.004421945578057677,0.008006945912602877,true,false
WIF,hour,2026-04-04T21:00:00.000Z,0.18232484303522803,3965.1345857864953,0.00128059901979791,-0.4427155871292413,0.004877155194335001,0.005378208099570935,true,false
WIF,hour,2026-04-04T20:00:00.000Z,0.1820472846156209,5929.464304989183,-0.00106981349173228,-0.391528327284121,0.004877155194335001,0.004429777779743282,true,false
WIF,hour,2026-04-04T19:00:00.000Z,0.18211718127929152,12886.19708958702,0.0037326345076624944,-0.3053475026144933,0.0015246501489609228,0.004081553175886384,true,false
WIF,hour,2026-04-04T18:00:00.000Z,0.18291232509247204,1383.358021707582,0.0032221722913015455,-0.2601502916702316,0.004751735125726379,0.0030836164825351776,true,false
WIF,hour,2026-04-04T17:00:00.000Z,0.18170657034735296,17495.585402264103,-0.001871570174679178,-0.12039146287740939,0.006635724524513022,0.003946297541478288,true,false
WIF,hour,2026-04-04T16:00:00.000Z,0.18062020083409283,9695.48987213887,-0.008219874888701198,-0.04197258249506646,0.012690298470460815,0.004540126237081058,false,false
WIF,hour,2026-04-04T15:00:00.000Z,0.17935365953563656,9004.022670977572,-0.019455581000549775,0.007749479758585146,0.013118833581697239,0.004990554285526636,false,false
WIF,hour,2026-04-04T14:00:00.000Z,0.17846066281586712,6356.684758061164,-0.017863457140162423,0.018365967533041927,0.012100918959680724,0.0050083134730171935,false,false
WIF,hour,2026-04-04T13:00:00.000Z,0.17828553223323204,3647.48230685803,-0.01292584434121674,-0.00029625215278207453,0.005991104768990467,0.004988921756980325,false,false
WIF,hour,2026-04-04T12:00:00.000Z,0.17998578784650088,4918.179163279747,0.003524479581297396,-0.06706136572102994,0.009536699876715583,0.006143135943034962,false,false
WIF,hour,2026-04-04T11:00:00.000Z,0.17926771407005526,2926.3650576383898,0.004522292148050848,-0.056777424720240124,0.009536699876715583,0.006108162721658498,false,false
WIF,day,2026-05-04T00:00:00.000Z,0.19025278954007174,113529.82446632245,,,,,false,false
WIF,day,2026-05-03T00:00:00.000Z,0.18724489860956522,143560.10910100132,,0,,0.015936280845822073,false,false
WIF,day,2026-05-02T00:00:00.000Z,0.18922530454201564,380210.06932384113,,0,0.01606394060848856,0.013502903199696634,false,false
WIF,day,2026-05-01T00:00:00.000Z,0.18891854081887446,388192.8942101847,-0.007013031054224066,0,0.010576554806867491,0.01106479707815061,false,false
WIF,day,2026-04-30T00:00:00.000Z,0.1825536826524405,602220.7032594408,-0.025053905297076354,0,0.036546082186011346,0.01963310027046339,false,false
WIF,day,2026-04-29T00:00:00.000Z,0.17804987794586866,212938.13807862144,-0.05905883794556444,0,0.06104279878422684,0.02081279768049113,false,false
WIF,day,2026-04-28T00:00:00.000Z,0.17811881836098922,227792.8830136933,-0.057166027278600824,0,0.02529518558805819,0.019000055263482415,false,false
WIF,day,2026-04-27T00:00:00.000Z,0.17765079224332217,156921.62400996557,-0.026857252824928415,0.15094135082369314,0.0026345287389769353,0.01761872015880223,false,false
WIF,day,2026-04-26T00:00:00.000Z,0.17807176108736972,248120.8857480231,0.000122904557720136,0.28391393595584963,0.0026345287389769353,0.01658128024011641,false,false
WIF,day,2026-04-25T00:00:00.000Z,0.1783829023741561,126559.56080756133,0.0014826283690680519,0.13909632279184675,0.004121063135092519,0.01611090092827988,false,false
WIF,day,2026-04-24T00:00:00.000Z,0.17884402220636456,142606.5896088886,0.0067167162497539555,-0.02798579925573928,0.004336797223092174,0.01612876968420107,false,false
WIF,day,2026-04-23T00:00:00.000Z,0.1794305654356406,278023.02906218194,0.007630655978092941,-0.38243161735257125,0.005873113664711134,0.009688992419814685,true,false
WIF,day,2026-04-22T00:00:00.000Z,0.18971002218115923,383239.59497107635,0.06349890968386994,-0.2810894550527691,0.06075685304290806,0.021167809803450423,false,false
WIF,day,2026-04-21T00:00:00.000Z,0.19604348592856685,129035.55982167757,0.09617019070593356,-0.31626818788304756,0.09258690375628949,0.024538120286454027,false,false
WIF,day,2026-04-20T00:00:00.000Z,0.19990518426897705,217572.24089444045,0.11410886870710127,-0.2434926836706744,0.05374076693788049,0.02560252012143933,false,false
WIF,day,2026-04-19T00:00:00.000Z,0.19480815924445877,246110.12199235748,0.02687331435990865,-0.2517993116854588,0.026164330304677748,0.027385871597533726,false,false
WIF,day,2026-04-18T00:00:00.000Z,0.20261452684847223,219428.84463185718,0.03351828237893959,-0.13797498350901025,0.04007207723890809,0.03114610597107886,false,false
WIF,day,2026-04-17T00:00:00.000Z,0.2143936202814377,524098.58850965876,0.07247653964274453,0.16150937744850258,0.10053717006997512,0.03775312962981156,false,false
WIF,day,2026-04-16T00:00:00.000Z,0.21829925576663262,1048538.8312260892,0.12058579380494835,0.4127969271815939,0.07741167014095889,0.03834484153866028,false,false
WIF,day,2026-04-15T00:00:00.000Z,0.19918867127350598,267609.6224999947,-0.01690824260359335,0.35483607174649506,0.09594212547803932,0.04718059175036624,false,false
WIF,day,2026-04-14T00:00:00.000Z,0.19275421343399912,413188.8118124818,-0.10093307263076307,0.5291160515441362,0.13252650553021691,0.047180274200745866,false,false
WIF,day,2026-04-13T00:00:00.000Z,0.20164448694936768,235225.83241170828,-0.07629329178780757,0.5683726751067621,0.046122330386374,0.04961922668408524,false,false
WIF,day,2026-04-12T00:00:00.000Z,0.18721431899404706,158203.83302334519,-0.06011562908121887,0.5445500319103318,0.07707833478153701,0.05616400977643276,false,false
WIF,day,2026-04-11T00:00:00.000Z,0.19793694947838553,199483.66924298747,0.02688779639134074,0.5598949965964584,0.07707833478153701,0.058111890848188255,false,false
WIF,day,2026-04-10T00:00:00.000Z,0.19821685300852362,228868.11485337082,-0.016998401457435943,0.36945266818046363,0.05876972484581385,0.05404725805408265,false,false
WIF,day,2026-04-09T00:00:00.000Z,0.19832373576882706,344269.1189636737,0.05934063609276197,-0.15423150525985208,0.0019540883673352183,0.05361518435611937,false,false
WIF,day,2026-04-08T00:00:00.000Z,0.19370773364267416,356256.55526415317,-0.021366479815195873,-0.10247682341462287,0.023829725532114678,0.04189022094200312,false,false
WIF,day,2026-04-07T00:00:00.000Z,0.20031290655511003,338116.9546261781,0.01057454759659749,-0.16967630608733264,0.034098653617104416,0.04196863622439636,false,false
WIF,day,2026-04-06T00:00:00.000Z,0.17813289330971313,244492.9450357338,-0.10180749359546688,-0.15530890846325385,0.12451385498372454,0.05863646156539487,false,false
WIF,day,2026-04-05T00:00:00.000Z,0.1822797897375407,232435.67220570106,-0.058995806157198606,-0.08750694007118259,0.12451385498372454,0.05221365372080749,false,false
WIF,day,2026-04-04T00:00:00.000Z,0.18224224983325615,128509.99234731628,-0.0902121437536142,-0.14659559146435722,0.023279790446212006,0.04778228225080412,false,false
WIF,day,2026-04-03T00:00:00.000Z,0.181909537210962,242999.77680723215,0.021201271876736236,-0.15538843290128415,0.002035366216941666,0.04778428873090544,false,false
WIF,day,2026-04-02T00:00:00.000Z,0.1799465113035502,301267.03212447965,-0.012800532836636049,-0.17566918394529746,0.012757894071273791,0.04795950192960773,false,false
WIF,day,2026-04-01T00:00:00.000Z,0.18143171999712024,503165.4969350638,-0.004447540769923083,-0.07801325836031753,0.010908941180306676,0.047228543980788885,false,false
WIF,day,2026-03-31T00:00:00.000Z,0.17897181365879403,192323.413170526,-0.016149365213111826,-0.1230289746623219,0.01374465782090118,0.04578806123617337,false,false
WIF,day,2026-03-30T00:00:00.000Z,0.1758824385835441,214584.82730750347,-0.022584893091650085,-0.1480270760915244,0.03155108297489421,0.01313560195010795,false,false
WIF,day,2026-03-29T00:00:00.000Z,0.17141615958217696,147750.86614441095,-0.05520291829401304,-0.2007601147204402,0.04407784012332213,0.013834787448832092,false,false
WIF,day,2026-03-28T00:00:00.000Z,0.17545693808494575,286287.3387732855,-0.01963926889934362,-0.0972885410229037,0.02605518063322385,0.01639959647129941,false,false
WIF,day,2026-03-27T00:00:00.000Z,0.17040177543855403,441801.7046970052,-0.031160945851832496,0.029114215666515945,0.029666138356724953,0.019762702121073835,false,false
WIF,day,2026-03-26T00:00:00.000Z,0.18628404001439777,224787.82699745905,0.08673558238885376,-0.0526178327762598,0.09320480690396797,0.038835660848449305,false,false
WIF,day,2026-03-25T00:00:00.000Z,0.1902454193978738,395479.5854620385,0.0842855316771135,-0.19202554867150348,0.11645209627804183,0.03951975052523259,false,false
WIF,day,2026-03-24T00:00:00.000Z,0.19262828959023473,466816.8140272542,0.13043593057922956,0.000044448319534806857,0.03405686056275468,0.03946293463517933,false,false
WIF,day,2026-03-23T00:00:00.000Z,0.18671420485192736,642081.5863189506,0.00230918782680651,0.2861718979105283,0.03167453029616844,0.04065615592909369,false,false
WIF,day,2026-03-22T00:00:00.000Z,0.17257629511001382,267434.4736218902,-0.09287542556232205,0.3604665414991516,0.11619205562060639,0.04943799123548179,false,false
WIF,day,2026-03-21T00:00:00.000Z,0.17411511387209372,209201.57503397018,-0.09610829103826261,0.3005981368236091,0.08192266343938436,0.04876290979658063,false,false
WIF,day,2026-03-20T00:00:00.000Z,0.1784357058786514,364682.3576686675,-0.04433781018343608,0.2181259659681906,0.03395258175465134,0.04838965361075116,false,false
WIF,day,2026-03-19T00:00:00.000Z,0.1725047503075823,268351.1081838137,-0.00041456911788440297,0.24470969133997006,0.03438140434100501,0.03701807031832756,false,false
WIF,day,2026-03-18T00:00:00.000Z,0.18083920570554568,373907.1460252087,0.038618656840965174,0.2604601816689264,0.048314352985078586,0.04031282325976716,false,false
WIF,day,2026-03-17T00:00:00.000Z,0.18971873108008896,523399.42665514647,0.06323300118593304,0.5946023513823075,0.09978844490840687,0.04394579155968279,false,false
WIF,day,2026-03-16T00:00:00.000Z,0.18939729802009928,1132061.8707715212,0.09792511616287052,0.5914127198796669,0.0491017715981429,0.04234064093611604,false,false
WIF,day,2026-03-15T00:00:00.000Z,0.17028131064739097,229240.96527889237,-0.05838277721339794,0.5937935330732874,0.11414887728312079,0.050240963299768286,false,false
WIF,day,2026-03-14T00:00:00.000Z,0.16658407887451324,171322.495796662,-0.12194184556194154,0.5723877578872524,0.1369471758628932,0.050810785948476364,false,false
WIF,day,2026-03-13T00:00:00.000Z,0.16720053352101125,494639.60129258357,-0.11719683823964826,0.6119418588712504,0.02219438855055789,0.04997852746057347,false,false
WIF,day,2026-03-12T00:00:00.000Z,0.16975736039033887,243978.42909946453,-0.0030769686647354037,0.5888425230213797,0.019049128447719457,0.04865712268317388,false,false
WIF,day,2026-03-11T00:00:00.000Z,0.16653953538756994,357923.24903427076,-0.0002673934222540773,0.5575605358515312,0.01932168836234847,0.045845340453246834,false,false
WIF,day,2026-03-10T00:00:00.000Z,0.1635623929741806,554860.3234442343,-0.02175914436525085,0.5337749707181835,0.0378752554515156,0.042661863775853265,false,false
WIF,day,2026-03-09T00:00:00.000Z,0.17098907358736445,400620.31489596795,0.007255727788140633,-0.014373322363416655,0.045405795783118715,0.04584006769759192,false,false
WIF,day,2026-03-08T00:00:00.000Z,0.17816450197107378,237916.51298052925,0.06980304440294181,0.009238350349922523,0.08927546688069195,0.026936719277784037,false,false
WIF,day,2026-03-07T00:00:00.000Z,0.17757113525943155,275715.2387473552,0.0856476970684962,0.08072220055444827,0.04196425089140647,0.025658083287878823,false,false
WIF,day,2026-03-06T00:00:00.000Z,0.18965332984921446,590193.1913506526,0.10915467211016712,0.08810291523258967,0.06804143349160219,0.03571284232730162,false,false
WIF,day,2026-03-05T00:00:00.000Z,0.21427208720955274,367485.6494543468,0.20266430652016904,0.14057243476169567,0.20668309574357943,0.0580559403064199,false,false
WIF,day,2026-03-04T00:00:00.000Z,0.21490363138829519,437649.33112189564,0.21023966577856718,0.16700640098983702,0.13313924706281824,0.0576143176066781,false,false
WIF,day,2026-03-03T00:00:00.000Z,0.20380075858723945,346786.65653876023,0.07459625807399758,0.0038353707875123278,0.05447905531864354,0.06062114142410307,false,false
WIF,day,2026-03-02T00:00:00.000Z,0.20019159518651344,315419.6262775075,-0.0657131416714531,-0.027277527699606736,0.07348977956879213,0.058641657284225185,false,false
WIF,day,2026-03-01T00:00:00.000Z,0.19072575701384492,304643.30268714565,-0.11250565762085639,0.003242574962171329,0.06855393722435404,0.05943584837478694,false,false
WIF,day,2026-02-28T00:00:00.000Z,0.19544239603692945,429316.9602059495,-0.041012421191416217,0.08311467651867946,0.04963062315689952,0.0601355532829792,false,false
WIF,day,2026-02-27T00:00:00.000Z,0.20464568632138483,312677.58943783696,0.02224914153224875,-0.16480328667761704,0.07298400344809983,0.057443374767568216,false,false
WIF,day,2026-02-26T00:00:00.000Z,0.20893232824132027,355740.5399664683,0.09545942568288625,-0.18784674128679762,0.06902254821846257,0.03511617486112648,false,false
WIF,day,2026-02-25T00:00:00.000Z,0.21465186294988478,891622.1780338854,0.09828710301589652,0.08027989831032885,0.04889512605110963,0.036552779815295644,false,false
WIF,day,2026-02-24T00:00:00.000Z,0.19423288310356335,293412.51825099514,-0.05088210460233569,0.03116825013674801,0.10512627686957725,0.048595551891662855,false,false
WIF,day,2026-02-23T00:00:00.000Z,0.19955038404695022,350482.19113073486,-0.04490422460392894,0.06378224912262963,0.10512627686957725,0.049194816430339454,false,false
WIF,day,2026-02-22T00:00:00.000Z,0.21155967950281784,182917.3614675551,-0.014405574703951561,0.023586125024501282,0.0892062977308327,0.05072322215313,false,false
WIF,day,2026-02-21T00:00:00.000Z,0.2207069865469717,119597.94145881124,0.136300831354558,-0.10823836033916845,0.10602135696739008,0.05237892922558266,false,false
WIF,day,2026-02-20T00:00:00.000Z,0.22520987157175254,313445.7429696115,0.12858651035602697,-0.11561806566658599,0.06452170896181039,0.04999349422279083,false,false
WIF,day,2026-02-19T00:00:00.000Z,0.217242132258608,188934.516403842,0.02685980981415918,-0.229013301395359,0.03667676813105311,0.05121823747023388,false,false
WIF,day,2026-02-18T00:00:00.000Z,0.22014913326146154,237757.131103072,-0.0025275742025114532,-0.6618615718089331,0.03667676813105311,0.050441575801336784,false,false
WIF,day,2026-02-17T00:00:00.000Z,0.22959735305927031,252755.90871327493,0.019481745879509148,-0.6866534709262356,0.05687304148697312,0.037002680649056,true,false
WIF,day,2026-02-16T00:00:00.000Z,0.23567669503678865,258140.02500888437,0.08485721709008034,-0.7282076346622446,0.07053201411829178,0.03691280020824105,true,false
WIF,day,2026-02-15T00:00:00.000Z,0.23105123060073132,526108.7664301064,0.049521418402868896,-0.4911367051193136,0.026478275539827137,0.030508773439171886,true,false
WIF,day,2026-02-14T00:00:00.000Z,0.25512006425830824,643002.3399325581,0.11116291568243501,-0.06500880946184018,0.10417098231850204,0.0455812428298112,false,false
WIF,day,2026-02-13T00:00:00.000Z,0.22050660835234479,259760.38832999382,-0.06436820866855691,-0.1197970474504497,0.15697241984990784,0.07110877616812161,false,false
WIF,day,2026-02-12T00:00:00.000Z,0.2154393627898116,339432.2216858249,-0.06756885808540812,-0.020550719230586285,0.18418501129345707,0.07034428641832025,false,false
WIF,day,2026-02-11T00:00:00.000Z,0.20722279839148436,336848.07769040135,-0.1877440177277788,0.10544680275022827,0.06410399851740596,0.07168739253058097,false,false
WIF,day,2026-02-10T00:00:00.000Z,0.21674530632708508,287119.60987652413,-0.0170575478592894,0.12874498431204395,0.045952993635434085,0.07193875931950497,false,false
WIF,day,2026-02-09T00:00:00.000Z,0.2259679144654628,234111.50267347557,0.04887013932511087,0.13187702229523016,0.0904587536674669,0.07297721184497599,false,false
WIF,day,2026-02-08T00:00:00.000Z,0.2278236476480298,230026.80433727597,0.09941400954168372,-0.07318443294365351,0.051112254787315445,0.07265743201713036,false,false
WIF,day,2026-02-07T00:00:00.000Z,0.23304378740580545,405410.8886636882,0.07519646609613186,-0.2981447343095551,0.031313617940321045,0.06284580021058653,false,false
WIF,day,2026-02-06T00:00:00.000Z,0.23424790632783757,1222908.902106549,0.03664233429759911,0.2740225639125025,0.028198383908472808,0.03027057602524345,false,false
WIF,day,2026-02-05T00:00:00.000Z,0.2064401649451207,1014341.8657167109,-0.09385980306989435,0.5369571181499069,0.1347012166460396,0.05586066182165769,false,false
WIF,day,2026-02-04T00:00:00.000Z,0.24804625307882724,502246.6049423474,0.06437616655662053,0.6501901626654523,0.2015406650385449,0.08786475955221675,false,false
BONK,hour,2026-05-04T10:00:00.000Z,0.000006220494674478409,28682.73989105172,,,,,false,false
BONK,hour,2026-05-04T09:00:00.000Z,0.000006361200381228989,40010.55061213732,,0,,0.022367665482298644,false,false
BONK,hour,2026-05-04T08:00:00.000Z,0.00000631122710540779,23574.809785044963,,0,0.022619697325338226,0.016770759862531823,false,false
BONK,hour,2026-05-04T07:00:00.000Z,0.000006344453059992458,22904.379984975196,0.01992741606590044,0,0.007918155215549075,0.014024827451026397,false,false
BONK,hour,2026-05-04T06:00:00.000Z,0.00000636557157683279,63820.663545946234,0.000687165211254715,0,0.00861076150760523,0.012258981936435317,false,false
BONK,hour,2026-05-04T05:00:00.000Z,0.0000063808744786559425,29449.355569787615,0.011035472513495058,0,0.005740671153066634,0.011017222488230463,false,false
BONK,hour,2026-05-04T04:00:00.000Z,0.000006405692352858061,56769.0607526469,0.009652414839629283,0,0.006302776669936254,0.010181395483502702,false,false
BONK,hour,2026-05-04T03:00:00.000Z,0.000006424077765533887,69868.93494792437,0.009191034614083642,0.10639773208974172,0.006770747022600102,0.00948818186566906,false,false
BONK,hour,2026-05-04T02:00:00.000Z,0.0000064407194156066414,101097.02546023222,0.009378798650699148,0.16126732171595443,0.005468115048165276,0.004416852719658368,false,false
BONK,hour,2026-05-04T01:00:00.000Z,0.000006386546600770055,77237.86813316292,-0.002988865376818142,0.34940591936763943,0.008482332976331018,0.0045622704279930665,false,false
BONK,hour,2026-05-04T00:00:00.000Z,0.000006267122145246588,41095.90150413107,-0.024432397305242604,0.5092990921815246,0.027699678789844764,0.008232765040739817,false,false
BONK,hour,2026-05-03T23:00:00.000Z,0.000006234773385515588,76192.06083818177,-0.03197562520609448,0.4928495575218107,0.024343020326458308,0.008368193717015538,false,false
BONK,hour,2026-05-03T22:00:00.000Z,0.000006309818431081944,36842.52810017478,-0.012014031132076778,0.6004421577283042,0.012036531390330682,0.009468553584117247,false,false
BONK,hour,2026-05-03T21:00:00.000Z,0.00000622828185094077,23791.694888550926,-0.006197468855027374,0.4804228675734448,0.013091343984193378,0.010567280223779603,false,false
BONK,hour,2026-05-03T20:00:00.000Z,0.000006255594141361269,21357.073001306944,0.003339456714505755,0.266361479000876,0.013091343984193378,0.010640915824941964,false,false
BONK,hour,2026-05-03T19:00:00.000Z,0.0000062701633534183556,19276.74335557691,-0.0062846622445186665,-0.1433530718123808,0.006724407064407245,0.010632307930975065,false,false
BONK,hour,2026-05-03T18:00:00.000Z,0.000006259510715744102,25243.640740498027,0.00501404168127286,-0.4027303955903736,0.002328989337840223,0.010162035351720076,true,false
BONK,hour,2026-05-03T17:00:00.000Z,0.000006251957711081809,23891.848892342936,-0.0005813085371726279,-0.46102150605213144,0.0029119906400320683,0.007250686112437138,true,false
BONK,hour,2026-05-03T16:00:00.000Z,0.0000062471340328599795,7307.25307841072,-0.0036728421988911956,-0.7700132805195409,0.001981177739907829,0.006987968940419659,true,false
BONK,hour,2026-05-03T15:00:00.000Z,0.0000062418018912646684,18529.120663789192,-0.002829106823779712,-0.8332432839117974,0.001627065388177977,0.005337171823656178,true,false
BONK,hour,2026-05-03T14:00:00.000Z,0.000006250678492759837,13562.201373409975,-0.0002046108404898935,-0.8381095000524691,0.0014221216324714764,0.002146462918589131,true,false
BONK,hour,2026-05-03T13:00:00.000Z,0.0000062633709885762435,12093.955646714077,0.002599104746409716,-0.8392395168075685,0.003455588255974738,0.0015684380453961503,true,false
BONK,hour,2026-05-03T12:00:00.000Z,0.00000627946401792966,19973.584320364014,0.0060338548581138785,-0.8125838119391058,0.004605184093721208,0.001620988732449253,true,false
BONK,hour,2026-05-03T11:00:00.000Z,0.000006254691050167615,20359.240261693212,0.0006419394970362827,-0.8221425758399876,0.0039607020655930275,0.002108729228418739,true,false
BONK,hour,2026-05-03T10:00:00.000Z,0.000006219543603757248,9679.514723940283,-0.00699741160134576,-0.859039114365403,0.009634214017924782,0.002962266200658917,true,false
BONK,hour,2026-05-03T09:00:00.000Z,0.000006235030030741,16105.163363094343,-0.007076079592428345,-0.782626876806163,0.005651129512000639,0.0030940937131557697,true,false
BONK,hour,2026-05-03T08:00:00.000Z,0.0000062257965910360326,36524.645396386826,-0.004619646102393528,-0.6915172908884784,0.0024899619602951114,0.0031277805425481554,true,false
BONK,hour,2026-05-03T07:00:00.000Z,0.000006232362343593916,17748.747757664492,0.002061041879170104,-0.6464477492389824,0.0014830937005333323,0.0031069631244062153,true,false
BONK,hour,2026-05-03T06:00:00.000Z,0.000006233113759294882,9992.254231859064,-0.00030733956960433533,-0.6235877225287706,0.0011752983175493921,0.0030112213936920643,true,false
BONK,hour,2026-05-03T05:00:00.000Z,0.000006219760005074678,12139.803966023052,-0.0009696086072016036,-0.6437317022121503,0.0021469886634386303,0.002963758032224154,true,false
BONK,hour,2026-05-03T04:00:00.000Z,0.000006234637647677478,15173.35208115584,0.00036507891520479863,-0.6506384433827589,0.0023919962491578757,0.0027142420174923825,true,false
BONK,hour,2026-05-03T03:00:00.000Z,0.0000062114851564420755,9496.68393346444,-0.0034699515664307692,-0.6009875406894446,0.003727368037157899,0.002192705668891763,true,false
BONK,hour,2026-05-03T02:00:00.000Z,0.00000619729840140968,20335.227187064702,-0.0036113296408015025,-0.5700639965400145,0.006025084456043822,0.002161335244025428,true,false
BONK,hour,2026-05-03T01:00:00.000Z,0.0000062194145136898,27520.03100749688,-0.0024417030865217467,-0.631495269092781,0.0035686699022091984,0.002484045826543364,true,false
BONK,hour,2026-05-03T00:00:00.000Z,0.000006281465431907533,19272.952612407837,0.011266271061258035,-0.5771548672402167,0.01358124541472906,0.00448231781479207,true,false
BONK,hour,2026-05-02T23:00:00.000Z,0.000006303853287864777,20238.055112078066,0.017193764049002313,-0.4991182456362115,0.01357664358744956,0.004679460507415118,true,false
BONK,hour,2026-05-02T22:00:00.000Z,0.0000063342886412472695,65320.8963933785,0.018470247851243213,-0.18015338870037229,0.008409376746931435,0.00495522587670314,false,false
BONK,hour,2026-05-02T21:00:00.000Z,0.0000063399073055311115,82425.27624880827,0.00930385978512523,0.20337043803360397,0.005719361796655421,0.004883762722524501,false,false
BONK,hour,2026-05-02T20:00:00.000Z,0.000006328852147724162,9893.780148907501,0.003965647472714698,0.38889785503349744,0.001746787181767975,0.004723229054250207,false,false
BONK,hour,2026-05-02T19:00:00.000Z,0.000006329452050027215,57272.077203744295,-0.0007635571244038471,0.7233097037783511,0.001746787181767975,0.00464362606948674,false,false
BONK,hour,2026-05-02T18:00:00.000Z,0.000006319284340962055,118664.61246180345,-0.0032528810872462306,0.9620708087862733,0.0016089969237895936,0.004485491670034402,false,false
BONK,hour,2026-05-02T17:00:00.000Z,0.000006312910529812287,23839.29963402173,-0.0025188798126066785,1.125736331285257,0.002620268438276012,0.002487108576227822,false,false
BONK,hour,2026-05-02T16:00:00.000Z,0.0000063501122975710845,96287.59171681006,0.003264144728575806,1.3305948404481525,0.00589296610226207,0.0030511283417117953,false,false
BONK,hour,2026-05-02T15:00:00.000Z,0.000006295213307016375,17319.746404634818,-0.0038091392390194696,1.0803516192656748,0.00872075144674147,0.004094615902748329,false,false
BONK,hour,2026-05-02T14:00:00.000Z,0.000006259694789974508,26527.57566627179,-0.008429667993308576,0.7780369288751979,0.014444395554458755,0.004607283152083049,false,false
BONK,hour,2026-05-02T13:00:00.000Z,0.000006247602288999977,16803.86988370902,-0.016143022952573152,0.816820671090345,0.007620686435214605,0.004618016726940422,false,false
BONK,hour,2026-05-02T12:00:00.000Z,0.0000062162559002865595,15022.641398847738,-0.01254245136408852,0.6026748730622331,0.00698795068683483,0.004993913804972887,false,false
BONK,hour,2026-05-02T11:00:00.000Z,0.000006214314213639314,10729.72880400185,-0.007249646805124648,0.047773168488327834,0.0053566772159029325,0.004958212679533313,false,false
BONK,hour,2026-05-02T10:00:00.000Z,0.000006246983892275683,7586.12316964546,-0.00009898144851235874,-0.03796660902520936,0.005257165555720531,0.005325973313455624,false,false
BONK,hour,2026-05-02T09:00:00.000Z,0.000006240797103973057,16025.696867772522,0.003947907563677684,-0.4561118184631971,0.005257165555720531,0.004855339205856251,true,false
BONK,hour,2026-05-02T08:00:00.000Z,0.000006220336217257592,7655.233148338409,0.0009690536093364615,-0.4973047185258693,0.004283960558942171,0.003787405014759741,true,false
BONK,hour,2026-05-02T07:00:00.000Z,0.000006227757715405346,8866.870579460445,-0.0030776735144315203,-0.5841768907960645,0.003289353822820465,0.0031581751008463435,true,false
BONK,hour,2026-05-02T06:00:00.000Z,0.000006246819771023024,28391.92791199025,0.0009650477254152203,-0.5347800553918894,0.004257575931660484,0.0032824084418390776,true,false
BONK,hour,2026-05-02T05:00:00.000Z,0.000006209729654466524,24271.156620858692,-0.0017051430052352108,-0.49177944206558766,0.005972903591675986,0.0034965784695359598,true,false
BONK,hour,2026-05-02T04:00:00.000Z,0.000006220174073542257,9810.51134247493,-0.001217716264768796,-0.4967948400562238,0.005972903591675986,0.003551840884533032,true,false
BONK,hour,2026-05-02T03:00:00.000Z,0.000006239731983539581,9520.253237383235,-0.0011346233352722108,-0.47652370759855095,0.004831503260609328,0.0031774038462700797,true,false
BONK,hour,2026-05-02T02:00:00.000Z,0.000006240163726323857,19398.394095820382,0.004901030085173273,-0.43827066723762775,0.003213680605278613,0.0031553641509270616,true,false
BONK,hour,2026-05-02T01:00:00.000Z,0.000006242981305339066,17137.124384005223,0.0036666549082315977,-0.388096797958749,0.0005207470141436147,0.002905995685056943,true,false
BONK,hour,2026-05-02T00:00:00.000Z,0.000006233196118175215,16457.23487596972,-0.0010474593110101388,-0.3579326960642289,0.001569850679865274,0.0029314171982056745,true,false
BONK,hour,2026-05-01T23:00:00.000Z,0.000006224054365486902,18092.969687877223,-0.0025815606037703975,-0.4203798456466628,0.0030409342111656096,0.0027507546404627473,true,false
BONK,hour,2026-05-01T22:00:00.000Z,0.00000624083562790522,21943.521667457404,-0.00034369435513301503,-0.442116811769435,0.002696194704109886,0.0018804566709274492,true,false
BONK,hour,2026-05-01T21:00:00.000Z,0.000006266004827867855,14599.208657302019,0.005263545229545083,-0.4247871508564229,0.006740053977287387,0.0023338580293899513,true,false
BONK,hour,2026-05-01T20:00:00.000Z,0.000006240506948207078,107488.64026316606,0.0026433867305863494,-0.01359350797750785,0.004085866720828255,0.0025326204088233985,false,false
BONK,hour,2026-05-01T19:00:00.000Z,0.0000062879181324794805,132531.5010632751,0.007544262881037288,0.3446795176749031,0.007597328977579856,0.0038205890139372247,false,false
BONK,hour,2026-05-01T18:00:00.000Z,0.000006318301838126483,325735.1182874889,0.00834614905274859,0.7314949736997146,0.012466117026238543,0.004229339106788735,false,false
BONK,hour,2026-05-01T17:00:00.000Z,0.000006325575256707842,138515.08002229544,0.013631634289775745,0.9164192518192754,0.0059888063799444224,0.00421009429602619,false,false
BONK,hour,2026-05-01T16:00:00.000Z,0.0000063312354204595745,349647.157333434,0.006888971368177295,1.1531064487556653,0.002047002923324562,0.004187056181891175,false,false
BONK,hour,2026-05-01T15:00:00.000Z,0.00000634552350984371,323473.5595852841,0.0043083841852828274,1.3663537913476587,0.003153587195838764,0.00414989957353241,false,false
BONK,hour,2026-05-01T14:00:00.000Z,0.000006316739707097865,13703.773764731304,-0.001396797801213042,1.3647315759634213,0.004556749855230269,0.004226139646281789,false,false
BONK,hour,2026-05-01T13:00:00.000Z,0.000006341132894674891,23489.078485608494,0.0015632769211728044,1.2487388264964745,0.004556749855230269,0.004196096537616624,false,false
BONK,hour,2026-05-01T12:00:00.000Z,0.00000624299398119823,17483.590919159644,-0.01615777303266279,1.1161554812824457,0.01571984752383583,0.006646705537992267,false,false
BONK,hour,2026-05-01T11:00:00.000Z,0.000006203955575959269,10497.094403893487,-0.017854801110747835,0.6554360196945064,0.022111267083728483,0.00681764599250364,false,false
BONK,hour,2026-05-01T10:00:00.000Z,0.0000062011783214271245,12896.243990557088,-0.02207090997340495,0.49872266553876266,0.006743179699673899,0.006805868322408128,false,false
BONK,hour,2026-05-01T09:00:00.000Z,0.0000061831377459778396,9259.32154750503,-0.009587745142900462,0.002399469211102948,0.00336687145534988,0.006886085107492648,false,false
BONK,hour,2026-05-01T08:00:00.000Z,0.000006237552277799687,5929.136244073585,0.005415367893768878,-0.4541812646847103,0.008800472196700507,0.007593398047644554,true,false
BONK,hour,2026-05-01T07:00:00.000Z,0.000006205673920351534,11596.779005370745,0.000724958820951119,-0.45512496594319685,0.008800472196700507,0.007645742463455181,true,false
BONK,hour,2026-05-01T06:00:00.000Z,0.000006219851922784526,46813.01923373729,0.005937790538561037,-0.4332256441793797,0.005136969466540591,0.007555077615272632,true,false
BONK,hour,2026-05-01T05:00:00.000Z,0.000006245677533619169,108531.9344091811,0.0013026353059037363,-0.33347037888605247,0.006446296370236792,0.0049776503314919885,true,false
BONK,hour,2026-05-01T04:00:00.000Z,0.000006249655864792423,12891.207095239635,0.007087376005472957,-0.3320973671600525,0.004791744623166774,0.004383355479774153,true,false
BONK,hour,2026-05-01T03:00:00.000Z,0.000006257368794571491,67491.71340428527,0.00603179500938489,-0.2707483532682608,0.0018718963458152276,0.004404824703116142,true,false
BONK,hour,2026-05-01T02:00:00.000Z,0.000006228931951747524,55576.68547608588,-0.0026811473665599127,-0.22031334866623314,0.004565283911311552,0.004599319762736763,true,false
BONK,hour,2026-05-01T01:00:00.000Z,0.000006232814754958485,503694.62396212434,-0.002694725949441808,0.2689786593332683,0.004565283911311552,0.003200275320227925,false,false
BONK,hour,2026-05-01T00:00:00.000Z,0.000006166167783869843,147187.35585191852,-0.014574977709603556,0.39293644840575187,0.010808491339302386,0.004796010082924308,false,false
BONK,hour,2026-04-30T23:00:00.000Z,0.000006159611483045321,130981.17301834837,-0.011128788890165163,0.46226356144306724,0.011884397597910266,0.0047349137259339435,false,false
BONK,hour,2026-04-30T22:00:00.000Z,0.000006137479084411769,11436.352901689024,-0.015295765122952274,0.3498448991270418,0.004674345780002497,0.0046709478128824835,false,false
BONK,hour,2026-04-30T21:00:00.000Z,0.000006145893011238135,141821.0372255726,-0.0032880669716359163,0.46521711472726146,0.0036061057527291343,0.00469339378042553,false,false
BONK,hour,2026-04-30T20:00:00.000Z,0.0000061742599279752995,18685.51351383055,0.00237814429859726,0.40874740121096187,0.005992825891162386,0.004983976444285954,false,false
BONK,hour,2026-04-30T19:00:00.000Z,0.000006205698353132328,6276.5093175737675,0.01111519367843141,0.3538142046850787,0.009730944190670934,0.005055812065367363,false,false
BONK,hour,2026-04-30T18:00:00.000Z,0.000006222771704944668,20763.753360855604,0.012508954120411059,-0.2065323539864188,0.007857099884888792,0.005155979378002724,true,false
BONK,hour,2026-04-30T17:00:00.000Z,0.000006223678202524833,17263.02440791257,0.008003918708640964,-0.35676460121664993,0.0028973128195040514,0.0031743816770874716,true,false
BONK,hour,2026-04-30T16:00:00.000Z,0.0000062310322413081376,28268.048816611004,0.004082358944021595,-0.47789608970676,0.0013274689728543269,0.003180290439164857,true,false
BONK,hour,2026-04-30T15:00:00.000Z,0.000006260682103866354,38056.52532304266,0.006092204682932876,-0.4549726831538468,0.005945664306118654,0.00338858901597873,true,false
BONK,hour,2026-04-30T14:00:00.000Z,0.000006216764149338203,51742.0608292727,-0.001110927165839838,-0.5436988055874423,0.00706443954976576,0.004277130952635426,true,false
BONK,hour,2026-04-30T13:00:00.000Z,0.000006216009469916465,54848.414707481556,-0.0024109603047919397,-0.48083126700254153,0.007186706224643067,0.003907244821459175,true,false
BONK,hour,2026-04-30T12:00:00.000Z,0.000006232959358048406,29659.21673161666,-0.004428071152315409,-0.3982109991124698,0.0027268118258141506,0.003555391212497204,true,false
BONK,hour,2026-04-30T11:00:00.000Z,0.000006244680006352855,39538.5431659499,0.004490415969475583,-0.3472286563367508,0.0046123701347538446,0.0034737071974554955,true,false
BONK,hour,2026-04-30T10:00:00.000Z,0.000006245072473534854,51331.42274516313,0.004675508259606897,-0.24318856010918044,0.0019433971554470198,0.0034733520987679806,true,false
BONK,hour,2026-04-30T09:00:00.000Z,0.000006272455544495148,29210.95893900539,0.006336666770615434,-0.1652993389441556,0.004447872127000318,0.0038209328266077974,true,false
BONK,hour,2026-04-30T08:00:00.000Z,0.000006233644797808865,122812.8445069986,-0.0017671375527269567,-0.0727395262912283,0.006226011899158001,0.004108956594154689,false,false
BONK,hour,2026-04-30T07:00:00.000Z,0.000006188863313287022,110641.39221552222,-0.009000561720625895,-0.0129474872433511,0.013506879531279962,0.004150892476762559,false,false
BONK,hour,2026-04-30T06:00:00.000Z,0.0000061581583052303485,131616.12637228396,-0.018222088375757256,0.06438053302156309,0.01225796558597777,0.0045565042912051,false,false
BONK,hour,2026-04-30T05:00:00.000Z,0.000006125337767299411,239766.1275683437,-0.01737459127403675,0.2921230068125551,0.01037094579938872,0.00487667387417453,false,false
BONK,hour,2026-04-30T04:00:00.000Z,0.0000061156437279473075,104364.90667348652,-0.011830861603053551,0.3582628879425761,0.006951774690333514,0.004861700000581083,false,false
BONK,hour,2026-04-30T03:00:00.000Z,0.00000619921847461364,41526.731616765646,0.006667605369679761,0.3346606316581138,0.013665731750267347,0.007067841000234643,false,false
BONK,hour,2026-04-30T02:00:00.000Z,0.000006184691117742909,45823.14864479828,0.009689808578452707,0.34828657042770383,0.013665731750267347,0.006928647395634551,false,false
BONK,hour,2026-04-30T01:00:00.000Z,0.000006276679469780403,70457.77539414955,0.026331772908417386,0.25122441718134164,0.014873556380785774,0.008581511719819645,false,false
BONK,hour,2026-04-30T00:00:00.000Z,0.000006276236676597991,173235.52835584135,0.01242385670060617,0.29783747094409263,0.014873556380785774,0.008137397599307997,false,false
BONK,hour,2026-04-29T23:00:00.000Z,0.000006175314379307604,43884.63675912229,-0.0015161207337266417,0.18859442799908674,0.01641456357468307,0.01001121999992353,false,false
BONK,hour,2026-04-29T22:00:00.000Z,0.000006157558275561365,120696.69588521386,-0.018978377785986565,-0.027158343479925143,0.019273613943313644,0.009865569841195652,false,false
BONK,hour,2026-04-29T21:00:00.000Z,0.0000061592507182733305,135177.3475771527,-0.01863950713663524,-0.004522961454700133,0.002883627397683119,0.009847937924189936,false,false
BONK,hour,2026-04-29T20:00:00.000Z,0.000006120444416810702,21147.972940031337,-0.008885371517401857,-0.02291284712668023,0.006340438507380486,0.008738986650473408,false,false
BONK,hour,2026-04-29T19:00:00.000Z,0.0000060625088059923834,20912.719469040847,-0.015436227367302671,0.1788144689872431,0.015957405651159506,0.009407776985287629,false,false
BONK,hour,2026-04-29T18:00:00.000Z,0.000006082107667948396,183293.91254212504,-0.0125247459234068,0.42307048827413424,0.009556375532362639,0.00767169745282729,false,false
BONK,hour,2026-04-29T17:00:00.000Z,0.000006190299443732651,271483.7637739168,0.011413391277614046,0.5032708722918342,0.02107883746312336,0.01016206533462461,false,false
BONK,hour,2026-04-29T16:00:00.000Z,0.000006141669994480227,25634.865494261147,0.013057496660392192,0.46129579999026254,0.01778853346421434,0.008637837330713459,false,false
BONK,hour,2026-04-29T15:00:00.000Z,0.000006143808763078451,130942.01155199051,0.01014468971919204,0.4901864616225576,0.007917952168730816,0.0085700097721301,false,false
BONK,hour,2026-04-29T14:00:00.000Z,0.000006248902545425873,37109.044340109096,0.009466925182844642,0.2771746908251171,0.017459836012358173,0.010701902332317059,false,false
BONK,hour,2026-04-29T13:00:00.000Z,0.000006297033218861849,31142.567367748707,0.02529657642322909,0.289291934856864,0.024939652533491674,0.010827467288562025,false,false
BONK,hour,2026-04-29T12:00:00.000Z,0.000006358731487097957,55536.610091489696,0.03498200095535122,0.3499181348670135,0.01757571683566706,0.01085783153678945,false,false
BONK,hour,2026-04-29T11:00:00.000Z,0.000006455239002296072,47015.142021899184,0.033019631106462916,0.04067349243819144,0.025123860385608328,0.012199113248302303,false,false
BONK,hour,2026-04-29T10:00:00.000Z,0.000006491824865508573,93907.09280078123,0.030933876299596725,-0.38586030208422284,0.020930806510805856,0.010438773881130289,true,false
BONK,hour,2026-04-29T09:00:00.000Z,0.000006459918539513284,75844.78571959559,0.015913087794419172,-0.296820049451613,0.00566762333656239,0.010175950956325976,true,false
BONK,hour,2026-04-29T08:00:00.000Z,0.00000631253159496193,16159.820691219358,-0.02210722287484362,-0.5267690867667325,0.028402752184201095,0.013402615790862035,true,false
BONK,hour,2026-04-29T07:00:00.000Z,0.000006328016344296965,47440.122621366325,-0.025233046886697762,-0.49924150509230636,0.023348309998002238,0.01180640437239963,true,false
BONK,hour,2026-04-29T06:00:00.000Z,0.000006290596718989627,33525.1574594956,-0.02621113865259584,-0.4967983617185679,0.005948501704834743,0.011662164322627016,true,false
BONK,hour,2026-04-29T05:00:00.000Z,0.000006330933180793726,8149.552684398364,0.002915088115595772,-0.576315513803097,0.0064121837094299585,0.011325244656422588,true,false
BONK,hour,2026-04-29T04:00:00.000Z,0.0000063512075370050635,72061.45822006234,0.003664843996333762,-0.5344432347730049,0.00963514603192865,0.009864457570234998,true,false
BONK,hour,2026-04-29T03:00:00.000Z,0.000006301614274630819,67505.6113670419,0.0017514325163990956,-0.6181064651839742,0.007869929864463153,0.010075881237924359,true,false
BONK,hour,2026-04-29T02:00:00.000Z,0.000006259697662284484,12000.19436390265,-0.011251977627145146,-0.6916135305347518,0.014618896895282747,0.010218542485413287,true,false
BONK,hour,2026-04-29T01:00:00.000Z,0.0000062692212202965805,58942.43633910746,-0.012908776202130537,-0.5734851344743213,0.00669626787231085,0.005352693419092732,true,false
BONK,hour,2026-04-29T00:00:00.000Z,0.0000062671097053780245,86320.45593064571,-0.005475512741505606,-0.4709555844501517,0.0015214086248089842,0.005273521433893351,true,false
BONK,hour,2026-04-28T23:00:00.000Z,0.000006233936126672243,99849.14377681173,-0.004115460043295345,-0.28469321388070556,0.005660162842119618,0.005177737211637698,true,false
BONK,hour,2026-04-28T22:00:00.000Z,0.000006240774969166761,12116.8228185631,-0.0045374457417015025,-0.21910521228653812,0.005321449888433463,0.004598305703425002,false,false
BONK,hour,2026-04-28T21:00:00.000Z,0.00000625543815319341,17118.08064228769,-0.001862350067783055,-0.3353860037582963,0.00344918941808998,0.004524468104605621,true,false
BONK,hour,2026-04-28T20:00:00.000Z,0.000006253923231781246,12954.412328034283,0.0032061773978541374,-0.44255477086483136,0.002349577432144872,0.0034205782317475878,true,false
BONK,hour,2026-04-28T19:00:00.000Z,0.0000062671066767462095,40856.83787487887,0.004219300921687318,-0.3563598372435295,0.0021080279492347617,0.002443514614423026,true,false
BONK,hour,2026-04-28T18:00:00.000Z,0.000006251505163044946,116012.6698244815,-0.0006287313617602366,-0.1979176089339956,0.002495641176702599,0.0025550201317285992,false,false
BONK,hour,2026-04-28T17:00:00.000Z,0.000006220140257784398,31001.044663602006,-0.005401884984000029,-0.3257966461225402,0.0075507009513224145,0.0031821456187972664,true,false
BONK,hour,2026-04-28T16:00:00.000Z,0.0000062146961505043994,23406.24363196256,-0.0083627946587022,-0.46129901608596763,0.0059228981834548305,0.0024923081776772912,true,false
BONK,hour,2026-04-28T15:00:00.000Z,0.00000622459739261578,47969.569190376045,-0.004304206703407699,-0.3309663445372455,0.001593198101982304,0.0025301969685024087,true,false
BONK,hour,2026-04-28T14:00:00.000Z,0.000006176337752960228,23923.335278731054,-0.007042044553473187,-0.3156443235650924,0.007813633513229022,0.0037774693429019545,true,false
BONK,hour,2026-04-28T13:00:00.000Z,0.0000061645702225314446,16285.22024977572,-0.008065708565476129,-0.3037935940119968,0.009737446069628094,0.0038445360727309193,true,false
BONK,hour,2026-04-28T12:00:00.000Z,0.0000061575980733667486,51376.179041536816,-0.010763638999128246,-0.217714440745444,0.003043342447850508,0.003785487092442251,true,false
BONK,hour,2026-04-28T11:00:00.000Z,0.000006142104119321894,13907.67502537495,-0.005542707508495058,-0.5271930441626463,0.003657720998065878,0.003788027559551342,true,false
BONK,hour,2026-04-28T10:00:00.000Z,0.000006174345562441743,11184.40588964069,0.0015857293464789828,-0.5917857372438112,0.005249250500072726,0.003827640357239571,true,false
BONK,hour,2026-04-28T09:00:00.000Z,0.000006166667485717288,18462.385800438973,0.0014728815103680084,-0.5613322166100577,0.005249250500072726,0.003842198601406381,true,false
BONK,hour,2026-04-28T08:00:00.000Z,0.000006197696643248846,14325.33789647919,0.0090510552812136,-0.6892185498335588,0.00503175460707508,0.0042425553477249975,true,false
BONK,hour,2026-04-28T07:00:00.000Z,0.00000617325649365824,17159.468894341917,-0.00017638610804813695,-0.6996112170585963,0.00503175460707508,0.0034022651565032997,true,false
BONK,hour,2026-04-28T06:00:00.000Z,0.000006184370029621755,33548.736180912296,0.0028706824140377727,-0.5948491219456101,0.003959036792933142,0.0033938192597988896,true,false
BONK,hour,2026-04-28T05:00:00.000Z,0.000006228192957987344,19307.79341414491,0.004920588485355622,-0.7117601110294076,0.008899106069145171,0.004296251447764173,true,false
BONK,hour,2026-04-28T04:00:00.000Z,0.000006197298223802003,16061.015490938622,0.0038944972023211956,-0.6467983002567878,0.007086077992695507,0.004591698520576786,true,false
BONK,hour,2026-04-28T03:00:00.000Z,0.000006164073931100645,7509.442657284501,-0.0032818376688161645,-0.5951475921578538,0.010402053512562239,0.0046147488673902734,true,false
BONK,hour,2026-04-28T02:00:00.000Z,0.000006169672063056602,9265.66078589949,-0.009396127468352096,-0.6295075808441076,0.005389989327306076,0.004603524667129557,true,false
BONK,hour,2026-04-28T01:00:00.000Z,0.000006208881373648988,10221.560453741888,0.0018690644582017716,-0.6017340264933883,0.007269128022989602,0.004829793295601386,true,false
BONK,hour,2026-04-28T00:00:00.000Z,0.0000062187873720383655,28050.208247313072,0.00887618181567643,-0.540818822522806,0.007960764928797683,0.004632457005106116,true,false
BONK,hour,2026-04-27T23:00:00.000Z,0.000006227149974598031,25443.302417331164,0.009316202053201734,-0.608422731503218,0.002942333707095163,0.004610366106420878,true,false
BONK,hour,2026-04-27T22:00:00.000Z,0.000006197204474725159,21481.91950680964,-0.0018806767630296516,-0.5543045447544144,0.004832098084709407,0.00417759646227971,true,false
BONK,hour,2026-04-27T21:00:00.000Z,0.000006155660070893619,8562.422723700618,-0.010151062798607089,-0.5314339159033092,0.011613686084201434,0.004514745984200487,true,false
BONK,hour,2026-04-27T20:00:00.000Z,0.000006155549152490466,9408.599137206176,-0.011498168889402206,-0.5170144303400858,0.0067671171495462,0.004031743310112104,true,false
BONK,hour,2026-04-27T19:00:00.000Z,0.000006143488767232469,83549.8073142522,-0.008667731992992212,-0.1489196609295737,0.001981171305475193,0.00408493571870528,false,false
BONK,hour,2026-04-27T18:00:00.000Z,0.000006156230414566927,33598.474804441925,0.00009265353621527762,0.03348063980514113,0.0020740084042177712,0.0034009770691239417,false,false
BONK,hour,2026-04-27T17:00:00.000Z,0.000006172029428705573,34170.463919229995,0.002677303975135907,0.17227190771342987,0.004645676512884909,0.0034845445787108835,false,false
BONK,hour,2026-04-27T16:00:00.000Z,0.0000061512198899385,18291.800227935997,0.0012584254645774283,0.11924609361660198,0.00338299380275958,0.0036760718651618796,false,false
BONK,hour,2026-04-27T15:00:00.000Z,0.000006124926062779102,49696.86671864953,-0.005084987026111321,0.24547503338986612,0.007690438291609148,0.003579865463941154,false,false
BONK,hour,2026-04-27T14:00:00.000Z,0.000006263295155066949,38385.13241834698,0.014786988204707266,0.3952688610719162,0.02259114491662347,0.008811754049447456,false,false
BONK,hour,2026-04-27T13:00:00.000Z,0.00000622443344733278,21408.872381804966,0.011902282588537375,0.49961782046349423,0.02259114491662347,0.009120361527310114,false,false
BONK,hour,2026-04-27T12:00:00.000Z,0.000006242802309440378,8952.931965372693,0.019245333813514003,0.2655606008204094,0.0062434128443965625,0.009158165639087112,false,false
BONK,hour,2026-04-27T11:00:00.000Z,0.000006247632813039567,22652.618841474043,-0.0025006552684509876,0.18751658050380082,0.0037271449527231204,0.009129306329063301,false,false
BONK,hour,2026-04-27T10:00:00.000Z,0.0000062403254422232634,17778.215645188033,0.0025531632758148573,0.05560220221765967,0.0011709919432823994,0.009088532727474929,false,false
BONK,hour,2026-04-27T09:00:00.000Z,0.0000062489542811010445,26692.268875521637,0.0009854503403645516,0.17844145385248605,0.0013827546267694132,0.009013587443695832,false,false
BONK,hour,2026-04-27T08:00:00.000Z,0.0000062238692825022465,17527.703847835986,-0.0038036055012265146,-0.09854405851900341,0.004030450746984982,0.00899636625872647,false,false
BONK,hour,2026-04-27T07:00:00.000Z,0.000006196598140248781,28640.059972951465,-0.007007214988919497,-0.21281028061973736,0.00844917479999141,0.0035205893974715463,false,false
BONK,hour,2026-04-27T06:00:00.000Z,0.000006214639543320113,58134.84866456918,-0.00549127681806074,0.10190819188476036,0.004400986095311111,0.0028404188139511057,false,false
BONK,hour,2026-04-27T05:00:00.000Z,0.000006253186242931557,60756.55559820312,0.004710407481039509,0.4306835830270051,0.009132124014177925,0.003505650121673774,false,false
BONK,hour,2026-04-27T04:00:00.000Z,0.00000645068439264845,41411.32706255064,0.041004152060354265,0.5265711040075095,0.03798206600446414,0.01226105364020141,false,false
BONK,hour,2026-04-27T03:00:00.000Z,0.000006458201942743853,36369.44328448705,0.039191717834308915,0.6442929197187489,0.03278579780732434,0.01226097749839413,false,false
BONK,hour,2026-04-27T02:00:00.000Z,0.000006446703317383827,38930.512074031314,0.03094695518960697,0.6995708525578503,0.0017836442587671013,0.012268352644632937,false,false
BONK,hour,2026-04-27T01:00:00.000Z,0.000006426314490712938,42296.26662204605,-0.0037778785090285447,0.852149778744372,0.004962012375366598,0.012232522657393562,false,false
BONK,hour,2026-04-27T00:00:00.000Z,0.000006354040015626363,23760.533267155213,-0.016128626518797883,0.8307719459434578,0.014583367673099167,0.012851252747759615,false,false
BONK,hour,2026-04-26T23:00:00.000Z,0.000006309046444160516,13568.944343752717,-0.021353064728775878,0.472981995693431,0.01858728535133267,0.013082867558112133,false,false
BONK,hour,2026-04-26T22:00:00.000Z,0.000006286699074049063,16049.813793942925,-0.02172558110339012,0.10941956171438334,0.010711653410496035,0.012942105184689315,false,false
BONK,hour,2026-04-26T21:00:00.000Z,0.000006295185167771456,53093.02889491137,-0.009262586906938923,0.11727581426756883,0.0035547065078557444,0.005443226550672337,false,false
BONK,hour,2026-04-26T20:00:00.000Z,0.000006303712298327834,7898.622256205463,-0.0008454757592756486,-0.11007083019172043,0.0027062253303963644,0.0054494662510311456,false,false
BONK,hour,2026-04-26T19:00:00.000Z,0.000006301773676559378,8997.230553108224,0.002397856543275948,-0.3481977521650753,0.0013545480123496425,0.0054089299590566655,true,false
BONK,hour,2026-04-26T18:00:00.000Z,0.000006295177072037388,36595.762735018994,-0.000001286020006090618,-0.40921477425663744,0.001355835775987666,0.005289589935011874,true,false
BONK,hour,2026-04-26T17:00:00.000Z,0.00000628430454744916,10915.036008504327,-0.003078781194348259,-0.4766358291799123,0.002779803075792826,0.0031830364709475208,true,false
BONK,hour,2026-04-26T16:00:00.000Z,0.000006283472150695176,37990.53627977941,-0.002904186472497109,-0.31454803671514087,0.0018628110480154063,0.0017088127050724304,false,false
BONK,hour,2026-04-26T15:00:00.000Z,0.000006313905612661443,15977.303710120566,0.002975061767086032,-0.33333237808264593,0.004843414793029695,0.002111014240811993,false,false
BONK,hour,2026-04-26T14:00:00.000Z,0.000006312879216377816,17586.21988325786,0.004546989839990213,-0.641978437307347,0.004843414793029695,0.0020494411373409307,true,false
BONK,hour,2026-04-26T13:00:00.000Z,0.000006309723713209366,15338.111730753048,0.004177875207306462,-0.5374846500323677,0.0006627706128118345,0.001993529582826819,true,false
BONK,hour,2026-04-26T12:00:00.000Z,0.000006321852592988087,26135.508981460825,0.0012586473118488958,-0.3560625144336408,0.0019222521191109183,0.002118371222506522,false,false
BONK,hour,2026-04-26T11:00:00.000Z,0.0000063564427557310665,32177.636896923574,0.006900740194780168,-0.3948479263193734,0.007404292904916652,0.0029298987692491165,true,false
BONK,hour,2026-04-26T10:00:00.000Z,0.00000634052090264143,16596.307481815293,0.004880909344348913,-0.33513520472679387,0.0054715231388573005,0.0030093189885423604,false,false
BONK,hour,2026-04-26T09:00:00.000Z,0.000006309075340957766,19478.221201924684,-0.0020211246374984082,-0.4608018077222441,0.007507822020415123,0.003547499038755261,true,false
BONK,hour,2026-04-26T08:00:00.000Z,0.000006294138024916559,18587.45078832235,-0.009801823631359256,-0.39089497348409913,0.007369218396745449,0.003170544996659571,true,false
BONK,hour,2026-04-26T07:00:00.000Z,0.000006298631468659667,12802.624224981919,-0.006606623434410819,-0.413412752008437,0.002373210752937751,0.0031814049337400368,true,false
BONK,hour,2026-04-26T06:00:00.000Z,0.000006305691108725037,10016.431554812807,-0.0005364070089254492,-0.46990694237421443,0.001835530737130769,0.0032038864470778734,true,false
BONK,hour,2026-04-26T05:00:00.000Z,0.000006275196053389225,13030.09575864159,-0.00300946236837342,-0.5705935177976498,0.004859617942827801,0.003618758410420952,true,false
BONK,hour,2026-04-26T04:00:00.000Z,0.000006268633458870292,30419.20213816853,-0.004762623426793138,-0.6191726931142151,0.00591159940964607,0.0029997178161684764,true,false
BONK,hour,2026-04-26T03:00:00.000Z,0.000006235232228508932,33970.19611665063,-0.011173855331830835,-0.46272219151157756,0.006409356286293423,0.0034895989832201746,true,false
BONK,hour,2026-04-26T02:00:00.000Z,0.00000622585916711322,36432.644622996246,-0.007862206352797203,-0.3396108044711276,0.006870423922053696,0.002994887481568941,false,false
BONK,hour,2026-04-26T01:00:00.000Z,0.000006195686186039195,35856.79461642021,-0.011636870030720104,-0.18587147194236436,0.006382834972960088,0.0033968170089335764,false,false
BONK,hour,2026-04-26T00:00:00.000Z,0.000006202027197535839,21128.850831888074,-0.005325388013821086,-0.022352201535431108,0.0048699982807415484,0.0034080922309569156,false,false
BONK,hour,2026-04-25T23:00:00.000Z,0.000006216359842505282,21919.326705500014,-0.0015257853338726168,0.2257561449557575,0.0033367823749161914,0.003492421210748787,false,false
BONK,hour,2026-04-25T22:00:00.000Z,0.000006207590571121393,26817.46983012818,0.001921398974180134,0.44646899191616124,0.0023109613216687618,0.0030206486650595243,false,false
BONK,hour,2026-04-25T21:00:00.000Z,0.000006188865115305571,25632.540983775485,-0.0021222225912678277,0.4261032648652456,0.004442612124751979,0.00320496126231443,false,false
BONK,hour,2026-04-25T20:00:00.000Z,0.0000061866643906863866,44541.559725397885,-0.004776984050351904,0.5295423855616164,0.0033824657543262276,0.0024924460149449313,false,false
BONK,hour,2026-04-25T19:00:00.000Z,0.000006172394148013203,32558.346459037253,-0.005669900858463351,0.5271316447406201,0.0026684892275828523,0.002578915497298237,false,false
BONK,hour,2026-04-25T18:00:00.000Z,0.000006190837967620501,28029.92711616907,0.00031877448904981233,0.4139234269480302,0.0029881143629227223,0.0021332724877418997,false,false
BONK,hour,2026-04-25T17:00:00.000Z,0.000006165064669169967,42717.93959739921,-0.00349133558124422,0.585514483991254,0.004180539837549575,0.002624437326188652,false,false
BONK,hour,2026-04-25T16:00:00.000Z,0.000006195001556518214,56082.13535597171,0.003662664431805343,0.8117597868725455,0.004855891860786918,0.0030787558991939913,false,false
BONK,hour,2026-04-25T15:00:00.000Z,0.000006226145430549503,44785.37471434194,0.005703179943275495,1.0785257802790633,0.009907562151778647,0.003575815626124941,false,false
BONK,hour,2026-04-25T14:00:00.000Z,0.0000062562672303504815,8806.810417582286,0.014793447607548617,0.88221290986543,0.009889533242781096,0.0038483986856219588,false,false
BONK,hour,2026-04-25T13:00:00.000Z,0.000006276286355448067,9239.005643369528,0.013121029621748404,0.46712889640916266,0.008053285207978024,0.004031148292391142,false,false
BONK,hour,2026-04-25T12:00:00.000Z,0.000006259342474578608,10697.97708884909,0.005331877386965515,0.277855919275806,0.0031998513427413094,0.004065995870775492,false,false
BONK,hour,2026-04-25T11:00:00.000Z,0.000006265963877241921,22122.903307529814,0.0015499093204329572,0.18282699158879437,0.002706974564544722,0.003926865098787874,false,false
BONK,hour,2026-04-25T10:00:00.000Z,0.000006340687709686678,11269.316702803819,0.010261060536651288,-0.11663787718292724,0.012995811531073978,0.005745485112555913,false,false
BONK,hour,2026-04-25T09:00:00.000Z,0.000006356251130987168,12821.647000126868,0.015482242232652972,-0.616186835513081,0.014409156438512429,0.0055242126062610515,true,false
BONK,hour,2026-04-25T08:00:00.000Z,0.000006350435143163665,10871.699142007135,0.013480969181540419,-0.9816730398164288,0.0024545320654593074,0.0052004068019615435,true,false
BONK,hour,2026-04-25T07:00:00.000Z,0.000006341433687481463,16330.172431163373,0.0001176493511334756,-0.8988433218070596,0.002336607813932669,0.00489939634894748,true,false
BONK,hour,2026-04-25T06:00:00.000Z,0.000006349861390969471,21096.424072261747,-0.0010052686538055018,-0.7469486312647055,0.0014194669732132989,0.004774726345473797,true,false
BONK,hour,2026-04-25T05:00:00.000Z,0.0000063388895926484104,17499.752762070068,-0.0018180723454334316,-0.6300485028876188,0.0017308707086150896,0.004709699616445092,true,false
BONK,hour,2026-04-25T04:00:00.000Z,0.000006329641972322132,11530.038106754946,-0.0018594714918502278,-0.7317099355810792,0.0031944016321543223,0.004725046584793404,true,false
BONK,hour,2026-04-25T03:00:00.000Z,0.000006350320881643985,21171.37374505673,0.00007236231568258376,-0.6230280409362692,0.003266995102136229,0.0019414468530613031,true,false
BONK,hour,2026-04-25T02:00:00.000Z,0.000006351691613946682,14237.34480132284,0.002019599980589444,-0.5910461891115263,0.003483552738206493,0.0017080113931993786,true,false
BONK,hour,2026-04-25T01:00:00.000Z,0.000006355221088304003,8102.4710563445415,0.004041163164318166,-0.6023946660379682,0.000771647094902314,0.0016857269062190963,true,false
BONK,hour,2026-04-25T00:00:00.000Z,0.000006327003266091246,13115.514784255933,-0.0036718798919499534,-0.6518921669723385,0.004459903215790371,0.0023201626610794305,true,false
BONK,hour,2026-04-24T23:00:00.000Z,0.000006321971283742888,8190.7208647958705,-0.004679120462734049,-0.775941325198299,0.005259404554180401,0.0022850835442235363,true,false
BONK,hour,2026-04-24T22:00:00.000Z,0.000006322923671891484,12482.958860904328,-0.005082028770322162,-0.7809185231947908,0.0007959514718610634,0.0021903425284968904,true,false
BONK,hour,2026-04-24T21:00:00.000Z,0.000006376915079907126,26241.07129524533,0.00788869733691707,-0.6035363565115113,0.00869092782903452,0.003849831731619808,true,false
BONK,hour,2026-04-24T20:00:00.000Z,0.000006385806962167522,16396.319579643558,0.010097432518997647,-0.6159663513936114,0.009945286949387986,0.003684941248907483,true,false
BONK,hour,2026-04-24T19:00:00.000Z,0.000006375564086329523,13002.291648079503,0.00832532815033841,-0.5775870360920589,0.0016065834645066508,0.0037336678938038373,true,false
BONK,hour,2026-04-24T18:00:00.000Z,0.000006369682465089653,12974.1559581274,-0.001134187099380059,-0.4948647336777035,0.002531444411278428,0.003744046092771644,true,false
BONK,hour,2026-04-24T17:00:00.000Z,0.000006366884134786626,17019.095398701622,-0.002963263295148718,-0.435640222495761,0.0013632966077507525,0.003349112205451103,true,false
BONK,hour,2026-04-24T16:00:00.000Z,0.000006379499222675991,27397.423085228707,0.0006172216753190533,-0.2140044811738542,0.0019813597392859985,0.0034184552741424517,false,false
BONK,hour,2026-04-24T15:00:00.000Z,0.000006436273447946823,19700.365053208152,0.010454364597000835,-0.1145355674602062,0.01089847273662103,0.00478509240756901,false,false
BONK,hour,2026-04-24T14:00:00.000Z,0.000006404813579475537,22392.674953183927,0.005957300916106943,-0.10645082011853191,0.008899479926108856,0.003999857280850218,false,false
BONK,hour,2026-04-24T13:00:00.000Z,0.0000064020962968627016,15066.547715235736,0.003542139186472329,-0.07356805404935975,0.005338431273030038,0.003968275489553562,false,false
BONK,hour,2026-04-24T12:00:00.000Z,0.000006423589904429436,24397.56693108111,-0.0019706346568344273,0.08305243840729584,0.0033572765185158485,0.004121149000721057,false,false
BONK,hour,2026-04-24T11:00:00.000Z,0.000006429673852266211,18328.07139169399,0.003881498264108577,0.24493802263999873,0.004307582098854599,0.004121917770126431,false,false
BONK,hour,2026-04-24T10:00:00.000Z,0.00000638902423515657,18097.703836880468,-0.0020418408439962918,0.5303450642991974,0.006362413979580811,0.004765390229199298,false,false
BONK,hour,2026-04-24T09:00:00.000Z,0.000006373386613344607,21303.694508276545,-0.007815457062445835,0.7153986621747843,0.008831605916350526,0.004796574811536665,false,false
BONK,hour,2026-04-24T08:00:00.000Z,0.000006412656852675302,15513.834664900314,-0.002646634958771743,0.5805409261177111,0.006161596920618474,0.004145237746287912,false,false
BONK,hour,2026-04-24T07:00:00.000Z,0.0000063766783451540626,18641.320575856047,-0.0019323592379838217,0.4295976378139674,0.006161596920618474,0.004274974359841327,false,false
BONK,hour,2026-04-24T06:00:00.000Z,0.000006363823235934751,75598.72478462417,-0.0015005173842478092,0.7427655987075412,0.007673628718158142,0.004339520403974778,false,false
BONK,hour,2026-04-24T05:00:00.000Z,0.000006371379003417082,57981.275031810954,-0.006436934051913179,0.9006161052202041,0.002020029272139741,0.0041746597804047545,false,false
BONK,hour,2026-04-24T04:00:00.000Z,0.000006313654855649656,16378.201832902956,-0.00988343555893814,0.8726280563079625,0.009142746806277,0.005397489129801778,false,false
BONK,hour,2026-04-24T03:00:00.000Z,0.000006314672264276494,30338.1181274932,-0.007723497312231386,0.9552266429174734,0.009142746806277,0.004836349464388072,false,false
BONK,hour,2026-04-24T02:00:00.000Z,0.000006372552635992957,30314.82579082213,0.00018420385527929611,1.0038864555118028,0.009328634790765854,0.005867327714174666,false,false
BONK,hour,2026-04-24T01:00:00.000Z,0.000006398617599129709,16607.740859981684,0.0134569825913156,1.0149849619038342,0.013293696226819645,0.005604941385548905,false,false
BONK,hour,2026-04-24T00:00:00.000Z,0.000006379286290000803,28513.006379919883,0.010232364091141416,1.0959464961966079,0.004090191894145114,0.00531046059335787,false,false
BONK,hour,2026-04-23T23:00:00.000Z,0.0000063455094649382195,16793.543764739545,-0.004243695203393784,0.4801353695160839,0.008369404298415347,0.00562543145497905,false,false
BONK,hour,2026-04-23T22:00:00.000Z,0.0000063410123340321195,17997.357424066267,-0.009002767270452959,0.04520303157893303,0.006035937789186726,0.005613923648057192,false,false
BONK,hour,2026-04-23T21:00:00.000Z,0.000006339264182253538,22019.78900512424,-0.006273759465850909,0.10278148867606723,0.000985174699323192,0.004437777211451029,false,false
BONK,hour,2026-04-23T20:00:00.000Z,0.000006328554196969497,23372.677793572893,-0.0026720105079675407,0.006598091258312081,0.001968559749174322,0.0044831467797871285,false,false
BONK,hour,2026-04-23T19:00:00.000Z,0.000006299814532001521,20991.74934850295,-0.0064970386210243146,-0.12690242287548453,0.006262033596643478,0.003341412689289099,false,false
BONK,hour,2026-04-23T18:00:00.000Z,0.000006293953562123975,17164.661157266073,-0.007147615058606841,-0.1318763316549911,0.005497440440892837,0.002984725689956952,false,false
BONK,hour,2026-04-23T17:00:00.000Z,0.000006314829023333635,57236.51136529536,-0.0021687692336480723,0.05210806928233424,0.0033167485275527437,0.0030277157454762994,false,false
BONK,hour,2026-04-23T16:00:00.000Z,0.00000643105471716774,26286.256431177695,0.020832388715501117,0.11656898600510572,0.021782994375557155,0.007256581352454842,false,false
BONK,hour,2026-04-23T15:00:00.000Z,0.000006496218400457367,50025.12959647644,0.03213637284370664,0.3674042381193515,0.028724352861096952,0.008191835698404,false,false
BONK,hour,2026-04-23T14:00:00.000Z,0.000006386990364981566,26114.050365662286,0.011427283522846042,0.3877062783665246,0.017101644003515954,0.010400610981367452,false,false
BONK,hour,2026-04-23T13:00:00.000Z,0.000006342857086644849,16561.30133335392,-0.013714333713791398,0.31514329958624293,0.024178585725260396,0.010706661260830955,false,false
BONK,hour,2026-04-23T12:00:00.000Z,0.000006333222774088216,28153.701063177523,-0.025090847678039083,0.35555944828594416,0.008489767818263768,0.010583151275518154,false,false
BONK,hour,2026-04-23T11:00:00.000Z,0.0000063147737049347224,27814.693607961486,-0.011306837167438202,0.4397772426729353,0.004447250688996281,0.010634620101885608,false,false
BONK,hour,2026-04-23T10:00:00.000Z,0.000006271599873281479,20460.074954094427,-0.011234245449642044,0.0870355052850491,0.009825706685987003,0.010874394179901142,false,false
BONK,hour,2026-04-23T09:00:00.000Z,0.000006300752184203195,19008.726690624924,-0.005127024746053767,0.0159136229655283,0.0068840220239773315,0.00859113996159642,false,false
BONK,hour,2026-04-23T08:00:00.000Z,0.000006302751579323508,18239.494194059578,-0.0019038094115422866,-0.2905421992215964,0.004967106746516533,0.007700783295428892,false,false
BONK,hour,2026-04-23T07:00:00.000Z,0.00000628335124759198,11128.62350761379,0.0018737442674817948,-0.42679032408096973,0.0030875771490512954,0.004425194789633516,true,false
BONK,hour,2026-04-23T06:00:00.000Z,0.00000631196453711715,28257.639922968607,0.001779526092466557,-0.32037844974027935,0.004553826198421698,0.003957657953941965,false,false
BONK,hour,2026-04-23T05:00:00.000Z,0.000006274286391978671,18101.340788481604,-0.004516311167684062,-0.41884542343450776,0.006005168203135997,0.004522600874266538,true,false
BONK,hour,2026-04-23T04:00:00.000Z,0.000006237491888515476,12187.88721934028,-0.0072985509275928845,-0.5534698472679103,0.011939518308439657,0.004917314618723538,true,false
BONK,hour,2026-04-23T03:00:00.000Z,0.0000062026589278421215,21045.224134213775,-0.017317209029338337,-0.5470612254246198,0.011547864386840983,0.0046836408587745335,true,false
BONK,hour,2026-04-23T02:00:00.000Z,0.000006244112720399626,26190.140801386206,-0.004809100142068721,-0.506059890914304,0.006683229408508914,0.005020210171862753,true,false
BONK,hour,2026-04-23T01:00:00.000Z,0.000006311512460623393,20538.83883432809,0.011867041020799489,-0.4888250900920792,0.01754949515161251,0.006454065509468319,true,false
BONK,hour,2026-04-23T00:00:00.000Z,0.00000632408263441156,48255.010312718405,0.019576073419803768,-0.07176440187235711,0.012807250219982533,0.0063924021784269765,false,false
BONK,hour,2026-04-22T23:00:00.000Z,0.000006339962521470129,25495.37520329019,0.015350427732888213,-0.016753490372721447,0.004507645516701705,0.006229947998985338,false,false
BONK,hour,2026-04-22T22:00:00.000Z,0.000006410668759228834,29589.17274167732,0.015710386254334845,0.09905682649800485,0.01369149168705164,0.007159844236232565,false,false
BONK,hour,2026-04-22T21:00:00.000Z,0.000006466120293268778,27965.509351228928,0.022459804380850636,0.32530219122753445,0.01989881980712336,0.007544428387552954,false,false
BONK,hour,2026-04-22T20:00:00.000Z,0.0000064287753774006475,28793.47147317706,0.014008419707491346,0.4383528173409452,0.008649882894060991,0.007565121547925113,false,false
BONK,hour,2026-04-22T19:00:00.000Z,0.000006462089720891189,57962.28228514216,0.008021154047045322,0.6533950211528606,0.005809024841560194,0.007396561956215571,false,false
BONK,hour,2026-04-22T18:00:00.000Z,0.000006540472379729872,43209.98921744587,0.011498716864035821,0.8597057475276575,0.017374538037505265,0.007681691193169504,false,false
BONK,hour,2026-04-22T17:00:00.000Z,0.0000065037265699544225,26481.583396847906,0.011658704520499219,0.583576089416828,0.012129614756861265,0.00793583744914051,false,false
BONK,hour,2026-04-22T16:00:00.000Z,0.0000064354518750113575,32515.558256190267,-0.004122172088343886,0.6316037158068629,0.016319056805677613,0.008831152045856763,false,false
BONK,hour,2026-04-22T15:00:00.000Z,0.000006467712858865454,51640.65498654177,-0.011124505485248057,0.7684837361644039,0.010609153213960526,0.007999331197391959,false,false
BONK,hour,2026-04-22T14:00:00.000Z,0.00000647286509135742,55791.78341083505,-0.004745199273840148,0.9346365017191434,0.005813611393993434,0.007313205270184011,false,false
BONK,hour,2026-04-22T13:00:00.000Z,0.000006451518083924082,53394.225312417526,0.002496516052759108,1.072462552758737,0.003308834782084924,0.007088655789220476,false,false
BONK,hour,2026-04-22T12:00:00.000Z,0.000006479973149624131,66619.54906917446,0.0018956145744583209,0.9634246557749397,0.004410600006059537,0.007014229486531149,false,false
BONK,hour,2026-04-22T11:00:00.000Z,0.0000065602546357789895,100208.91507883099,0.013500906196585529,1.1230968391029237,0.01685441324668338,0.00707757598876964,false,false
BONK,hour,2026-04-22T10:00:00.000Z,0.0000065366928403793605,57055.04790701388,0.013202281284387508,1.2733420228146703,0.012389169569246652,0.006885263618592843,false,false
BONK,hour,2026-04-22T09:00:00.000Z,0.000006421886882691344,40813.56075743537,-0.00896396722510434,1.3623639407492223,0.02154627691443501,0.008737870594092362,false,false
BONK,hour,2026-04-22T08:00:00.000Z,0.000006440880056794362,34944.15636663349,-0.018196638028891467,1.2268878085575379,0.01787729366542542,0.008603730303017223,false,false
BONK,hour,2026-04-22T07:00:00.000Z,0.000006394740220525305,27165.729327000012,-0.021716275082893022,1.0075052472973405,0.007215279226036609,0.009017619576805018,false,false
BONK,hour,2026-04-22T06:00:00.000Z,0.000006378956487122351,29227.796616113257,-0.006685012731180546,0.8232207905980877,0.009707476418285729,0.008979478454823256,false,false
BONK,hour,2026-04-22T05:00:00.000Z,0.000006392983691319765,57391.06796421454,-0.0074363076244638475,0.688238391916499,0.0024743441086042413,0.008863038838148811,false,false
BONK,hour,2026-04-22T04:00:00.000Z,0.000006317341408821207,23240.368738504065,-0.0121035114852156,0.11144003467963097,0.01197375250179374,0.008782577384886482,false,false
BONK,hour,2026-04-22T03:00:00.000Z,0.000006266760462184923,24206.955892166898,-0.017588460614824046,-0.14380195715320884,0.020141703180854256,0.009193271176693255,false,false
BONK,hour,2026-04-22T02:00:00.000Z,0.0000063027648254872335,30909.795178262848,-0.014112168932173002,-0.24398457803083903,0.008071306848490657,0.006659656189157846,false,false
BONK,hour,2026-04-22T01:00:00.000Z,0.00000614533894282181,12551.712799049987,-0.027227033473166615,-0.41872822422183614,0.02561711959749718,0.011597705594657753,true,false
BONK,hour,2026-04-22T00:00:00.000Z,0.000006177847356315215,23174.23760787525,-0.01418804921717221,-0.43780722085800544,0.02561711959749718,0.0114498682279122,true,false
BONK,hour,2026-04-21T23:00:00.000Z,0.000006180733042509002,13723.048309054124,-0.019361627215528875,-0.5433580726375423,0.005759503261985944,0.011413070173439843,true,false
BONK,hour,2026-04-21T22:00:00.000Z,0.000006103842660169688,12124.040748140977,-0.006752480707446251,-0.8847138469242657,0.012597045274619894,0.01232704165503496,true,false
BONK,hour,2026-04-21T21:00:00.000Z,0.000006117700368835411,15719.31641600986,-0.009735913500407074,-0.9237644917521538,0.012597045274619894,0.011508764912198084,true,false
BONK,hour,2026-04-21T20:00:00.000Z,0.00000611454546452843,19504.576827880148,-0.01070869385966934,-0.9394906673144211,0.0022703253404860973,0.011102147349908388,true,false
BONK,hour,2026-04-21T19:00:00.000Z,0.0000060469806378338944,22458.358134605736,-0.009315774586858805,-1.0080812112738962,0.011695048361664582,0.011670758558146505,true,false
BONK,hour,2026-04-21T18:00:00.000Z,0.0000061098830260459225,11248.698966870623,-0.0012778237439204317,-0.9348945452773275,0.011173316195491962,0.007752667812979204,true,false
BONK,hour,2026-04-21T17:00:00.000Z,0.000006109151126011063,23567.12790970084,-0.0008822141479952689,-0.9271059023233117,0.010402280407261317,0.0074919510512830275,true,false
BONK,hour,2026-04-21T16:00:00.000Z,0.000006133956260121038,22477.663693376046,0.014383314168887294,-0.8466720555588637,0.004060324192073354,0.007644856091327116,true,false
BONK,hour,2026-04-21T15:00:00.000Z,0.000006188592959186828,18100.73758123006,0.012882396079494788,-0.7791207914162446,0.013003743324915329,0.006876830177046432,true,false
BONK,hour,2026-04-21T14:00:00.000Z,0.0000061485858514148694,21876.643154780944,0.006455025353015812,-0.7196374681348888,0.008907252798818021,0.00725018596083297,true,false
BONK,hour,2026-04-21T13:00:00.000Z,0.000006162022698627667,13866.51130644534,0.004575585041109413,-0.692433639157827,0.006506716949028639,0.007294378013143834,true,false
BONK,hour,2026-04-21T12:00:00.000Z,0.000006164801898663884,19460.37937120925,-0.0038443408186390965,-0.6726463946102339,0.0026373620928270606,0.005966534700629881,true,false
BONK,hour,2026-04-21T11:00:00.000Z,0.000006216785398806193,17727.337154471876,0.011091907804398683,-0.6071384727285725,0.008887130550610009,0.005511197874469454,true,false
BONK,hour,2026-04-21T10:00:00.000Z,0.00000623756395781586,8088.453086047598,0.012259166004860192,-0.6621551400102068,0.011802821947570832,0.005653478327348132,true,false
BONK,hour,2026-04-21T09:00:00.000Z,0.000006216312880167141,22182.374902322957,0.008355658843542292,-0.6258265852450348,0.0034185984615606817,0.005592854711693303,true,false
BONK,hour,2026-04-21T08:00:00.000Z,0.000006172970344530686,10621.338027214177,-0.007047863399615098,-0.6132979093671033,0.010463943560397176,0.005199962831474086,true,false
BONK,hour,2026-04-21T07:00:00.000Z,0.000006157207669818739,18439.596341590768,-0.012882639527316104,-0.5936379900518818,0.009599353070081137,0.004686619545854466,true,false
BONK,hour,2026-04-21T06:00:00.000Z,0.0000061681942409838245,21533.931203541095,-0.007740704194094996,-0.4957583307866615,0.002560036230256028,0.0046623670294250975,true,false
BONK,hour,2026-04-21T05:00:00.000Z,0.000006190161837729205,10809.158900259137,0.0027849628686052127,-0.6113243344050108,0.005352128704704788,0.004849139833682976,true,false
BONK,hour,2026-04-21T04:00:00.000Z,0.00000613132736246276,8610.117861007957,-0.004203253933246155,-0.676878464398178,0.00959571586841718,0.0051449307862602095,true,false
BONK,hour,2026-04-21T03:00:00.000Z,0.000006111527854418115,9445.648500350599,-0.009186868044653367,-0.5816731149152358,0.012866501664431389,0.005135589780865876,true,false
BONK,hour,2026-04-21T02:00:00.000Z,0.000006112726613820611,9187.136391011107,-0.012509402167262198,-0.7000946904105847,0.0032396985690463236,0.0049715110559656,true,false
BONK,hour,2026-04-21T01:00:00.000Z,0.000006135615403532434,9955.974502940115,0.0006993658658524829,-0.6476867657210326,0.003941330169493648,0.004440474859754561,true,false
BONK,hour,2026-04-21T00:00:00.000Z,0.000006142877512654614,11971.577375008395,0.005129594265668872,-0.6941515460720231,0.004932479519995685,0.00435704556878614,true,false
BONK,hour,2026-04-20T23:00:00.000Z,0.000006111526631280292,10188.477394427862,-0.0001963088840920935,-1.0932456905966421,0.005129795428503969,0.004719097333531598,true,false
BONK,hour,2026-04-20T22:00:00.000Z,0.000006143641454107948,8518.09888752902,0.0013081084858893217,-1.0595438333074865,0.005254795530675516,0.004938462246166878,true,false
BONK,hour,2026-04-20T21:00:00.000Z,0.00000617046121978079,10789.59278446475,0.0044903560374356605,-0.9531005530684384,0.009643186073812822,0.003751023684669797,true,false
BONK,hour,2026-04-20T20:00:00.000Z,0.000006177239801420911,17292.850573520438,0.010752333108438497,-0.7803376741403935,0.005468800151170452,0.003570414168374765,true,false
BONK,hour,2026-04-20T19:00:00.000Z,0.000006150685862448782,16372.747598296877,0.0011466177499865917,-0.609110268036184,0.004317232186128432,0.003923462016768897,true,false
BONK,hour,2026-04-20T18:00:00.000Z,0.000006164963994997873,18026.813892144375,-0.0008908936604762223,-0.3655133774178041,0.004317232186128432,0.003763787386959822,false,false
BONK,hour,2026-04-20T17:00:00.000Z,0.000006108259208598257,18721.954841352996,-0.011166895739871861,-0.2040195421682956,0.009283297329588837,0.005115100156299275,false,false
BONK,hour,2026-04-20T16:00:00.000Z,0.0000060550041526147175,12424.283553408593,-0.015556266727621554,-0.1425067876385096,0.018160159697937137,0.00577742120467846,false,false
BONK,hour,2026-04-20T15:00:00.000Z,0.000006081958088909123,44911.258477282514,-0.013464134771281656,0.4807877107368397,0.00879521378371676,0.005680918233801466,false,false
BONK,hour,2026-04-20T14:00:00.000Z,0.000006046940077027213,20163.78986432481,-0.01003872453296161,0.6601451694344437,0.005791030080642996,0.005858795217431531,false,false
BONK,hour,2026-04-20T13:00:00.000Z,0.000006100344433592325,16147.7313948392,0.0074880676932365005,0.6748302443950125,0.008831633170634375,0.0067229596345020105,false,false
BONK,hour,2026-04-20T12:00:00.000Z,0.0000061085407085784506,19842.589013545985,0.00437073378026114,0.7064610727014965,0.01018707491170011,0.006542517349834433,false,false
BONK,hour,2026-04-20T11:00:00.000Z,0.00000609785549683893,18454.439615459163,0.008420030488667997,0.7503611958165436,0.0017522900870739603,0.006517235602314295,false,false
BONK,hour,2026-04-20T10:00:00.000Z,0.000006117967152714317,19806.299083613878,0.0028888072327442503,0.7918148138289498,0.003298152257922921,0.00564138065228533,false,false
BONK,hour,2026-04-20T09:00:00.000Z,0.000006084108883019336,25680.101218680302,-0.00399961737584951,0.9970576456378842,0.005565033490685729,0.005026977062899261,false,false
BONK,hour,2026-04-20T08:00:00.000Z,0.000006062419816060587,34147.61444897763,-0.0058111709594811985,0.6699471244297552,0.009162568469206631,0.004926881441714701,false,false
BONK,hour,2026-04-20T07:00:00.000Z,0.000006080644645537976,28189.85234301585,-0.0061004752468771725,0.7327955158058461,0.0035776253735002464,0.004560488805229193,false,false
BONK,hour,2026-04-20T06:00:00.000Z,0.000006037292377684172,45341.946057519366,-0.0076948828884092725,0.9691539679475113,0.0071807467887506134,0.004131192526437909,false,false
BONK,hour,2026-04-20T05:00:00.000Z,0.000005993219337545785,24871.876481591567,-0.01141466289277365,1.011483583629357,0.014587370004047251,0.004947554896030271,false,false
BONK,hour,2026-04-20T04:00:00.000Z,0.000006058430937069424,20498.04526368859,-0.003653183134925124,1.0185177242424568,0.01088089653504043,0.006385265942702497,false,false
BONK,hour,2026-04-20T03:00:00.000Z,0.000006016985828439815,18367.696711613044,-0.003363519268905448,1.0124739955017132,0.01088089653504043,0.0067789522440004964,false,false
BONK,hour,2026-04-20T02:00:00.000Z,0.000006001467402398347,13099.677040701803,0.0013762327704061647,0.8176294815104057,0.009491601112140114,0.0065197523772478885,false,false
BONK,hour,2026-04-20T01:00:00.000Z,0.000005986667233238977,19593.53820022718,-0.011845262341995216,0.5907097178554536,0.005064352839340151,0.00644640626490693,false,false
BONK,hour,2026-04-20T00:00:00.000Z,0.000005973078111625695,33561.544989012196,-0.007297294370644226,0.606477038278284,0.00475287452166354,0.006403649657478194,false,false
BONK,hour,2026-04-19T23:00:00.000Z,0.0000059134562546550946,22424.928827997606,-0.01466493806299454,0.2315842578462144,0.012380404188540348,0.006933265120092813,false,false
BONK,hour,2026-04-19T22:00:00.000Z,0.000005931970102334096,46017.91289587422,-0.009136490934587554,0.38132572052041336,0.010082404333957153,0.0064650583497959276,false,false
BONK,hour,2026-04-19T21:00:00.000Z,0.000006014113152654305,13887.717840285015,0.006869999062751475,0.2805432042717559,0.017021669505033196,0.007216965391094737,false,false
BONK,hour,2026-04-19T20:00:00.000Z,0.000006031089566051874,10547.105139308465,0.01989248018942869,0.16894592648755882,0.0167093667041202,0.00681822803303024,false,false
BONK,hour,2026-04-19T19:00:00.000Z,0.000006070679243711093,23423.548450186863,0.023383317680987253,0.2739053020831622,0.009405558163105524,0.007186863987680933,false,false
BONK,hour,2026-04-19T18:00:00.000Z,0.000006001767284702131,14241.756139042789,-0.002052816041002652,0.19187488882570725,0.011481944524008964,0.0083306452542461,false,false
BONK,hour,2026-04-19T17:00:00.000Z,0.000005985348504039584,41113.026407747355,-0.007584212025263185,0.18975260531666818,0.014256603373039679,0.008350686412643969,false,false
BONK,hour,2026-04-19T16:00:00.000Z,0.0000060619606575682766,103366.7373727849,-0.0014361796749265611,0.5899296626609581,0.012799948654115269,0.008858122090362141,false,false
BONK,hour,2026-04-19T15:00:00.000Z,0.000006174506753956986,76824.61258580351,0.02878143404446037,0.6416060068925514,0.031603548196021694,0.011198821566576358,false,false
BONK,hour,2026-04-19T14:00:00.000Z,0.000006180359201468617,84815.5758410799,0.03258134380937338,0.9305961606351616,0.01953139431093487,0.009925876078786556,false,false
BONK,hour,2026-04-19T13:00:00.000Z,0.000006153368095654947,50140.780623688835,0.015078857031602432,1.1300628823071897,0.004386395449465869,0.010006226372526945,false,false
BONK,hour,2026-04-19T12:00:00.000Z,0.000006093409513181159,60189.43875980682,-0.01313420553372211,1.2781551972747143,0.014269464098772498,0.010378157562322845,false,false
BONK,hour,2026-04-19T11:00:00.000Z,0.00000604460638141694,31147.950901481978,-0.021965199048530733,1.3758053426442827,0.01799318390232584,0.009915862447653754,false,false
BONK,hour,2026-04-19T10:00:00.000Z,0.000005979938469327436,8472.138718016959,-0.02818450377606612,1.1667319732991759,0.01897528618994063,0.010666766770955505,false,false
BONK,hour,2026-04-19T09:00:00.000Z,0.000005976316427516998,15817.077934075482,-0.01921634930507586,0.6523300959629367,0.011426763413247653,0.009524859240726847,false,false
BONK,hour,2026-04-19T08:00:00.000Z,0.00000598673005840022,14161.066474126586,-0.009574870448909707,0.26417422999039564,0.0017424831850057568,0.006543146036239934,false,false
BONK,hour,2026-04-19T07:00:00.000Z,0.000005994954515136323,21390.664680499063,0.002511070287078728,-0.14213168179372765,0.0031186580974040925,0.006553913276998025,false,false
BONK,hour,2026-04-19T06:00:00.000Z,0.0000060331093333330565,30889.268847316787,0.009502995114944847,-0.2810953713342714,0.007747012890243817,0.006779912039813313,false,false
BONK,hour,2026-04-19T05:00:00.000Z,0.000006008201199999267,23244.04994447325,0.0035864556092553472,-0.5240953669035294,0.006364488354398476,0.005891963749474524,true,false
BONK,hour,2026-04-19T04:00:00.000Z,0.000006012497030002884,20310.50372257385,0.002926213171804605,-0.5939851274750633,0.004145688951593799,0.0050547459840223526,true,false
BONK,hour,2026-04-19T03:00:00.000Z,0.000006023591236892341,24429.03554275896,-0.0015776436187104831,-0.4903439468597049,0.0025615049131636754,0.003083555771148716,true,false
BONK,hour,2026-04-19T02:00:00.000Z,0.0000059971555318618515,14273.753709870996,-0.001838431798425262,-0.46585255269203985,0.004408040593584933,0.003495642893397046,true,false
BONK,hour,2026-04-19T01:00:00.000Z,0.0000060160075674091666,10974.146234042817,0.0005838734537022608,-0.4546236959950785,0.004408040593584933,0.0036323204714088543,true,false
BONK,hour,2026-04-19T00:00:00.000Z,0.0000060289793356167724,9793.933390687422,0.0008944993962125655,-0.4718763588622754,0.005306482979446941,0.003686089879164072,true,false
BONK,hour,2026-04-18T23:00:00.000Z,0.000006047233698208364,11403.062559097183,0.00835031976083588,-0.5671299824194377,0.005190507234126512,0.0030237185793891732,true,false
BONK,hour,2026-04-18T22:00:00.000Z,0.000006081277669775136,11834.657117680885,0.01084940496410949,-0.6201215216217341,0.008674492189649082,0.0033466426089282988,true,false
BONK,hour,2026-04-18T21:00:00.000Z,0.000006081960855868832,10752.835854665793,0.008787809229841919,-0.662883550166522,0.005742651829506235,0.0033359917142768447,true,false
BONK,hour,2026-04-18T20:00:00.000Z,0.000006066111227020406,11687.206304487252,0.0031216800530853494,-0.7366299489751569,0.002612815402695896,0.003408234478606572,true,false
BONK,hour,2026-04-18T19:00:00.000Z,0.0000060614459925278295,12412.695076562379,-0.0032611037226392007,-0.73373898489639,0.003384483399883731,0.002989477676013016,true,false
BONK,hour,2026-04-18T18:00:00.000Z,0.0000060588921546421,16242.685623754682,-0.003792971012707434,-0.6755847602704642,0.0011914838874917703,0.002748657647106813,true,false
BONK,hour,2026-04-18T17:00:00.000Z,0.000006124012718204264,17992.757265123637,0.009545075752311543,-0.6192818518811494,0.010747932443767082,0.004818642167823338,true,false
BONK,hour,2026-04-18T16:00:00.000Z,0.000006134469500416983,27962.023836997094,0.0120472091938412,-0.5005498432880767,0.012473789571741783,0.004725403656155736,true,false
BONK,hour,2026-04-18T15:00:00.000Z,0.000006179681713276873,15287.786336039095,0.019935914941517644,-0.48228134767669223,0.009090280774095707,0.005052755698115585,true,false
BONK,hour,2026-04-18T14:00:00.000Z,0.000006183385736838392,17078.732374517505,0.009695116807585356,-0.45583747418198817,0.007973996189578343,0.0050576506638525445,true,false
BONK,hour,2026-04-18T13:00:00.000Z,0.000006166716572901579,23439.828237650592,0.00525670108595438,-0.3848041673842346,0.002703085789618249,0.005064396352900007,true,false
BONK,hour,2026-04-18T12:00:00.000Z,0.000006185185452548625,21707.278242082084,0.0008906185669606135,-0.34064224191574166,0.0029949292186062164,0.005180839257068981,true,false
BONK,hour,2026-04-18T11:00:00.000Z,0.00000619963453308969,27617.475847264297,0.0026278153980421417,-0.2538096449372767,0.0053380043981205785,0.005252953198590421,true,false
BONK,hour,2026-04-18T10:00:00.000Z,0.00000622767591325795,45846.23594666171,0.009885218436054832,-0.002197405961020037,0.006869714907548505,0.0037651037734681096,false,false
BONK,hour,2026-04-18T09:00:00.000Z,0.000006331205592688388,39661.53840601393,0.023608045588931457,0.17117430953849827,0.021222389625784505,0.0072521697331551,false,false
BONK,hour,2026-04-18T08:00:00.000Z,0.000006350637090070879,33489.188557027235,0.024356686861980916,0.5696873718440421,0.019744312087782198,0.006799439373829205,false,false
BONK,hour,2026-04-18T07:00:00.000Z,0.000006444859421416497,16412.35955705353,0.034873925872762605,0.7099767158188821,0.017951372304093587,0.008784502163187437,false,false
BONK,hour,2026-04-18T06:00:00.000Z,0.0000064176995385593325,17198.02749967908,0.013661528535865577,0.9637598940389266,0.014836673865828839,0.008869852093186099,false,false
BONK,hour,2026-04-18T05:00:00.000Z,0.0000064359975000519135,15065.181187734313,0.013441235701295854,0.9385144099964561,0.004232027799678131,0.008863111216273886,false,false
BONK,hour,2026-04-18T04:00:00.000Z,0.0000063881331979552955,31557.152091081876,-0.008801778247124881,0.914637743606351,0.007492690057235862,0.009259445150548305,false,false
BONK,hour,2026-04-18T03:00:00.000Z,0.0000063878643125503635,25335.815161788316,-0.004648897292512784,0.5491283391047989,0.00753509860987213,0.009100997070791062,false,false
BONK,hour,2026-04-18T02:00:00.000Z,0.000006451956062434484,20050.25899637889,0.002479578710594889,0.21393066493732324,0.010033361190562291,0.007631028912473968,false,false
BONK,hour,2026-04-18T01:00:00.000Z,0.00000643170404697103,25827.82757229985,0.006820591816977285,0.07256305668903629,0.010033361190562291,0.007635639824519715,false,false
BONK,hour,2026-04-18T00:00:00.000Z,0.000006418334140660519,34734.12534570509,0.004769955437264137,0.3470233327077706,0.0052384187293972,0.005285376102771368,false,false
BONK,hour,2026-04-17T23:00:00.000Z,0.000006427122103423492,32039.69954507716,-0.0038490589165019345,0.537276553794636,0.0020830804407350203,0.005065062174750015,false,false
BONK,hour,2026-04-17T22:00:00.000Z,0.0000064964673345091785,19022.68590299145,0.010069382400865905,0.6026573500246526,0.01217343817513045,0.006399183244315537,false,false
BONK,hour,2026-04-17T21:00:00.000Z,0.000006503104606468208,25281.49354972669,0.013207549490242904,0.5019522820672051,0.011822165787739274,0.005756573193690653,false,false
BONK,hour,2026-04-17T20:00:00.000Z,0.000006496146160187226,26144.09610003042,0.01073949672233038,0.4747129719831133,0.0010711652892954312,0.005770755583276176,false,false
BONK,hour,2026-04-17T19:00:00.000Z,0.000006523962161360402,25216.315592576546,0.004232273547374216,0.514891084975173,0.004281923541630248,0.004655265943640251,false,false
BONK,hour,2026-04-17T18:00:00.000Z,0.000006534936014966918,36920.03624946445,0.004894801856185642,0.5864741892041444,0.005971210287327398,0.0045456648418735505,false,false
BONK,hour,2026-04-17T17:00:00.000Z,0.000006584003621979229,55916.39762030771,0.013524551268635707,0.6506854080802188,0.009203220241594168,0.0052951261337826384,false,false
BONK,hour,2026-04-17T16:00:00.000Z,0.0000066307923439269285,48388.03426712688,0.01637504631759689,0.7194539441594688,0.014668288831056848,0.005910536497956116,false,false
BONK,hour,2026-04-17T15:00:00.000Z,0.000006569859549396688,69850.3339227477,0.005344127983775889,1.0005937817502961,0.009274596218093624,0.005536879839513386,false,false
BONK,hour,2026-04-17T14:00:00.000Z,0.000006687066499624703,96802.25351811192,0.015653526875565812,1.1585685477866743,0.01784009982964991,0.008670467911496622,false,false
BONK,hour,2026-04-17T13:00:00.000Z,0.0000066510627253923575,96027.75454964692,0.0030570074304912334,1.3258120566418847,0.01784009982964991,0.008898139574685963,false,false
BONK,hour,2026-04-17T12:00:00.000Z,0.000006528558968312225,51035.64632919428,-0.0062863719953123835,1.4478358669505489,0.024279099274714267,0.011222330354188877,false,false
BONK,hour,2026-04-17T11:00:00.000Z,0.0000063961595798486566,43671.230029761835,-0.04350292012085916,1.465112687497924,0.0398525306258435,0.013620041374862378,false,false
BONK,hour,2026-04-17T10:00:00.000Z,0.00000632920236861851,25260.56570936352,-0.04839232015434955,1.2565544560200614,0.031497902592302306,0.013904398130406254,false,false
BONK,hour,2026-04-17T09:00:00.000Z,0.00000641755373071964,31883.41610793377,-0.017003022892398273,1.1344491259740148,0.013959320141064586,0.014615833630063564,false,false
BONK,hour,2026-04-17T08:00:00.000Z,0.000006381399302975584,34434.91961760638,-0.0023076780197253026,0.8722501473113081,0.013959320141064586,0.014352944569838719,false,false
BONK,hour,2026-04-17T07:00:00.000Z,0.000006362954792984199,40048.27617673476,0.005332808527823475,0.44683885981386245,0.008580752105239155,0.012748921004513617,false,false
BONK,hour,2026-04-17T06:00:00.000Z,0.000006331732237655542,38882.424066492335,-0.013372929415968264,0.011777522304744562,0.007844151245794366,0.012721164803435155,false,false
BONK,hour,2026-04-17T05:00:00.000Z,0.000006288921108562861,35466.36502568646,-0.014491836354700723,-0.11378537282315736,0.011772080320825695,0.01091015209688666,false,false
BONK,hour,2026-04-17T04:00:00.000Z,0.000006368545367088276,35629.663972919996,0.0008786128907030938,-0.15503107372661026,0.01266103631304906,0.009037517178290943,false,false
BONK,hour,2026-04-17T03:00:00.000Z,0.000006403976725715064,37880.986655710454,0.01140990890768802,-0.06069326858250037,0.018294969067992512,0.008381728217867732,false,false
BONK,hour,2026-04-17T02:00:00.000Z,0.000006422710569659332,41336.77601288007,0.021273833585590117,-0.005516617129558203,0.008505113718899459,0.006634642998011898,false,false
BONK,hour,2026-04-17T01:00:00.000Z,0.000006470618145802815,91539.00751827519,0.01602764412137757,0.2573540600196601,0.01040625582228518,0.006881000693212934,false,false
BONK,hour,2026-04-17T00:00:00.000Z,0.000006522406500669281,46588.64581203863,0.018493161363105012,0.2601707867220405,0.015522407545641131,0.007431667459191378,false,false
BONK,hour,2026-04-16T23:00:00.000Z,0.000006510256345507046,28274.46942222094,0.013630658722390106,0.1710178963651775,0.008003617846010442,0.007229777464136637,false,false
BONK,hour,2026-04-16T22:00:00.000Z,0.000006488192210144131,41319.41512284415,0.0027159792071357503,0.19647666635855648,0.005273316421122275,0.006880469485850508,false,false
BONK,hour,2026-04-16T21:00:00.000Z,0.0000064639333925348844,67874.08091805373,-0.008964959195413034,0.3465536793069378,0.007166372262693743,0.005170278199972829,false,false
BONK,hour,2026-04-16T20:00:00.000Z,0.000006543267703691575,170684.65139298319,0.005070669484053608,0.6938489281549496,0.01227338005189116,0.006602477110008524,false,false
BONK,hour,2026-04-16T19:00:00.000Z,0.000006636006306381977,117785.44355197792,0.022782015613955185,0.889449174096889,0.02662046518700471,0.00840648896930546,false,false
BONK,hour,2026-04-16T18:00:00.000Z,0.000006626874597929129,159709.38109927863,0.02520774820830046,0.9155598434737322,0.01417313288864525,0.007940437046100498,false,false
BONK,hour,2026-04-16T17:00:00.000Z,0.00000641101223529777,106753.76422154308,-0.020212449556234656,1.0543633246089608,0.035094937090500884,0.014513451986159422,false,false
BONK,hour,2026-04-16T16:00:00.000Z,0.000006378824931090592,173310.6646488399,-0.03875544467823194,1.30682487692895,0.038886420229145305,0.01462062748292009,false,false
BONK,hour,2026-04-16T15:00:00.000Z,0.000006358599742020132,80251.28042649616,-0.040482862915926,1.4094491340377118,0.008242772843724624,0.01461359009930532,false,false
BONK,hour,2026-04-16T14:00:00.000Z,0.000006138167372642124,63085.55951238797,-0.04255878052352099,1.3845115741012528,0.039206744267202685,0.019732800989229842,false,false
BONK,hour,2026-04-16T13:00:00.000Z,0.000006161601159037069,117738.92680574914,-0.03405388522183253,1.123908036377814,0.035911756065902814,0.01924056704434564,false,false
BONK,hour,2026-04-16T12:00:00.000Z,0.000006282316208981432,71690.65530494429,-0.011996907516381059,0.9503347178496708,0.023484018533248285,0.01989173861730343,false,false
BONK,hour,2026-04-16T11:00:00.000Z,0.000006142812228605535,22073.27648189815,0.0007567170592501103,0.4970746616730711,0.022710116341544972,0.02162058606520447,false,false
BONK,hour,2026-04-16T10:00:00.000Z,0.000006138630005951712,29321.535450149004,-0.0037281142502489715,0.24987559050782904,0.023406884417273698,0.017630877403142474,false,false
BONK,hour,2026-04-16T09:00:00.000Z,0.000006185508910076943,90862.15562151726,-0.015409491608539234,-0.039609815373609476,0.007636704619724437,0.01776223125422576,false,false
BONK,hour,2026-04-16T08:00:00.000Z,0.000006200529840081325,30409.055432493264,0.009395958939948344,-0.15216611315235712,0.01008365613656438,0.017745324239494535,false,false
BONK,hour,2026-04-16T07:00:00.000Z,0.000006236644297759925,41588.897177193205,0.01596680231797368,-0.18145008171745944,0.008266965325953436,0.011911495693283305,false,false
BONK,hour,2026-04-16T06:00:00.000Z,0.000006253552540464909,30723.3435879865,0.011000490238905857,-0.44829545700967044,0.008551317669795852,0.011868306202905287,true,false
BONK,hour,2026-04-16T05:00:00.000Z,0.000006215231805313507,52711.37314884734,0.002371082086750914,-0.5184663138459148,0.006165616400444066,0.009616492822619237,true,false
BONK,hour,2026-04-16T04:00:00.000Z,0.000006269581738104074,64793.86532844083,0.005281276079185649,-0.41490736891748614,0.00874463487332885,0.005591680697109034,true,false
BONK,hour,2026-04-16T03:00:00.000Z,0.000006242430276305853,77245.82375535992,-0.0017785513253605848,-0.2940346456094559,0.00874463487332885,0.0058216420294634405,false,false
BONK,hour,2026-04-16T02:00:00.000Z,0.000006207985115800331,90844.69486590967,-0.0011659564341559086,-0.3404691403377196,0.009922160113910297,0.005476962153689093,true,false
BONK,hour,2026-04-16T01:00:00.000Z,0.000006098871915913519,41763.24695884382,-0.027228263275211308,-0.30376929879215353,0.02353851046088599,0.008606813941737294,false,false
BONK,hour,2026-04-16T00:00:00.000Z,0.000006124640142998313,26833.205643031062,-0.018869274960848458,-0.34131371642830033,0.01789071838057584,0.008473400642395865,true,false
BONK,hour,2026-04-15T23:00:00.000Z,0.0000060917080507169565,21813.447282248897,-0.018730242246784785,-0.35688128119476314,0.005406052293901474,0.008654706099134574,true,false
BONK,hour,2026-04-15T22:00:00.000Z,0.000006102349916998972,25472.2213162136,0.0005702695733580028,-0.436347492713498,0.005406052293901474,0.008363118799024459,true,false
BONK,hour,2026-04-15T21:00:00.000Z,0.0000060873716806332775,20060.85957816718,-0.006085004423915535,-0.5630570803454666,0.0024605424395798543,0.00774436598466194,true,false
BONK,hour,2026-04-15T20:00:00.000Z,0.000006071231545013458,31451.613367446465,-0.0033613734494529614,-0.7008132299798755,0.005125545246429182,0.007634872048341389,true,false
BONK,hour,2026-04-15T19:00:00.000Z,0.0000060934487478251396,63766.09548055714,-0.0014586461436826505,-0.7712757459783253,0.0036594227459385564,0.007471519792022032,true,false
BONK,hour,2026-04-15T18:00:00.000Z,0.0000060656718137175414,29947.49936530429,-0.0035647350045625308,-0.7906607508824114,0.004579366467664879,0.0037262856053348796,true,false
BONK,hour,2026-04-15T17:00:00.000Z,0.000006047012473525211,26746.05569751273,-0.003989152992878152,-0.7889957672376299,0.007679209279496952,0.0035639580009581458,true,false
BONK,hour,2026-04-15T16:00:00.000Z,0.000006041787448686796,28380.15306327193,-0.008478170782478867,-0.7529494484178277,0.0039531951816571724,0.0029420995328706986,true,false
BONK,hour,2026-04-15T15:00:00.000Z,0.000005988454768692407,26825.66099948171,-0.012730171924321385,-0.7093142979438491,0.009778433184290433,0.004410375097746265,true,false
BONK,hour,2026-04-15T14:00:00.000Z,0.000006050289149537703,20119.72259344815,0.0005418669180587912,-0.6542204725676874,0.010325598711802239,0.005802067009605331,true,false
BONK,hour,2026-04-15T13:00:00.000Z,0.000005957808607285268,27515.787278604894,-0.013899668287698664,-0.6110052894846405,0.01552257689838318,0.008157922504415563,true,false
BONK,hour,2026-04-15T12:00:00.000Z,0.000005975154601841354,19029.78711883316,-0.002220968073531358,-0.7325769319997187,0.01552257689838318,0.00811498983389805,true,false
BONK,hour,2026-04-15T11:00:00.000Z,0.000005974135147456499,19243.931838956356,-0.012586836793911423,-0.714747813778932,0.002911472271008366,0.007929380880404784,true,false
BONK,hour,2026-04-15T10:00:00.000Z,0.000005906035165028716,17580.44999442867,-0.008690014344073236,-0.7931816079674237,0.011703187482173064,0.0089607908432324,true,false
BONK,hour,2026-04-15T09:00:00.000Z,0.000005902130821683823,9780.776555746274,-0.012221236942560085,-0.8117306049686364,0.012199717008667357,0.008958319850522646,true,false
BONK,hour,2026-04-15T08:00:00.000Z,0.000005898401000925197,14892.98758452384,-0.012677005903280612,-0.8125954197355625,0.0012942768900117564,0.008311312169640232,true,false
BONK,hour,2026-04-15T07:00:00.000Z,0.000005848023876482251,19823.50947606984,-0.009822374389161522,-0.8186346424125822,0.009252175836552636,0.008032001380521367,true,false
BONK,hour,2026-04-15T06:00:00.000Z,0.0000058731041991848686,7961.41238180332,-0.00491799036244902,-0.8655086742823349,0.00861438419318646,0.005764953910710411,true,false
BONK,hour,2026-04-15T05:00:00.000Z,0.000005916371955277005,13904.320340784167,0.0030467501868708955,-0.878497190334666,0.011687380256707725,0.006302695850809755,true,false
BONK,hour,2026-04-15T04:00:00.000Z,0.000005956042866720187,16404.84955597047,0.018471024147547144,-0.8689052980416099,0.014121776955162728,0.0067896961268113735,true,false
BONK,hour,2026-04-15T03:00:00.000Z,0.000005928602124008122,18081.28814884375,0.009449504544965535,-0.8550071207946601,0.00670527677148461,0.0055108626495589145,true,false
BONK,hour,2026-04-15T02:00:00.000Z,0.000005915737257424127,11374.963830096363,-0.00010727822011119641,-0.7980729465588613,0.006813285908781209,0.00556608261885159,true,false
BONK,hour,2026-04-15T01:00:00.000Z,0.00000594518026336823,22605.421802905767,-0.001823795361287998,-0.7132357722521238,0.004977064508257647,0.005869019955484828,true,false
BONK,hour,2026-04-15T00:00:00.000Z,0.00000590207167076005,20336.025850385144,-0.004474993041046887,-0.6896050656830358,0.007303976470117779,0.005612554889906336,true,false
BONK,hour,2026-04-14T23:00:00.000Z,0.000005862994559335799,13631.922593306637,-0.008915659332594054,-0.5920524634938508,0.014017700886582675,0.005931991853529472,true,false
BONK,hour,2026-04-14T22:00:00.000Z,0.000005840195998993614,11223.9331595492,-0.017658718444836068,-0.5483379684224522,0.010594793698207773,0.005446132460547004,true,false
BONK,hour,2026-04-14T21:00:00.000Z,0.000005854141235184269,13625.583534201565,-0.008120951125218863,-0.5241901402309896,0.0039037320572997474,0.0049084391578937715,true,false
BONK,hour,2026-04-14T20:00:00.000Z,0.000005823923950499413,8718.58586345565,-0.006663934008632651,-0.6560546874209361,0.0051884751486606095,0.00498721348168037,true,false
BONK,hour,2026-04-14T19:00:00.000Z,0.000005828163019222517,13606.23039787712,-0.0020603725924901034,-0.570746593142628,0.0051884751486606095,0.004926843499451751,true,false
BONK,hour,2026-04-14T18:00:00.000Z,0.00000580406069311822,21275.348312421138,-0.008554720505384663,-0.574695404806724,0.004152666103728912,0.004817251155350874,true,false
BONK,hour,2026-04-14T17:00:00.000Z,0.000005914793169395068,14277.04771120831,0.015602748193142583,-0.6312520423007737,0.019078449060352082,0.008164755553906248,true,false
BONK,hour,2026-04-14T16:00:00.000Z,0.000005904973994429908,40629.07800581435,0.013179277064497265,-0.28845975813486757,0.019078449060352082,0.007794454478413012,false,false
BONK,hour,2026-04-14T15:00:00.000Z,0.000005935009934610483,33834.99708444407,0.02256165957181099,-0.03301634852893456,0.005086549104010844,0.00789065257183788,false,false
BONK,hour,2026-04-14T14:00:00.000Z,0.000006021687634794763,57797.686245320685,0.018072392785059538,0.39526529208821115,0.019765309800678105,0.009564559552905003,false,false
BONK,hour,2026-04-14T13:00:00.000Z,0.000006036742016741642,21660.577870589903,0.02231475065529995,0.814206972223004,0.01714101294724048,0.009409864741338684,false,false
BONK,hour,2026-04-14T12:00:00.000Z,0.000005931318273675037,15643.25013346246,-0.0006220142807036415,0.899034802689324,0.01777408296137251,0.011524398800148564,false,false
BONK,hour,2026-04-14T11:00:00.000Z,0.000005955339748564422,23057.104877063364,-0.011018154752326629,0.9417894334404167,0.01777408296137251,0.011519206936725694,false,false
BONK,hour,2026-04-14T10:00:00.000Z,0.00000597050857067903,25860.665412565675,-0.01097172048746279,1.1214645727863133,0.006607350203736565,0.009088091330075728,false,false
BONK,hour,2026-04-14T09:00:00.000Z,0.000005956782905021326,10588.620523200678,0.004293249859699635,0.741840591778149,0.002547096010477725,0.009108006402979265,false,false
BONK,hour,2026-04-14T08:00:00.000Z,0.000005941396827967893,11501.896283620606,-0.002341246878465766,0.4483226257459249,0.004899814564497682,0.008957338445535524,false,false
BONK,hour,2026-04-14T07:00:00.000Z,0.000005906600441439971,16863.623553425026,-0.010703967422961282,-0.09419602022487018,0.008495997668859001,0.007425076124075852,false,false
BONK,hour,2026-04-14T06:00:00.000Z,0.000005919789523092286,15200.9982627303,-0.006210295476415043,-0.17310031910273643,0.005891102144610114,0.007412948622191256,false,false
BONK,hour,2026-04-14T05:00:00.000Z,0.000005894690009233472,17764.023807138026,-0.007861252174666733,-0.138043548776428,0.004257987073026351,0.003631672210474331,false,false
BONK,hour,2026-04-14T04:00:00.000Z,0.0000059848280750013664,26683.445701925233,0.013244104512734682,-0.11554678942223517,0.015291400502265875,0.006614791862811174,false,false
BONK,hour,2026-04-14T03:00:00.000Z,0.0000059687017080752555,30458.879540625327,0.008262487169885004,-0.11808922698165349,0.015291400502265875,0.006623521436110672,false,false
BONK,hour,2026-04-14T02:00:00.000Z,0.00000594865327608446,27729.35812245407,0.009154555501045788,0.07937869260078684,0.006081174551278857,0.006688161084705759,false,false
BONK,hour,2026-04-14T01:00:00.000Z,0.000006006266240244047,41915.709493824506,0.003582085395606913,0.4024264188259476,0.009685043233434042,0.007552967083597381,false,false
BONK,hour,2026-04-14T00:00:00.000Z,0.000006009879350605527,119967.33534371521,0.006898927864758349,0.7443154494948248,0.010292426147480391,0.007222891228781251,false,false
BONK,hour,2026-04-13T23:00:00.000Z,0.000006120702310610978,49849.26643134793,0.028922350411346356,0.9084819285348051,0.019052780178169623,0.009957685488391342,false,false
BONK,hour,2026-04-13T22:00:00.000Z,0.000006010769915102091,49378.25121506808,0.000749829374506823,1.0533886390590712,0.018440130581703882,0.011979234076667853,false,false
BONK,hour,2026-04-13T21:00:00.000Z,0.000005824932473107988,12941.737390159407,-0.03077380870863981,0.9657925772447654,0.05077652640068765,0.01585881970480719,false,false
BONK,hour,2026-04-13T20:00:00.000Z,0.000005783168876568877,21325.209290696195,-0.05514619351066076,0.8965410553236908,0.03935576556572015,0.01605798422673538,false,false
BONK,hour,2026-04-13T19:00:00.000Z,0.0000058540405213252786,29121.29506502037,-0.026074761800984714,0.8962127206483204,0.01225481155211389,0.016656410261476275,false,false
BONK,hour,2026-04-13T18:00:00.000Z,0.000005693653520910616,13334.448118822284,-0.022537420442803175,0.7122390986285914,0.028169434586355263,0.019349711421773403,false,false
BONK,hour,2026-04-13T17:00:00.000Z,0.000005677544145821772,8739.422810550348,-0.01826416156980214,-0.020143953973676885,0.031086746482349135,0.019377990600647405,false,false
BONK,hour,2026-04-13T16:00:00.000Z,0.000005712951729546314,16064.902223404839,-0.0241010958610556,-0.2523347073509124,0.006236425964314105,0.0182573866301745,true,false
BONK,hour,2026-04-13T15:00:00.000Z,0.0000056948207507597625,14688.346336496252,0.00020500542311892428,-0.4850697059980455,0.006236425964314105,0.01696614258728745,true,false
BONK,hour,2026-04-13T14:00:00.000Z,0.0000057653102094025835,14569.991511053564,0.015458455509394987,-0.4865155403258901,0.012377818675577596,0.012983415846429595,true,false
BONK,hour,2026-04-13T13:00:00.000Z,0.000005720007313194013,22902.13573408017,0.0012350154494057167,-0.4935548280890272,0.012377818675577596,0.013040820340276711,true,false
BONK,hour,2026-04-13T12:00:00.000Z,0.000005691214213844114,9988.202056083417,-0.0006333012176314152,-0.5989237588211191,0.013019365072962507,0.01234936288980795,true,false
BONK,hour,2026-04-13T11:00:00.000Z,0.000005632392843861783,5092.936709015839,-0.023054677148859528,-0.6323593729746925,0.015555461375126292,0.007594706634437726,true,false
BONK,hour,2026-04-13T10:00:00.000Z,0.000005613841081649834,2157.868815266393,-0.01856050626006915,-0.6086052219934729,0.0137825654607844,0.007621527091574481,true,false
BONK,hour,2026-04-13T09:00:00.000Z,0.000005637973411663629,7037.07370130405,-0.009354910952213644,-0.6213120131485841,0.004298719835992063,0.007429302603662785,true,false
BONK,hour,2026-04-13T08:00:00.000Z,0.000005628537172005438,8082.086683376391,-0.0006845530777468868,-0.6081116961486476,0.004298719835992063,0.0073587995483627155,true,false
BONK,hour,2026-04-13T07:00:00.000Z,0.000005638261625782553,30035.650268911806,0.0043500597500957935,-0.5171782797575757,0.0017277053486439722,0.0057409316040053495,true,false
BONK,hour,2026-04-13T06:00:00.000Z,0.000005683309321453107,10906.995337758593,0.00804117126478259,-0.5876685811949938,0.009731151767121393,0.0057545232747439005,true,false
BONK,hour,2026-04-13T05:00:00.000Z,0.000005677250647821345,11189.647280789002,0.00865473111880514,-0.5585697187179481,0.007989642670102529,0.0054441663977730535,true,false
BONK,hour,2026-04-13T04:00:00.000Z,0.000005672255017660241,10706.288469044235,0.006029055431241948,-0.49593434944428055,0.0019488375890099536,0.003785518784647404,true,false
BONK,hour,2026-04-13T03:00:00.000Z,0.0000056960852420374296,4336.174320523478,0.002247972063758049,-0.4690100687148747,0.0042011905852248985,0.003909740443278482,true,false
BONK,hour,2026-04-13T02:00:00.000Z,0.000005686695294722529,5225.190514737503,0.0016635951954680705,-0.4685114175533845,0.0042011905852248985,0.0036119767971622653,true,false
BONK,hour,2026-04-13T01:00:00.000Z,0.000005724081843236171,12333.010622891728,0.009136899771708137,-0.4330940022629608,0.006574389267583649,0.004333570342737286,true,false
BONK,hour,2026-04-13T00:00:00.000Z,0.000005689662009924135,24238.70146036364,-0.0011276573015254632,-0.48492445731136813,0.006574389267583649,0.004852918967348441,true,false
BONK,hour,2026-04-12T23:00:00.000Z,0.000005629774768882172,12216.843428336415,-0.010009420742690596,-0.46681462676165736,0.016751482648163597,0.0055226017061325485,true,false
BONK,hour,2026-04-12T22:00:00.000Z,0.000005672587626139116,17701.26961957815,-0.00899606583331832,-0.4112837422474092,0.01063759093400706,0.006207728432202372,true,false
BONK,hour,2026-04-12T21:00:00.000Z,0.000005732969505125844,8384.634181880945,0.007611611221575389,-0.39198333415939063,0.018330171362106268,0.007378417399554702,true,false
BONK,hour,2026-04-12T20:00:00.000Z,0.000005732803355711035,8965.305142745292,0.018300658740086698,-0.33296702427209685,0.010644503525779002,0.0072062671872070464,true,false
BONK,hour,2026-04-12T19:00:00.000Z,0.000005710899508900907,5945.195821795887,0.006753863542847841,-0.2773040222063704,0.003864539411092683,0.007323586348610181,true,false
BONK,hour,2026-04-12T18:00:00.000Z,0.000005724137211023294,6415.254318603299,-0.001540614178159087,-0.2735500603448299,0.003835446023168351,0.006947402889023927,true,false
BONK,hour,2026-04-12T17:00:00.000Z,0.0000057430604164601656,16243.439108402483,0.0017891876125338318,-0.3322342864416624,0.005631495968215378,0.006680256610696105,true,false
BONK,hour,2026-04-12T16:00:00.000Z,0.0000056662893986041015,3021.1304470165483,-0.007811398226720134,-0.41155225938781603,0.013548728710357914,0.00738266322355451,true,false
BONK,hour,2026-04-12T15:00:00.000Z,0.000005649444887209995,9675.501316312568,-0.013048660620758615,-0.5555779280049532,0.016570748298139953,0.006897148936786802,true,false
BONK,hour,2026-04-12T14:00:00.000Z,0.000005657899853992626,10742.91490826205,-0.014828428797903862,-0.4719183636808655,0.0029816223948376567,0.005645732671064237,true,false
BONK,hour,2026-04-12T13:00:00.000Z,0.000005673349097749697,9992.687371948967,0.0012459122097319524,-0.4034710947335804,0.0042312494443161475,0.005739025552005315,true,false
BONK,hour,2026-04-12T12:00:00.000Z,0.000005712105012853492,14028.138264140229,0.011091377452916832,-0.22069706031562655,0.00958043801758267,0.0061207993384994035,false,false
BONK,hour,2026-04-12T11:00:00.000Z,0.000005718265464521151,7176.489364081038,0.010669261048501296,-0.19390698038554083,0.007917081427136109,0.006071603893941207,false,false
BONK,hour,2026-04-12T10:00:00.000Z,0.000005702453220269359,4671.028918342663,0.005129972088480524,-0.395037648523579,0.0027728845184712475,0.006033543590917851,true,false
BONK,hour,2026-04-12T09:00:00.000Z,0.000005725925937781874,6293.525195893779,0.002419585231238174,-0.27551498891856674,0.004116249025784417,0.00359738224463195,false,false
BONK,hour,2026-04-12T08:00:00.000Z,0.00000572716652402349,11865.575879586248,0.0015566013081354537,-0.21280050456317934,0.004333802102275462,0.0034178399090176725,false,false
BONK,hour,2026-04-12T07:00:00.000Z,0.00000571853412866027,5760.32918131513,0.002819998300687778,-0.250379992469935,0.0015095468819457888,0.003418651282641251,false,false
BONK,hour,2026-04-12T06:00:00.000Z,0.000005721145633534165,8575.298768623392,-0.0008348526159178245,-0.27652263218537476,0.0015095468819457888,0.003264156721826099,false,false
BONK,hour,2026-04-12T05:00:00.000Z,0.000005750715699425809,9421.960140122632,0.004111837032071269,-0.4176140445115871,0.00562759092478789,0.0027982335561411676,true,false
BONK,hour,2026-04-12T04:00:00.000Z,0.000005704918706235965,8070.186595779608,-0.0023809287691521196,-0.4428647215806914,0.008027632916098142,0.00409840097789926,true,false
BONK,hour,2026-04-12T03:00:00.000Z,0.000005708433035606804,9634.677277077832,-0.002222037113134632,-0.3344407167444156,0.008027632916098142,0.003969344236309353,false,false
BONK,hour,2026-04-12T02:00:00.000Z,0.000005723814737540516,30999.369791771504,-0.004677845904985125,0.13245457022689766,0.0033122349813497227,0.0037920397089582216,false,false
BONK,hour,2026-04-12T01:00:00.000Z,0.000005698222597531613,52869.51332023543,-0.0011737430538725593,0.6292260982904733,0.004491249608253177,0.0041522992633929836,false,false
BONK,hour,2026-04-12T00:00:00.000Z,0.000005931131122199987,15221.935277430604,0.03901212210147439,0.7549388848287543,0.040873890179240584,0.015690172772650127,false,false
BONK,hour,2026-04-11T23:00:00.000Z,0.0000059393849061062835,20131.328215545316,0.03766197517748391,0.8869545293829565,0.042322374116999004,0.01569802564919163,false,false
BONK,hour,2026-04-11T22:00:00.000Z,0.0000059747989809750485,24399.82246955832,0.0485373076796341,1.036673966791577,0.007362484132514714,0.015737857318339894,false,false
BONK,hour,2026-04-11T21:00:00.000Z,0.000006020976029430279,21435.23980325911,0.015148022422570661,1.1739194562455237,0.013737301861024636,0.01571671151958767,false,false
BONK,hour,2026-04-11T20:00:00.000Z,0.000006019194939132809,81149.07855490387,0.013437423956893735,1.2388618371152813,0.007728636327727079,0.015715385705135615,false,false
BONK,hour,2026-04-11T19:00:00.000Z,0.000006089551114959621,27255.449058148733,0.019206024227754973,1.1637804040199538,0.01168863552987838,0.016285911926341334,false,false
BONK,hour,2026-04-11T18:00:00.000Z,0.000005993470620010446,23010.716240355756,-0.00456826422915289,0.8950307508438577,0.016030861088797314,0.01727700296843097,false,false
BONK,hour,2026-04-11T17:00:00.000Z,0.000005925800270523851,16092.180379415526,-0.015516139542477292,0.8958025080977048,0.0276335409497853,0.009362102915465298,false,false
BONK,hour,2026-04-11T16:00:00.000Z,0.000005959625894366341,24905.044565286626,-0.021335763201675965,0.9198650621701543,0.011419613621336602,0.009591718107776242,false,false
BONK,hour,2026-04-11T15:00:00.000Z,0.000005898365939348024,7870.698088836116,-0.01586804819646479,0.7700029620154056,0.010385919701870494,0.010109567062469706,false,false
BONK,hour,2026-04-11T14:00:00.000Z,0.000005854323683303865,7127.299098349267,-0.01206192985874423,0.6423340029771524,0.01798708386466406,0.01008763835783128,false,false
BONK,hour,2026-04-11T13:00:00.000Z,0.000005843738278626798,16726.655238463096,-0.019445451408131424,0.03483247836641786,0.009348067643793027,0.01011018491541648,false,false
BONK,hour,2026-04-11T12:00:00.000Z,0.000005868764648185791,7357.2589775206,-0.005018557930555472,-0.14950884212701174,0.004282595894228429,0.009248390451394832,false,false
BONK,hour,2026-04-11T11:00:00.000Z,0.000005893279875956564,5496.1683560570655,0.006654260126374587,-0.284540861167004,0.008477723499521231,0.007202949379680579,true,false
BONK,hour,2026-04-11T10:00:00.000Z,0.000005891144832817285,3474.770816119448,0.008112367790986535,-0.40046319061488095,0.004177238182204479,0.005786373845490721,true,false
BONK,hour,2026-04-11T09:00:00.000Z,0.000005904902205976839,12535.093772605056,0.006157608961575863,-0.5201428892919805,0.0023352631024986764,0.005443438193181861,true,false
BONK,hour,2026-04-11T08:00:00.000Z,0.000005897018512702377,8673.31885217863,0.0006343898176405771,-0.5074228739503635,0.0023352631024986764,0.0038255614727030185,true,false
BONK,hour,2026-04-11T07:00:00.000Z,0.0000058915754727536954,4469.5205395120865,0.00007309953305020365,-0.5162586287705161,0.002261998218434945,0.0025946113665414267,true,false
BONK,hour,2026-04-11T06:00:00.000Z,0.000005891412623722689,4647.550672156583,-0.002284471746288409,-0.6003057612347874,0.0009515356227325249,0.0025028426526830815,true,false
BONK,hour,2026-04-11T05:00:00.000Z,0.000005922746299276991,11075.205322381757,0.004362846499327637,-0.5772848809485408,0.0053185335259207855,0.0027703595608302204,true,false
BONK,hour,2026-04-11T04:00:00.000Z,0.000005909809327057251,11810.970067089806,0.0030949029487749745,-0.5397224078664864,0.0053185335259207855,0.002423960329245508,true,false
BONK,hour,2026-04-11T03:00:00.000Z,0.000005925623483963974,6324.6110298295935,0.005806902762765117,-0.5140012409248559,0.0026759166043343542,0.002622409028771812,true,false
BONK,hour,2026-04-11T02:00:00.000Z,0.000005953628205382694,7626.907198359586,0.005214119353630427,-0.5473873524934487,0.007414601030328415,0.0030455773544283663,true,false
BONK,hour,2026-04-11T01:00:00.000Z,0.00000594139868952396,9091.747752800038,0.005345242243617177,-0.5528583168252007,0.004726037942590768,0.003102349691603617,true,false
BONK,hour,2026-04-11T00:00:00.000Z,0.000005940015436262164,5996.633439369073,0.0024287659074421317,-0.531876285104807,0.00229170601770296,0.003083909541660679,true,false
BONK,hour,2026-04-10T23:00:00.000Z,0.000005960434010727481,10656.719338151883,0.0011431357669653593,-0.48072943382715494,0.003437461515784525,0.003345538054307175,true,false
BONK,hour,2026-04-10T22:00:00.000Z,0.000005974971196163626,7628.6182137646365,0.005650606598554259,-0.5106916072292228,0.005884792771423945,0.0028320935899747834,true,false
BONK,hour,2026-04-10T21:00:00.000Z,0.000006000576803534266,27556.564352525373,0.010195489880782335,-0.4045055116689008,0.006734877482837033,0.003154376910795994,true,false
BONK,hour,2026-04-10T20:00:00.000Z,0.000006036146377140509,12813.679007558683,0.012702492180395264,-0.31178855132053923,0.01023857337022173,0.0037309443239524997,true,false
BONK,hour,2026-04-10T19:00:00.000Z,0.00000605277528029825,22717.72199990636,0.013021666813152087,-0.12159849507718844,0.008698909867004742,0.003438808678075412,false,false
BONK,hour,2026-04-10T18:00:00.000Z,0.000005991773353598849,20023.80462936606,-0.0014671006177658479,-0.02298689613862,0.010180946958342615,0.005087181034606239,false,false
BONK,hour,2026-04-10T17:00:00.000Z,0.000005936680065876205,8524.388143442038,-0.016478445857607552,0.029469204041740225,0.019555578729828334,0.006169398995585802,false,false
BONK,hour,2026-04-10T16:00:00.000Z,0.0000059452393671247294,27753.67635430023,-0.017766381237305964,0.1916290471174604,0.00928015104592178,0.006056052829701659,false,false
BONK,hour,2026-04-10T15:00:00.000Z,0.000005929218180145168,49428.386501017594,-0.010440176849497879,0.5000576037690232,0.002702074117159419,0.006071925640625146,false,false
BONK,hour,2026-04-10T14:00:00.000Z,0.0000059644424712948314,19300.07604105519,0.004676419330427386,0.8731507625260063,0.005940798614498095,0.006266413835148955,false,false
BONK,hour,2026-04-10T13:00:00.000Z,0.000005889619983617541,19226.39504510791,-0.00935528076712032,1.0178169699736832,0.01270412826046764,0.007552798124809515,false,false
BONK,hour,2026-04-10T12:00:00.000Z,0.000005892272678041907,13564.545289575613,-0.00623109168540614,0.9292769308272232,0.01270412826046764,0.007482814004631925,false,false
BONK,hour,2026-04-10T11:00:00.000Z,0.0000058616946385451,8796.912315722817,-0.01722672877544341,0.7842686798525864,0.005216586905727365,0.006723231238214874,false,false
BONK,hour,2026-04-10T10:00:00.000Z,0.0000058584198745328485,14102.769360385086,-0.005297474059697914,0.9283183565294112,0.00577848707229397,0.0057494897803720855,false,false
BONK,hour,2026-04-10T09:00:00.000Z,0.000005901440786596815,8462.32797401999,0.0015559545621630507,0.6314528812334781,0.007343432697779556,0.006356699321620037,false,false
BONK,hour,2026-04-10T08:00:00.000Z,0.000005843939427020899,18011.122090184115,-0.003029023621845985,0.11113759006633314,0.009839485897140546,0.007284457456802027,false,false
BONK,hour,2026-04-10T07:00:00.000Z,0.000005884043121014531,12739.690519369162,0.00437374702231043,0.02460636981328689,0.009839485897140546,0.007398171994043034,false,false
BONK,hour,2026-04-10T06:00:00.000Z,0.000005868520159175663,24420.832840965373,-0.005578405106752853,0.04266035855076968,0.0068624417645745195,0.005741338326351975,false,false
BONK,hour,2026-04-10T05:00:00.000Z,0.000005939018305703078,13080.076458673726,0.016269655062227106,0.008553056347445423,0.012012934200658408,0.00730101625534082,false,false
BONK,hour,2026-04-10T04:00:00.000Z,0.000005946888449477583,16750.646510152194,0.010680636965185342,0.08518660526524788,0.013354012285258628,0.007048972509120953,false,false
BONK,hour,2026-04-10T03:00:00.000Z,0.000005863909729084029,22590.580054077232,-0.0007856205596270855,0.17982330217255987,0.014150749964992354,0.008823266485131834,false,false
BONK,hour,2026-04-10T02:00:00.000Z,0.000005892529410126881,14574.96460540596,-0.0078277070692904,0.25557088411659384,0.014150749964992354,0.008578399413880918,false,false
BONK,hour,2026-04-10T01:00:00.000Z,0.000005865279383541956,15505.072297742576,-0.013722985831825407,0.18015593273150535,0.004880648298677429,0.007934882578123484,false,false
BONK,hour,2026-04-10T00:00:00.000Z,0.000005862468362395729,16527.996428531245,-0.0002458030145230411,0.2017200841427096,0.0051277117201989,0.007504231014553616,false,false
BONK,hour,2026-04-09T23:00:00.000Z,0.000005879141523344831,24174.207999242153,-0.0022720101759767116,0.14592897789644946,0.002844051331014421,0.007514574866903704,false,false
BONK,hour,2026-04-09T22:00:00.000Z,0.000005959865579485154,32620.44849740857,0.01612646043914092,0.36803637578383874,0.016613687455299675,0.007916154529538314,false,false
BONK,hour,2026-04-09T21:00:00.000Z,0.000005975034973056246,26590.389333325704,0.01920123123948349,0.4510005430976532,0.016310791181100563,0.007958523565891726,false,false
BONK,hour,2026-04-09T20:00:00.000Z,0.000005979399094885871,38321.77605000681,0.01705309714742178,0.5538372132042629,0.0032775093901370195,0.0059336010574084054,false,false
BONK,hour,2026-04-09T19:00:00.000Z,0.000005938320399334836,31069.45880162822,-0.0036150446453826887,0.7170374359015058,0.006917561328559624,0.0062137184920761255,false,false
BONK,hour,2026-04-09T18:00:00.000Z,0.00000593185754495818,28781.16329424941,-0.007226305501602853,0.8513205990622632,0.008014614236327997,0.005975814069591235,false,false
BONK,hour,2026-04-09T17:00:00.000Z,0.000005934200437088267,30443.888594974196,-0.007559063558119419,0.9910830922712324,0.001089516113236605,0.005974931077925924,false,false
BONK,hour,2026-04-09T16:00:00.000Z,0.000005872091813819854,39246.32286978749,-0.011152747083569317,1.0813226257827582,0.010576916240008664,0.00709660074203963,false,false
BONK,hour,2026-04-09T15:00:00.000Z,0.000005862153613533554,40663.208844024564,-0.011750776362434878,1.0955622505609972,0.012290163019335321,0.004919768816727685,false,false
BONK,hour,2026-04-09T14:00:00.000Z,0.0000057313695632543205,15677.299887657191,-0.034179983636257114,0.9411257792017282,0.024552988428411575,0.00979821180222987,false,false
BONK,hour,2026-04-09T13:00:00.000Z,0.000005759961532015628,9518.92800739329,-0.019095457863981175,0.5653275900838731,0.022818987475128626,0.009973285302315582,false,false
BONK,hour,2026-04-09T12:00:00.000Z,0.000005773329919369224,9459.294458689987,-0.015152058444744399,0.29643993752592074,0.007321174398511189,0.009666698336413737,false,false
BONK,hour,2026-04-09T11:00:00.000Z,0.000005753718108661563,9439.284143684547,0.0038993376994089237,0.03473104055950984,0.0034085456286323834,0.009743190657290915,false,false
BONK,hour,2026-04-09T10:00:00.000Z,0.000005777084960943571,7912.983782774289,0.0029728373762160057,-0.2016486671184857,0.004061174329488221,0.009861750172594731,false,false
BONK,hour,2026-04-09T09:00:00.000Z,0.000005787443416849183,10736.092886287875,0.0024446026257063593,-0.5162275868910745,0.005861480793932337,0.009049772921387218,true,false
BONK,hour,2026-04-09T08:00:00.000Z,0.000005731344716183613,9281.499521326601,-0.003888510360677846,-0.9295624364914673,0.009788052096598662,0.009748963676209517,true,false
BONK,hour,2026-04-09T07:00:00.000Z,0.000005734614030718729,18451.989636393882,-0.007351619460674327,-0.8863986790223158,0.009788052096598662,0.004729143078455113,true,false
BONK,hour,2026-04-09T06:00:00.000Z,0.000005747040773484838,7066.891771538928,-0.006981086544486933,-0.882416115133066,0.0027386343133234264,0.004415489417341958,true,false
BONK,hour,2026-04-09T05:00:00.000Z,0.000005730041954496791,7468.2581832439655,-0.0002273047166649682,-0.9020286042526378,0.002966613355196552,0.0044701615275623005,true,false
BONK,hour,2026-04-09T04:00:00.000Z,0.000005727438618353518,4260.937486726208,-0.0012512459124143559,-0.9144136221822387,0.0034224993819235226,0.0042845938894291195,true,false
BONK,hour,2026-04-09T03:00:00.000Z,0.000005725405760753734,6760.956643075793,-0.0037645483273620914,-0.9194221120220851,0.0008097581091697175,0.0040036382017573065,true,false
BONK,hour,2026-04-09T02:00:00.000Z,0.000005730980646755959,7179.452979888577,0.00016381943912841798,-0.9155811978065935,0.0009737102024174094,0.003963076702596033,true,false
BONK,hour,2026-04-09T01:00:00.000Z,0.000005719103349137988,17596.567869090024,-0.0014553223126338066,-0.823007492442571,0.002076776182014911,0.0016634451380436838,true,false
BONK,hour,2026-04-09T00:00:00.000Z,0.000005757231007911492,14847.293603131566,0.005558601169529781,-0.8445291135185007,0.006666719666685374,0.0030046343749475526,true,false
BONK,hour,2026-04-08T23:00:00.000Z,0.000005798565925188045,25640.23039483371,0.011792969231250667,-0.6304766605022033,0.013894236770880274,0.003958515621769681,true,false
BONK,hour,2026-04-08T22:00:00.000Z,0.00000583818234473817,42686.45428570168,0.020821270106638437,-0.21950387760703077,0.01406081095502962,0.004586858881259372,false,false
BONK,hour,2026-04-08T21:00:00.000Z,0.000005876830156734911,39863.337965055645,0.020773727623412664,0.16714559784780858,0.013497170258407933,0.005218131822211629,false,false
BONK,hour,2026-04-08T20:00:00.000Z,0.000005864247879125894,20715.186124717773,0.01132727553420349,0.3175539595166192,0.006619836400206517,0.005278933585860521,false,false
BONK,hour,2026-04-08T19:00:00.000Z,0.000005868030697997387,29447.043227443475,0.005112610654601768,0.5415843924316442,0.0021455910234975716,0.005271739067177062,false,false
BONK,hour,2026-04-08T18:00:00.000Z,0.000005863623948139015,45148.60052649349,-0.0022471652648939472,0.7438985553885914,0.0007515403268263951,0.005220823129225989,false,false
BONK,hour,2026-04-08T17:00:00.000Z,0.000005940660673538602,43114.739233278975,0.013030280436252229,0.9682207445418063,0.013138074010362868,0.006729641671347272,false,false
BONK,hour,2026-04-08T16:00:00.000Z,0.000005951314697610456,40296.65921511704,0.0141928363874259,1.0845225925099748,0.014955043203149497,0.006199623888154331,false,false
BONK,hour,2026-04-08T15:00:00.000Z,0.000005936926439308804,65233.21022260409,0.012501226514202646,1.0692014560827103,0.0024235197199659183,0.0057139658871625245,false,false
BONK,hour,2026-04-08T14:00:00.000Z,0.00000588013977288186,95684.74802537276,-0.010187570706793431,1.1304751964025648,0.012104291305598201,0.006294940151131119,false,false
BONK,hour,2026-04-08T13:00:00.000Z,0.000006009938268168655,69247.40592640942,0.009850524386105257,1.3170355787014105,0.022074049308385774,0.01034761068255267,false,false
BONK,hour,2026-04-08T12:00:00.000Z,0.000006005734066952121,34817.85128011102,0.011589772645275886,1.3406047090185422,0.022074049308385774,0.010348120523634787,false,false
BONK,hour,2026-04-08T11:00:00.000Z,0.0000060160863438771916,46167.801561337874,0.02311961556123078,1.3073421387110333,0.0017237321549145284,0.010364685502117225,false,false
BONK,hour,2026-04-08T10:00:00.000Z,0.000006044200446485941,31011.091987306747,0.005700920173964894,1.246165937060319,0.006404942194408854,0.00928405290113599,false,false
BONK,hour,2026-04-08T09:00:00.000Z,0.0000060685630217997704,40635.72930837221,0.010461494656145378,1.2484651770723956,0.008722726856469815,0.009383317283258655,false,false
BONK,hour,2026-04-08T08:00:00.000Z,0.000006090346304762805,22384.53729412858,0.012343566338802764,0.9608585937092102,0.007634733276209104,0.009436296774882653,false,false
BONK,hour,2026-04-08T07:00:00.000Z,0.000006084152502533382,26631.967112591494,0.0066099819820947,0.4853587100803331,0.003589529001311134,0.00871754591675416,false,false
BONK,hour,2026-04-08T06:00:00.000Z,0.00000608189466035391,58552.09597022819,0.0021968361383491843,0.33185447675123914,0.0013896400514775663,0.0028128756365854058,false,false
BONK,hour,2026-04-08T05:00:00.000Z,0.000006094186036519928,36095.99228147458,0.0006304619745711783,0.3038119992536252,0.0020209781412595424,0.0029025185639638042,false,false
BONK,hour,2026-04-08T04:00:00.000Z,0.000006072023985656624,51488.76124826214,-0.0019934603663710982,0.27316605356084456,0.0036498622066802665,0.0031459541765411735,false,false
BONK,hour,2026-04-08T03:00:00.000Z,0.0000060552706253492706,42433.04412189323,-0.004377588973744221,0.30454266475391534,0.006426700568550204,0.0028075450036541966,false,false
BONK,hour,2026-04-08T02:00:00.000Z,0.000006064238523760407,61375.505486258546,-0.004914112004467499,0.36126247682571977,0.002766740141591438,0.002425599034379403,false,false
BONK,hour,2026-04-08T01:00:00.000Z,0.00000604667846537719,47474.732049248516,-0.004174146930134887,0.4878874033574058,0.002904083371352542,0.0022914551755090777,false,false
BONK,hour,2026-04-08T00:00:00.000Z,0.000006024843842853503,117463.79418266684,-0.005024842716094494,0.7844886903704473,0.006538705721581945,0.0026405274083331344,false,false
BONK,hour,2026-04-07T23:00:00.000Z,0.000006100791759180926,233747.01694687718,0.006027671120998715,0.8767208059656891,0.012605790010227347,0.005419470433610112,false,false
BONK,hour,2026-04-07T22:00:00.000Z,0.0000061598679453024,222602.42041299032,0.018719282094016496,1.086525641649854,0.022411220269062847,0.006484994148658804,false,false
BONK,hour,2026-04-07T21:00:00.000Z,0.000005976160759754504,137913.9565575856,-0.008080389196600635,1.2099035446712227,0.03074000063469557,0.01308111628812905,false,false
BONK,hour,2026-04-07T20:00:00.000Z,0.0000057740380871811565,55544.63302341071,-0.05355922393319621,1.23491901608896,0.06682149516433188,0.01841581034544472,false,false
BONK,hour,2026-04-07T19:00:00.000Z,0.00000576294852623503,53313.545889229084,-0.06443635197895216,1.2036702174835323,0.036997074075684463,0.018421649222490115,false,false
BONK,hour,2026-04-07T18:00:00.000Z,0.000005636439661608935,46796.784877971186,-0.05684604410801098,1.1962657603836855,0.024412294610272407,0.020212378389424693,false,false
BONK,hour,2026-04-07T17:00:00.000Z,0.000005669401201068488,66065.2610385023,-0.018121959802269317,1.035652001126588,0.022444818399773782,0.020286147536148387,false,false
BONK,hour,2026-04-07T16:00:00.000Z,0.000005596936523386994,30113.46509477728,-0.028806782169281737,0.46728545738126775,0.012947203774546508,0.020316263663867025,false,false
BONK,hour,2026-04-07T15:00:00.000Z,0.000005593516039314993,17508.737437364154,-0.007615378655839164,-0.09321700023027547,0.013566629865745007,0.01998842579533225,false,false
BONK,hour,2026-04-07T14:00:00.000Z,0.000005582383979845808,32191.754266257834,-0.015348573533000273,-0.3968205103409387,0.002606868963820078,0.016405716025243666,true,false
BONK,hour,2026-04-07T13:00:00.000Z,0.000005603089996672549,30041.984802009905,0.0010994359610551109,-0.46863773220317717,0.003709171010359771,0.01009894423810352,true,false
BONK,hour,2026-04-07T12:00:00.000Z,0.000005605519786845434,40115.69137420429,0.002146011103940816,-0.5016001688083687,0.004144431318797476,0.010074103517989187,true,false
BONK,hour,2026-04-07T11:00:00.000Z,0.000005611413586716865,32082.199363290096,0.005200216784775753,-0.53360652776441,0.0014855356685792322,0.005591146541873539,true,false
BONK,hour,2026-04-07T10:00:00.000Z,0.000005626962754547697,42877.0781061618,0.004260641519112785,-0.6002378087923023,0.0038253308377545563,0.005243828523001003,true,false
BONK,hour,2026-04-07T09:00:00.000Z,0.000005695019378440386,35436.003226445144,0.015966332293569342,-0.5634833028348746,0.01489923892286778,0.00495020532504866,true,false
BONK,hour,2026-04-07T08:00:00.000Z,0.00000565264439226152,21859.771138847143,0.0073476682670930715,-0.5027644335075161,0.012094735092690245,0.0056938181256136035,true,false
BONK,hour,2026-04-07T07:00:00.000Z,0.000005636290735114211,17344.310829212238,0.001657729217947091,-0.5053409559858149,0.010419732779271754,0.005749069126000076,true,false
BONK,hour,2026-04-07T06:00:00.000Z,0.0000056313326294850825,15669.622270370728,-0.01118288538163759,-0.5285051183650533,0.00378449723691529,0.005586079492206228,true,false
BONK,hour,2026-04-07T05:00:00.000Z,0.000005633508436524369,30459.161558451764,-0.003385310380279277,-0.5428957653319966,0.0008804497896587425,0.005585584051479839,true,false
BONK,hour,2026-04-07T04:00:00.000Z,0.000005667544338434991,22007.850721479783,0.005545065857953284,-0.5626926574771443,0.0064303977996803055,0.0060186565099643,true,false
BONK,hour,2026-04-07T03:00:00.000Z,0.000005643397798555142,9538.821573485831,0.0021425069098009587,-0.6260827396957699,0.0060416882825546315,0.006142845704606921,true,false
BONK,hour,2026-04-07T02:00:00.000Z,0.00000563111625509005,30695.292882466092,-0.000424634392807454,-0.6457352466723812,0.0064690696648312404,0.004214864377715178,true,false
BONK,hour,2026-04-07T01:00:00.000Z,0.000005629740427040074,31840.93430376314,-0.0066702453721529135,-0.6232553335368332,0.002425932721421871,0.0031313242930487628,true,false
BONK,hour,2026-04-07T00:00:00.000Z,0.000005658028937748928,46680.09763012241,0.002592611705935754,-0.5368865392777814,0.0050248339289289965,0.0034921280859263755,true,false
BONK,hour,2026-04-06T23:00:00.000Z,0.000005647963227302413,56457.39999831984,0.0029917642345129915,-0.44121262611643175,0.0050248339289289965,0.0035407975108982023,true,false
BONK,hour,2026-04-06T22:00:00.000Z,0.000005699392537267176,39694.212830720186,0.01237217081849058,-0.4084083307137369,0.009105815299248357,0.004924843826639637,true,false
BONK,hour,2026-04-06T21:00:00.000Z,0.0000058048202023760124,49025.81179599566,0.025943887216223035,-0.340269876211355,0.027772308133195363,0.008189277138629833,true,false
BONK,hour,2026-04-06T20:00:00.000Z,0.000005875913257430698,27906.430197158657,0.04035968736948702,-0.268819816723569,0.030971848141585028,0.009253561097582854,true,false
BONK,hour,2026-04-06T19:00:00.000Z,0.0000058518366937363465,32663.40824179491,0.02674743939329837,-0.253677528582542,0.012247244975061525,0.009346587277792537,true,false
BONK,hour,2026-04-06T18:00:00.000Z,0.000005866821077799049,39371.16617488781,0.010680929514002605,-0.1893952057448421,0.004114360149544513,0.009395981041853333,false,false
BONK,hour,2026-04-06T17:00:00.000Z,0.000005853341705897008,42560.23984902797,-0.0038413690850771834,-0.10326859926940944,0.0025606292258191885,0.009243990224591825,false,false
BONK,hour,2026-04-06T16:00:00.000Z,0.000005863937375690735,60245.38675699506,0.0020678434118539864,0.08075640726593572,0.0023028506756167678,0.009244765543189273,false,false
BONK,hour,2026-04-06T15:00:00.000Z,0.000005872720075011878,61865.28772699867,0.0010054844241204955,0.5245546965485126,0.003310650580222671,0.00860508667573486,false,false
BONK,hour,2026-04-06T14:00:00.000Z,0.000005868456986489717,83703.03046322624,0.002582333537350181,0.7078689047054645,0.0014977478029612346,0.005111696095819378,false,false
BONK,hour,2026-04-06T13:00:00.000Z,0.000005896178651549326,75141.36403661205,0.005498229908158586,1.0083424497220541,0.004723842250770565,0.0028520019907221444,false,false
BONK,hour,2026-04-06T12:00:00.000Z,0.000005915584889227957,103115.01957744814,0.007298971118760974,1.2344667116506112,0.008030714521165928,0.002695925614748805,false,false
BONK,hour,2026-04-06T11:00:00.000Z,0.000005870794214734239,41303.678805542455,0.00039826963883401675,1.3209401467296482,0.007629406321431755,0.0038191784203505546,false,false
BONK,hour,2026-04-06T10:00:00.000Z,0.0000058781691653439654,46329.21791403055,-0.0030544336034710688,1.3243599249059694,0.007629406321431755,0.0037490573202984155,false,false
BONK,hour,2026-04-06T09:00:00.000Z,0.000005817252692129398,27907.893558266336,-0.01662256546729948,1.096253183759582,0.010471691095177281,0.005393595271844572,false,false
BONK,hour,2026-04-06T08:00:00.000Z,0.00000575409601952741,13265.115098259112,-0.019877752641021783,0.7591187140259914,0.02156257827389293,0.006767132410187481,false,false
BONK,hour,2026-04-06T07:00:00.000Z,0.0000057589168585403155,27121.581411920015,-0.020287321349431044,0.3691220558961403,0.010975950416478308,0.006768968814704301,false,false
BONK,hour,2026-04-06T06:00:00.000Z,0.0000057765209568707675,36250.96134725909,-0.007001885153405741,0.10540470940178924,0.0038972129188069105,0.006631511795426609,false,false
BONK,hour,2026-04-06T05:00:00.000Z,0.0000057808948461350596,19715.767368774807,0.004657347829564144,-0.4470691752724618,0.0038163404915546343,0.006520454237900742,true,false
BONK,hour,2026-04-06T04:00:00.000Z,0.0000058220605302012596,63372.360514921806,0.01096450482130224,-0.32215972640658297,0.007883564115927928,0.006438690538258043,false,false
BONK,hour,2026-04-06T03:00:00.000Z,0.000005806608482596358,39604.171377764134,0.005208589382819386,-0.37411460747213066,0.007120988214086305,0.006499272449852854,false,false
BONK,hour,2026-04-06T02:00:00.000Z,0.0000058434815788729445,101391.86319776606,0.01082647832276842,-0.004852695029297434,0.0063501950212594286,0.005697558852608314,false,false
BONK,hour,2026-04-06T01:00:00.000Z,0.0000057949579932838975,115066.3699291456,-0.00465514516325807,0.42273057272461123,0.008373414551974956,0.005037067124700105,false,false
BONK,hour,2026-04-06T00:00:00.000Z,0.000005842114356182122,130198.55453737208,0.006114735252459696,0.7413870658051369,0.008373414551974956,0.0058868706155961875,false,false
BONK,hour,2026-04-05T23:00:00.000Z,0.00000566767760637576,46779.773896445135,-0.030085484162866532,0.779289073669605,0.03077746511377638,0.012829482688688025,false,false
BONK,hour,2026-04-05T22:00:00.000Z,0.000005555579696108285,23840.478592888634,-0.04130802974810879,0.7987075131662761,0.051576014700060104,0.014883661808551439,false,false
BONK,hour,2026-04-05T21:00:00.000Z,0.000005433475386921904,10296.223818594604,-0.06994710208433294,0.5415210909305205,0.0431035760312026,0.016878607427619007,false,false
BONK,hour,2026-04-05T20:00:00.000Z,0.00000543730929642927,6674.794523113147,-0.04064597987848521,0.39761706901127825,0.022472598197514664,0.016850801272507893,false,false
BONK,hour,2026-04-05T19:00:00.000Z,0.000005430184144208255,14862.758866871483,-0.02257110126381061,0.008454160777724545,0.0013121382317419683,0.01668744432899914,false,false
BONK,hour,2026-04-05T18:00:00.000Z,0.000005460495686980571,11452.537768690956,0.004972931344035155,-0.4236562036740881,0.005582046937514276,0.016521632310437812,true,false
BONK,hour,2026-04-05T17:00:00.000Z,0.000005471407935090418,4903.712285037079,0.006271233950869928,-0.9106020357389594,0.007591600908439031,0.016252701885821827,true,false
BONK,hour,2026-04-05T16:00:00.000Z,0.000005448621864610379,11315.640400662616,0.0033954134726332116,-1.0189464906030195,0.004181987857890749,0.01163473820627822,true,false
BONK,hour,2026-04-05T15:00:00.000Z,0.000005473115885321934,9503.333896900318,0.002311181816598167,-1.0219403595347376,0.004495452486920938,0.00901285839857255,true,false
BONK,hour,2026-04-05T14:00:00.000Z,0.0000054738802201889655,9868.700876798464,0.0004518553776061847,-0.9927719978186604,0.0046357328891996055,0.0032676574407089886,true,false
BONK,hour,2026-04-05T13:00:00.000Z,0.0000054837933463312205,10365.163785139386,0.006455115182296925,-0.9424993894496769,0.0019508925506076422,0.0033277900739567814,true,false
BONK,hour,2026-04-05T12:00:00.000Z,0.000005456242560574504,7914.543340729302,-0.0030829467347258622,-0.925783403846471,0.0050494063361097175,0.0038016577664242344,true,false
BONK,hour,2026-04-05T11:00:00.000Z,0.000005509478956174917,7650.655694721986,0.006503382345608364,-0.8945899127530841,0.009756970114394567,0.004847088419068984,true,false
BONK,hour,2026-04-05T10:00:00.000Z,0.000005498848657597217,7309.929112909795,0.0027454191496966082,-0.8285772153192406,0.009756970114394567,0.004843319824990099,true,false
BONK,hour,2026-04-05T09:00:00.000Z,0.000005524471857372756,9939.27523839943,0.012504813713976137,-0.7836533724718505,0.004659739041942588,0.004904815217192173,true,false
BONK,hour,2026-04-05T08:00:00.000Z,0.000005519994259470434,13216.163216773273,0.0019085839839230504,-0.7201647665525102,0.004659739041942588,0.00461270475868843,true,false
BONK,hour,2026-04-05T07:00:00.000Z,0.00000551322177567412,10923.897905190484,0.0026138413642363824,-0.6658621050441256,0.0020405639672023616,0.004635683799098054,true,false
BONK,hour,2026-04-05T06:00:00.000Z,0.0000055529907547717175,18966.01930909432,0.005162284854596696,-0.5921442146416505,0.007213382794261782,0.00532934235216773,true,false
BONK,hour,2026-04-05T05:00:00.000Z,0.000005600515554942154,9840.255624313619,0.014587206378624993,-0.5489104176327505,0.01583353306286325,0.00592897666557673,true,false
BONK,hour,2026-04-05T04:00:00.000Z,0.00000563768275258567,6642.647821009293,0.022574999152166635,-0.5113260082132021,0.015251600723659855,0.0052853252640442045,true,false
BONK,hour,2026-04-05T03:00:00.000Z,0.000005672081787899435,3002.40067788118,0.021446286944631042,-0.500097112111362,0.012778508023984949,0.005717349455580838,true,false
BONK,hour,2026-04-05T02:00:00.000Z,0.000005669628640256469,3639.2078136941755,0.01234048627064816,-0.515023526160846,0.006101626647577493,0.005443099247672075,true,false
BONK,hour,2026-04-05T01:00:00.000Z,0.00000567135194191665,14414.542501650698,0.005972168142227921,-0.49587570042427326,0.0004326822440446034,0.005435678671993692,true,false
BONK,hour,2026-04-05T00:00:00.000Z,0.000005687467277187056,21664.500986094616,0.002712494259240733,-0.43515569324897274,0.0031463501513883827,0.005521005500284609,true,false
BONK,hour,2026-04-04T23:00:00.000Z,0.0000056958994085829725,14254.908736818526,0.004633595953705142,-0.4494503058258816,0.004328327163915408,0.0048389089773723535,true,false
BONK,hour,2026-04-04T22:00:00.000Z,0.000005712767060474602,4659.012424928386,0.007302512519432076,-0.4199127218533232,0.004448339138411492,0.0037801096462852404,true,false
BONK,hour,2026-04-04T21:00:00.000Z,0.000005705565706173008,20969.668680684565,0.0031821596686008886,-0.3389110937691321,0.0029613675877442954,0.002875127479580847,true,false
BONK,hour,2026-04-04T20:00:00.000Z,0.000005721241119065805,15238.285954377054,0.004449114821909632,-0.21925341006014767,0.0027473897769396466,0.0020138102646834813,true,false
BONK,hour,2026-04-04T19:00:00.000Z,0.0000057461927380615436,40174.640464844975,0.005851048578228683,0.061604448629889404,0.0071205966210466974,0.002595010332597693,false,false
BONK,hour,2026-04-04T18:00:00.000Z,0.000005738133767060463,19137.05572808226,0.005708121256445941,0.603802255104709,0.0043612248595130895,0.002646181291382637,false,false
BONK,hour,2026-04-04T17:00:00.000Z,0.000005747431665540372,44512.21244366464,0.004577773586099602,0.977797892697407,0.0016203697678298507,0.002495305606626309,false,false
BONK,hour,2026-04-04T16:00:00.000Z,0.000005687838012915462,15291.64573313367,-0.0101553720534908,1.0453127790195988,0.01047738217747936,0.004629522922768435,false,false
BONK,hour,2026-04-04T15:00:00.000Z,0.000005716221093614574,60169.52020059026,-0.0038187805191434022,1.2761269524171552,0.01047738217747936,0.004870631127155194,false,false
BONK,hour,2026-04-04T14:00:00.000Z,0.000005698705163117942,20211.948629007686,-0.00847796115864708,1.2373343111771253,0.004990135203334262,0.004984099963049523,false,false
BONK,hour,2026-04-04T13:00:00.000Z,0.000005676290731240397,22154.777927470415,-0.0020301706287774064,1.2915415481669734,0.007034587244521068,0.005097517977897634,false,false
BONK,hour,2026-04-04T12:00:00.000Z,0.000005695904548059344,2928.150351628423,-0.0035541916980651677,0.8722130858778494,0.003948781508703142,0.004997910739635607,false,false
BONK,hour,2026-04-04T11:00:00.000Z,0.000005703203729570292,25875.090044859277,0.0007894015085154552,0.8943996002703761,0.0047413001912983655,0.004993197250560991,false,false
BONK,day,2026-05-04T00:00:00.000Z,0.00000621855893994851,555438.4909655631,,,,,false,false
BONK,day,2026-05-03T00:00:00.000Z,0.000006234773385515588,512409.32142157125,,0,,0.0026040346962282845,false,false
BONK,day,2026-05-02T00:00:00.000Z,0.000006303853287864777,725465.6773107364,,0,0.01371609543946413,0.008006121870221372,false,false
BONK,day,2026-05-01T00:00:00.000Z,0.000006224054365486902,2479068.3143610517,0.0008837136692697244,0,0.012821051631613135,0.009840262647676155,false,false
BONK,day,2026-04-30T00:00:00.000Z,0.000006159611483045321,1710127.1363521153,-0.01205527415717789,0,0.02341735436017185,0.00998517604083915,false,false
BONK,day,2026-04-29T00:00:00.000Z,0.000006175314379307604,1695833.9780117178,-0.020390529837459356,0,0.010462166748497679,0.009003305254338918,false,false
BONK,day,2026-04-28T00:00:00.000Z,0.000006233936126672243,691873.2500575519,0.0015876726977412641,0,0.01206644994274475,0.009078958493006009,false,false
BONK,day,2026-04-27T00:00:00.000Z,0.000006227149974598031,767900.9472910956,0.010964732392394138,0.12370899721101278,0.00949291708306712,0.008415557247001066,false,false
BONK,day,2026-04-26T00:00:00.000Z,0.000006309046444160516,540642.5754043616,0.0216559120133259,0.23219978397618884,0.013151517130077029,0.00970776576899847,false,false
BONK,day,2026-04-25T00:00:00.000Z,0.000006216359842505282,531997.0715492194,-0.0028194520780794765,0.2779117573012606,0.014910108810219596,0.010401314421395047,false,false
BONK,day,2026-04-24T00:00:00.000Z,0.000006321971283742888,562877.7091285975,0.0152270797285523,-0.0796474149040546,0.016989274095021226,0.01120473110474758,false,false
BONK,day,2026-04-23T00:00:00.000Z,0.0000063455094649382195,593944.4236162064,0.005779482066018553,-0.28786532809057347,0.0207757635827092,0.01058509987509062,false,false
BONK,day,2026-04-22T00:00:00.000Z,0.000006339962521470129,960348.4989370691,0.019883449815709643,-0.47815748287357623,0.00372323443731245,0.010546445721915897,true,false
BONK,day,2026-04-21T00:00:00.000Z,0.000006180733042509002,372699.7466650697,-0.0223408545997486,-0.4879433328747963,0.026659689278915783,0.013816729841113227,true,false
BONK,day,2026-04-20T00:00:00.000Z,0.000006111526631280292,515012.819729238,-0.03687376639350825,-0.5150452344542545,0.03737787691550682,0.01445150395617714,true,false
BONK,day,2026-04-19T00:00:00.000Z,0.0000059134562546550946,771896.7309835304,-0.06727267951043578,-0.46040785198198797,0.04519806629896111,0.01842612319455657,true,false
BONK,day,2026-04-18T00:00:00.000Z,0.000006047233698208364,530596.7349973463,-0.02159927364318674,-0.4331224121523335,0.033494857845490236,0.01948644178708281,true,false
BONK,day,2026-04-17T00:00:00.000Z,0.000006427122103423492,1085267.0238524056,0.05163938426250241,-0.3287108809077429,0.08686389594309382,0.0294865896518611,true,false
BONK,day,2026-04-16T00:00:00.000Z,0.000006510256345507046,1797648.7658789891,0.10092238196268866,-0.09568700907194616,0.0765676787777962,0.02985099861315488,false,false
BONK,day,2026-04-15T00:00:00.000Z,0.0000060917080507169565,533118.8405016041,0.007354495415278782,-0.17247607334198067,0.06870787163558,0.03900999016475622,false,false
BONK,day,2026-04-14T00:00:00.000Z,0.000005862994559335799,633515.9018339391,-0.08777296198981542,-0.08444258774248073,0.11039781456740312,0.04047910886354726,false,false
BONK,day,2026-04-13T00:00:00.000Z,0.000006120702310610978,394244.83236676553,-0.05983697326525596,-0.07563190364286103,0.043954970223334784,0.04341415307121935,false,false
BONK,day,2026-04-12T00:00:00.000Z,0.000005629774768882172,293892.20363928267,-0.07582984574916025,-0.1558585710462759,0.08720198620419821,0.05223336756644269,false,false
BONK,day,2026-04-11T00:00:00.000Z,0.0000059393849061062835,368683.26850810106,0.01302923719225457,-0.16348364904014967,0.08720198620419821,0.0553739934682244,false,false
BONK,day,2026-04-10T00:00:00.000Z,0.000005960434010727481,424757.56637100107,-0.02618462584034722,-0.312320761103459,0.058734008982558934,0.050376439677179884,false,false
BONK,day,2026-04-09T00:00:00.000Z,0.000005879141523344831,447568.59514554986,0.044294268367715196,-0.6551430289983292,0.013827271730040029,0.050409621381862585,false,false
BONK,day,2026-04-08T00:00:00.000Z,0.000005798565925188045,1133610.5190309081,-0.02370935427563587,-0.5226884086497083,0.027915192761076766,0.0440173788249139,true,false
BONK,day,2026-04-07T00:00:00.000Z,0.000006100791759180926,1302446.395325276,0.02354824299720983,-0.37480498699527515,0.05212078950073838,0.04579412234342019,true,false
BONK,day,2026-04-06T00:00:00.000Z,0.000005647963227302413,1333276.2927102072,-0.03932177769908363,-0.1516998528439709,0.08017554535226551,0.05179264922193467,false,false
BONK,day,2026-04-05T00:00:00.000Z,0.00000566767760637576,294987.157953604,-0.022572532674626878,-0.1166394588994312,0.08017554535226551,0.0410562190545504,false,false
BONK,day,2026-04-04T00:00:00.000Z,0.0000056958994085829725,456627.78574760706,-0.06636718094641424,-0.08589598617211963,0.008487339479980028,0.03577278551158091,false,false
BONK,day,2026-04-03T00:00:00.000Z,0.000005720788325683056,767123.1799746804,0.012894046127744639,-0.008696174652277585,0.009370808115046963,0.035785751926312136,false,false
BONK,day,2026-04-02T00:00:00.000Z,0.00000565094576311475,812546.6856704571,-0.0029521515553722075,0.0859868206836439,0.0123594466300115,0.03571043570668476,false,false
BONK,day,2026-04-01T00:00:00.000Z,0.000005884982629785363,1075976.116954178,0.033196376487524853,0.19661607890455532,0.041415521663335564,0.03851346693279375,false,false
BONK,day,2026-03-31T00:00:00.000Z,0.0000058745235087902135,372626.5593864434,0.02687307663822741,-0.012740459722143174,0.041415521663335564,0.03339103557764553,false,false
BONK,day,2026-03-30T00:00:00.000Z,0.000005779609213934325,658061.9549415157,0.022768480925687895,-0.1912484352912863,0.018231927445369257,0.0174110450245666,false,false
BONK,day,2026-03-29T00:00:00.000Z,0.000005640300343266343,400362.32476690045,-0.04157740165291604,-0.1189910167896153,0.041526718661976464,0.019658401381731062,false,false
BONK,day,2026-03-28T00:00:00.000Z,0.000005738454942243233,250397.6178458882,-0.02316248566260355,-0.14996693317550813,0.024698839102477128,0.02062644798687316,false,false
BONK,day,2026-03-27T00:00:00.000Z,0.000005726543219116263,366281.272836641,-0.009181588729238351,-0.28927198767249523,0.017402370973749918,0.02057550486775509,false,false
BONK,day,2026-03-26T00:00:00.000Z,0.000005917207477609092,701973.8933408554,0.04909439524321322,-0.3487735882514013,0.033294825725990504,0.023559349614877958,false,false
BONK,day,2026-03-25T00:00:00.000Z,0.000006209115795452083,1176398.3035706456,0.08201874162052111,-0.3555049912821223,0.0842694375770889,0.025515512266140506,false,false
BONK,day,2026-03-24T00:00:00.000Z,0.000006182450295402605,653837.193841328,0.07961296350029101,-0.25396599288115507,0.049332107915360704,0.02555847127307845,false,false
BONK,day,2026-03-23T00:00:00.000Z,0.0000059681233890478435,736628.839189634,0.008604719647134083,-0.2058161578182968,0.040379930288721354,0.028163172843694226,false,false
BONK,day,2026-03-22T00:00:00.000Z,0.00000569072516616689,368196.7761884318,-0.08348863934296291,-0.21770480383322494,0.08640816677620852,0.032120578366582164,false,false
BONK,day,2026-03-21T00:00:00.000Z,0.00000576853271781236,338746.3951689066,-0.06695040927349506,-0.16611811481465028,0.04874567208590068,0.031867771481673135,false,false
BONK,day,2026-03-20T00:00:00.000Z,0.000005922846680273438,606168.1421165675,-0.007586423038352979,-0.06022817175573517,0.04078944375781522,0.03338412062025909,false,false
BONK,day,2026-03-19T00:00:00.000Z,0.000005960922518392106,607258.1020883409,0.04748030248088984,-0.10326195095099482,0.03335160083008189,0.031098529737268194,false,false
BONK,day,2026-03-18T00:00:00.000Z,0.000006168968974945602,1846757.9181071927,0.06941735042894963,0.07470394936688808,0.04155473000709211,0.028354813018819282,false,false
BONK,day,2026-03-17T00:00:00.000Z,0.000006637232374039429,1418001.2551125132,0.12061526025066896,0.3876670334083778,0.11345724651857254,0.039573295545912934,false,false
BONK,day,2026-03-16T00:00:00.000Z,0.000006640483133059323,2261056.5342730135,0.11400259147312675,0.6475736003612996,0.07643321923464176,0.037259189067360865,false,false
BONK,day,2026-03-15T00:00:00.000Z,0.00000607611755117852,514444.16296581225,-0.015051368250381123,0.6968504422446413,0.09288259766655418,0.046814585322524395,false,false
BONK,day,2026-03-14T00:00:00.000Z,0.00000604300264347099,494916.1963661048,-0.08952974629797238,0.7390594017520985,0.0988714592461523,0.046578175259575645,false,false
BONK,day,2026-03-13T00:00:00.000Z,0.000006140062495778564,1594906.9676860864,-0.07535907060578756,0.9125648659728646,0.016061527362136695,0.045893734218268194,false,false
BONK,day,2026-03-12T00:00:00.000Z,0.000006074155691774374,1042364.4436692527,-0.00032288042283927217,1.0010625552527619,0.016061527362136695,0.04601093999271927,false,false
BONK,day,2026-03-11T00:00:00.000Z,0.000005962385496283392,651779.0912301017,-0.013340577845799763,0.6462128445917813,0.029799649755274264,0.04470066247658733,false,false
BONK,day,2026-03-10T00:00:00.000Z,0.0000059405203455558185,782423.6709185907,-0.03249839075089792,0.44264211671244086,0.02249556241626712,0.03514798778466597,false,false
BONK,day,2026-03-09T00:00:00.000Z,0.000005847983911045883,789910.3734185591,-0.037235097716506155,0.03344855443748714,0.019562568395823123,0.035644895391268694,false,false
BONK,day,2026-03-08T00:00:00.000Z,0.00000556044200981935,246069.89979566043,-0.06741320008821809,0.02683984231651366,0.06835397888608084,0.022511092805549106,false,false
BONK,day,2026-03-07T00:00:00.000Z,0.000005678418596693189,409311.0661854593,-0.044121008533993415,0.06604004033484134,0.051712058271402656,0.023779274108325723,false,false
BONK,day,2026-03-06T00:00:00.000Z,0.000005852787375550837,762408.1854878594,0.0008213881190543074,-0.218866620220604,0.05257592206073294,0.025687858698846346,false,false
BONK,day,2026-03-05T00:00:00.000Z,0.0000060966325455083485,839341.0727726811,0.09642948073950307,-0.3100000333590307,0.07364972160712237,0.029685858664807805,false,false
BONK,day,2026-03-04T00:00:00.000Z,0.000006255944935530382,1303307.4950941866,0.1017054887734966,-0.14602289896112078,0.06888300122838509,0.030447222727928082,false,false
BONK,day,2026-03-03T00:00:00.000Z,0.000005976211174246156,1178666.2470873587,0.021088037336005696,-0.05220321522023724,0.046807877621478464,0.03498648531264465,false,false
BONK,day,2026-03-02T00:00:00.000Z,0.000006020240998243801,1239135.983166849,-0.012530121619487886,0.06943613351767636,0.046807877621478464,0.03459103870146607,false,false
BONK,day,2026-03-01T00:00:00.000Z,0.000005830295836708771,883937.1442916077,-0.0680391376855244,0.225641985873952,0.032578992019426316,0.03130833228272499,false,false
BONK,day,2026-02-28T00:00:00.000Z,0.000006017345790608724,838316.0408122968,0.006883059377123946,0.3422630977888836,0.032578992019426316,0.032553005780873605,false,false
BONK,day,2026-02-27T00:00:00.000Z,0.000005935291300830216,809329.6510108516,-0.014110680525641111,0.33265706470076134,0.032082412134603285,0.030918394072999317,false,false
BONK,day,2026-02-26T00:00:00.000Z,0.000006129498170094446,905082.700680485,0.05131855085325753,0.3153702339460785,0.03272069716899405,0.029428138716843803,false,false
BONK,day,2026-02-25T00:00:00.000Z,0.000006436941158153674,1375763.2964338274,0.069730971452532,0.2652821321491254,0.08451983767895078,0.03336352280911247,false,false
BONK,day,2026-02-24T00:00:00.000Z,0.000005734396940278845,804284.475417685,-0.033847430626239065,0.14024130545134994,0.1225140542574067,0.05217532711994748,false,false
BONK,day,2026-02-23T00:00:00.000Z,0.000005856589373658652,956943.8762470916,-0.044523840102816896,0.06767998555571957,0.1225140542574067,0.05270746779458964,false,false
BONK,day,2026-02-22T00:00:00.000Z,0.00000610082882765334,567232.0503192296,-0.052216157060031666,-0.026350994576088225,0.06390068409820905,0.05356976472624025,false,false
BONK,day,2026-02-21T00:00:00.000Z,0.000006275371783359792,1006805.8786372042,0.09433857626441912,0.007001620966285161,0.07150619293623516,0.053300404156018236,false,false
BONK,day,2026-02-20T00:00:00.000Z,0.000006429608103428446,1196092.2035077615,0.09784171182413372,0.06971280182863282,0.0538909195886372,0.05383516433180199,false,false
BONK,day,2026-02-19T00:00:00.000Z,0.000006170431591690163,841307.9947750523,0.011408739042363048,0.011563837697842172,0.042002979513997236,0.05469896448835549,false,false
BONK,day,2026-02-18T00:00:00.000Z,0.000006169408896956631,881183.1663787349,-0.016885515322636286,-0.17684146512018226,0.042175710966438115,0.051476326198877036,false,false
BONK,day,2026-02-17T00:00:00.000Z,0.000006501901328798512,1111281.8840546377,0.01124379965421485,-0.11420017901058734,0.053893725865033666,0.033694914634103,false,false
BONK,day,2026-02-16T00:00:00.000Z,0.000006586779249074743,1213265.4273623982,0.0674746411491351,0.02545463174526194,0.06765159500515525,0.03310390148090815,false,false
BONK,day,2026-02-15T00:00:00.000Z,0.000006541872350357091,1697591.900411788,0.06037263206596601,0.4016666134172098,0.013054323033215855,0.029395252406644756,false,false
BONK,day,2026-02-14T00:00:00.000Z,0.00000718406836450625,1903277.2641672543,0.10491808491252454,0.8184038506290743,0.09816700475882936,0.04475612353431248,false,false
BONK,day,2026-02-13T00:00:00.000Z,0.000006277867042718049,1017498.7096312459,-0.04689882485436075,0.72219625792218,0.14434860050745116,0.06720208793171166,false,false
BONK,day,2026-02-12T00:00:00.000Z,0.000006083369862428568,1161852.1169760944,-0.07008734860188692,0.8104074638963815,0.18093565358826744,0.06645127522722216,false,false
BONK,day,2026-02-11T00:00:00.000Z,0.000005871203637071544,1236857.8514435634,-0.18274669182173592,1.0332977892154558,0.06926406079305085,0.06779229299191694,false,false
BONK,day,2026-02-10T00:00:00.000Z,0.000005967116338461881,891383.4602610624,-0.049499408340707055,0.9537205133040552,0.03613675124762822,0.06511283484200911,false,false
BONK,day,2026-02-09T00:00:00.000Z,0.0000061953106133456336,1250039.01355353,0.018401108834171197,0.9168365688522521,0.05520281637442039,0.06645940517017823,false,false
BONK,day,2026-02-08T00:00:00.000Z,0.000006250081426336133,885034.543292374,0.06453153606737558,0.5606247659908926,0.04742074258722947,0.06649236233939816,false,false
BONK,day,2026-02-07T00:00:00.000Z,0.000006468900482654256,719537.6464981317,0.08409156378568575,0.05640860169005766,0.04416079941484585,0.057772827743821475,false,false
BONK,day,2026-02-06T00:00:00.000Z,0.000006523105164956194,1091498.0824276076,0.052910107671509124,0.0038381350604520946,0.043683229064762887,0.02739367901744775,false,false
BONK,day,2026-02-05T00:00:00.000Z,0.000005846227632241562,1221232.7920016383,-0.06461576522712831,-0.06219254270383489,0.11578022193006936,0.04820269795817827,false,false
BONK,day,2026-02-04T00:00:00.000Z,0.00000695071442134377,710277.567570888,0.07448158152710073,-0.32221481347542513,0.1889229873655681,0.08013369956256852,false,false
FLOKI,hour,2026-05-04T09:00:00.000Z,0.0000324413310005673,2522.9035830872117,,,,,false,false
FLOKI,hour,2026-05-04T08:00:00.000Z,0.000032407250691525,0,,0,,0.001051073478881999,false,false
FLOKI,hour,2026-05-04T07:00:00.000Z,0.000032407250691525,0,,0,0.0010516260501917001,0.0007432211844427969,false,false
FLOKI,hour,2026-05-04T06:00:00.000Z,0.000032407250691525,2308.6900409760424,-0.001050521294631984,0,0,0.0006068375559705985,false,false
FLOKI,hour,2026-05-04T05:00:00.000Z,0.0000327228058637084,4105.164597748079,0.009737178114462135,0,0.009737178114462135,0.004873457539751259,false,false
FLOKI,hour,2026-05-04T04:00:00.000Z,0.0000329026683748205,7.97982462996194,0.015287248153545567,0,0.015287248153545567,0.0050009834384130885,false,false
FLOKI,hour,2026-05-04T03:00:00.000Z,0.0000328303953460709,3518.6358763020676,0.01305709819613181,0,0.005496549160888958,0.004652682346727428,false,false
FLOKI,hour,2026-05-04T02:00:00.000Z,0.0000327855182499547,260.1018811429736,0.0019164733766260616,-0.08269254937027522,0.0035732277883379266,0.004338462423419822,false,false
FLOKI,hour,2026-05-04T01:00:00.000Z,0.0000323189155064355,16239.741636009898,-0.017741809318776485,0.11531890024608021,0.015826021127891898,0.006929450445394077,false,false
FLOKI,hour,2026-05-04T00:00:00.000Z,0.0000318562212254508,1185.63426837993,-0.029672932974189284,0.2008210289582047,0.029171602555342,0.00881603240266153,false,false
FLOKI,hour,2026-05-03T23:00:00.000Z,0.0000318375109419229,307.66239701911724,-0.028915428476812697,0.19858641165003257,0.015120672133910313,0.008818828532150167,false,false
FLOKI,hour,2026-05-03T22:00:00.000Z,0.0000319208388497869,0,-0.01231714153803615,0.12276560068577107,0.00261728713705055,0.008082934974361623,false,false
FLOKI,hour,2026-05-03T21:00:00.000Z,0.0000319208388497869,0,0.002028414603188223,0.17181409599448022,0.00261728713705055,0.007812901796835173,false,false
FLOKI,hour,2026-05-03T20:00:00.000Z,0.0000319208388497869,22.239169678784233,0.00261728713705055,0.0958067081080529,0,0.00776856761983873,false,false
FLOKI,hour,2026-05-03T19:00:00.000Z,0.0000318111112945124,325.15759139389985,-0.0034374897160708994,0.13149214394612416,0.0034493468102583242,0.007859848301343397,false,false
FLOKI,hour,2026-05-03T18:00:00.000Z,0.000031828772564257,83.62008277655082,-0.0028842063318932523,-0.42161172086058796,0.0034493468102583242,0.005698102789517131,true,false
FLOKI,hour,2026-05-03T17:00:00.000Z,0.0000320208332145371,2036.6240236580898,0.0031325732140297037,-0.4043056981105347,0.006592725355711742,0.00281667193847284,true,false
FLOKI,hour,2026-05-03T16:00:00.000Z,0.0000320273317679401,1891.968553516893,0.006797011001152943,-0.35422163415206886,0.006238355666472654,0.002808952513921702,true,false
FLOKI,hour,2026-05-03T15:00:00.000Z,0.0000318935634281828,3308.2473006023633,0.002035606738996823,-0.2519340221731444,0.004194211162967719,0.0030686688929513436,true,false
FLOKI,hour,2026-05-03T14:00:00.000Z,0.00003192688188456,5487.942947408289,-0.002934068871588571,-0.08353795746384807,0.004194211162967719,0.0030939413468991047,false,false
FLOKI,hour,2026-05-03T13:00:00.000Z,0.0000320049697050246,1594.8870486428866,-0.000698218105633425,-0.013819727741415854,0.00349306458316146,0.003228772696020618,false,false
FLOKI,hour,2026-05-03T12:00:00.000Z,0.0000319556270004241,25.18531205697461,0.001945959170760467,0.0014972382425184406,0.002445832973822707,0.0030118409156305523,false,false
FLOKI,hour,2026-05-03T11:00:00.000Z,0.0000320502471503971,3574.576855203017,0.003863993555122585,0.1285459205881119,0.002960985555743918,0.003205615128076989,false,false
FLOKI,hour,2026-05-03T10:00:00.000Z,0.0000319170866138789,54.31609057476363,-0.0027459201478920504,0.07167665436085283,0.004172076797896023,0.002753511913767831,false,false
FLOKI,hour,2026-05-03T09:00:00.000Z,0.0000318300708012709,2130.1079156500546,-0.003929079506139509,0.08234187815471425,0.006917243461406618,0.002939501570186539,false,false
FLOKI,hour,2026-05-03T08:00:00.000Z,0.0000320375669319498,2178.6394455293057,-0.00039563559019665444,0.03233025934460789,0.006518871163510576,0.0034884929531451814,false,false
FLOKI,hour,2026-05-03T07:00:00.000Z,0.0000319269703692547,3304.1663939745076,0.0003096697231603552,-0.08001899419585845,0.006518871163510576,0.003704342345415606,false,false
FLOKI,hour,2026-05-03T06:00:00.000Z,0.0000319245081272535,3058.5457795114344,0.002966921643756732,-0.025492665194468668,0.0035414423378316144,0.0035875481709112694,false,false
FLOKI,hour,2026-05-03T05:00:00.000Z,0.000032024418919204,0,-0.0004103936099059308,-0.0032133964009044315,0.003129595342620387,0.0037316550314920264,false,false
FLOKI,hour,2026-05-03T04:00:00.000Z,0.000032024418919204,0,0.0030522329185088287,-0.14751568733330453,0.003129595342620387,0.0035604012501352124,true,false
FLOKI,hour,2026-05-03T03:00:00.000Z,0.000032024418919204,2980.7663168358085,0.003129595342620387,-0.016086152845252714,0,0.0031937733628696536,false,false
FLOKI,hour,2026-05-03T02:00:00.000Z,0.0000320427853718591,13008.483094445664,0.0005735140019696416,0.29550397001755224,0.0005735140019696416,0.003030251688571968,false,false
FLOKI,hour,2026-05-03T01:00:00.000Z,0.0000323037857051928,1170.481115875537,0.008723555193729889,0.24637457696827553,0.008723555193729889,0.003542946835447706,false,false
FLOKI,hour,2026-05-03T00:00:00.000Z,0.0000324424656288383,235.26394307417257,0.01305399828452828,0.1430317416851968,0.012473330652778074,0.0036695677355468312,false,false
FLOKI,hour,2026-05-02T23:00:00.000Z,0.0000324666162572455,36.429575517840355,0.013227030062081287,0.06121815441986943,0.00504060278069902,0.0036802151244786662,false,false
FLOKI,hour,2026-05-02T22:00:00.000Z,0.000032505498305043,194.94600574119733,0.006244240278555847,0.0672313393270918,0.0019429064648116968,0.0035147975620041807,false,false
FLOKI,hour,2026-05-02T21:00:00.000Z,0.0000326476477866983,19.76242777539115,0.006324493341764117,0.09972008741893622,0.005575928455814942,0.003882510895974395,false,false
FLOKI,hour,2026-05-02T20:00:00.000Z,0.0000324477829492719,2285.41760434077,-0.0005800822550886629,0.05422624834542509,0.006159583776150882,0.004523357206997187,false,false
FLOKI,hour,2026-05-02T19:00:00.000Z,0.0000322654402168523,0,-0.00738515330353999,-0.4392979159733259,0.011845726178760518,0.004995063179809636,true,false
FLOKI,hour,2026-05-02T18:00:00.000Z,0.0000322654402168523,2268.9880642545345,-0.011707047697375716,-0.3918609466183367,0.005651332546343544,0.003943239445958578,true,false
FLOKI,hour,2026-05-02T17:00:00.000Z,0.0000324606349382592,1226.65407584912,0.0003960821917292004,-0.34993753794731103,0.0060496531302538905,0.004257281138867941,true,false
FLOKI,hour,2026-05-02T16:00:00.000Z,0.0000324434170049493,2747.333176278459,0.005516019211293617,-0.23487437569781955,0.0060496531302538905,0.004252711047846081,true,false
FLOKI,hour,2026-05-02T15:00:00.000Z,0.0000323891060602088,2895.382650763269,0.0038327647949432234,-0.12105505870282617,0.00220842396568269,0.004275735019745583,false,false
FLOKI,hour,2026-05-02T14:00:00.000Z,0.0000321234162366412,0.0828145286359022,-0.010388542992439832,-0.12185447262316677,0.00996160451773799,0.005025351869227942,false,false
FLOKI,hour,2026-05-02T13:00:00.000Z,0.0000320734144732628,0,-0.011404548775798086,-0.247010440739617,0.009842780761903711,0.004495993030323329,true,false
FLOKI,hour,2026-05-02T12:00:00.000Z,0.0000320734144732628,0,-0.009746844706338896,-0.24569808592269307,0.0015589784935458376,0.0039594312956230966,true,false
FLOKI,hour,2026-05-02T11:00:00.000Z,0.0000320734144732628,0,-0.0015565518626678497,-0.3443176857087686,0,0.0039594312956230966,true,false
FLOKI,hour,2026-05-02T10:00:00.000Z,0.0000320734144732628,0,0,-0.3851844080579512,0,0.003237317148384597,true,false
FLOKI,hour,2026-05-02T09:00:00.000Z,0.0000320734144732628,0,0,-0.49464643845862366,0,0.003231100126946294,true,false
FLOKI,hour,2026-05-02T08:00:00.000Z,0.0000320734144732628,6.947777136326061,0,-0.6039814760418785,0,0.003168438399252865,true,false
FLOKI,hour,2026-05-02T07:00:00.000Z,0.0000320710697410835,14.70550822012811,-0.00007310516257188548,-0.5786153425821741,0.00007311050732740935,0.0005894277058297736,true,false
FLOKI,hour,2026-05-02T06:00:00.000Z,0.000032098816422581,0,0.000791993921924743,-0.5781672410000482,0.0008651623323295846,0.00032802516255746084,true,false
FLOKI,hour,2026-05-02T05:00:00.000Z,0.000032098816422581,5148.933621401216,0.000791993921924743,-0.297384804682378,0.0008651623323295846,0.00032802516255746084,true,false
FLOKI,hour,2026-05-02T04:00:00.000Z,0.0000321807370997584,5443.723683500126,0.0034195104672301085,-0.06151585288045913,0.00255214011940239,0.0010177031829957644,false,false
FLOKI,hour,2026-05-02T03:00:00.000Z,0.0000322387741045111,6069.445563576525,0.004360213164484308,0.20845580839025352,0.004360213164484308,0.0012245516683084543,false,false
FLOKI,hour,2026-05-02T02:00:00.000Z,0.0000323058154902543,3260.980872825245,0.006448806864033806,0.363115193598356,0.0038867472211144343,0.001454654716540968,false,false
FLOKI,hour,2026-05-02T01:00:00.000Z,0.0000322908890523181,141.66997002301164,0.0034229157715757823,0.40783606632566666,0.002079526520638316,0.0014651044825319144,false,false
FLOKI,hour,2026-05-02T00:00:00.000Z,0.0000322894101934531,8.7212487938363,0.0015706580150301763,0.44336484098313506,0.0005080705006041653,0.0014649461624704025,false,false
FLOKI,hour,2026-05-01T23:00:00.000Z,0.000032295614472192,4004.411925660138,-0.00031576414052681496,0.5985313796878435,0.00019214592963240007,0.0014298613810270217,false,false
FLOKI,hour,2026-05-01T22:00:00.000Z,0.0000323630635348067,7746.768168551337,0.002235134572221329,0.6008468434434174,0.0022810370617587458,0.0016328862542946342,false,false
FLOKI,hour,2026-05-01T21:00:00.000Z,0.0000323806289323448,506.9514326227334,0.0028250357731897046,0.38975523190837585,0.0026323840416784664,0.0013342636879208115,false,false
FLOKI,hour,2026-05-01T20:00:00.000Z,0.000032627272915384,5.406199167352507,0.010269457590830866,0.33496963582361955,0.00816391749480534,0.0030890436283233656,false,false
FLOKI,hour,2026-05-01T19:00:00.000Z,0.000032673184011933,1630.9800853786903,0.009582543902024825,0.22031986410739854,0.009034879470669218,0.0030344953789310618,false,false
FLOKI,hour,2026-05-01T18:00:00.000Z,0.0000326921260660583,489.94699382214003,0.009619860514887855,0.23991348059428994,0.001987697557270234,0.003037373564297573,false,false
FLOKI,hour,2026-05-01T17:00:00.000Z,0.0000326948024150535,5376.785735507559,0.0020697255282300007,0.49287869216475905,0.0006616558432934863,0.003037481828255482,false,false
FLOKI,hour,2026-05-01T16:00:00.000Z,0.0000328112912385559,0,0.0042269289265611945,0.2404638572940433,0.0036450725858822937,0.003320852823067654,false,false
FLOKI,hour,2026-05-01T15:00:00.000Z,0.0000328112912385559,45.6410873596348,0.0036450725858822937,-0.2490115464587574,0.0035629156593025685,0.003225871901046994,true,false
FLOKI,hour,2026-05-01T14:00:00.000Z,0.0000331253592455325,11.5238795160116,0.013168968725156112,-0.24486211321283963,0.009571949018804399,0.004829997795745312,true,false
FLOKI,hour,2026-05-01T13:00:00.000Z,0.0000324380234856823,0,-0.011376198216636343,-0.24520283710901306,0.021189199772100056,0.008826679469493096,true,false
FLOKI,hour,2026-05-01T12:00:00.000Z,0.0000324380234856823,0,-0.011376198216636343,-0.3125060138715701,0.021189199772100056,0.008810664290171558,true,false
FLOKI,hour,2026-05-01T11:00:00.000Z,0.0000324380234856823,0,-0.02074953375616279,-0.32292089558057296,0,0.008807940648607045,true,false
FLOKI,hour,2026-05-01T10:00:00.000Z,0.0000324380234856823,5495.016383310432,0,-0.3406412156516575,0,0.008807886303239332,true,false
FLOKI,hour,2026-05-01T09:00:00.000Z,0.0000325333469121018,5688.277813160013,0.0029386323880545868,-0.039003522200065796,0.0029386323880545868,0.008775070153507598,false,false
FLOKI,hour,2026-05-01T08:00:00.000Z,0.0000326527045089139,0,0.006618190634406404,-0.0416120002247025,0.006618190634406404,0.008883561886661626,false,false
FLOKI,hour,2026-05-01T07:00:00.000Z,0.0000326527045089139,0,0.006618190634406404,-0.0422708990129624,0.003668777059260921,0.008121144086787187,false,false
FLOKI,hour,2026-05-01T06:00:00.000Z,0.0000326527045089139,20.962888476547057,0.003668777059260921,-0.041359818129987284,0,0.001773654859219712,false,false
FLOKI,hour,2026-05-01T05:00:00.000Z,0.0000326552887723254,43.2396429507182,0.00007914393157831535,-0.039479374720604136,0.00007914393157831535,0.0017739070753419969,false,false
FLOKI,hour,2026-05-01T04:00:00.000Z,0.0000328881738143745,0,0.00721132625924819,-0.039479374720604136,0.00721132625924819,0.0032188471783948505,false,false
FLOKI,hour,2026-05-01T03:00:00.000Z,0.0000328881738143745,4988.929988136566,0.00721132625924819,-0.13255696056873081,0.007131617903390486,0.0032188471783948505,false,false
FLOKI,hour,2026-05-01T02:00:00.000Z,0.0000322723037297914,14.529285257904275,-0.011728116851276258,-0.451339704491818,0.019083548845463375,0.007757651025293487,true,false
FLOKI,hour,2026-05-01T01:00:00.000Z,0.0000324464156844842,5396.093413241,-0.013432127073508259,-0.21440922176069027,0.019083548845463375,0.007899439957400917,true,false
FLOKI,hour,2026-05-01T00:00:00.000Z,0.0000321308141543159,0,-0.023028328186698654,-0.21440922176069027,0.009822394435838076,0.008720651122263376,true,false
FLOKI,hour,2026-04-30T23:00:00.000Z,0.0000321308141543159,15.21956458506115,-0.0043842415670155,-0.15117753521604138,0.009822394435838076,0.008720651122263376,true,false
FLOKI,hour,2026-04-30T22:00:00.000Z,0.0000321651668106947,3379.4833865019227,-0.00866810302020475,0.06409785452141299,0.0010691498887583964,0.008729947547405897,false,false
FLOKI,hour,2026-04-30T21:00:00.000Z,0.0000323896176333918,2.63209224685876,0.008054681647123542,0.1524210142283382,0.008054681647123542,0.008712389565572085,false,false
FLOKI,hour,2026-04-30T20:00:00.000Z,0.0000321954139251129,65.24571510873022,0.002010523931536499,-0.09919695302309155,0.006978071154366706,0.009004024820821592,false,false
FLOKI,hour,2026-04-30T19:00:00.000Z,0.0000321922968302202,83.12865562643022,0.0008434596246669722,-0.09419137761029887,0.00612944159319412,0.0054793789766526425,false,false
FLOKI,hour,2026-04-30T18:00:00.000Z,0.0000321911638834012,1229.0937425520306,-0.006127079122601637,-0.36488691302213744,0.00013202510251250716,0.005088020548981208,true,false
FLOKI,hour,2026-04-30T17:00:00.000Z,0.0000322105037378111,93.7682922799023,0.0004686944772102443,-0.308017611360615,0.0006007814591591522,0.0035058351948547336,true,false
FLOKI,hour,2026-04-30T16:00:00.000Z,0.000032486975659451,3586.90016190941,0.009153706266592641,-0.032500202569622993,0.00918922276688259,0.004767172273216516,false,false
FLOKI,hour,2026-04-30T15:00:00.000Z,0.0000323304931423855,0,0.0043281833328227,-0.25888226044702034,0.008583284629459374,0.005088548091557597,true,false
FLOKI,hour,2026-04-30T14:00:00.000Z,0.0000323304931423855,7276.336109545336,0.0037251638642815574,0.11449406974102938,0.004840090634446529,0.00435721735426995,false,false
FLOKI,hour,2026-04-30T13:00:00.000Z,0.0000323439099610209,0,-0.004403786302849533,0.13312231470672137,0.0004149896067564701,0.003720645666270693,false,false
FLOKI,hour,2026-04-30T12:00:00.000Z,0.0000323439099610209,0,0.0004149896067564701,0.13455645779481695,0.0004149896067564701,0.0037204656887658786,false,false
FLOKI,hour,2026-04-30T11:00:00.000Z,0.0000323439099610209,10.29300364888545,0.0004149896067564701,0.14313465725375887,0,0.0037204419090613133,false,false
FLOKI,hour,2026-04-30T10:00:00.000Z,0.0000324939434080401,0,0.004638692328788049,0.13711557587369688,0.004638692328788049,0.004104860718098575,false,false
FLOKI,hour,2026-04-30T09:00:00.000Z,0.0000324939434080401,1991.603370357208,0.004638692328788049,0.005584627790111715,0.004638692328788049,0.002532751556301278,false,false
FLOKI,hour,2026-04-30T08:00:00.000Z,0.0000321781570115649,50.23573297097151,-0.005124703527055259,0.008241384877704643,0.009813688097851788,0.004087646565955393,false,false
FLOKI,hour,2026-04-30T07:00:00.000Z,0.0000320545898432222,0,-0.01352109097073113,-0.46060289056989584,0.013706416677510496,0.004338616226433449,true,false
FLOKI,hour,2026-04-30T06:00:00.000Z,0.0000320545898432222,0,-0.01352109097073113,-0.46060289056989584,0.0038548978148546346,0.004335781201467851,true,false
FLOKI,hour,2026-04-30T05:00:00.000Z,0.0000320545898432222,0,-0.003840094642408778,-0.46060289056989584,0,0.004335781201467851,true,false
FLOKI,hour,2026-04-30T04:00:00.000Z,0.0000320545898432222,2422.2757286658184,0,-0.27489060068846266,0,0.004335781201467851,true,false
FLOKI,hour,2026-04-30T03:00:00.000Z,0.0000322377767172838,0,0.00571484068139892,-0.19971642831014236,0.00571484068139892,0.004514241710711109,true,false
FLOKI,hour,2026-04-30T02:00:00.000Z,0.0000322377767172838,11.0091105358431,0.00571484068139892,-0.3468683885549579,0.00571484068139892,0.004514241710711109,true,false
FLOKI,hour,2026-04-30T01:00:00.000Z,0.000032648983946558,3650.146116654051,0.01854318231002057,-0.1396201749704006,0.012755446285281127,0.0054501239314062,true,false
FLOKI,hour,2026-04-30T00:00:00.000Z,0.0000322951255270632,7849.380252551147,0.001778931912157875,0.2547073720408183,0.012755446285281127,0.00667487578959961,false,false
FLOKI,hour,2026-04-29T23:00:00.000Z,0.0000322023727496792,2567.486947214446,-0.001098213686231683,0.378609909284362,0.013868890977397042,0.006762819717906936,false,false
FLOKI,hour,2026-04-29T22:00:00.000Z,0.0000319981557028589,0,-0.019934104067814873,0.378609909284362,0.009280841901077681,0.007177579323398473,false,false
FLOKI,hour,2026-04-29T21:00:00.000Z,0.0000319981557028589,5835.196216433838,-0.009195499920117697,0.5672517649052476,0.006382150543822007,0.007177579323398473,false,false
FLOKI,hour,2026-04-29T20:00:00.000Z,0.0000318739115013286,6941.87104549445,-0.010199908277065378,0.8301594660398839,0.0038979904152998735,0.0070029085181494725,false,false
FLOKI,hour,2026-04-29T19:00:00.000Z,0.0000316690446551214,4664.31327077903,-0.010285313028465937,1.1184726283888102,0.010392200059128515,0.007414887091518131,false,false
FLOKI,hour,2026-04-29T18:00:00.000Z,0.0000315317506365559,12006.471589991277,-0.014575998399224303,1.1627635102234375,0.010851312022492864,0.005892976449899322,false,false
FLOKI,hour,2026-04-29T17:00:00.000Z,0.0000320375246556381,1766.406682255276,0.005133136995209273,0.8675713813666248,0.016040150288891355,0.007344147822081567,false,false
FLOKI,hour,2026-04-29T16:00:00.000Z,0.0000320315086552575,647.6705042675007,0.011445372100212113,0.8064622680101592,0.016040150288891355,0.007263592896832113,false,false
FLOKI,hour,2026-04-29T15:00:00.000Z,0.0000318941464926524,17762.35916838887,0.011493045859507958,1.0686639617258162,0.004495438152537698,0.0070438843642824,false,false
FLOKI,hour,2026-04-29T14:00:00.000Z,0.0000326073752348333,10320.543199018293,0.017786972786454483,1.0910128138810167,0.022362371175074558,0.010931158512604568,false,false
FLOKI,hour,2026-04-29T13:00:00.000Z,0.0000326911481464273,1353.134962495989,0.020593456844922215,0.9008263737285438,0.024988963224286422,0.0108751343817208,false,false
FLOKI,hour,2026-04-29T12:00:00.000Z,0.0000332547088508141,18789.002398564815,0.04265868530061272,1.0351058768839256,0.019852368101351523,0.012412198552731409,false,false
FLOKI,hour,2026-04-29T11:00:00.000Z,0.0000337402253941249,0,0.03474214502495181,0.7001866631884566,0.03209055989709102,0.013467682852159617,false,false
FLOKI,hour,2026-04-29T10:00:00.000Z,0.0000337402253941249,40758.52747215424,0.03209055989709102,0.9422513481423203,0.014599933666203494,0.01205007441312441,false,false
FLOKI,hour,2026-04-29T09:00:00.000Z,0.0000339850652689298,73962.11974902148,0.02196249624052321,1.066960861723334,0.007256616455429367,0.012355875819135345,false,false
FLOKI,hour,2026-04-29T08:00:00.000Z,0.0000326260798631206,1408.18736630372,-0.03302128299351256,0.9211664033519772,0.04165334638763482,0.019696250431287067,false,false
FLOKI,hour,2026-04-29T07:00:00.000Z,0.0000324340372500546,6431.560269886909,-0.03871308293920716,0.8730996965009308,0.04782099764261054,0.017973514475703226,false,false
FLOKI,hour,2026-04-29T06:00:00.000Z,0.0000324347772203908,6460.904926580488,-0.04561674477513291,0.9113717989881661,0.005921020919641461,0.017947333730328384,false,false
FLOKI,hour,2026-04-29T05:00:00.000Z,0.0000323703634007564,0,-0.007837793061165511,0.7305449908460959,0.001989901034996989,0.016761186974412968,false,false
FLOKI,hour,2026-04-29T04:00:00.000Z,0.0000323703634007564,6.91071350630561,-0.0019631798782030322,0.7306017792154631,0.001989901034996989,0.015840610772849196,false,false
FLOKI,hour,2026-04-29T03:00:00.000Z,0.0000318537922726385,0,-0.017912407531106705,0.34210581250052896,0.01621694282729477,0.016967454054177836,false,false
FLOKI,hour,2026-04-29T02:00:00.000Z,0.0000318537922726385,121.03852482725652,-0.01595815041439515,-0.367387789601952,0.01621694282729477,0.01674592741283461,true,false
FLOKI,hour,2026-04-29T01:00:00.000Z,0.0000321981670021171,0,-0.005319569524365689,-0.3809156884346142,0.010811106148086622,0.007683191630151142,true,false
FLOKI,hour,2026-04-29T00:00:00.000Z,0.0000321981670021171,0,0.010811106148086622,-0.4427011430901095,0.010811106148086622,0.007352045469050214,true,false
FLOKI,hour,2026-04-28T23:00:00.000Z,0.0000321981670021171,0,0.010811106148086622,-0.5047685002512862,0,0.007352040412193836,true,false
FLOKI,hour,2026-04-28T22:00:00.000Z,0.0000321981670021171,0,0,-0.49819908528175527,0,0.007313545617602296,true,false
FLOKI,hour,2026-04-28T21:00:00.000Z,0.0000321981670021171,0,0,-0.4982653222344318,0,0.007313545617602296,true,false
FLOKI,hour,2026-04-28T20:00:00.000Z,0.0000321981670021171,66.11932016847513,0,-0.4977853264690082,0,0.004064283710202807,true,false
FLOKI,hour,2026-04-28T19:00:00.000Z,0.0000318566261721896,0,-0.010607461906295435,-0.4892938925643127,0.010721186483509552,0.005724038459443408,true,false
FLOKI,hour,2026-04-28T18:00:00.000Z,0.0000318566261721896,39.29334691356904,-0.010607461906295435,-0.46972884501096196,0.010721186483509552,0.0040306592771117925,true,false
FLOKI,hour,2026-04-28T17:00:00.000Z,0.0000318949939968427,3779.460532167532,-0.00941584672364938,-0.4367462791866795,0.001204390711235785,0.004056252868487411,true,false
FLOKI,hour,2026-04-28T16:00:00.000Z,0.0000317867448448691,0,-0.0021936198435697687,-0.4367462791866795,0.0034054808852523404,0.004254917154081503,true,false
FLOKI,hour,2026-04-28T15:00:00.000Z,0.0000317867448448691,0,-0.0021936198435697687,-0.4222838269081425,0.0034054808852523404,0.004254917154081503,true,false
FLOKI,hour,2026-04-28T14:00:00.000Z,0.0000317867448448691,0,-0.003393922945535301,-0.4055320251884881,0,0.004254917154081503,true,false
FLOKI,hour,2026-04-28T13:00:00.000Z,0.0000317867448448691,66.44055508974883,0,-0.39425736462002436,0,0.004254917154081503,true,false
FLOKI,hour,2026-04-28T12:00:00.000Z,0.0000317973501730154,4526.829225988567,0.0003336399558387502,-0.33576560441120906,0.0003336399558387502,0.0013689421855503884,true,false
FLOKI,hour,2026-04-28T11:00:00.000Z,0.0000319475542832654,0,0.005059009319170875,-0.3317821358688186,0.005059009319170875,0.0022464985121286316,true,false
FLOKI,hour,2026-04-28T10:00:00.000Z,0.0000319475542832654,8112.81344214576,0.005059009319170875,-0.3079737580382786,0.004723793317138403,0.0021999505540014224,true,false
FLOKI,hour,2026-04-28T09:00:00.000Z,0.000032064649018698,0,0.008406324559379154,-0.2706756060127052,0.0036652175122505225,0.00225848542538012,true,false
FLOKI,hour,2026-04-28T08:00:00.000Z,0.000032064649018698,1756.6841962137862,0.0036652175122505225,-0.2349900013999755,0.0036652175122505225,0.00225848542538012,true,false
FLOKI,hour,2026-04-28T07:00:00.000Z,0.0000321955491929043,1.49383445886186,0.007762563213447691,-0.23174245656487244,0.004082382879973777,0.0027334792632397954,true,false
FLOKI,hour,2026-04-28T06:00:00.000Z,0.0000320038704047647,10352.15211347919,-0.001895502236679949,-0.11639110832960474,0.005989237730167266,0.0035448285092499737,true,false
FLOKI,hour,2026-04-28T05:00:00.000Z,0.0000321113259536543,0,0.0014557132663163782,-0.1600006573931908,0.005989237730167266,0.0037623129808033407,true,false
FLOKI,hour,2026-04-28T04:00:00.000Z,0.0000321113259536543,12939.70344313318,-0.0026159901402944804,0.030133009694089698,0.0033575798030227883,0.003313947209583254,false,false
FLOKI,hour,2026-04-28T03:00:00.000Z,0.0000318234965841667,116.99663147240788,-0.005636000218621864,0.4984753469618764,0.009044555136370574,0.00475012637415388,false,false
FLOKI,hour,2026-04-28T02:00:00.000Z,0.0000322234615911328,2152.488644372062,0.003492089913706712,0.5804138695106745,0.01256822944984297,0.0065526317554942416,false,false
FLOKI,hour,2026-04-28T01:00:00.000Z,0.000032022729742914,0,-0.0027590330859637887,0.5850030951019165,0.01256822944984297,0.00696529195123577,false,false
FLOKI,hour,2026-04-28T00:00:00.000Z,0.000032022729742914,0,0.006260567823537715,0.67038409583982,0.006268417771699263,0.006792947776925879,false,false
FLOKI,hour,2026-04-27T23:00:00.000Z,0.000032022729742914,8944.44305191958,-0.006229369481335975,0.48003402558673247,0,0.006407046060597101,false,false
FLOKI,hour,2026-04-27T22:00:00.000Z,0.0000318591301048565,2258.67393783611,-0.0051088598433335144,0.5528641735463179,0.005135094320499243,0.006572132587561106,false,false
FLOKI,hour,2026-04-27T21:00:00.000Z,0.000031553408736115,0,-0.014655871331607697,0.0238949830595347,0.014873860720532069,0.00751499340909526,false,false
FLOKI,hour,2026-04-27T20:00:00.000Z,0.000031553408736115,0,-0.014655871331607697,0.02025484871473561,0.009689012407448093,0.006700273985160423,false,false
FLOKI,hour,2026-04-27T19:00:00.000Z,0.000031553408736115,10984.936490010146,-0.009596036292745361,0.25147416032731573,0,0.004754816767442289,false,false
FLOKI,hour,2026-04-27T18:00:00.000Z,0.0000319403807408166,7995.602792072614,0.012264031691089044,0.4655857631339543,0.012264031691089044,0.006185145869654984,false,false
FLOKI,hour,2026-04-27T17:00:00.000Z,0.0000320691456674579,14.1263595374012,0.016344887985195785,0.46601132189145184,0.016344887985195785,0.006369337636608691,false,false
FLOKI,hour,2026-04-27T16:00:00.000Z,0.0000318485171741097,4855.1301337282575,0.009352664254525576,0.27780159204247834,0.0069274337684880755,0.006883087212316541,false,false
FLOKI,hour,2026-04-27T15:00:00.000Z,0.0000325898570155087,0,0.020334017930541768,0.19613977325554738,0.023277059881508338,0.010920994475601409,false,false
FLOKI,hour,2026-04-27T14:00:00.000Z,0.0000325898570155087,20470.45663276697,0.01623714437080215,0.5974549980758237,0.023277059881508338,0.010294946388682846,false,false
FLOKI,hour,2026-04-27T13:00:00.000Z,0.0000321438725968158,0,0.009273757427746164,0.5974549980758236,0.01387463247776426,0.011537327490756118,false,false
FLOKI,hour,2026-04-27T12:00:00.000Z,0.0000321438725968158,0,-0.01368476144220775,0.28712981703903434,0.01387463247776426,0.011537327490756118,false,false
FLOKI,hour,2026-04-27T11:00:00.000Z,0.0000321438725968158,224.65657064473433,-0.01368476144220775,0.09040964413242938,0,0.010577517177918402,false,false
FLOKI,hour,2026-04-27T10:00:00.000Z,0.0000322638351889403,0,0.0037320516301566965,0.09001266440439713,0.0037320516301566965,0.010561902330301477,false,false
FLOKI,hour,2026-04-27T09:00:00.000Z,0.0000322638351889403,0,0.0037320516301566965,-0.04642646805187996,0.0037320516301566965,0.010234517731265711,false,false
FLOKI,hour,2026-04-27T08:00:00.000Z,0.0000322638351889403,4.82221131364261,0.0037320516301566965,-0.04632349315061547,0,0.005395029950702935,false,false
FLOKI,hour,2026-04-27T07:00:00.000Z,0.0000321805626340573,8674.332869439057,-0.0025809874863092683,-0.42936662114784185,0.0025876662204429766,0.00548274133205357,true,false
FLOKI,hour,2026-04-27T06:00:00.000Z,0.0000323168129670607,7447.162764720113,0.001642017379836013,-0.2392217550296664,0.004233932593186171,0.0023423345070752075,true,false
FLOKI,hour,2026-04-27T05:00:00.000Z,0.0000328536064820472,938.5235731329655,0.018279640025841336,-0.2202087720806277,0.020914607853301043,0.00665255341041215,true,false
FLOKI,hour,2026-04-27T04:00:00.000Z,0.0000334074724227375,881.917073983956,0.03812580291500994,-0.1568484627475922,0.03374897941787964,0.009175194021232588,true,false
FLOKI,hour,2026-04-27T03:00:00.000Z,0.0000335784670882791,0,0.0390401777088711,-0.1568484627475922,0.02206334962427952,0.009269597075092628,true,false
FLOKI,hour,2026-04-27T02:00:00.000Z,0.0000335784670882791,339.3527604086782,0.02206334962427952,-0.13759078853720777,0.005118455637045485,0.009269597075092628,true,false
FLOKI,hour,2026-04-27T01:00:00.000Z,0.0000335274726314528,94.6025033635504,0.0035920169953841466,-0.13575249692818975,0.0015209752726324836,0.009287379006315799,true,false
FLOKI,hour,2026-04-27T00:00:00.000Z,0.0000330017771779621,0,-0.017174396579833787,-0.31820933472722657,0.017474510757623792,0.010999144093261073,true,false
FLOKI,hour,2026-04-26T23:00:00.000Z,0.0000330017771779621,0,-0.017174396579833787,-0.5308588006708841,0.015929307402322214,0.010882604829377493,true,false
FLOKI,hour,2026-04-26T22:00:00.000Z,0.0000330017771779621,15.139327169755095,-0.015679543139721617,-0.5044729353297258,0,0.008925309626956326,true,false
FLOKI,hour,2026-04-26T21:00:00.000Z,0.0000329922709855692,2.4961130071254596,-0.000288050923489263,-0.5303151413659114,0.00028813392073121825,0.006304386586887903,true,false
FLOKI,hour,2026-04-26T20:00:00.000Z,0.0000330699864665115,10.42359050628487,0.0020668368306828847,-0.5123382690993481,0.002355566277213639,0.0060673313025192245,true,false
FLOKI,hour,2026-04-26T19:00:00.000Z,0.0000330108227328275,0,0.0002740929622251194,-0.522661939969299,0.002355566277213639,0.006104962686627943,true,false
FLOKI,hour,2026-04-26T18:00:00.000Z,0.0000330108227328275,5944.603348256163,0.0005623058584361884,-0.3855045827670549,0.0017922526246268256,0.006077877140312219,true,false
FLOKI,hour,2026-04-26T17:00:00.000Z,0.0000328891699144154,4876.5760654593005,-0.005467693561931374,-0.21463304424906096,0.0036988716567997334,0.001791100433689953,true,false
FLOKI,hour,2026-04-26T16:00:00.000Z,0.0000330026369344798,3322.041339671793,-0.00024797316970712066,-0.11885510280587958,0.0036988716567997334,0.002214166162968677,true,false
FLOKI,hour,2026-04-26T15:00:00.000Z,0.0000328825090216533,0,-0.0038870194848733674,-0.11932639339764124,0.003653246555711343,0.0026081010803627267,true,false
FLOKI,hour,2026-04-26T14:00:00.000Z,0.0000328825090216533,4677.631831088558,-0.0002025254142756604,-0.007783216478566574,0.003653246555711343,0.0026058270273793083,false,false
FLOKI,hour,2026-04-26T13:00:00.000Z,0.0000329364087102845,3616.6644435848575,-0.0020067555306803302,0.16789193590176885,0.0016391598523004002,0.0025264073475839877,false,false
FLOKI,hour,2026-04-26T12:00:00.000Z,0.0000331480433821407,3512.714097544287,0.008075246335750927,0.3275807920035674,0.008075246335750927,0.0034329645142309457,false,false
FLOKI,hour,2026-04-26T11:00:00.000Z,0.0000330610141191371,16439.556387746925,0.005428572903796799,0.4771175018133163,0.0064255539733486244,0.003573872700192775,false,false
FLOKI,hour,2026-04-26T10:00:00.000Z,0.0000327182884205798,10212.89415155317,-0.006622467301257166,0.5772998469082494,0.01313500743182482,0.005132041558414693,false,false
FLOKI,hour,2026-04-26T09:00:00.000Z,0.0000325834403802125,0,-0.017032770092016924,0.4832123506652214,0.014656946392150422,0.0052038510144662604,false,false
FLOKI,hour,2026-04-26T08:00:00.000Z,0.0000325834403802125,0,-0.014445223525317217,0.8007039214841936,0.004138545187180219,0.005018008163864197,false,false
FLOKI,hour,2026-04-26T07:00:00.000Z,0.0000325834403802125,2431.748055578868,-0.004121488221935308,0.7020614987922366,0,0.005018008163864197,false,false
FLOKI,hour,2026-04-26T06:00:00.000Z,0.0000325354670381533,2558.0029502587686,-0.0014723227964696074,0.6454605689126307,0.0014744937271974116,0.005010721710245983,false,false
FLOKI,hour,2026-04-26T05:00:00.000Z,0.0000325070140464662,29.6876360292209,-0.0023455575241437964,0.5171673554359318,0.0023510720989953996,0.004399558131144554,false,false
FLOKI,hour,2026-04-26T04:00:00.000Z,0.000032284035639791,0,-0.009188862100741184,-0.09311114967233224,0.007788103109773639,0.005013661396297471,false,false
FLOKI,hour,2026-04-26T03:00:00.000Z,0.000032284035639791,11.5587930155365,-0.007727917293071396,-0.4719420599739427,0.006906769933073948,0.003102289406742271,true,false
FLOKI,hour,2026-04-26T02:00:00.000Z,0.0000323977809483488,0,-0.0033602931958393806,-0.47188731593788963,0.0035232679652232317,0.0029924256310840088,true,false
FLOKI,hour,2026-04-26T01:00:00.000Z,0.0000323977809483488,0,0.0035232679652232317,-0.41275128042228326,0.0035232679652232317,0.0029924256310840088,true,false
FLOKI,hour,2026-04-26T00:00:00.000Z,0.0000323977809483488,105.37685436978867,0.0035232679652232317,-0.4499451086726096,0,0.0029924256310840088,true,false
FLOKI,hour,2026-04-25T23:00:00.000Z,0.0000323704529314916,19.8955178097227,-0.0008435150821216193,-0.5405365504472956,0.0008442272004979765,0.0029573991010929694,true,false
FLOKI,hour,2026-04-25T22:00:00.000Z,0.0000321224373738895,0,-0.008498840550168446,-0.5317273180021111,0.008571689976524403,0.004133728141733368,true,false
FLOKI,hour,2026-04-25T21:00:00.000Z,0.0000321224373738895,0,-0.008498840550168446,-0.5317273180021111,0.007720944544628315,0.0032124287978320667,true,false
FLOKI,hour,2026-04-25T20:00:00.000Z,0.0000321224373738895,0,-0.007661788302035616,-0.5282460634857765,0,0.0032124287978320667,true,false
FLOKI,hour,2026-04-25T19:00:00.000Z,0.0000321224373738895,4648.795493552163,0,-0.3850363161227884,0,0.002924479668183805,true,false
FLOKI,hour,2026-04-25T18:00:00.000Z,0.0000321985594880485,1493.990958925596,0.0023697490097956877,-0.341764442558155,0.0023697490097956877,0.0030582558217465403,true,false
FLOKI,hour,2026-04-25T17:00:00.000Z,0.0000322020626605027,14131.621410809177,0.0024788058790932346,0.07103565217448152,0.0024788058790932346,0.0030585322493618537,false,false
FLOKI,hour,2026-04-25T16:00:00.000Z,0.0000324603044579346,0,0.010518102350469028,0.0704715467152737,0.008129089439024672,0.0042856789451227745,false,false
FLOKI,hour,2026-04-25T15:00:00.000Z,0.0000324603044579346,167.5313422618495,0.008129089439024672,0.07493701188166295,0.00801941789116028,0.0031489988697415623,false,false
FLOKI,hour,2026-04-25T14:00:00.000Z,0.0000327640511192819,22287.140194424013,0.017451939793549455,0.5062449684304484,0.009357480356998083,0.004723246476905141,false,false
FLOKI,hour,2026-04-25T13:00:00.000Z,0.0000327952210031474,1496.5730866063845,0.01031772655265201,0.5387586179606967,0.01031772655265201,0.004736900676495863,false,false
FLOKI,hour,2026-04-25T12:00:00.000Z,0.000033042681200395,18.362018884715,0.017941197785593842,0.4521413497913773,0.008504140104613677,0.005523679839353018,false,false
FLOKI,hour,2026-04-25T11:00:00.000Z,0.0000328948888636177,8952.330051280593,0.003993332322046013,0.6131674941289044,0.007545617613732467,0.005708019026185066,false,false
FLOKI,hour,2026-04-25T10:00:00.000Z,0.0000330251537104213,718.8993425862683,0.007011165049073153,0.2806959839816637,0.004492866274455253,0.005900103123782491,false,false
FLOKI,hour,2026-04-25T09:00:00.000Z,0.0000330222618542871,87.10329844265475,-0.0006179688017466263,0.2825040667767308,0.003960033041719001,0.005069334932553363,false,false
FLOKI,hour,2026-04-25T08:00:00.000Z,0.000033012117349928,869.3160925211995,0.0035637295142212327,0.32297677505059025,0.00039489622416864393,0.005070664913677432,false,false
FLOKI,hour,2026-04-25T07:00:00.000Z,0.0000332480466085226,0,0.006749185788981382,-0.22815321691807214,0.007146747241134308,0.004534704269566996,true,false
FLOKI,hour,2026-04-25T06:00:00.000Z,0.0000332480466085226,17.1684306227485,0.0068373497621632955,-0.24408393375192972,0.007146747241134308,0.004520439367477347,true,false
FLOKI,hour,2026-04-25T05:00:00.000Z,0.0000330361252231103,34.00931762636319,0.0007272442699696863,-0.1628506666632523,0.006414837817119336,0.0042664579458663145,true,false
FLOKI,hour,2026-04-25T04:00:00.000Z,0.0000330174710423518,0,-0.006935010916151071,-0.3645399531678399,0.006983441156805817,0.003921408965266806,true,false
FLOKI,hour,2026-04-25T03:00:00.000Z,0.0000330174710423518,0,-0.006935010916151071,-0.38586018808428163,0.0005649790904511734,0.0036257443036923896,true,false
FLOKI,hour,2026-04-25T02:00:00.000Z,0.0000330174710423518,5.718022966323698,-0.0005646600693187956,-0.3883197601533512,0,0.0036255932311488426,true,false
FLOKI,hour,2026-04-25T01:00:00.000Z,0.0000330239930019059,3155.959364922806,0.0001975305602823832,-0.3252522596466931,0.0001975305602823832,0.003624501788459858,true,false
FLOKI,hour,2026-04-25T00:00:00.000Z,0.0000330709669666561,1437.0912413878389,0.0016202308237260946,-0.2749113613595067,0.0016202308237260946,0.0024861372828818232,true,false
FLOKI,hour,2026-04-24T23:00:00.000Z,0.0000331155496508227,1885.0743217795825,0.002970506382669148,-0.2330491498322997,0.0027724281830944155,0.0025377451593173524,true,false
FLOKI,hour,2026-04-24T22:00:00.000Z,0.0000331357319058764,1587.2001467177229,0.0033835673343332964,-0.19848309658144686,0.0019583624296683135,0.0008075129331903016,true,false
FLOKI,hour,2026-04-24T21:00:00.000Z,0.0000334372016221126,1381.5124074225178,0.011074204628662872,-0.16731124680357629,0.00971301925172519,0.003510651664847966,true,false
FLOKI,hour,2026-04-24T20:00:00.000Z,0.000033172577099338,1172.9519639004104,0.0017220746482125623,-0.1408145091201641,0.00909802496871165,0.00461990430468641,true,false
FLOKI,hour,2026-04-24T19:00:00.000Z,0.000033184981293448,593.2800543365252,0.0014862924323354586,-0.12756498306054362,0.007977207257131585,0.004622064802149609,true,false
FLOKI,hour,2026-04-24T18:00:00.000Z,0.000033352397638328,8381.958451339262,-0.0025362165393803763,-0.028012205596343733,0.005420758792767607,0.0049975567205214995,false,false
FLOKI,hour,2026-04-24T17:00:00.000Z,0.0000332795562343063,133.27700815806915,0.0032249268619661,-0.0670817759606461,0.005044943174732306,0.005036848128752395,false,false
FLOKI,hour,2026-04-24T16:00:00.000Z,0.0000335441405523035,24.7396487246541,0.010822945948937833,-0.12188410388082764,0.007950355952296474,0.005836868517410731,true,false
FLOKI,hour,2026-04-24T15:00:00.000Z,0.0000334158198187807,39.289271831349,0.0019015778457801757,-0.1676292072906437,0.007950355952296474,0.006009541489894996,true,false
FLOKI,hour,2026-04-24T14:00:00.000Z,0.0000335231742215651,48.6907657229558,0.007320349632777524,-0.2071403646655836,0.0038401192674221143,0.0050858793218794855,true,false
FLOKI,hour,2026-04-24T13:00:00.000Z,0.000033521059568522,258.12164484324757,-0.0006880779594132082,-0.20396261832549223,0.003212681998125627,0.0041046188966777164,true,false
FLOKI,hour,2026-04-24T12:00:00.000Z,0.000033641351347731,43.8003214090955,0.006749244225441562,-0.2095005628805659,0.0035885434636426235,0.004319839398099123,true,false
FLOKI,hour,2026-04-24T11:00:00.000Z,0.0000336047200145438,739.12528977166,0.002432520036430226,-0.38243771382313513,0.0035885434636426235,0.00390037348731978,true,false
FLOKI,hour,2026-04-24T10:00:00.000Z,0.0000331991436887881,0,-0.00960339213251477,-0.3868048093647226,0.01331985135183588,0.005965965821481119,true,false
FLOKI,hour,2026-04-24T09:00:00.000Z,0.0000331991436887881,6.292715779819823,-0.013144765035508103,-0.38598427143998115,0.01221646948359909,0.005160841138937839,true,false
FLOKI,hour,2026-04-24T08:00:00.000Z,0.000033458790359148,2325.21675733137,-0.004342534481246852,-0.3203044228043992,0.00782088456238061,0.0057624542039871225,true,false
FLOKI,hour,2026-04-24T07:00:00.000Z,0.0000331852637628526,4645.721114039207,-0.0004180808416510313,-0.06227680351487881,0.008242411398326287,0.00643133470729007,false,false
FLOKI,hour,2026-04-24T06:00:00.000Z,0.0000333062411332472,20.8115247502238,0.0032259098446346503,-0.0774018563345259,0.008242411398326287,0.0065767118893094115,false,false
FLOKI,hour,2026-04-24T05:00:00.000Z,0.0000330463320389085,606.2063431934336,-0.012327353015818927,0.10610632634898023,0.007864990705554997,0.007084343294873443,false,false
FLOKI,hour,2026-04-24T04:00:00.000Z,0.0000330597584392196,14090.826332637791,-0.003781959502563535,0.5636047065792084,0.007864990705554997,0.007074031949004897,false,false
FLOKI,hour,2026-04-24T03:00:00.000Z,0.0000337162880332793,0,0.012311413299136317,0.5643283744402949,0.020273233155861266,0.009177125959325223,false,false
FLOKI,hour,2026-04-24T02:00:00.000Z,0.0000337162880332793,3914.15850178641,0.020273233155861266,0.7131189514085053,0.019858874506501086,0.009177125959325223,false,false
FLOKI,hour,2026-04-24T01:00:00.000Z,0.0000337195256266081,264.55531536483585,0.019956806054753393,0.6113305186631935,0.00009602460762004636,0.008691994998345354,false,false
FLOKI,hour,2026-04-24T00:00:00.000Z,0.0000335506858889886,0,-0.004911636302526763,0.3864274400095126,0.00503237812121501,0.008338138131661534,false,false
FLOKI,hour,2026-04-23T23:00:00.000Z,0.0000335506858889886,30.506188285231875,-0.004911636302526763,0.3869287002143712,0.00503237812121501,0.008223922778216944,false,false
FLOKI,hour,2026-04-23T22:00:00.000Z,0.0000336569029224892,2.0823798785949,-0.0018571644456790689,0.35764697121726613,0.0031658677218120075,0.0077648141588303335,false,false
FLOKI,hour,2026-04-23T21:00:00.000Z,0.0000334273665632993,79079.61383158398,-0.0036756126565441155,0.5420028206417913,0.006866719780490234,0.008182834430536261,false,false
FLOKI,hour,2026-04-23T20:00:00.000Z,0.0000335572081533903,18755.857972466845,0.00019440032979599703,0.676434460548972,0.006866719780490234,0.0037236247762823136,false,false
FLOKI,hour,2026-04-23T19:00:00.000Z,0.0000334085676949523,43184.26754758078,-0.007378433723055517,0.8783436293670605,0.004449171835057654,0.004084204523894801,false,false
FLOKI,hour,2026-04-23T18:00:00.000Z,0.0000333940162054422,20582.826402103077,-0.0009976962377201836,1.0087010850604687,0.004886861973837868,0.004087361406854433,false,false
FLOKI,hour,2026-04-23T17:00:00.000Z,0.0000329816136383775,48712.64040614934,-0.0171526341637765,1.2197340403463461,0.012945214302007287,0.005930131459518946,false,false
FLOKI,hour,2026-04-23T16:00:00.000Z,0.0000340083415571676,15399.53323183329,0.01795269607759692,1.3174605344524069,0.031130311877627506,0.013016091449640612,false,false
FLOKI,hour,2026-04-23T15:00:00.000Z,0.0000341907164432162,34983.53663473455,0.02385757474850123,1.48971064803366,0.036659904457548555,0.013117839236541548,false,false
FLOKI,hour,2026-04-23T14:00:00.000Z,0.0000337756613307277,35062.36041129342,0.02407546522909504,1.0582865142601152,0.012288585808115478,0.01366375904507471,false,false
FLOKI,hour,2026-04-23T13:00:00.000Z,0.0000333836392417265,0,-0.01836909084175667,0.9162247720576656,0.024175830431360592,0.01428362424965385,false,false
FLOKI,hour,2026-04-23T12:00:00.000Z,0.0000333836392417265,21349.335050361864,-0.023605156178288504,0.7241901569740911,0.011742940491377231,0.014184730402331949,false,false
FLOKI,hour,2026-04-23T11:00:00.000Z,0.0000329700759640796,19599.50662564857,-0.023851061234890256,0.6848145810783387,0.012543594928245609,0.014945839456067912,false,false
FLOKI,hour,2026-04-23T10:00:00.000Z,0.0000323425596067836,6356.705600818698,-0.031185324865410455,0.3540364476709438,0.032189154092941596,0.01593960887234421,false,false
FLOKI,hour,2026-04-23T09:00:00.000Z,0.0000326440177265901,1919.89150837956,-0.022155209316183314,0.248329864388006,0.01940218600275495,0.011494140424972545,false,false
FLOKI,hour,2026-04-23T08:00:00.000Z,0.0000327335209378121,26059.83841241395,-0.007174840195249326,0.13360992650518522,0.012088138223497356,0.01136221283256476,false,false
FLOKI,hour,2026-04-23T07:00:00.000Z,0.0000325805537412241,2392.72429709183,0.0073585435826355105,-0.12016721259510699,0.00469504594068484,0.010532027654129996,false,false
FLOKI,hour,2026-04-23T06:00:00.000Z,0.0000325992055702149,18465.572035584944,-0.0013727524825689224,-0.011721115329267296,0.00469504594068484,0.009565549863959837,false,false
FLOKI,hour,2026-04-23T05:00:00.000Z,0.0000320388645258108,35.48977487276701,-0.02122156102061331,-0.17486144729708328,0.017489416453966032,0.011595027649707315,true,false
FLOKI,hour,2026-04-23T04:00:00.000Z,0.0000319398179057565,11.310981960069258,-0.01966620458807231,-0.3259926341849557,0.020644690787030323,0.010659059123926376,true,false
FLOKI,hour,2026-04-23T03:00:00.000Z,0.0000323217350406882,0,-0.008511573355033551,-0.3750153009864489,0.011957398631970978,0.009002606202637407,true,false
FLOKI,hour,2026-04-23T02:00:00.000Z,0.0000323217350406882,368.33956124244867,0.008828980647847817,-0.38254991661802906,0.011957398631970978,0.008291598629689008,true,false
FLOKI,hour,2026-04-23T01:00:00.000Z,0.0000324301552732626,0,0.015351914934296487,-0.5718216040415746,0.0033544063286798783,0.0083235619704027,true,false
FLOKI,hour,2026-04-23T00:00:00.000Z,0.0000324301552732626,57.34737694879288,0.0033544063286798783,-0.5897958749647572,0.0033544063286798783,0.008133101519216023,true,false
FLOKI,hour,2026-04-22T23:00:00.000Z,0.0000327596119350311,410.52103713922446,0.01354744396585393,-0.7275113251244627,0.010158960356262198,0.008983075610809424,true,false
FLOKI,hour,2026-04-22T22:00:00.000Z,0.0000329759212641053,0,0.016828966319895083,-0.6966064755571038,0.016828966319895083,0.0066285915065805055,true,false
FLOKI,hour,2026-04-22T21:00:00.000Z,0.0000329759212641053,0,0.016828966319895083,-0.6966923203355718,0.006602927089099435,0.006524469012439543,true,false
FLOKI,hour,2026-04-22T20:00:00.000Z,0.0000329759212641053,20033.526373479406,0.006602927089099435,-0.5745262291774326,0,0.004731242855083614,true,false
FLOKI,hour,2026-04-22T19:00:00.000Z,0.00003316455920607,28400.275977761594,0.005720475265994655,-0.4111223495928453,0.005720475265994655,0.005199316309139673,true,false
FLOKI,hour,2026-04-22T18:00:00.000Z,0.0000337061161925006,443.1969930726934,0.022143276075508013,-0.40878635151559506,0.022143276075508013,0.007931625388727468,true,false
FLOKI,hour,2026-04-22T17:00:00.000Z,0.0000336660983434114,8713.686485379489,0.02092972850639864,-0.3614602133319845,0.016329388943950682,0.007944324349351852,true,false
FLOKI,hour,2026-04-22T16:00:00.000Z,0.0000338611143817402,14433.02158617205,0.021002998150589206,-0.2828410309870996,0.005792653379061958,0.007299528500912909,true,false
FLOKI,hour,2026-04-22T15:00:00.000Z,0.0000336385387699453,4105.18302966141,-0.002004900896008097,-0.1491262064061078,0.006616684907661836,0.0073012904790180555,false,false
FLOKI,hour,2026-04-22T14:00:00.000Z,0.0000334044924078696,14945.290842308365,-0.007770604507635216,0.01009335054295663,0.013669477994014483,0.007763561963491368,false,false
FLOKI,hour,2026-04-22T13:00:00.000Z,0.0000336233014722268,14901.020446957127,-0.0070231861489366285,0.027083169794415923,0.00700643372208718,0.00814631529090939,false,false
FLOKI,hour,2026-04-22T12:00:00.000Z,0.000033701690351422,20488.93673393684,0.0018773580478210093,-0.059489358839167096,0.008896945354642874,0.007904991782064361,false,false
FLOKI,hour,2026-04-22T11:00:00.000Z,0.0000337484018977957,37310.561629441916,0.010295306563169914,0.40366801311692124,0.003720646697119644,0.005028230768045321,false,false
FLOKI,hour,2026-04-22T10:00:00.000Z,0.0000331171177103201,17876.94757181493,-0.015054552638883792,0.5038356968790718,0.01906217180485101,0.008718857134801363,false,false
FLOKI,hour,2026-04-22T09:00:00.000Z,0.0000329006214326993,4571.106380716564,-0.023769398815596778,0.502247924840871,0.02576791647630727,0.008797605625557339,false,false
FLOKI,hour,2026-04-22T08:00:00.000Z,0.0000328043773341293,30983.299158693382,-0.027972422709830826,0.8732788973159525,0.00953349527123719,0.008509447974209251,false,false
FLOKI,hour,2026-04-22T07:00:00.000Z,0.0000323587409769068,5234.45534513506,-0.02289984110473996,0.7407844727640901,0.016746030266728086,0.009600655923495906,false,false
FLOKI,hour,2026-04-22T06:00:00.000Z,0.0000321598462854648,332.14852863023066,-0.022515536636589485,0.616742504613838,0.02004148412101744,0.009566271757300626,false,false
FLOKI,hour,2026-04-22T05:00:00.000Z,0.0000317420052812003,0,-0.03238506989808717,0.4089973292357927,0.019429638746603615,0.010731797375257115,false,false
FLOKI,hour,2026-04-22T04:00:00.000Z,0.0000317420052812003,3337.279375617084,-0.0190593229862264,-0.02641484815021274,0.01316366122943002,0.010719021177825402,false,false
FLOKI,hour,2026-04-22T03:00:00.000Z,0.0000319939415781525,6180.787330678515,-0.005158753118396592,-0.19312222986392497,0.00793700003261659,0.008537502774053065,true,false
FLOKI,hour,2026-04-22T02:00:00.000Z,0.0000312854899851112,0,-0.01438205595534567,-0.1788071328409642,0.022644733816809523,0.011763221793481757,true,false
FLOKI,hour,2026-04-22T01:00:00.000Z,0.0000312854899851112,0,-0.01438205595534567,-0.5877143369009572,0.022644733816809523,0.011710991445098974,true,false
FLOKI,hour,2026-04-22T00:00:00.000Z,0.0000312854899851112,2273.196626249228,-0.0221433045787981,-0.583042956005135,0,0.010508157763834153,true,false
FLOKI,hour,2026-04-21T23:00:00.000Z,0.0000310613524169632,8.64209572929176,-0.0071642658706852665,-0.5873257743400161,0.007215962947756004,0.01060076057962883,true,false
FLOKI,hour,2026-04-21T22:00:00.000Z,0.0000309597924064934,0,-0.01041049952462933,-0.5872740603136094,0.010520018168774448,0.00945916372820553,true,false
FLOKI,hour,2026-04-21T21:00:00.000Z,0.0000309597924064934,50.89802086415144,-0.01041049952462933,-0.6322618389390664,0.0032803840909636423,0.00945916372820553,true,false
FLOKI,hour,2026-04-21T20:00:00.000Z,0.0000311827618746861,4079.5251218194594,0.003908698375174382,-0.6770123128010711,0.007201904498104322,0.00937570721878231,true,false
FLOKI,hour,2026-04-21T19:00:00.000Z,0.0000307660062079183,3171.3311966909887,-0.006259286109891998,-0.6477593255933319,0.013545978764723243,0.006491283648906215,true,false
FLOKI,hour,2026-04-21T18:00:00.000Z,0.0000310623975784864,15496.082781896355,0.0033141427644545847,-0.48501106353069917,0.013545978764723243,0.0074342817304452954,true,false
FLOKI,hour,2026-04-21T17:00:00.000Z,0.0000312484078009942,4649.513213039501,0.002105199230649008,-0.46965603782414966,0.015679694979446136,0.007769222283879355,true,false
FLOKI,hour,2026-04-21T16:00:00.000Z,0.0000313995360758325,14.308550953232452,0.020591878699912417,-0.46964220374652793,0.010853589021718202,0.007503394646787094,true,false
FLOKI,hour,2026-04-21T15:00:00.000Z,0.0000314471684161727,0,0.012387029581798787,-0.46964220374652793,0.0063606637638727,0.007422730753115931,true,false
FLOKI,hour,2026-04-21T14:00:00.000Z,0.0000314471684161727,195.78235572813426,0.0063606637638727,-0.4074921836287591,0.001516975926815093,0.007422730753115931,true,false
FLOKI,hour,2026-04-21T13:00:00.000Z,0.0000314883637089358,0,0.0028289473095643837,-0.3964903828803076,0.0013099841683014686,0.006927130944983765,true,false
FLOKI,hour,2026-04-21T12:00:00.000Z,0.0000314883637089358,93.44773484671254,0.0013099841683014686,-0.44116999643255017,0.0013099841683014686,0.004703457272348162,true,false
FLOKI,hour,2026-04-21T11:00:00.000Z,0.0000316950721986712,3469.8861442247644,0.007883182969535883,-0.6024309181663621,0.0065645992801062324,0.00388675155347182,true,false
FLOKI,hour,2026-04-21T10:00:00.000Z,0.0000314842848412885,0,-0.0001295357130971222,-0.6233722070313851,0.006695002235092064,0.004046634724288431,true,false
FLOKI,hour,2026-04-21T09:00:00.000Z,0.0000314842848412885,0.754281480831217,-0.0001295357130971222,-0.6052000997509123,0.006695002235092064,0.003612460567898545,true,false
FLOKI,hour,2026-04-21T08:00:00.000Z,0.0000314040812904239,38.37524269958092,-0.009180951108844614,-0.5569557887234412,0.002553921260197966,0.003694731080212774,true,false
FLOKI,hour,2026-04-21T07:00:00.000Z,0.0000313788683083208,170.0362070281372,-0.0033482270122731405,-0.5110585267906491,0.003359475298213684,0.0037071814728705603,true,false
FLOKI,hour,2026-04-21T06:00:00.000Z,0.0000313188218512861,0,-0.005255415228152488,-0.45729728637870465,0.0027223067183894775,0.003744661246160122,true,false
FLOKI,hour,2026-04-21T05:00:00.000Z,0.0000313188218512861,0,-0.002714915884636868,-0.4320843689113831,0.0019172642355391916,0.003744661246160122,true,false
FLOKI,hour,2026-04-21T04:00:00.000Z,0.0000313188218512861,5015.01699660483,-0.0019135953675796377,-0.36499839770556913,0,0.002811828423963163,true,false
FLOKI,hour,2026-04-21T03:00:00.000Z,0.0000313313714260736,3107.996869217585,0.0004007039232538633,-0.2847644777504063,0.0004007039232538633,0.001252446628759304,true,false
FLOKI,hour,2026-04-21T02:00:00.000Z,0.0000314958353337775,1073.17589555649,0.0056519840794754675,-0.1844698907977858,0.0056519840794754675,0.002341863496644417,true,false
FLOKI,hour,2026-04-21T01:00:00.000Z,0.0000316928946251948,0,0.01194402444909776,-0.13336103213416942,0.011538696924716926,0.0031800014974841186,true,false
FLOKI,hour,2026-04-21T00:00:00.000Z,0.0000316928946251948,0,0.011538696924716926,-0.13731039893564292,0.00625667772672046,0.0031654782902899134,true,false
FLOKI,hour,2026-04-20T23:00:00.000Z,0.0000316928946251948,0.723282199461535,0.00625667772672046,-0.13728590357972537,0,0.003081578973889821,true,false
FLOKI,hour,2026-04-20T22:00:00.000Z,0.0000315864270430977,0,-0.00335935178393148,-0.10204714870938819,0.003370675067231638,0.0033337275452494384,false,false
FLOKI,hour,2026-04-20T21:00:00.000Z,0.0000315864270430977,28.603779642099795,-0.00335935178393148,-0.27147939095959767,0.003370675067231638,0.0033337275452494384,true,false
FLOKI,hour,2026-04-20T20:00:00.000Z,0.0000317516950965825,45.96887780641972,0.0018553203196831109,-0.41519800502049303,0.005232249068858033,0.003870576735907611,true,false
FLOKI,hour,2026-04-20T19:00:00.000Z,0.0000315205820837704,0,-0.002084596628718333,-0.46537058264678516,0.007332130231538354,0.004323163929369676,true,false
FLOKI,hour,2026-04-20T18:00:00.000Z,0.0000315205820837704,0,-0.002084596628718333,-0.43965241272677014,0.007332130231538354,0.003623844359390702,true,false
FLOKI,hour,2026-04-20T17:00:00.000Z,0.0000315205820837704,1779.0123795422435,-0.007278761404992653,-0.3770979045962803,0,0.003623844359390702,true,false
FLOKI,hour,2026-04-20T16:00:00.000Z,0.0000313567408506018,0,-0.005197912676014933,-0.37713175358752077,0.005225072144749218,0.00412458037436871,true,false
FLOKI,hour,2026-04-20T15:00:00.000Z,0.0000313567408506018,1.56415397313065,-0.005197912676014933,-0.37642757631511037,0.005225072144749218,0.003923589286736384,true,false
FLOKI,hour,2026-04-20T14:00:00.000Z,0.0000313741420498378,68.63680102719348,-0.004645854367264352,-0.3342684182502943,0.000554942853241911,0.003929188592956429,true,false
FLOKI,hour,2026-04-20T13:00:00.000Z,0.0000314596548206925,5089.030341918947,0.003282036566906875,-0.11473318079543657,0.003282036566906875,0.0035505408566988534,true,false
FLOKI,hour,2026-04-20T12:00:00.000Z,0.0000316239083355823,2164.5273742736254,0.008520256816657329,0.24638641062996508,0.007960896121007664,0.0029759480842259356,false,false
FLOKI,hour,2026-04-20T11:00:00.000Z,0.0000317692609141901,0,0.01259377431659018,0.37665689369772887,0.009841369692777404,0.0034438980371394746,false,false
FLOKI,hour,2026-04-20T10:00:00.000Z,0.0000317692609141901,2338.0017230611484,0.009841369692777404,0.3731034206533153,0.004596287627239787,0.0034438980371394746,false,false
FLOKI,hour,2026-04-20T09:00:00.000Z,0.0000315153062829483,803.590982605827,-0.0034341755447033417,0.4342660755825206,0.008058136226307402,0.004145182771043266,false,false
FLOKI,hour,2026-04-20T08:00:00.000Z,0.0000313993843349729,89.7023496415671,-0.011642593141094825,0.44461322920262686,0.011779739859587945,0.004372926760678875,false,false
FLOKI,hour,2026-04-20T07:00:00.000Z,0.0000313207390394954,28.1239622510693,-0.014118108567466434,0.4402496824364094,0.006212089797994735,0.004469560238299951,false,false
FLOKI,hour,2026-04-20T06:00:00.000Z,0.0000310531958957757,7014.374359094021,-0.014663046045744275,0.3787548740736156,0.011148238666291213,0.005425138710671225,false,false
FLOKI,hour,2026-04-20T05:00:00.000Z,0.0000311080279895148,23042.619331764385,-0.009279046440843257,0.6973132499208818,0.008615639582401087,0.0050992884847900705,false,false
FLOKI,hour,2026-04-20T04:00:00.000Z,0.0000315966138063936,25722.242519783013,0.008808054195347128,0.9582478280169735,0.01749958079811758,0.007595602299681507,false,false
FLOKI,hour,2026-04-20T03:00:00.000Z,0.0000311776542103685,3917.093814818,0.004007906787131411,0.9762022241932727,0.015706100593823536,0.009118506527107858,false,false
FLOKI,hour,2026-04-20T02:00:00.000Z,0.0000310926798155843,14788.950387025108,-0.0004933830564790271,1.1572303218138043,0.016207480146395014,0.008660786586462384,false,false
FLOKI,hour,2026-04-20T01:00:00.000Z,0.0000307036844124438,31.731326275047206,-0.028260287618830635,1.156260181417057,0.015436902996977295,0.009783271889121748,false,false
FLOKI,hour,2026-04-20T00:00:00.000Z,0.0000307850663285273,5450.133035462895,-0.012591963436127984,1.2514855219542969,0.012669339546196087,0.009788510715627315,false,false
FLOKI,hour,2026-04-19T23:00:00.000Z,0.0000304071144476062,6020.57089812933,-0.022049092327978723,1.2009187789402345,0.012429718761125369,0.010348975439880035,false,false
FLOKI,hour,2026-04-19T22:00:00.000Z,0.0000305587448290275,13804.861666170034,-0.004720592534411097,0.9129571669611976,0.012429718761125369,0.010497211637933301,false,false
FLOKI,hour,2026-04-19T21:00:00.000Z,0.000030952704033975,2456.693300389863,0.005445422909235815,0.4170755737896894,0.017942826745658374,0.009946719152237587,false,false
FLOKI,hour,2026-04-19T20:00:00.000Z,0.0000310358709839491,1432.122318626052,0.020677941585884253,0.3622746733698605,0.015613408128869754,0.008632023004882227,false,false
FLOKI,hour,2026-04-19T19:00:00.000Z,0.0000314462587813863,41765.148249290774,0.02904287978201748,0.5144146016043176,0.015945448477443107,0.00990452970006613,false,false
FLOKI,hour,2026-04-19T18:00:00.000Z,0.0000305679362743316,6614.696076477179,-0.012430828635232273,0.5934078358522425,0.028733457802718656,0.013787643946691663,false,false
FLOKI,hour,2026-04-19T17:00:00.000Z,0.0000307344390528384,1176.1091040110423,-0.009712372218153376,0.5256278582063445,0.028733457802718656,0.013903728803751824,false,false
FLOKI,hour,2026-04-19T16:00:00.000Z,0.000031092341622569,8915.393585392614,-0.011254666613212177,0.5402033652747095,0.01715540570129208,0.01380807287955791,false,false
FLOKI,hour,2026-04-19T15:00:00.000Z,0.0000312503778324805,31658.45089587358,0.022325405026506803,0.631556699255297,0.016786991906867204,0.013813041574549824,false,false
FLOKI,hour,2026-04-19T14:00:00.000Z,0.000031798005012401,70771.60877996495,0.03460502265013288,0.9071463010791666,0.022695729977435367,0.0145076709149973,false,false
FLOKI,hour,2026-04-19T13:00:00.000Z,0.0000320566451826224,49310.46610053734,0.03101418258422336,1.1350740632239533,0.02580024326310374,0.014792531196466792,false,false
FLOKI,hour,2026-04-19T12:00:00.000Z,0.0000313438003733927,89477.62416050375,0.002989485164403334,1.0515897952420836,0.022742768928391527,0.016322112666672342,false,false
FLOKI,hour,2026-04-19T11:00:00.000Z,0.0000303954589150331,70.62496529566519,-0.04410799032269212,1.0098784348607661,0.05465244898038717,0.016929691490855842,false,false
FLOKI,hour,2026-04-19T10:00:00.000Z,0.0000300672118663898,0,-0.06205993499628754,1.0022045150713166,0.04245782790488513,0.017298585774720078,false,false
FLOKI,hour,2026-04-19T09:00:00.000Z,0.0000300672118663898,0,-0.04072858082922758,0.9440339926273051,0.010917109644284172,0.016735948885619828,false,false
FLOKI,hour,2026-04-19T08:00:00.000Z,0.0000300672118663898,38.3953186269328,-0.010799213447011123,0.7377433198722859,0,0.01662588225857533,false,false
FLOKI,hour,2026-04-19T07:00:00.000Z,0.0000304497334764495,0,0.012722217535816724,0.28261689582042365,0.012722217535816724,0.016004328761944756,false,false
FLOKI,hour,2026-04-19T06:00:00.000Z,0.0000304497334764495,8946.944324505388,0.012722217535816724,0.010047838681171747,0.012722217535816724,0.015708707427618603,false,false
FLOKI,hour,2026-04-19T05:00:00.000Z,0.0000301634293344296,28.727221034157893,0.0032000794908208395,-0.573580043080543,0.009491763646817981,0.013684609423233933,true,false
FLOKI,hour,2026-04-19T04:00:00.000Z,0.0000303056186795376,0,-0.004732875478971416,-0.5693122820973091,0.009491763646817981,0.0074553663903495875,true,false
FLOKI,hour,2026-04-19T03:00:00.000Z,0.0000303056186795376,5653.224111372708,-0.004732875478971416,-0.541810238579461,0.00471396483243035,0.006224173807502517,true,false
FLOKI,hour,2026-04-19T02:00:00.000Z,0.0000302356765537044,27445.598063048026,0.002395192485369556,-0.40466893391734154,0.0023132317118476574,0.0062851419582729195,true,false
FLOKI,hour,2026-04-19T01:00:00.000Z,0.0000309421221461939,0,0.021002820413828678,-0.40486537765491437,0.023364636515895845,0.010756658420323525,true,false
FLOKI,hour,2026-04-19T00:00:00.000Z,0.0000309421221461939,6231.469820024219,0.021002820413828678,-0.36274171608141476,0.023364636515895845,0.00963713425420394,true,false
FLOKI,hour,2026-04-18T23:00:00.000Z,0.0000309628833662415,6182.988425810002,0.02405128296849724,-0.35511989457896537,0.0006709694942548762,0.009640468235607096,true,false
FLOKI,hour,2026-04-18T22:00:00.000Z,0.000031144742277583,63.65322642644877,0.006548359237668622,-0.3152073244331982,0.006548359237668622,0.009224350192124168,true,false
FLOKI,hour,2026-04-18T21:00:00.000Z,0.0000309226242400866,36.28304345570997,-0.0006301412041220954,-0.30811406337258174,0.007183026762924348,0.009447077966317179,true,false
FLOKI,hour,2026-04-18T20:00:00.000Z,0.0000310861250024349,0,0.003980302310209343,-0.32060451268054596,0.007183026762924348,0.009655055161940412,true,false
FLOKI,hour,2026-04-18T19:00:00.000Z,0.0000310861250024349,0,-0.0018820921562190198,-0.4981503885468901,0.005287415488376917,0.009615478164421664,true,false
FLOKI,hour,2026-04-18T18:00:00.000Z,0.0000310861250024349,369.56748646127437,0.005287415488376917,-0.48643555041793823,0,0.004031715440677278,true,false
FLOKI,hour,2026-04-18T17:00:00.000Z,0.0000311501479517992,0,0.0020595345788286218,-0.5155631980435259,0.0020595345788286218,0.004106024650491954,true,false
FLOKI,hour,2026-04-18T16:00:00.000Z,0.0000311501479517992,4259.208022758143,0.0020595345788286218,-0.5125510205063015,0.0020595345788286218,0.004098190730340536,true,false
FLOKI,hour,2026-04-18T15:00:00.000Z,0.0000313520863910609,247.40403166114547,0.008555630159924053,-0.5072631906739601,0.006482744145362358,0.004226201278806935,true,false
FLOKI,hour,2026-04-18T14:00:00.000Z,0.0000311983126333179,1145.72650630747,0.001546210361287054,-0.4996313882195519,0.006482744145362358,0.0037411368012812392,true,false
FLOKI,hour,2026-04-18T13:00:00.000Z,0.0000311476502944169,18379.942998474307,-0.00008018123657602479,-0.35756195445078176,0.006563451647607695,0.0032249995038274616,true,false
FLOKI,hour,2026-04-18T12:00:00.000Z,0.0000309159225817894,19761.91844921877,-0.01391179533735461,-0.2471042330516927,0.009134129857565275,0.004285646993943802,true,false
FLOKI,hour,2026-04-18T11:00:00.000Z,0.0000308952248266193,25375.931581461355,-0.009714878181421879,-0.11943473760714345,0.008170371609664126,0.0042931157831928475,true,false
FLOKI,hour,2026-04-18T10:00:00.000Z,0.0000316214434646265,6655.880542771705,0.015211201029007498,-0.07219951407551231,0.02350585380370792,0.009743822331502287,false,false
FLOKI,hour,2026-04-18T09:00:00.000Z,0.0000317205279894704,14091.620621493625,0.026025599124605805,0.01950102998493201,0.02671296834648758,0.009815311714106212,false,false
FLOKI,hour,2026-04-18T08:00:00.000Z,0.0000318859122190458,12808.725881709377,0.0320660360293908,0.22429622396991483,0.008363588927088432,0.009707654125877698,false,false
FLOKI,hour,2026-04-18T07:00:00.000Z,0.0000324169284190193,5321.119330456923,0.02515650353794487,0.36562651639997495,0.021954250880693787,0.011391030039950518,false,false
FLOKI,hour,2026-04-18T06:00:00.000Z,0.0000321390588917826,799.2202716942621,0.013194323324351257,0.8415809742860324,0.016653630491283714,0.01183069388767648,false,false
FLOKI,hour,2026-04-18T05:00:00.000Z,0.0000321216846539454,65.64483285961533,0.007394250892993728,0.48564051969300903,0.00919141596260065,0.01149090689166258,false,false
FLOKI,hour,2026-04-18T04:00:00.000Z,0.000032111654001935,6.23394549675862,-0.00941712962864146,0.02713569452569838,0.000853425047677346,0.011488725036977544,false,false
FLOKI,hour,2026-04-18T03:00:00.000Z,0.000032269520998453,0,0.004059300775099879,-0.09315100019855423,0.0049161901317347515,0.007636142290181671,false,false
FLOKI,hour,2026-04-18T02:00:00.000Z,0.000032269520998453,785.1966619767221,0.004602384529338111,-0.3374586434759397,0.0049161901317347515,0.007544030663956306,true,false
FLOKI,hour,2026-04-18T01:00:00.000Z,0.0000324762632819707,2279.050127233755,0.011354422292097634,-0.540671834508671,0.006406735430861048,0.007673042261227735,true,false
FLOKI,hour,2026-04-18T00:00:00.000Z,0.0000324802677516407,7364.4901708844045,0.006530829918355591,-0.4978641531677036,0.006530829918355591,0.004461744583649042,true,false
FLOKI,hour,2026-04-17T23:00:00.000Z,0.0000324727717924196,252.58274171273024,0.00629853768131079,-0.5091253454305895,0.00023083829335581084,0.0030541279440945406,true,false
FLOKI,hour,2026-04-17T22:00:00.000Z,0.0000325216307417013,563.0981608256764,0.0013969421092785781,-0.5032516122660715,0.0015046128366875526,0.003099814255677747,true,false
FLOKI,hour,2026-04-17T21:00:00.000Z,0.0000327139612723663,11.3940425315013,0.007194938247200882,-0.47527029409332794,0.007427437407822477,0.003816003887065191,true,false
FLOKI,hour,2026-04-17T20:00:00.000Z,0.0000325279248478529,3608.282968485242,0.0016984400280289815,-0.3617867749213173,0.005913926401555918,0.003971445598219332,true,false
FLOKI,hour,2026-04-17T19:00:00.000Z,0.0000327351747421207,0,0.006566214410201078,-0.3784726681758609,0.006371445311596067,0.004640579204195177,true,false
FLOKI,hour,2026-04-17T18:00:00.000Z,0.0000327351747421207,5890.726887012083,0.0006484531047090502,-0.3001468598316161,0.006371445311596067,0.003963404121997017,true,false
FLOKI,hour,2026-04-17T17:00:00.000Z,0.0000327471024521876,10.552716067987566,0.006738136704382122,-0.4232791535915144,0.00036436983033885455,0.003965521412776845,true,false
FLOKI,hour,2026-04-17T16:00:00.000Z,0.0000330962988155541,5935.967439513885,0.011031683083357276,-0.3342055456555422,0.011031683083357276,0.005638289423746186,true,false
FLOKI,hour,2026-04-17T15:00:00.000Z,0.0000328681682280202,34974.88178290389,0.004062708904021169,0.17503092652218188,0.010663427821632224,0.006188858777328131,false,false
FLOKI,hour,2026-04-17T14:00:00.000Z,0.0000330563966167034,14088.919596009546,0.00944493226438532,0.3517424224106041,0.006940775827580581,0.006163881546476058,false,false
FLOKI,hour,2026-04-17T13:00:00.000Z,0.0000326190838245661,10539.548877370438,-0.014418983634620979,0.4276438837816319,0.013406654659256594,0.007660547398119081,false,false
FLOKI,hour,2026-04-17T12:00:00.000Z,0.0000321572179186416,3607.8016176771503,-0.02163035994115783,0.4781117980734522,0.027961955550282358,0.009053916335546138,false,false
FLOKI,hour,2026-04-17T11:00:00.000Z,0.0000315887671117973,5254.916871206211,-0.04439774612833954,0.4514760585934333,0.03261655350847839,0.011287878473093925,false,false
FLOKI,hour,2026-04-17T10:00:00.000Z,0.0000314789564700185,5774.6743219223035,-0.03495277061365353,0.5433397519309923,0.021546503591028894,0.011363520483516819,false,false
FLOKI,hour,2026-04-17T09:00:00.000Z,0.0000318147824323081,23.521334365112,-0.010648790800244716,0.4441541779256302,0.010668268581566592,0.011364159294500834,false,false
FLOKI,hour,2026-04-17T08:00:00.000Z,0.0000316270300510326,14455.121923216248,0.0012112830836316897,0.045613204628737185,0.010668268581566592,0.01128336384949783,false,false
FLOKI,hour,2026-04-17T07:00:00.000Z,0.0000316822983011377,2826.62366356041,0.006459611560277423,-0.08470196822609814,0.005936453121666842,0.01109465434378883,false,false
FLOKI,hour,2026-04-17T06:00:00.000Z,0.0000314808724059193,8197.40018990755,-0.010495436424852511,-0.08204281293628744,0.006398358108415414,0.010176724851241693,false,false
FLOKI,hour,2026-04-17T05:00:00.000Z,0.0000311920536352979,19143.208496990745,-0.013753312120449905,0.23647412643371188,0.015716973033318586,0.009308558191482694,false,false
FLOKI,hour,2026-04-17T04:00:00.000Z,0.0000315841121106673,12903.396021513767,-0.003099086737242035,0.3497574938191875,0.012569178033399403,0.007968386809526754,false,false
FLOKI,hour,2026-04-17T03:00:00.000Z,0.0000317349630743696,66.89739203455198,0.008071271506520428,0.30631780928713276,0.01740537655582022,0.008062639625874047,false,false
FLOKI,hour,2026-04-17T02:00:00.000Z,0.0000319261492734963,11659.198920899626,0.02353470043305116,0.5338808813370057,0.010829405671767408,0.007353427793723316,false,false
FLOKI,hour,2026-04-17T01:00:00.000Z,0.0000320891771366801,46530.92040068841,0.015991110474883784,0.689538366104593,0.011161634613546292,0.007264588763316591,false,false
FLOKI,hour,2026-04-17T00:00:00.000Z,0.0000321903740199095,7312.5701517485495,0.01435044825710569,0.7348248403326698,0.008276123254004482,0.007331783337462126,false,false
FLOKI,hour,2026-04-16T23:00:00.000Z,0.0000320492971712088,1280.2976707949779,0.003857273755677557,0.6375829797227572,0.004401870279621444,0.007120375880833169,false,false
FLOKI,hour,2026-04-16T22:00:00.000Z,0.0000321953079576324,1579.0542205971838,0.003307371220528775,0.3920303272265322,0.004555818670331698,0.006443278122681521,false,false
FLOKI,hour,2026-04-16T21:00:00.000Z,0.0000319619255862323,28651.331845453165,-0.007096793393450686,0.490418692513271,0.007301887077186389,0.005175775034965871,false,false
FLOKI,hour,2026-04-16T20:00:00.000Z,0.0000323440602272619,4259.969586372032,0.009197176914004082,0.5378939479275257,0.011955933005306923,0.0066124458014481195,false,false
FLOKI,hour,2026-04-16T19:00:00.000Z,0.0000323420619583085,14632.283337047478,0.004558241867703857,0.5398168552990904,0.011955933005306923,0.006210568846331658,false,false
FLOKI,hour,2026-04-16T18:00:00.000Z,0.0000324430355053435,52152.285294854446,0.0150525949324667,0.3876650958829098,0.003122050386433593,0.006021060256061207,false,false
FLOKI,hour,2026-04-16T17:00:00.000Z,0.0000313789640711228,22594.160050309674,-0.02983843553833245,0.49475133727583875,0.03391034298675054,0.013917878999023912,false,false
FLOKI,hour,2026-04-16T16:00:00.000Z,0.0000309951697025935,33556.050623397365,-0.04164521907883466,0.7347829758090451,0.04671262705262262,0.014580350905288763,false,false
FLOKI,hour,2026-04-16T15:00:00.000Z,0.0000307583761939497,16343.95924236533,-0.05192668580954227,0.8597236774331356,0.020176223649126582,0.014766076064103137,false,false
FLOKI,hour,2026-04-16T14:00:00.000Z,0.0000299232073887435,5839.725007916866,-0.04639275787051863,0.6162251645326331,0.03582377717481089,0.017853048519083245,false,false
FLOKI,hour,2026-04-16T13:00:00.000Z,0.0000301798697737725,16030.675971694525,-0.02630409630416644,0.7120269805953323,0.02791040393351607,0.01757762656927887,false,false
FLOKI,hour,2026-04-16T12:00:00.000Z,0.0000304877627429783,22576.48773175693,-0.00879804087397284,0.754484314567283,0.018866806184927063,0.017991403942576843,false,false
FLOKI,hour,2026-04-16T11:00:00.000Z,0.0000300772714134038,6.655411940523488,0.005148646756305167,0.19595474535245644,0.013647891257568212,0.018669576789238668,false,false
FLOKI,hour,2026-04-16T10:00:00.000Z,0.0000299046036658663,11337.02544315597,-0.009120851414190495,0.062231483274603934,0.019500645573765872,0.013943382401271779,false,false
FLOKI,hour,2026-04-16T09:00:00.000Z,0.0000303281203005285,12.05322769237549,-0.0052362793490502366,-0.21674939416048958,0.014162255397004577,0.01417867770098335,true,false
FLOKI,hour,2026-04-16T08:00:00.000Z,0.000030164996739298,460.878694932073,0.0029166650354827415,-0.35184347381592784,0.014162255397004577,0.014028116523832955,true,false
FLOKI,hour,2026-04-16T07:00:00.000Z,0.0000304742918141846,476.1141439534359,0.019050182195477508,-0.3795517746350229,0.010253443007459704,0.010168511125931432,true,false
FLOKI,hour,2026-04-16T06:00:00.000Z,0.0000303256969846998,302.91209509582876,-0.00007990326484752642,-0.536806831064575,0.010253443007459704,0.009817897124584168,true,false
FLOKI,hour,2026-04-16T05:00:00.000Z,0.0000303655385918866,28992.2293948626,0.006648164238895505,-0.5172154761002105,0.004899964197352857,0.009050920003745152,true,false
FLOKI,hour,2026-04-16T04:00:00.000Z,0.0000308470114070646,21189.73374571852,0.012230623607355369,-0.3329067797190359,0.017190517422495565,0.009540590502673262,true,false
FLOKI,hour,2026-04-16T03:00:00.000Z,0.0000305288403404911,51010.97887618168,0.006698720095165208,-0.03856634671136998,0.01585589577873146,0.010081875305235013,false,false
FLOKI,hour,2026-04-16T02:00:00.000Z,0.0000300083533183729,60765.22527677643,-0.011762849930451675,0.38432614331165404,0.027947487814275584,0.010753389602705134,false,false
FLOKI,hour,2026-04-16T01:00:00.000Z,0.0000291650222614382,9943.84782120605,-0.054526810504605054,0.4537127847603681,0.04676211342571577,0.015085161054415645,false,false
FLOKI,hour,2026-04-16T00:00:00.000Z,0.0000288970517041529,2.913050499889979,-0.053450724565319296,0.4602925763601907,0.038457266353587545,0.014995582681033614,false,false
FLOKI,hour,2026-04-15T23:00:00.000Z,0.0000288982689387779,223.88987359594688,-0.03699251231207471,0.4894403839536021,0.009273283656366534,0.014881348561658134,false,false
FLOKI,hour,2026-04-15T22:00:00.000Z,0.0000292801386206796,0,0.003947069136772302,0.27208892906212606,0.013256955084855417,0.015678899458028656,false,false
FLOKI,hour,2026-04-15T21:00:00.000Z,0.0000292801386206796,0,0.013256955084855417,0.10019689610030803,0.013214275315615054,0.014507707272155092,false,false
FLOKI,hour,2026-04-15T20:00:00.000Z,0.0000292801386206796,0,0.013214275315615054,-0.28829325271227174,0,0.013968426405007117,true,false
FLOKI,hour,2026-04-15T19:00:00.000Z,0.0000292801386206796,6187.322518424814,0,-0.6856017122880275,0,0.0123642048837876,true,false
FLOKI,hour,2026-04-15T18:00:00.000Z,0.0000289142545469775,2833.5722911347243,-0.012495981608628347,-0.7335117762692512,0.01265410709820108,0.007705892918819963,true,false
FLOKI,hour,2026-04-15T17:00:00.000Z,0.0000287502454913313,0,-0.018097357263672648,-0.7296075468377424,0.01843090799026638,0.0071994084813998506,true,false
FLOKI,hour,2026-04-15T16:00:00.000Z,0.0000287502454913313,4579.478001919615,-0.018097357263672648,-0.7015088108979192,0.005704614094361342,0.007199390877904429,true,false
FLOKI,hour,2026-04-15T15:00:00.000Z,0.0000285905907890649,0,-0.011193916737045305,-0.6472505951807925,0.005584169401895187,0.005625084818326537,true,false
FLOKI,hour,2026-04-15T14:00:00.000Z,0.0000285905907890649,8467.764373174583,-0.00555315961787322,-0.5858442433960874,0.005584169401895187,0.005625084818326537,true,false
FLOKI,hour,2026-04-15T13:00:00.000Z,0.0000284360789852411,4251.143265387258,-0.010927437339097745,-0.5270428966206435,0.005433653630797425,0.0059863656396353295,true,false
FLOKI,hour,2026-04-15T12:00:00.000Z,0.0000281255031671243,0,-0.016267156749992146,-0.5241684450423211,0.016536152941940534,0.0072846196984649066,true,false
FLOKI,hour,2026-04-15T11:00:00.000Z,0.0000281255031671243,0,-0.016267156749992146,-0.5026942232678578,0.011042498200701793,0.005520563934462064,true,false
FLOKI,hour,2026-04-15T10:00:00.000Z,0.0000281255031671243,540.5528333925306,-0.010921893214532066,-0.44149566843595006,0,0.00508468904026972,true,false
FLOKI,hour,2026-04-15T09:00:00.000Z,0.0000280124293094858,0,-0.004020331901854438,-0.4481844399070034,0.0040365602136551515,0.0053077669276518896,true,false
FLOKI,hour,2026-04-15T08:00:00.000Z,0.0000280124293094858,0,-0.004020331901854438,-0.43293280624627595,0.0040365602136551515,0.004872620656272292,true,false
FLOKI,hour,2026-04-15T07:00:00.000Z,0.0000280124293094858,7729.660060547518,-0.004020331901854438,-0.42337861083650874,0,0.004872620656272292,true,false
FLOKI,hour,2026-04-15T06:00:00.000Z,0.0000282023734099643,73.660559144902,0.0067807078914851665,-0.4182618774246125,0.0067807078914851665,0.005106022018569683,true,false
FLOKI,hour,2026-04-15T05:00:00.000Z,0.000028371946261853,11846.870512977583,0.012834194007067303,-0.3305497340975041,0.012834194007067303,0.0037384683028631005,true,false
FLOKI,hour,2026-04-15T04:00:00.000Z,0.0000282149536121203,0,0.0072298014712319034,-0.3036554335208234,0.00601271564714429,0.004286549627623004,true,false
FLOKI,hour,2026-04-15T03:00:00.000Z,0.0000282149536121203,1709.473873355313,0.00044606891672296743,-0.2966227902049926,0.005564164729487972,0.004286549627623004,true,false
FLOKI,hour,2026-04-15T02:00:00.000Z,0.0000283455352554925,0,-0.0009308845476001054,-0.29541971680401635,0.004628100586920884,0.004370581314837236,true,false
FLOKI,hour,2026-04-15T01:00:00.000Z,0.0000283455352554925,2210.274090754246,0.004628100586920884,-0.2782342329205488,0.004628100586920884,0.004370581314837236,true,false
FLOKI,hour,2026-04-15T00:00:00.000Z,0.0000281077088609738,0,-0.0038009898091922664,-0.3530654526331447,0.008461251526940062,0.0054077397265100335,true,false
FLOKI,hour,2026-04-14T23:00:00.000Z,0.0000281077088609738,203.29415794878034,-0.008390259431513744,-0.29648279626147966,0.008461251526940062,0.004766510861987938,true,false
FLOKI,hour,2026-04-14T22:00:00.000Z,0.0000280864836230682,0,-0.009139062998434795,-0.37246194802626004,0.0007557100486643453,0.004203255237373572,true,false
FLOKI,hour,2026-04-14T21:00:00.000Z,0.0000280864836230682,1529.122681669528,-0.0007551393822450406,-0.2986390891969868,0.0007557100486643453,0.003642662780432132,true,false
FLOKI,hour,2026-04-14T20:00:00.000Z,0.0000279844738165364,0,-0.004384385972081336,-0.45183905224191684,0.0036452286793229468,0.00389362779214592,true,false
FLOKI,hour,2026-04-14T19:00:00.000Z,0.0000279844738165364,24.16332404881804,-0.003631989247953315,-0.3890862408269323,0.0036452286793229468,0.00348059433749546,true,false
FLOKI,hour,2026-04-14T18:00:00.000Z,0.0000280712150201401,26834.588321765783,-0.0005436281427397809,0.2666571360034215,0.003099618887686364,0.003671895193944134,false,false
FLOKI,hour,2026-04-14T17:00:00.000Z,0.0000287560516534181,287.668608771184,0.02757163997222502,0.2739061367198406,0.02757163997222502,0.009291853221976003,false,false
FLOKI,hour,2026-04-14T16:00:00.000Z,0.0000289488257801109,7.78751043961685,0.03446024999064496,0.26870220806650913,0.03126372546899546,0.009628906880966593,false,false
FLOKI,hour,2026-04-14T15:00:00.000Z,0.000028926223203258,3311.296327742876,0.03045853848878515,0.337064490025173,0.006703775922237535,0.009629199318988806,false,false
FLOKI,hour,2026-04-14T14:00:00.000Z,0.0000291572096320543,18152.516120189543,0.013950384547612823,0.5950043674560566,0.00798536425489109,0.010087551765037494,false,false
FLOKI,hour,2026-04-14T13:00:00.000Z,0.0000291155983872454,3357.1794353350892,0.005760945483636061,0.6928640084409518,0.00798536425489109,0.010007933348852506,false,false
FLOKI,hour,2026-04-14T12:00:00.000Z,0.0000287598486276812,2979.1536861701097,-0.005751686779422448,0.7624016757498324,0.013816519325857708,0.011034027464484189,false,false
FLOKI,hour,2026-04-14T11:00:00.000Z,0.000029054763519584,0,-0.0035135773883408004,0.12388840005006989,0.012369667315348543,0.011629732869057243,false,false
FLOKI,hour,2026-04-14T10:00:00.000Z,0.000029054763519584,3439.0903904963893,-0.0020894252919784933,0.2053704237207849,0.010254396527628001,0.007228644181457834,false,false
FLOKI,hour,2026-04-14T09:00:00.000Z,0.0000290203335553832,0,0.00905724265361002,0.20518497609618958,0.001186408286282862,0.006787991428559889,false,false
FLOKI,hour,2026-04-14T08:00:00.000Z,0.0000290203335553832,0,-0.0011850023896285418,0.17495823087506038,0.001186408286282862,0.006781568554649019,false,false
FLOKI,hour,2026-04-14T07:00:00.000Z,0.0000290203335553832,6363.623125109955,-0.0011850023896285418,-0.11961998031399751,0,0.006078852767908417,true,false
FLOKI,hour,2026-04-14T06:00:00.000Z,0.0000287828929779878,3557.26507950638,-0.008181869341448617,-0.13527402985659626,0.008249364564465046,0.0068046452444668675,true,false
FLOKI,hour,2026-04-14T05:00:00.000Z,0.0000288442177310443,21709.110687218883,-0.006068704344930943,0.16920401035403868,0.008249364564465046,0.005035799623661757,false,false
FLOKI,hour,2026-04-14T04:00:00.000Z,0.0000291831892655351,876.6216365927179,0.005611779404295998,0.18615909695478336,0.013907437582922438,0.005476308701111557,false,false
FLOKI,hour,2026-04-14T03:00:00.000Z,0.0000292574507025638,16118.856155448086,0.016487492238494827,0.3581004456241462,0.014326371246142196,0.005559914942151112,false,false
FLOKI,hour,2026-04-14T02:00:00.000Z,0.000029444865913602,12997.877372602954,0.020823867998723204,0.5503076213303947,0.008966691257967997,0.006044533466441811,false,false
FLOKI,hour,2026-04-14T01:00:00.000Z,0.0000295496246914971,8490.483965905425,0.012556387262126767,0.7142285046526516,0.009986310560806906,0.006191788417965391,false,false
FLOKI,hour,2026-04-14T00:00:00.000Z,0.0000298402785220003,10444.825109761123,0.019920663128227614,0.7460840713522686,0.013428915232914673,0.007212825342038361,false,false
FLOKI,hour,2026-04-13T23:00:00.000Z,0.0000297912365933685,6032.989212751295,0.011763364139026185,0.8338903723576452,0.009836125958880115,0.006539818453852598,false,false
FLOKI,hour,2026-04-13T22:00:00.000Z,0.0000292781029840959,17821.47724380612,-0.00918866856130762,0.6456234866451742,0.019201228242477886,0.009232889947333973,false,false
FLOKI,hour,2026-04-13T21:00:00.000Z,0.0000285187208316973,129.13918423775138,-0.04428771297589115,0.6354764428857153,0.04462036601083643,0.012821960138873805,false,false
FLOKI,hour,2026-04-13T20:00:00.000Z,0.0000285132825188348,179.683038133605,-0.042896979805738276,0.328830709156335,0.02682330470916106,0.012786131566528422,false,false
FLOKI,hour,2026-04-13T19:00:00.000Z,0.000028604365828953,4.23141302610411,-0.023011639637611797,0.08857132681985005,0.0031944168496921923,0.01261402795827205,false,false
FLOKI,hour,2026-04-13T18:00:00.000Z,0.0000279877413650966,3161.2041606586936,-0.018618628434783815,-0.0275099363647725,0.022031948052277983,0.015005270119474882,false,false
FLOKI,hour,2026-04-13T17:00:00.000Z,0.0000280317988748792,17.48012083502559,-0.01688629303334511,-0.22719813033669223,0.022031948052277983,0.01455420803932759,true,false
FLOKI,hour,2026-04-13T16:00:00.000Z,0.0000280547531646333,1398.207108636855,-0.019214292937177708,-0.3239575075855463,0.002394326811247122,0.014544214948266973,true,false
FLOKI,hour,2026-04-13T15:00:00.000Z,0.0000279798145861754,7.65331837221305,-0.00028322324469831465,-0.6581793148612849,0.0026783086152017375,0.013016607411250455,true,false
FLOKI,hour,2026-04-13T14:00:00.000Z,0.0000277501401027552,0,-0.010047830800341842,-0.6606621766795229,0.01097699185482155,0.008971132425581623,true,false
FLOKI,hour,2026-04-13T13:00:00.000Z,0.0000277501401027552,152.90756089469812,-0.010857805808896065,-0.6620378178432653,0.008276516175044336,0.008970842836073495,true,false
FLOKI,hour,2026-04-13T12:00:00.000Z,0.0000276628992991736,6547.74395832812,-0.011326568516947445,-0.5247188832291879,0.0031537114977751995,0.008968794878991534,true,false
FLOKI,hour,2026-04-13T11:00:00.000Z,0.0000274535639208703,83.6423396789798,-0.010687376019966626,-0.5929388754123547,0.010802829925459763,0.0045646530273371925,true,false
FLOKI,hour,2026-04-13T10:00:00.000Z,0.0000275993570416926,1858.30424870357,-0.005433596389217146,-0.5645389204039717,0.0076250711531176225,0.004948751991350048,true,false
FLOKI,hour,2026-04-13T09:00:00.000Z,0.0000276186716005639,2.0801325399169,-0.0015988092257205586,-0.5735335644006885,0.0060140708932906834,0.004946144750237183,true,false
FLOKI,hour,2026-04-13T08:00:00.000Z,0.0000275749586339394,8844.630687279236,0.004421819819787298,-0.3495440803970602,0.0015852414215663548,0.004878601614614663,true,false
FLOKI,hour,2026-04-13T07:00:00.000Z,0.0000276443165534598,14.95027682745723,0.0016290057663040506,-0.3272675822806787,0.002515250174665112,0.0038725746599687005,true,false
FLOKI,hour,2026-04-13T06:00:00.000Z,0.0000277273016787306,0,0.003933211551147976,-0.3116595167464282,0.005524688062584993,0.004034887016034258,true,false
FLOKI,hour,2026-04-13T05:00:00.000Z,0.0000277273016787306,0,0.005524688062584993,-0.46813716607792893,0.0030018873901375134,0.003855377922608328,true,false
FLOKI,hour,2026-04-13T04:00:00.000Z,0.0000277273016787306,0,0.0030018873901375134,-0.44729352935687544,0,0.00257310595105017,true,false
FLOKI,hour,2026-04-13T03:00:00.000Z,0.0000277273016787306,0,0,-0.49134221670661166,0,0.00161658260781649,true,false
FLOKI,hour,2026-04-13T02:00:00.000Z,0.0000277273016787306,443.6236001710509,0,-0.4841211642546283,0,0.0015948117198578155,true,false
FLOKI,hour,2026-04-13T01:00:00.000Z,0.0000276496967670183,0,-0.0027988627458772966,-0.6552085195783565,0.0028067183653482397,0.0018185776558380582,true,false
FLOKI,hour,2026-04-13T00:00:00.000Z,0.0000276496967670183,0,-0.0027988627458772966,-0.6314961658359672,0.0028067183653482397,0.0015510349298035943,true,false
FLOKI,hour,2026-04-12T23:00:00.000Z,0.0000276496967670183,411.59242338801516,-0.0027988627458772966,-0.5984489970992906,0,0.0010593538683276234,true,false
FLOKI,hour,2026-04-12T22:00:00.000Z,0.0000276578344020608,1026.8269431511642,0.0002943119091348232,-0.5711556892816688,0.0002943119091348232,0.0010651766011839758,true,false
FLOKI,hour,2026-04-12T21:00:00.000Z,0.000027901161281059,1719.5211109792733,0.00909465720942934,-0.48572396549565244,0.00909465720942934,0.003477832175326364,true,false
FLOKI,hour,2026-04-12T20:00:00.000Z,0.0000277788783228091,0,0.0046720785721198945,-0.4278666053721365,0.008797756015925367,0.0038537545485578047,true,false
FLOKI,hour,2026-04-12T19:00:00.000Z,0.0000277788783228091,40.96046361400987,0.00437647861320913,-0.38753765983470867,0.004402012090945128,0.0038537545485578047,true,false
FLOKI,hour,2026-04-12T18:00:00.000Z,0.0000278634474465689,0,-0.0013516940786153936,-0.3255279867620706,0.00304436783865241,0.0038793297072031185,true,false
FLOKI,hour,2026-04-12T17:00:00.000Z,0.0000278634474465689,2122.6798424733215,0.00304436783865241,-0.21361185710476085,0.00304436783865241,0.0038793297072031185,true,false
FLOKI,hour,2026-04-12T16:00:00.000Z,0.0000277247206594073,4.36969531056909,-0.0019495986401053557,-0.1189889528348597,0.005003721727833817,0.004313714287096296,true,false
FLOKI,hour,2026-04-12T15:00:00.000Z,0.0000277393632122616,0,-0.004453297982787042,-0.1902961624116196,0.005003721727833817,0.00431689551109618,true,false
FLOKI,hour,2026-04-12T14:00:00.000Z,0.0000277393632122616,43.92385732393189,-0.004453297982787042,-0.30780631660536834,0.0005281406811697842,0.002770355826549524,true,false
FLOKI,hour,2026-04-12T13:00:00.000Z,0.0000278546202961545,1082.74469211934,0.004685336178603616,-0.2492209973257112,0.004155001072337227,0.0027156667554755964,true,false
FLOKI,hour,2026-04-12T12:00:00.000Z,0.0000279305566182524,1112.9886427402678,0.006892494414085413,-0.14081528842376628,0.006892494414085413,0.0029040782379115147,true,false
FLOKI,hour,2026-04-12T11:00:00.000Z,0.0000279086252598986,0,0.006101872142550843,-0.14049671994100424,0.002726166118602026,0.0026836194672074463,true,false
FLOKI,hour,2026-04-12T10:00:00.000Z,0.0000279086252598986,0,0.0019388152906021005,-0.27174667161264593,0.0007858272541038971,0.0026836194672074463,true,false
FLOKI,hour,2026-04-12T09:00:00.000Z,0.0000279086252598986,0,-0.0007852102145171288,-0.27192045605923376,0,0.0019086334041048074,true,false
FLOKI,hour,2026-04-12T08:00:00.000Z,0.0000279086252598986,25.38903271948536,0,-0.2705455626883817,0,0.0018981714872139202,true,false
FLOKI,hour,2026-04-12T07:00:00.000Z,0.0000280902315037488,0,0.006507172680810826,-0.2708693535461274,0.006507172680810826,0.0031004787648232506,true,false
FLOKI,hour,2026-04-12T06:00:00.000Z,0.0000280902315037488,0.669799906485092,0.006507172680810826,-0.28286454460732113,0.006507172680810826,0.00267523579693955,true,false
FLOKI,hour,2026-04-12T05:00:00.000Z,0.0000280837951745039,7432.164421123619,0.00627655117276595,0.0941936419494103,0.00022918302903520763,0.002470943932250985,false,false
FLOKI,hour,2026-04-12T04:00:00.000Z,0.0000278794029026079,0,-0.0075054063229334335,0.12465762309043964,0.0075621634321723155,0.003693207249492024,false,false
FLOKI,hour,2026-04-12T03:00:00.000Z,0.0000278794029026079,0,-0.0075054063229334335,0.12468990696712434,0.007331300193551983,0.003693207249492024,false,false
FLOKI,hour,2026-04-12T02:00:00.000Z,0.0000278794029026079,16705.125696320833,-0.0072779434056534555,0.7388042017091657,0,0.003693207249492024,false,false
FLOKI,hour,2026-04-12T01:00:00.000Z,0.0000283215213556178,9119.03080211303,0.015858246841023497,0.9584280685565235,0.015858246841023497,0.007000321483886171,false,false
FLOKI,hour,2026-04-12T00:00:00.000Z,0.0000291792759059617,34.77917768873056,0.046624850894213636,0.9596319227694513,0.046624850894213636,0.013044939871330662,false,false
FLOKI,hour,2026-04-11T23:00:00.000Z,0.0000293075912781986,11182.647750022044,0.05122736597264444,1.1731036737365332,0.03481698282374236,0.013149939460673131,false,false
FLOKI,hour,2026-04-11T22:00:00.000Z,0.0000296700957741878,0,0.04761659522582457,0.9025184502971009,0.016820837837371462,0.013946397119967225,false,false
FLOKI,hour,2026-04-11T21:00:00.000Z,0.0000296700957741878,1.10030881887994,0.016820837837371462,0.9025529244497573,0.012368962448949616,0.013670392395560367,false,false
FLOKI,hour,2026-04-11T20:00:00.000Z,0.0000294932969694289,15728.221541872417,0.006336436504368887,1.1360242137669903,0.005994541910392746,0.01385577598312011,false,false
FLOKI,hour,2026-04-11T19:00:00.000Z,0.0000300483243429414,8277.901531869216,0.012747804106606536,0.7999589342254761,0.018818763262981812,0.015544737256097063,false,false
FLOKI,hour,2026-04-11T18:00:00.000Z,0.0000295154792468787,0,-0.005211190704804265,0.5256483743527991,0.018818763262981812,0.01587470783468337,false,false
FLOKI,hour,2026-04-11T17:00:00.000Z,0.0000295154792468787,0,0.0007521125045054826,0.5267472511565471,0.018053072816666165,0.01117275614570708,false,false
FLOKI,hour,2026-04-11T16:00:00.000Z,0.0000295154792468787,113.031787424765,-0.017732938781588662,0.20011400203489887,0,0.011048983135053625,false,false
FLOKI,hour,2026-04-11T15:00:00.000Z,0.000029133475703751,83.85446518779518,-0.012942481466503716,0.21326329438127817,0.0131121856867397,0.011168462690452671,false,false
FLOKI,hour,2026-04-11T14:00:00.000Z,0.0000291534192788852,0,-0.012266782624977641,0.21323045127171358,0.0131121856867397,0.011171457330013275,false,false
FLOKI,hour,2026-04-11T13:00:00.000Z,0.0000291534192788852,0,-0.012266782624977641,-0.25591898304518285,0.0006845587302044797,0.010940683663761329,true,false
FLOKI,hour,2026-04-11T12:00:00.000Z,0.0000291534192788852,104.61339968803193,0.0006845587302044797,-0.5007585854791162,0,0.008369123655664912,true,false
FLOKI,hour,2026-04-11T11:00:00.000Z,0.000029267447881887,2.23027607843601,0.003911328613326184,-0.4839205531289334,0.003911328613326184,0.005146552081065737,true,false
FLOKI,hour,2026-04-11T10:00:00.000Z,0.0000290978763682152,438.0947657683806,-0.0019051936974758131,-0.4745445735458228,0.005827625065347749,0.005595576577231411,true,false
FLOKI,hour,2026-04-11T09:00:00.000Z,0.0000291075388551642,3980.913311310591,-0.0015737578937861385,-0.38806972701574194,0.005827625065347749,0.0055969835431601426,true,false
FLOKI,hour,2026-04-11T08:00:00.000Z,0.0000291168472153841,0,-0.005145671297021516,-0.39020480828150633,0.00065196672529767,0.0026641532405188243,true,false
FLOKI,hour,2026-04-11T07:00:00.000Z,0.0000291168472153841,0,0.00065196672529767,-0.3814911529747577,0.00031979207401284235,0.0026515679287344163,true,false
FLOKI,hour,2026-04-11T06:00:00.000Z,0.0000291168472153841,4840.883620685893,0.00031979207401284235,-0.26271238674998976,0,0.0026515679287344163,true,false
FLOKI,hour,2026-04-11T05:00:00.000Z,0.0000292608837292292,13.63027261441217,0.004946844442999888,-0.2655212337954,0.004946844442999888,0.0032418347588159847,true,false
FLOKI,hour,2026-04-11T04:00:00.000Z,0.0000292811354825413,2544.3544883923473,0.00564237830909095,-0.20872948356017337,0.00564237830909095,0.0028984297577942363,true,false
FLOKI,hour,2026-04-11T03:00:00.000Z,0.0000294554035895838,0,0.011627508009205728,-0.2218012667945521,0.0066477780423388,0.0029338706952102794,true,false
FLOKI,hour,2026-04-11T02:00:00.000Z,0.0000294554035895838,2.98747095772571,0.0066477780423388,-0.3403082211915837,0.005951548810202595,0.002931185716645906,true,false
FLOKI,hour,2026-04-11T01:00:00.000Z,0.0000294557640572949,4396.126872431774,0.005963859388503599,-0.2406187270679897,0.000012237744765704125,0.002928697014588766,true,false
FLOKI,hour,2026-04-11T00:00:00.000Z,0.0000294362821375909,10291.518142431265,-0.000649166185577639,-0.004224944095658963,0.0006618335703176735,0.0029393536066534185,false,false
FLOKI,hour,2026-04-10T23:00:00.000Z,0.0000296115477685421,0,0.005301036819387391,-0.09503220984566012,0.0059540681846971585,0.0036978679941676415,false,false
FLOKI,hour,2026-04-10T22:00:00.000Z,0.0000296115477685421,11.320698526001248,0.005288734352440548,-0.09518127315454313,0.0059540681846971585,0.0031930467549841552,false,false
FLOKI,hour,2026-04-10T21:00:00.000Z,0.0000297898149110467,7.34167727181311,0.012010102763770196,-0.16937149373824611,0.006020189957580773,0.003908157124397587,true,false
FLOKI,hour,2026-04-10T20:00:00.000Z,0.0000296055394503212,0,-0.0002029045650656943,-0.06472870086970897,0.006224357473192378,0.003967860582286777,false,false
FLOKI,hour,2026-04-10T19:00:00.000Z,0.0000296055394503212,3.023845516930084,-0.0002029045650656943,0.008146299956023319,0.006224357473192378,0.003967860582286777,false,false
FLOKI,hour,2026-04-10T18:00:00.000Z,0.0000295457754998259,6.79705582577682,-0.008192041875705054,-0.1477492199945239,0.002022757889555175,0.004040695874050911,true,false
FLOKI,hour,2026-04-10T17:00:00.000Z,0.0000295113566609459,18730.610545455016,-0.0031812556408013087,0.07592903724753199,0.0031914083265422214,0.004056942528594529,false,false
FLOKI,hour,2026-04-10T16:00:00.000Z,0.0000297411629437772,26192.476425917197,0.00458101747085471,0.5067526110050208,0.007787045694697453,0.004474366966194287,false,false
FLOKI,hour,2026-04-10T15:00:00.000Z,0.0000298991168187047,35157.60900802114,0.011959114726261974,0.8287061075446764,0.013139353849900942,0.004901848753497687,false,false
FLOKI,hour,2026-04-10T14:00:00.000Z,0.0000294763028895649,19517.617134195352,-0.0011878061650547013,1.1150424826597547,0.014344198141941407,0.006918031046351203,false,false
FLOKI,hour,2026-04-10T13:00:00.000Z,0.0000289832072995164,8155.700530252213,-0.025485070832423146,1.2491504449283573,0.0316013859240341,0.009111293211352315,false,false
FLOKI,hour,2026-04-10T12:00:00.000Z,0.0000288953098416952,9051.599007846164,-0.0335731313769618,1.3632273457500756,0.02010682879168659,0.009183330436680797,false,false
FLOKI,hour,2026-04-10T11:00:00.000Z,0.0000286055330291441,14041.147657319581,-0.02954135271588176,1.520742027137062,0.013202839813805099,0.009912765937613048,false,false
FLOKI,hour,2026-04-10T10:00:00.000Z,0.0000284010180762808,4271.413079861652,-0.020087122077939053,1.2783954843524261,0.01740401573235181,0.010267597471353172,false,false
FLOKI,hour,2026-04-10T09:00:00.000Z,0.0000285040397076834,1651.4362635780324,-0.013540956513544828,0.8761226371498666,0.007200972595912012,0.009934831021875338,false,false
FLOKI,hour,2026-04-10T08:00:00.000Z,0.0000284099784681662,2475.112296232606,-0.006836249503851684,0.33518563089255016,0.003627392198614156,0.009810886818855046,false,false
FLOKI,hour,2026-04-10T07:00:00.000Z,0.0000285562805035346,0,0.0054667909029454415,0.01538692659794887,0.005149670758544717,0.008428817607535331,false,false
FLOKI,hour,2026-04-10T06:00:00.000Z,0.0000285562805035346,1752.6397632084643,0.0018327505991060826,-0.09615093857042431,0.005149670758544717,0.005512535645306177,false,false
FLOKI,hour,2026-04-10T05:00:00.000Z,0.0000287769896987528,3556.4648267049215,0.012918391719227809,-0.20135094660692354,0.00772891956958048,0.006126859331454454,true,false
FLOKI,hour,2026-04-10T04:00:00.000Z,0.0000286582041536563,7783.446999367589,0.0035692200918492896,-0.3350993712659943,0.00772891956958048,0.0050467705904883925,true,false
FLOKI,hour,2026-04-10T03:00:00.000Z,0.0000283337051387431,68.38318821304753,-0.007794270152373382,-0.38719672050231396,0.015645132108174545,0.00605315998970341,true,false
FLOKI,hour,2026-04-10T02:00:00.000Z,0.0000284613396743637,5211.736580140208,-0.010968834047390949,-0.35116660041565023,0.011452756119406575,0.006136262338220978,true,false
FLOKI,hour,2026-04-10T01:00:00.000Z,0.0000285365307488673,24.7849331233223,-0.004245674437121953,-0.3920883471991527,0.007158457008393865,0.006089939198590761,true,false
FLOKI,hour,2026-04-10T00:00:00.000Z,0.0000285924214337296,4.819968885434706,0.00913104352994537,-0.3703988512382452,0.004605607496542736,0.005819386470359477,true,false
FLOKI,hour,2026-04-09T23:00:00.000Z,0.0000284499487893522,3810.1698366395312,-0.0004002230795116034,-0.35342759644347127,0.0050078348271305395,0.006118008631032908,true,false
FLOKI,hour,2026-04-09T22:00:00.000Z,0.0000288288931195854,21658.983722514233,0.0102451967021151,-0.12051649346681977,0.013319684089379653,0.007346640157107811,false,false
FLOKI,hour,2026-04-09T21:00:00.000Z,0.0000284624703238874,9786.132788640916,-0.004544949442053888,-0.12591623189552137,0.013319684089379653,0.008654733446885922,false,false
FLOKI,hour,2026-04-09T20:00:00.000Z,0.0000285156271609275,13440.274057276163,0.002308558516628376,0.0377453640356908,0.012873892937904172,0.00754163040238549,false,false
FLOKI,hour,2026-04-09T19:00:00.000Z,0.0000281742957496726,10636.171497619145,-0.022706295631866928,0.1012971641131749,0.012114993548999952,0.008643301115863193,false,false
FLOKI,hour,2026-04-09T18:00:00.000Z,0.0000282471742576396,4895.151680532014,-0.007564208721092968,0.19951226413084752,0.012114993548999952,0.008640926478299425,false,false
FLOKI,hour,2026-04-09T17:00:00.000Z,0.0000282783510199377,54.2264108231918,-0.008320916094558782,0.20013456146266603,0.0036932696096338203,0.00861931078731319,false,false
FLOKI,hour,2026-04-09T16:00:00.000Z,0.0000280779209239503,0,-0.0034206649414979516,0.1391254801131105,0.007138352463142499,0.008829244688367967,false,false
FLOKI,hour,2026-04-09T15:00:00.000Z,0.0000280779209239503,4533.503636322974,-0.005991867793413882,-0.1536946446488107,0.007138352463142499,0.007276277882664016,false,false
FLOKI,hour,2026-04-09T14:00:00.000Z,0.0000277322656535945,0,-0.019311075315465945,-0.31205389054474003,0.012464011223367079,0.007175537410947728,true,false
FLOKI,hour,2026-04-09T13:00:00.000Z,0.0000277322656535945,1986.0166981495886,-0.012310572114367533,-0.5077388790024857,0.012464011223367079,0.007140797177008658,true,false
FLOKI,hour,2026-04-09T12:00:00.000Z,0.000027861623630649,2720.793546134585,-0.007703465434180367,-0.6516873963488873,0.004664529709556268,0.005776543996097102,true,false
FLOKI,hour,2026-04-09T11:00:00.000Z,0.0000278745977551494,39.87487695339356,0.005132364709496771,-0.6708398100281141,0.005132364709496771,0.0056961416031850315,true,false
FLOKI,hour,2026-04-09T10:00:00.000Z,0.0000278865706431683,0,0.005564096042538811,-0.6193309259512668,0.000895389760841466,0.0056831804462084195,true,false
FLOKI,hour,2026-04-09T09:00:00.000Z,0.0000278865706431683,9761.52139991348,0.000895389760841466,-0.4535389781342772,0.0004295268446229164,0.005007067599643037,true,false
FLOKI,hour,2026-04-09T08:00:00.000Z,0.0000276896798023735,1139.518960101463,-0.006633923631839243,-0.47964330176307485,0.007110621798447955,0.005678264732141049,true,false
FLOKI,hour,2026-04-09T07:00:00.000Z,0.0000276757769064673,10.4445638152275,-0.007558969491024285,-0.4253511720403512,0.007616542704958147,0.0032185603081593276,true,false
FLOKI,hour,2026-04-09T06:00:00.000Z,0.0000276737116302166,11.4639873443674,-0.007633029377308773,-0.422630503932415,0.0005770159193052917,0.003218683900354018,true,false
FLOKI,hour,2026-04-09T05:00:00.000Z,0.0000275388054010975,0,-0.00544875933390422,-0.4305776886176008,0.004973763508432413,0.0032676684523046313,true,false
FLOKI,hour,2026-04-09T04:00:00.000Z,0.0000275388054010975,0,-0.00494914761860913,-0.3996834176403218,0.004898768379899529,0.003262927230781667,true,false
FLOKI,hour,2026-04-09T03:00:00.000Z,0.0000275388054010975,0,-0.004874887435475055,-0.38643569064184846,0,0.0032588877308726114,true,false
FLOKI,hour,2026-04-09T02:00:00.000Z,0.0000275388054010975,0,0,-0.6416016168637493,0,0.0032588877308726114,true,false
FLOKI,hour,2026-04-09T01:00:00.000Z,0.0000275388054010975,5.9689816530032,0,-0.673493622867924,0,0.0018569827197769686,true,false
FLOKI,hour,2026-04-09T00:00:00.000Z,0.0000275593943342807,2.794255680083603,0.0007476334896640931,-0.6585066788886548,0.0007476334896640931,0.001868727767325388,true,false
FLOKI,hour,2026-04-08T23:00:00.000Z,0.0000277437563185395,1.02847097550178,0.00744225882193978,-0.631260992512177,0.00744225882193978,0.0031371725329662034,true,false
FLOKI,hour,2026-04-08T22:00:00.000Z,0.0000280979677801406,2.21617582450074,0.02030452559212385,-0.5852637339923161,0.019542281638242558,0.0054242538186543175,true,false
FLOKI,hour,2026-04-08T21:00:00.000Z,0.0000278576818254022,0,0.010823441455332095,-0.5846669779692424,0.012767249594259285,0.0063213918799641,true,false
FLOKI,hour,2026-04-08T20:00:00.000Z,0.0000278576818254022,2361.7292563501396,0.004106347588793185,-0.5016429018051142,0.008625482775070512,0.0063213918799641,true,false
FLOKI,hour,2026-04-08T19:00:00.000Z,0.0000280198987101863,0,-0.0027784596581920257,-0.5014348632889002,0.005823057560955523,0.006691482503010801,true,false
FLOKI,hour,2026-04-08T18:00:00.000Z,0.0000280198987101863,0,0.005823057560955523,-0.5015616417233062,0.005823057560955523,0.006691482503010801,true,false
FLOKI,hour,2026-04-08T17:00:00.000Z,0.0000280198987101863,137.7109652049229,0.005823057560955523,-0.47186141616891725,0,0.006685517699686292,true,false
FLOKI,hour,2026-04-08T16:00:00.000Z,0.0000281263259997883,2.2156459028225,0.003798275315081975,-0.4517942802432001,0.003798275315081975,0.006356007183174622,true,false
FLOKI,hour,2026-04-08T15:00:00.000Z,0.0000280742053863616,0.508654599308507,0.0019381467698010115,-0.3933076842168502,0.003798275315081975,0.00423061064745885,true,false
FLOKI,hour,2026-04-08T14:00:00.000Z,0.0000278395238406277,1335.19565355512,-0.00643738478230214,-0.28509590724156947,0.010301977893100774,0.004174604318537352,true,false
FLOKI,hour,2026-04-08T13:00:00.000Z,0.0000284021097517739,943.213983955705,0.00980518223345899,-0.3125108523138272,0.020208172897166685,0.008637618680556755,true,false
FLOKI,hour,2026-04-08T12:00:00.000Z,0.0000284280217919856,10029.299927850287,0.01260290009119489,0.23805962092689292,0.02113893738725064,0.00836129842478445,false,false
FLOKI,hour,2026-04-08T11:00:00.000Z,0.0000285667495156592,10050.791455026012,0.026122058667189585,0.5698668001069351,0.005796744161761386,0.008561354483829822,false,false
FLOKI,hour,2026-04-08T10:00:00.000Z,0.0000287740965734827,0,0.013097154576186647,0.5633168218883863,0.012173720142379515,0.00898714244119178,false,false
FLOKI,hour,2026-04-08T09:00:00.000Z,0.0000287740965734827,5004.787886159683,0.012173720142379515,0.7915457402085424,0.00725833569933603,0.008872178156019959,false,false
FLOKI,hour,2026-04-08T08:00:00.000Z,0.0000287721890728943,3418.12000337608,0.007191562243456649,0.9139360775320282,0.00006629667918449166,0.00884447280836894,false,false
FLOKI,hour,2026-04-08T07:00:00.000Z,0.0000288490193143256,1118.9435237393263,0.0026038260020279777,0.9130900387262499,0.002670295306229578,0.008317085116149366,false,false
FLOKI,hour,2026-04-08T06:00:00.000Z,0.0000287818788584816,0,0.00027046148882643923,0.8967806192600302,0.002670295306229578,0.0035732811300854344,false,false
FLOKI,hour,2026-04-08T05:00:00.000Z,0.0000287818788584816,0,0.00033677609870948736,0.4245976431007796,0.0023327335985994257,0.003556619233064045,false,false
FLOKI,hour,2026-04-08T04:00:00.000Z,0.0000287818788584816,0,-0.0023273046169253486,-0.048842581422091615,0,0.003043692021133384,false,false
FLOKI,hour,2026-04-08T03:00:00.000Z,0.0000287818788584816,0,0,0.06748556818158896,0,0.0013387017812169601,false,false
FLOKI,hour,2026-04-08T02:00:00.000Z,0.0000287818788584816,0,0,-0.1896357539936798,0,0.0013387017812169601,true,false
FLOKI,hour,2026-04-08T01:00:00.000Z,0.0000287818788584816,0,0,-0.3747818986705213,0,0.0013384672606560138,true,false
FLOKI,hour,2026-04-08T00:00:00.000Z,0.0000287818788584816,10026.628964631216,0,-0.015965038272026295,0,0.0008806636473158397,false,false
FLOKI,hour,2026-04-07T23:00:00.000Z,0.0000292344237694418,14589.858755387137,0.015723258137014997,0.40213020075497585,0.015723258137014997,0.005896596654588146,false,false
FLOKI,hour,2026-04-07T22:00:00.000Z,0.0000283768697209289,2535.019232255417,-0.014071671260382312,0.47622935932535554,0.03022017780489814,0.012704292616708563,false,false
FLOKI,hour,2026-04-07T21:00:00.000Z,0.0000279208593114567,4899.523531609212,-0.029915334966784782,0.6139865643462231,0.047045989642808275,0.014102904764388545,false,false
FLOKI,hour,2026-04-07T20:00:00.000Z,0.0000275176731029954,1029.047777855895,-0.05872360201061627,0.64584312946691,0.031223447372080756,0.015136606033117575,false,false
FLOKI,hour,2026-04-07T19:00:00.000Z,0.0000273776412885071,5200.171726490174,-0.03521277865559766,0.791976649288746,0.019841666315411968,0.015258937112081709,false,false
FLOKI,hour,2026-04-07T18:00:00.000Z,0.0000271411036168995,1052.36232971992,-0.02792735301800848,0.8257173045733555,0.013874508988699585,0.015607427541239326,false,false
FLOKI,hour,2026-04-07T17:00:00.000Z,0.0000267786733005464,0,-0.026855461204259943,0.45155797798072217,0.02236735110952928,0.01641371711333187,false,false
FLOKI,hour,2026-04-07T16:00:00.000Z,0.0000267786733005464,39.86821557639789,-0.02187799824129262,-0.09175076288868907,0.01353428948049141,0.015317971711998404,false,false
FLOKI,hour,2026-04-07T15:00:00.000Z,0.0000267587341445555,0,-0.014088206498202823,-0.18636978409007823,0.0007451457114220527,0.010396649451874001,true,false
FLOKI,hour,2026-04-07T14:00:00.000Z,0.0000267587341445555,4977.125120369569,-0.0007445908827190306,-0.20483381975936746,0.0007451457114220527,0.008402228747344035,true,false
FLOKI,hour,2026-04-07T13:00:00.000Z,0.0000268569243253607,5231.6082264934,0.002922139716783604,-0.0943213075927787,0.0036694628480837942,0.006503003851799879,false,false
FLOKI,hour,2026-04-07T12:00:00.000Z,0.0000267572848894535,27.242526392186488,-0.00005416007701154983,-0.2863960121426401,0.0037238246077228756,0.006367446047163178,true,false
FLOKI,hour,2026-04-07T11:00:00.000Z,0.0000268339454563572,2993.5553532836407,0.0028107200959280034,-0.2409903021996541,0.0037238246077228756,0.005563903141553428,true,false
FLOKI,hour,2026-04-07T10:00:00.000Z,0.0000268658275763075,631.3683271168592,0.00033150672202596134,-0.22368864554814277,0.004056565802637943,0.00231087154455454,true,false
FLOKI,hour,2026-04-07T09:00:00.000Z,0.0000270274597554256,0,0.010097245183445033,-0.2251787915593236,0.007211548498640851,0.0032372800663020423,true,false
FLOKI,hour,2026-04-07T08:00:00.000Z,0.0000270274597554256,0,0.007211548498640851,-0.21210052033452956,0.0060162739695628605,0.003225014881834251,true,false
FLOKI,hour,2026-04-07T07:00:00.000Z,0.0000270274597554256,0,0.0060162739695628605,-0.38745243900074244,0,0.003225014881834251,true,false
FLOKI,hour,2026-04-07T06:00:00.000Z,0.0000270274597554256,14.7403198128385,0,-0.5236568136613876,0,0.0029127633624832262,true,false
FLOKI,hour,2026-04-07T05:00:00.000Z,0.0000269550052431613,0,-0.0026807740320381242,-0.46650694826157074,0.002687979898749332,0.002745900519353485,true,false
FLOKI,hour,2026-04-07T04:00:00.000Z,0.0000269550052431613,0,-0.0026807740320381242,-0.593332176939516,0.002687979898749332,0.0025240221854334523,true,false
FLOKI,hour,2026-04-07T03:00:00.000Z,0.0000269550052431613,0,-0.0026807740320381242,-0.5747774773068424,0,0.00248380028268555,true,false
FLOKI,hour,2026-04-07T02:00:00.000Z,0.0000269550052431613,0,0,-0.5398625753328937,0,0.0010145979065739035,true,false
FLOKI,hour,2026-04-07T01:00:00.000Z,0.0000269550052431613,9.9781456453211,0,-0.526289660472203,0,0.0010145979065739035,true,false
FLOKI,hour,2026-04-07T00:00:00.000Z,0.0000269994150169447,6545.979915356361,0.0016475520365430306,-0.3052693649145072,0.0016475520365430306,0.0011901875410675296,true,false
FLOKI,hour,2026-04-06T23:00:00.000Z,0.0000273888840664831,0,0.016096410273630936,-0.3058787934097209,0.016096410273630936,0.005542519596022645,true,false
FLOKI,hour,2026-04-06T22:00:00.000Z,0.0000273888840664831,3541.1726239601644,0.016096410273630936,-0.19417508232228572,0.014425092147143556,0.005448863602648802,true,false
FLOKI,hour,2026-04-06T21:00:00.000Z,0.0000275190475570531,93.35271508063339,0.019246066619676025,-0.19131141142453623,0.0047524203707622606,0.005735969604168075,true,false
FLOKI,hour,2026-04-06T20:00:00.000Z,0.0000275912569501199,11356.118936648594,0.00738886926336856,0.15406625537127472,0.00738886926336856,0.005820857467346737,false,false
FLOKI,hour,2026-04-06T19:00:00.000Z,0.0000276735318281031,805.7330744026875,0.010392820712558197,0.17800904648163185,0.0056137215770175304,0.005928647963627037,false,false
FLOKI,hour,2026-04-06T18:00:00.000Z,0.0000276888994804186,0,0.0061721585027011425,0.28427162518291216,0.0035388938776954263,0.005932360110199469,false,false
FLOKI,hour,2026-04-06T17:00:00.000Z,0.0000276888994804186,803.868426529252,0.0035388938776954263,0.23967729680514616,0.00055531951653152,0.005899640582798042,false,false
FLOKI,hour,2026-04-06T16:00:00.000Z,0.0000279191525019237,0,0.008875653290165368,0.26976029641285604,0.008315715894303811,0.003911519865294581,false,false
FLOKI,hour,2026-04-06T15:00:00.000Z,0.0000279191525019237,2394.198915055163,0.008315715894303811,0.24587139210234604,0.008315715894303811,0.003911519865294581,false,false
FLOKI,hour,2026-04-06T14:00:00.000Z,0.0000278312523714219,1428.9733550379258,0.005141153808007736,0.3132699240838969,0.003158324653476927,0.0036754958003493167,false,false
FLOKI,hour,2026-04-06T13:00:00.000Z,0.0000278802804333179,2721.4632209800757,-0.0013923083303879573,-0.1264822839619173,0.003158324653476927,0.003601497476376981,true,false
FLOKI,hour,2026-04-06T12:00:00.000Z,0.00002792856396742,7778.630374571805,0.00033709710549604014,0.16008413469639937,0.0034964864210718714,0.0034831040442736797,false,false
FLOKI,hour,2026-04-06T11:00:00.000Z,0.0000279002561108121,0,0.002479361635233385,0.16008413469639937,0.001731816658644533,0.0034978417062344115,false,false
FLOKI,hour,2026-04-06T10:00:00.000Z,0.0000279002561108121,0,0.000716480508220791,0.11947612237949712,0.0010146092027065413,0.0034978417062344115,false,false
FLOKI,hour,2026-04-06T09:00:00.000Z,0.0000279002561108121,2780.2311986976915,-0.0010135808142846812,0.2292891179484993,0,0.0015613106231924798,false,false
FLOKI,hour,2026-04-06T08:00:00.000Z,0.0000274901263110062,0,-0.014699857885783513,0.16886717831317685,0.01491916752822258,0.005810943745960012,false,false
FLOKI,hour,2026-04-06T07:00:00.000Z,0.0000274901263110062,9380.340434237283,-0.014699857885783513,0.4852515543693802,0.01491916752822258,0.005687402988821108,false,false
FLOKI,hour,2026-04-06T06:00:00.000Z,0.0000277816130580882,0,-0.004252400130403247,0.35630371970971786,0.010603325127876814,0.00691352576113249,false,false
FLOKI,hour,2026-04-06T05:00:00.000Z,0.0000277816130580882,0,0.010603325127876814,0.020221388232182603,0.010603325127876814,0.00688252306334704,false,false
FLOKI,hour,2026-04-06T04:00:00.000Z,0.0000277816130580882,17.4213941168625,0.010603325127876814,0.027744524825893273,0,0.0068718418999857605,false,false
FLOKI,hour,2026-04-06T03:00:00.000Z,0.0000276702383822484,2937.0597148081015,-0.004008934816237152,0.13436565204065745,0.004025071063762499,0.00703756962427863,false,false
FLOKI,hour,2026-04-06T02:00:00.000Z,0.0000277002730088289,252.23141482416995,-0.0029278375265404714,0.011975808852316971,0.004025071063762499,0.007049504794900053,false,false
FLOKI,hour,2026-04-06T01:00:00.000Z,0.0000276916033997111,0,-0.0032399003682363286,0.011975808852316971,0.001085448783114551,0.004287206501736393,false,false
FLOKI,hour,2026-04-06T00:00:00.000Z,0.0000276916033997111,25204.190192680275,0.0007721298663045084,0.2825112499189558,0.0003130771805684674,0.004287206501736393,false,false
FLOKI,hour,2026-04-05T23:00:00.000Z,0.0000272272787311381,2.81555349436058,-0.01707543739875934,0.28257363530288365,0.01705365685487991,0.006583041276040667,false,false
FLOKI,hour,2026-04-05T22:00:00.000Z,0.000026492447776569,0,-0.043303943286816304,0.28257363530288365,0.045264055373648075,0.012258560604957997,false,false
FLOKI,hour,2026-04-05T21:00:00.000Z,0.000026492447776569,0,-0.043303943286816304,0.28209106079792595,0.027737374846087806,0.012258560604957997,false,false
FLOKI,hour,2026-04-05T20:00:00.000Z,0.000026492447776569,3638.3000534497096,-0.026988777021212943,0.27907499990339624,0,0.012164174159689543,false,false
FLOKI,hour,2026-04-05T19:00:00.000Z,0.0000266161077729471,2475.8389783916964,0.004667745216335502,0.32645832282561027,0.004667745216335502,0.012284017421368337,false,false
FLOKI,hour,2026-04-05T18:00:00.000Z,0.00002646677005153,4948.116099410762,-0.000969246981462752,0.47802501416753523,0.005642461136222559,0.012466184273515549,false,false
FLOKI,hour,2026-04-05T17:00:00.000Z,0.0000266306414767039,460.8704338209684,0.005216343212238879,-0.22087606687306996,0.006191591374952255,0.012682609218562802,true,false
FLOKI,hour,2026-04-05T16:00:00.000Z,0.0000266018387748053,11855.92686907626,-0.0005361038609973613,0.055414467367997586,0.006191591374952255,0.010962059157117884,false,false
FLOKI,hour,2026-04-05T15:00:00.000Z,0.000026701418314878,10761.206416990159,0.008865768769333994,0.2697915016175534,0.003743332967156118,0.003901946850656459,false,false
FLOKI,hour,2026-04-05T14:00:00.000Z,0.0000266213117718055,2652.9181367529773,-0.00035033721987359756,0.4070546477658911,0.003743332967156118,0.004063846093803487,false,false
FLOKI,hour,2026-04-05T13:00:00.000Z,0.0000265117841122392,3.132335994911096,-0.003385279616512504,0.3128236060418109,0.007152826902783056,0.004352358356470732,false,false
FLOKI,hour,2026-04-05T12:00:00.000Z,0.0000267106116244238,68.7307579103056,0.0003443004202019022,0.24739920425839318,0.007499590044293218,0.004880566556191686,false,false
FLOKI,hour,2026-04-05T11:00:00.000Z,0.000026743183399902,0,0.004577972308095395,0.11840875491812416,0.008728167319225212,0.00441694887567555,false,false
FLOKI,hour,2026-04-05T10:00:00.000Z,0.000026743183399902,5511.722476345591,0.008728167319225212,0.22048935307076747,0.0012194320345857235,0.003750548109383978,false,false
FLOKI,hour,2026-04-05T09:00:00.000Z,0.0000267019876215277,0,-0.0003228680427600443,-0.08442781969445172,0.0015427981975801943,0.0037734371092179716,false,false
FLOKI,hour,2026-04-05T08:00:00.000Z,0.0000267019876215277,0,-0.0015404216378537999,-0.3632384300065367,0.0015427981975801943,0.0034992147251425494,true,false
FLOKI,hour,2026-04-05T07:00:00.000Z,0.0000267019876215277,397.34302723989146,-0.0015404216378537999,-0.40742544707308936,0,0.0033098108471452635,true,false
FLOKI,hour,2026-04-05T06:00:00.000Z,0.0000271842757004594,0,0.018061879353987512,-0.36234558511117254,0.018061879353987512,0.007369064699445955,true,false
FLOKI,hour,2026-04-05T05:00:00.000Z,0.0000271842757004594,0,0.018061879353987512,-0.3641944333597888,0.018061879353987512,0.006806476712688639,true,false
FLOKI,hour,2026-04-05T04:00:00.000Z,0.0000271842757004594,0,0.018061879353987512,-0.3641944333597888,0,0.006790872797723602,true,false
FLOKI,hour,2026-04-05T03:00:00.000Z,0.0000271842757004594,543.1129632229444,0,-0.4824330103312677,0,0.006790872797723602,true,false
FLOKI,hour,2026-04-05T02:00:00.000Z,0.0000272628497010393,0,0.002890420971509387,-0.4824330103312677,0.002890420971509387,0.006853211586197677,true,false
FLOKI,hour,2026-04-05T01:00:00.000Z,0.0000272628497010393,0,0.002890420971509387,-0.4341014265750871,0.002890420971509387,0.006853211586197677,true,false
FLOKI,hour,2026-04-05T00:00:00.000Z,0.0000272628497010393,8.7034754486673,0.002890420971509387,-0.44484860479655575,0,0.006853211586197677,true,false
FLOKI,hour,2026-04-04T23:00:00.000Z,0.0000272610039451884,4.09554664916695,-0.00006770223476787751,-0.44476768504098574,0.00006770681867081055,0.00109120071421859,true,false
FLOKI,hour,2026-04-04T22:00:00.000Z,0.0000271002267226193,78.25910650391339,-0.00596500293268316,-0.4430850937682203,0.006000797708613478,0.0024878031622021643,true,false
FLOKI,hour,2026-04-04T21:00:00.000Z,0.000027103492562965,2704.497948221527,-0.005845212067769521,-0.36730243780938393,0.005932689206430338,0.0024882200424135833,true,false
FLOKI,hour,2026-04-04T20:00:00.000Z,0.0000271580093790457,0,-0.0037780914580322336,-0.3803475879211908,0.0021321835059841298,0.002601549158307106,true,false
FLOKI,hour,2026-04-04T19:00:00.000Z,0.0000271580093790457,0,0.0021321835059841298,-0.3803475879211908,0.002011431403316431,0.002361777692259191,true,false
FLOKI,hour,2026-04-04T18:00:00.000Z,0.0000271580093790457,0,0.002011431403316431,-0.37598997384633065,0,0.002361777692259191,true,false
FLOKI,hour,2026-04-04T17:00:00.000Z,0.0000271580093790457,15590.072626834804,0,0.14490713870759575,0,0.002361777692259191,false,false
FLOKI,hour,2026-04-04T16:00:00.000Z,0.0000269048206153847,0,-0.009322802718241619,0.14475800944562855,0.009410535282150157,0.004255639882552228,false,false
FLOKI,hour,2026-04-04T15:00:00.000Z,0.0000269048206153847,3556.132577698748,-0.009322802718241619,0.24181258411672302,0.009410535282150157,0.003621053056062174,false,false
FLOKI,hour,2026-04-04T14:00:00.000Z,0.0000266782939969763,0,-0.017663863922203846,0.17366434599282643,0.00849104588299667,0.004829375265438133,false,false
FLOKI,hour,2026-04-04T13:00:00.000Z,0.0000266782939969763,90.85410708560254,-0.008419555054712688,0.19650165819466545,0.00849104588299667,0.004769281540316726,false,false
FLOKI,hour,2026-04-04T12:00:00.000Z,0.0000268341223244974,1938.09259293702,-0.0026277183519624104,0.2952284796546043,0.005841015453940154,0.00525277569010764,false,false
FLOKI,hour,2026-04-04T11:00:00.000Z,0.0000266532153139171,201.3388006240719,-0.0009400407335657619,0.30455970677839667,0.006787436654437585,0.005841967680327175,false,false
FLOKI,hour,2026-04-04T10:00:00.000Z,0.0000267952433726639,0,0.004383690190266815,-0.1869576213340591,0.006787436654437585,0.006177667148233749,true,false
FLOKI,day,2026-05-04T00:00:00.000Z,0.0000324413310005673,30148.851708276165,,,,,false,false
FLOKI,day,2026-05-03T00:00:00.000Z,0.0000318375109419229,46778.881377428115,,0,,0.0187880740302446,false,false
FLOKI,day,2026-05-02T00:00:00.000Z,0.0000324666162572455,31770.12464052563,,0,0.01975987747503873,0.01918158580467143,false,false
FLOKI,day,2026-05-01T00:00:00.000Z,0.000032295614472192,41465.46492211878,-0.004491693894210035,0,0.01975987747503873,0.01595571598218159,false,false
FLOKI,day,2026-04-30T00:00:00.000Z,0.0000321308141543159,31716.751035739606,0.009212504486548367,0,0.010451092254209128,0.014052823540793277,false,false
FLOKI,day,2026-04-29T00:00:00.000Z,0.0000322023727496792,211803.70500718418,-0.008138929707752643,0,0.005129042702889902,0.012608539618887221,false,false
FLOKI,day,2026-04-28T00:00:00.000Z,0.0000321981670021171,43910.47528560314,-0.0030173592194324746,0,0.0022271018412302395,0.011510092789575342,false,false
FLOKI,day,2026-04-27T00:00:00.000Z,0.000032022729742914,74128.73972487777,-0.003363886482390342,0.08412225718819046,0.005609859253330974,0.010854518596837951,false,false
FLOKI,day,2026-04-26T00:00:00.000Z,0.0000330017771779621,57767.1149848404,0.024824395223822855,0.13085289373904396,0.030573515840408537,0.01403410717426696,false,false
FLOKI,day,2026-04-25T00:00:00.000Z,0.0000323704529314916,59541.50518563041,0.00535079929746228,0.2223340629178657,0.030573515840408537,0.013984181353044743,false,false
FLOKI,day,2026-04-24T00:00:00.000Z,0.0000331155496508227,42162.80990084014,0.03412638200060129,0.27168121180090343,0.02301780333157561,0.016295876709992645,false,false
FLOKI,day,2026-04-23T00:00:00.000Z,0.0000335506858889886,392409.2862312326,0.01663270156835824,0.3621383632647521,0.036460192880057335,0.01691631773205626,false,false
FLOKI,day,2026-04-22T00:00:00.000Z,0.0000327596119350311,234974.44145284512,0.012022043817647895,0.2760475232775499,0.024147842640088627,0.019151747149881413,false,false
FLOKI,day,2026-04-21T00:00:00.000Z,0.0000310613524169632,40634.77270838004,-0.06203119850098774,0.3196552318989528,0.08014246896300393,0.027777587278210263,false,false
FLOKI,day,2026-04-20T00:00:00.000Z,0.0000316928946251948,92404.6307821652,-0.055372676133680146,0.3590914379301877,0.054674358516999026,0.028726424893494563,false,false
FLOKI,day,2026-04-19T00:00:00.000Z,0.0000304071144476062,371818.7289592736,-0.07181090826382118,0.5394532191260726,0.04228550459150275,0.030670573461629297,false,false
FLOKI,day,2026-04-18T00:00:00.000Z,0.0000309628833662415,125999.80615861177,-0.0031701469208378743,0.6320375330364344,0.04228550459150275,0.030565551910954843,false,false
FLOKI,day,2026-04-17T00:00:00.000Z,0.0000324727717924196,213632.2065181636,0.024607318973156368,0.8037802998606426,0.06793335646408309,0.03441110836757039,false,false
FLOKI,day,2026-04-16T00:00:00.000Z,0.0000320492971712088,403996.84776457533,0.05400652950585656,0.6108969482694079,0.04876446448215203,0.034415039263441624,false,false
FLOKI,day,2026-04-15T00:00:00.000Z,0.0000288982689387779,50653.66225380903,-0.06668030244607738,0.44366175912128725,0.12369262882889019,0.05131463031544935,false,false
FLOKI,day,2026-04-14T00:00:00.000Z,0.0000281077088609738,140684.52369672325,-0.1344222464084442,0.5669665397151715,0.1402315759612733,0.04835593332647205,false,false
FLOKI,day,2026-04-13T00:00:00.000Z,0.0000297912365933685,46699.94760488069,-0.07045585323689438,0.5517348729730074,0.05989558738927305,0.052572028166346374,false,false
FLOKI,day,2026-04-12T00:00:00.000Z,0.0000276496967670183,40882.76660097207,-0.043205777287378296,0.19402183027348138,0.07745256103150885,0.05756553742806155,false,false
FLOKI,day,2026-04-11T00:00:00.000Z,0.0000293075912781986,62002.11000555397,0.04268873080903365,0.14102175983174053,0.07745256103150885,0.06124822588696534,false,false
FLOKI,day,2026-04-10T00:00:00.000Z,0.0000296115477685421,157675.48148546246,-0.0060316000735061714,0.06156045058537945,0.0709537980851918,0.05867452372517537,false,false
FLOKI,day,2026-04-09T00:00:00.000Z,0.0000284499487893522,84493.01090011337,0.0289425243639009,-0.3265977179234137,0.040829563096600116,0.06038925230012962,false,false
FLOKI,day,2026-04-08T00:00:00.000Z,0.0000277437563185395,44432.39056715062,-0.05335938203909678,-0.3129689249333464,0.06732294749700007,0.04697858377656306,true,false
FLOKI,day,2026-04-07T00:00:00.000Z,0.0000292344237694418,49777.44950336433,-0.012735707098057748,-0.4117938534834368,0.05372983505864262,0.04988356644959911,true,false
FLOKI,day,2026-04-06T00:00:00.000Z,0.0000273888840664831,71494.98599163069,-0.037295839466193366,-0.3718373610262587,0.06738280020751794,0.051112057679510756,false,false
FLOKI,day,2026-04-05T00:00:00.000Z,0.0000272272787311381,43328.737577549204,-0.018615993503960662,-0.35074985620730165,0.07371816545177746,0.042689963130387226,true,false
FLOKI,day,2026-04-04T00:00:00.000Z,0.0000272610039451884,35246.08269260729,-0.06750329131905723,-0.3880496550486691,0.005935420022720829,0.03658184446065586,true,false
FLOKI,day,2026-04-03T00:00:00.000Z,0.0000268406192513936,56255.87661412377,-0.020017785819920777,-0.5257386521737101,0.01566225763487083,0.036844616185604244,true,false
FLOKI,day,2026-04-02T00:00:00.000Z,0.0000266120768305724,34334.81470694701,-0.022595056474084326,-0.5932097669425618,0.024384685146801508,0.0337519516163173,true,false
FLOKI,day,2026-04-01T00:00:00.000Z,0.0000279702934769792,35833.757169159646,0.026018467009392435,-0.602140658779019,0.05103760428222042,0.037455498457399775,true,false
FLOKI,day,2026-03-31T00:00:00.000Z,0.0000279483860763308,49636.714439442614,0.04127202932844723,-0.6100821797535212,0.05103760428222042,0.031807339185836184,true,false
FLOKI,day,2026-03-30T00:00:00.000Z,0.0000278395316762563,33887.15041020601,0.046123977978065195,-0.6091279112256675,0.004696982774118431,0.020159633043530044,true,false
FLOKI,day,2026-03-29T00:00:00.000Z,0.0000274881850022834,22353.651710180784,-0.01723644677137903,-0.6275620815828717,0.016741777385781347,0.02060222982501217,true,false
FLOKI,day,2026-03-28T00:00:00.000Z,0.0000279347381757368,39143.019138792726,-0.0004883251775871872,-0.6085539100942432,0.016245276776779123,0.021478611969562945,true,false
FLOKI,day,2026-03-27T00:00:00.000Z,0.0000277341202565529,26535.906411280004,-0.0037863934253356264,-0.6347455343652131,0.016245276776779123,0.020838651996581727,true,false
FLOKI,day,2026-03-26T00:00:00.000Z,0.0000289248987657975,41124.183331853405,0.05226659247945092,-0.6184553771369854,0.04293550681360613,0.026005296301465867,true,false
FLOKI,day,2026-03-25T00:00:00.000Z,0.000030454045133411,84545.83917046599,0.09018545088288622,-0.5702387698254537,0.09807143156868105,0.02648448544516649,true,false
FLOKI,day,2026-03-24T00:00:00.000Z,0.0000297292652298091,68510.18795081777,0.07193828233238422,-0.5119789547862887,0.052866092289375693,0.028003981868811947,true,false
FLOKI,day,2026-03-23T00:00:00.000Z,0.0000296884022402556,119837.86616032034,0.026396063842439865,-0.3544534132105628,0.02578929263216581,0.027969942581452495,true,false
FLOKI,day,2026-03-22T00:00:00.000Z,0.0000285130640664099,13548.908378231958,-0.06373475374119214,-0.35595133505852705,0.042654172857976326,0.03150192413261756,true,false
FLOKI,day,2026-03-21T00:00:00.000Z,0.000029721384573839,22037.23240544241,-0.0002650807515483964,-0.3540227307875417,0.042377785306230056,0.034660665390203425,true,false
FLOKI,day,2026-03-20T00:00:00.000Z,0.0000300428017325627,85193.40955207348,0.01193730431968338,-0.1947942176416049,0.053650413108527535,0.034791789963479626,false,false
FLOKI,day,2026-03-19T00:00:00.000Z,0.0000297238607120432,35140.01188729101,0.04246462754101872,-0.1664173189709122,0.010814340022591521,0.03121329123418577,false,false
FLOKI,day,2026-03-18T00:00:00.000Z,0.0000299342704705779,73045.90259528358,0.007162718015710569,-0.1341792671811903,0.010730134406472873,0.02454075300874637,false,false
FLOKI,day,2026-03-17T00:00:00.000Z,0.0000314681298422977,72696.3306511561,0.04744324854995519,0.06537809922489775,0.05868245539004878,0.02959896347224534,false,false
FLOKI,day,2026-03-16T00:00:00.000Z,0.0000324857807284219,417203.5279632884,0.09291928942661389,0.44729218957637934,0.08523709506640072,0.03194586703888434,false,false
FLOKI,day,2026-03-15T00:00:00.000Z,0.000030176916931746,51727.88733487239,0.00810597543730338,0.5722922664930472,0.0765109239588019,0.039546515890388136,false,false
FLOKI,day,2026-03-14T00:00:00.000Z,0.0000294450751121359,22970.65839101748,-0.06428900415437216,0.5823486596326757,0.10326703547897427,0.037469232035158694,false,false
FLOKI,day,2026-03-13T00:00:00.000Z,0.0000298975447803136,183888.30339392507,-0.07967288733940896,0.6853391771401999,0.0248544728387692,0.0376913385725941,false,false
FLOKI,day,2026-03-12T00:00:00.000Z,0.0000302847710932391,70319.06158059006,0.0035740616490758056,0.7491954530842249,0.028517365906026045,0.03778916698717648,false,false
FLOKI,day,2026-03-11T00:00:00.000Z,0.0000295126307763261,48693.2970948628,0.002294294170856398,0.7682391093846224,0.026163046011214268,0.03893842491195573,false,false
FLOKI,day,2026-03-10T00:00:00.000Z,0.000029051550747085,119430.21324194192,-0.02829643836793096,0.8377053172686345,0.04244938099484552,0.034567177098256914,false,false
FLOKI,day,2026-03-09T00:00:00.000Z,0.0000283755974368769,22963.06328997314,-0.06304071609074874,0.08032985968853633,0.04007081584726441,0.03360590774175486,false,false
FLOKI,day,2026-03-08T00:00:00.000Z,0.0000275409561797032,43333.22508962297,-0.06680782243935039,0.06693231235268672,0.05484902403261727,0.02191358452467715,false,false
FLOKI,day,2026-03-07T00:00:00.000Z,0.0000278882507562962,40544.90856071203,-0.0400426125584887,0.11464232034313124,0.030305456779630754,0.020409156925893405,false,false
FLOKI,day,2026-03-06T00:00:00.000Z,0.0000281494512410416,55813.82053142493,-0.007969742182111697,-0.138352063919656,0.02209418792027427,0.019892889491762884,false,false
FLOKI,day,2026-03-05T00:00:00.000Z,0.000029236975139573,69713.71466365266,0.06158170213130486,-0.15557681213001726,0.04836174183396226,0.024027891788103214,false,false
FLOKI,day,2026-03-04T00:00:00.000Z,0.0000296031831711104,112066.79348077982,0.06149300756796399,-0.05765947726311573,0.05164334883904505,0.02245410216738391,false,false
FLOKI,day,2026-03-03T00:00:00.000Z,0.0000281014041925593,103438.38118350135,-0.0017068555998082514,-0.11976501776908399,0.053441421227937914,0.029257096275912626,false,false
FLOKI,day,2026-03-02T00:00:00.000Z,0.0000285576443209218,108653.50506398347,-0.023235331815558095,0.012949623582573414,0.053441421227937914,0.0285281233683514,false,false
FLOKI,day,2026-03-01T00:00:00.000Z,0.0000272291487133086,56655.13307002447,-0.08019524265615491,0.03557186211005739,0.048789465348355855,0.03179147065118121,false,false
FLOKI,day,2026-02-28T00:00:00.000Z,0.0000278701260682121,139545.289422549,-0.00823012696313724,0.17835171871447447,0.048789465348355855,0.03264357040073084,false,false
FLOKI,day,2026-02-27T00:00:00.000Z,0.0000287358366251965,106222.90264109244,0.006239741004973402,0.239634222192704,0.05533363998087412,0.03445087234371212,false,false
FLOKI,day,2026-02-26T00:00:00.000Z,0.0000290945713571332,63180.07427595766,0.06850829834841102,0.21708477602363085,0.043933970227629085,0.03167935976400131,false,false
FLOKI,day,2026-02-25T00:00:00.000Z,0.000030514271629909,143190.24930503473,0.0948738285297081,0.224642211035822,0.061889097850490696,0.036134613993254155,false,false
FLOKI,day,2026-02-24T00:00:00.000Z,0.0000280893004870614,25219.18240648307,-0.022499297534570414,0.07910242154945006,0.0863307772283116,0.04356649717928605,false,false
FLOKI,day,2026-02-23T00:00:00.000Z,0.0000280716837277667,66722.64915248894,-0.035157336288293976,0.00590507861804965,0.08701251858741375,0.0431398007914554,false,false
FLOKI,day,2026-02-22T00:00:00.000Z,0.0000294294234587502,44041.279430767114,-0.035552156850287425,-0.007427114309139285,0.048366879028368046,0.043076449231284966,false,false
FLOKI,day,2026-02-21T00:00:00.000Z,0.0000302948561032966,44344.131210332824,0.07851942120278615,-0.1568715398346251,0.07919626044129585,0.043568840618341674,false,false
FLOKI,day,2026-02-20T00:00:00.000Z,0.0000306834926287427,96571.5506977005,0.09304069276017692,-0.21588152428154003,0.04261276717670898,0.04228215399260392,false,false
FLOKI,day,2026-02-19T00:00:00.000Z,0.0000299095179941549,46738.340476098456,0.01631341966578536,-0.2613337181227228,0.025877201857250055,0.043116525102196886,true,false
FLOKI,day,2026-02-18T00:00:00.000Z,0.0000305053091811003,42123.163010860444,0.0069468254639044515,-0.4380866618452035,0.025877201857250055,0.03987916317485925,true,false
FLOKI,day,2026-02-17T00:00:00.000Z,0.0000319329438350145,19190.750664215815,0.04072063181951398,-0.44011501535588854,0.06765156968611236,0.030160416709246584,true,false
FLOKI,day,2026-02-16T00:00:00.000Z,0.0000322363723772581,53027.88399742873,0.07779645207114087,-0.45654077611222266,0.05674629245293095,0.030370568608152206,true,false
FLOKI,day,2026-02-15T00:00:00.000Z,0.0000319113602822431,150206.0816012921,0.04609201279670762,-0.2818068498681075,0.010184839885871336,0.0248661311340168,true,false
FLOKI,day,2026-02-14T00:00:00.000Z,0.0000351140500393828,338387.12324604683,0.09961831958881956,0.37353376905160296,0.10036205692308967,0.042485508406584827,false,false
FLOKI,day,2026-02-13T00:00:00.000Z,0.0000306227160426113,60560.653638532596,-0.050057007524369965,0.2881752631812918,0.14666674211790506,0.06676515341812617,false,false
FLOKI,day,2026-02-12T00:00:00.000Z,0.0000300151356696987,74782.61593829244,-0.059421616495600835,0.32932044470826494,0.1698781050265793,0.06649598378842381,false,false
FLOKI,day,2026-02-11T00:00:00.000Z,0.0000290959379742509,108043.61043584898,-0.17138758013906624,0.5439748015001591,0.05247392504450462,0.06711438490665542,false,false
FLOKI,day,2026-02-10T00:00:00.000Z,0.0000297166070332166,20550.32456147533,-0.029589439686991015,0.5655849716124135,0.03159195954642414,0.0653386725208836,false,false
FLOKI,day,2026-02-09T00:00:00.000Z,0.0000311909803982085,32200.495940798457,0.03917505959157991,0.5224430303565789,0.07200463603584999,0.06775937997168936,false,false
FLOKI,day,2026-02-08T00:00:00.000Z,0.0000309438812948387,68757.25692803536,0.06351207244884757,0.3617406258318427,0.049614458452268154,0.0677178092134959,false,false
FLOKI,day,2026-02-07T00:00:00.000Z,0.000031995731265228,102335.52290078888,0.07669530473192457,-0.24173987141602163,0.03399217959657644,0.058639845919813686,false,false
FLOKI,day,2026-02-06T00:00:00.000Z,0.0000328205565834804,287431.65733261395,0.05224510946650129,0.1404966807438053,0.06064770190786391,0.029247219682014092,false,false
FLOKI,day,2026-02-05T00:00:00.000Z,0.0000291462012741209,405488.5211877746,-0.05809484607277252,0.5024055743899591,0.12606635337490743,0.053027090402145996,false,false
FLOKI,day,2026-02-04T00:00:00.000Z,0.0000340072648193079,57797.43010593479,0.06286881013611895,0.42149355193323323,0.16678206190469053,0.0779272844472002,false,false